10	7281	
id	name	skill	skilllevel	civ	limit	product	count	dp	component
int	text	int	int	int	int	string	int	int	string
155000001	STR_L_CV_HERB_N_C_10A	40009	1	1	0	1215	3	200	1216
155000002	STR_L_CV_SHELL_N_C_10A	40009	1	1	0	1217	3	200	1216
155000003	STR_L_CV_FISH_N_C_10A	40009	1	1	0	1218	3	200	1216
155000004	STR_L_CV_BERRY_N_C_10A	40009	1	1	0	1219	3	200	1216
155000005	STR_L_CV_METAL_N_C_10A	40009	1	1	0	1220	2	200	1216
155000006	STR_L_CV_VEGETABLE_N_C_10A	40009	1	1	0	1221	3	200	1216
155000007	STR_L_CV_PLANT_N_C_10A	40009	1	1	0	1222	2	200	1216
155000008	STR_L_CV_TREE_N_C_10A	40009	1	1	0	1223	2	200	1216
155000009	STR_L_CV_NOBLEMETAL_N_C_10A	40009	1	1	0	1224	1	200	1216
155000010	STR_L_CV_JEWELRY_N_C_10A	40009	1	1	0	1225	1	200	1226
155000011	STR_L_CV_HERB_N_C_10B	40009	1	1	0	1227	3	200	1216
155000012	STR_L_CV_BERRY_N_C_10B	40009	1	1	0	1228	3	200	1216
155000013	STR_L_CV_VEGETABLE_N_C_10B	40009	1	1	0	1229	3	200	1216
155000014	STR_L_CV_JEWELRY_N_C_10C	40009	1	1	0	1230	1	200	1226
155000015	STR_L_CV_FISH_N_C_10B	40009	1	1	0	1231	3	200	1216
155000016	STR_L_CV_VEGETABLE_N_C_10C	40009	1	1	0	1232	3	200	1216
155000017	STR_L_CV_JEWELRY_N_C_10B	40009	1	1	0	1233	1	200	1226
155000018	STR_L_CV_SHELL_N_C_10B	40009	1	1	0	1234	3	200	1216
155000019	STR_L_CV_BERRY_N_C_10C	40009	1	1	0	1235	3	200	1216
155000020	STR_L_CV_FISH_N_C_10C	40009	1	1	0	1236	3	200	1216
155000021	STR_L_CV_METAL_N_C_20A	40009	1	1	0	1237	2	200	1238
155000022	STR_L_CV_HERB_N_C_20A	40009	1	1	0	1239	3	200	1238
155000023	STR_L_CV_BERRY_N_C_20A	40009	1	1	0	1240	3	200	1238
155000024	STR_L_CV_VEGETABLE_N_C_20A	40009	1	1	0	1241	3	200	1238
155000025	STR_L_CV_FISH_N_C_20A	40009	1	1	0	1242	3	200	1238
155000026	STR_L_CV_TREE_N_C_20A	40009	1	1	0	1243	2	200	1238
155000027	STR_L_CV_JEWELRY_N_C_20A	40009	1	1	0	1244	1	200	1245
155000028	STR_L_CV_PLANT_N_C_20A	40009	1	1	0	1246	2	200	1238
155000029	STR_L_CV_NOBLEMETAL_N_C_20A	40009	1	1	0	1247	1	200	1238
155000030	STR_L_CV_JEWELRY_N_C_20B	40009	1	1	0	1248	1	200	1245
155000031	STR_L_CV_BERRY_N_C_20B	40009	1	1	0	1249	3	200	1238
155000032	STR_L_CV_HERB_N_C_20B	40009	1	1	0	1250	3	200	1238
155000033	STR_L_CV_VEGETABLE_N_C_20B	40009	1	1	0	1251	3	200	1238
155000034	STR_L_CV_JEWELRY_N_C_20C	40009	1	1	0	1252	1	200	1245
155000035	STR_L_CV_FISH_N_C_20B	40009	1	1	0	1253	3	200	1238
155000036	STR_L_CV_METAL_N_C_30A	40009	1	1	0	1254	2	200	1255
155000037	STR_L_CV_NOBLEMETAL_N_C_30A	40009	1	1	0	1256	1	200	1255
155000038	STR_L_CV_JEWELRY_N_C_30A	40009	1	1	0	1257	1	200	1258
155000039	STR_L_CV_BERRY_N_C_30A	40009	1	1	0	1259	3	200	1255
155000040	STR_L_CV_HERB_N_C_30A	40009	1	1	0	1260	3	200	1255
155000041	STR_L_CV_FISH_N_C_30A	40009	1	1	0	1261	3	200	1255
155000042	STR_L_CV_PLANT_N_C_30A	40009	1	1	0	1262	2	200	1255
155000043	STR_L_CV_VEGETABLE_N_C_30A	40009	1	1	0	1263	3	200	1255
155000044	STR_L_CV_JEWELRY_N_C_30B	40009	1	1	0	1264	1	200	1258
155000045	STR_L_CV_TREE_N_C_30A	40009	1	1	0	1265	2	200	1255
155000046	STR_L_CV_BERRY_N_C_30B	40009	1	1	0	1266	3	200	1255
155000047	STR_L_CV_FISH_N_C_30B	40009	1	1	0	1267	3	200	1255
155000048	STR_L_CV_HERB_N_C_30B	40009	1	1	0	1268	3	200	1255
155000049	STR_L_CV_VEGETABLE_N_C_30B	40009	1	1	0	1269	3	200	1255
155000050	STR_L_CV_JEWELRY_N_C_30C	40009	1	1	0	1270	1	200	1258
155000051	STR_L_CV_FISH_N_C_40A	40009	1	1	0	1271	3	200	1255
155000052	STR_L_CV_METAL_N_C_40A	40009	1	1	0	1272	2	200	1273
155000053	STR_L_CV_SHELL_N_C_40A	40009	1	1	0	1274	3	200	1273
155000054	STR_L_CV_HERB_N_C_40A	40009	1	1	0	1275	3	200	1273
155000055	STR_L_CV_JEWELRY_N_C_40A	40009	1	1	0	1276	1	200	1277
155000056	STR_L_CV_NOBLEMETAL_N_C_40A	40009	1	1	0	1278	1	200	1273
155000057	STR_L_CV_BERRY_N_C_40A	40009	1	1	0	1279	3	200	1273
155000058	STR_L_CV_VEGETABLE_N_C_40A	40009	1	1	0	1280	3	200	1273
155000059	STR_L_CV_PLANT_N_C_40A	40009	1	1	0	1281	2	200	1273
155000060	STR_L_CV_TREE_N_C_40A	40009	1	1	0	1282	2	200	1273
155000061	STR_L_CV_JEWELRY_N_C_40B	40009	1	1	0	1283	1	200	1277
155000062	STR_L_CV_BERRY_N_C_40B	40009	1	1	0	1284	3	200	1273
155000063	STR_L_CV_HERB_N_C_40B	40009	1	1	0	1285	3	200	1273
155000064	STR_L_CV_VEGETABLE_N_C_40B	40009	1	1	0	1286	3	200	1273
155000065	STR_L_CV_JEWELRY_N_C_40C	40009	1	1	0	1287	1	200	1277
155000066	STR_L_CV_BERRY_N_C_40C	40009	1	1	0	1288	3	200	1273
155000067	STR_L_CV_RAWHIDE_N_C_01A	40009	1	1	0	1289	2	200	1216
155000068	STR_L_CV_RAWHIDE_N_C_02A	40009	1	1	0	1290	2	200	1238
155000069	STR_L_CV_RAWHIDE_N_C_03A	40009	1	1	0	1291	2	200	1255
155000070	STR_L_CV_RAWHIDE_N_C_04A	40009	1	1	0	1292	2	200	1273
155000071	STR_L_CV_SOULSTONE_N_C_01A	40009	1	1	0	1293	2	200	1216
155000072	STR_L_CV_SOULSTONE_N_C_02A	40009	1	1	0	1294	2	200	1238
155000073	STR_L_CV_SOULSTONE_N_C_03A	40009	1	1	0	1295	2	200	1255
155000074	STR_L_CV_SOULSTONE_N_C_04A	40009	1	1	0	1296	2	200	1273
155000075	STR_L_WS_WS_PART_STEEL_01A	40002	1	1	0	1297	1	0	1298
155000076	STR_L_WS_WS_PART_STEEL_02A	40002	5	1	0	1299	1	0	1300
155000077	STR_L_WS_WS_PART_STEEL_03A	40002	10	1	0	1301	1	0	1302
155000078	STR_L_WS_DAGGER_N_C2_P_15A	40002	10	1	0	1303	1	0	1304
155000079	STR_L_WS_SWORD_N_C2_P_15A	40002	20	1	0	1305	1	0	1304
155000080	STR_L_WS_MACE_N_C2_P_15A	40002	30	1	0	1306	1	0	1304
155000081	STR_L_WS_2HSWORD_N_C2_P_15A	40002	40	1	0	1307	1	0	1304
155000082	STR_L_WS_POLEARM_N_C2_P_15A	40002	50	1	0	1308	1	0	1304
155000083	STR_L_WS_DAGGER_N_C2_P_20A	40002	60	1	0	1309	1	0	1310
155000084	STR_L_WS_SWORD_N_C2_P_20A	40002	70	1	0	1311	1	0	1310
155000085	STR_L_WS_MACE_N_C2_P_20A	40002	80	1	0	1312	1	0	1310
155000086	STR_L_WS_2HSWORD_N_C2_P_20A	40002	90	1	0	1313	1	0	1310
155000087	STR_L_WS_POLEARM_N_C2_P_20A	40002	99	1	0	1314	1	0	1310
155000088	STR_L_WS_DAGGER_N_R1_S_17A	40002	65	1	0	1315	1	0	1316
155000089	STR_L_WS_POLEARM_N_R1_S_17A	40002	75	1	0	1317	1	0	1316
155000090	STR_L_WS_WS_PART_TITAN_01A	40002	100	1	0	1318	1	0	1319
155000091	STR_L_WS_WS_PART_TITAN_02A	40002	105	1	0	1320	1	0	1321
155000092	STR_L_WS_WS_PART_TITAN_03A	40002	110	1	0	1322	1	0	1323
155000093	STR_L_WS_DAGGER_N_C2_P_25A	40002	110	1	0	1324	1	0	1325
155000094	STR_L_WS_SWORD_N_C2_P_25A	40002	120	1	0	1326	1	0	1325
155000095	STR_L_WS_MACE_N_C2_P_25A	40002	130	1	0	1327	1	0	1325
155000096	STR_L_WS_2HSWORD_N_C2_P_25A	40002	140	1	0	1328	1	0	1325
155000097	STR_L_WS_POLEARM_N_C2_P_25A	40002	150	1	0	1329	1	0	1325
155000098	STR_L_WS_DAGGER_N_R2_P_25A	40002	110	1	0	1330	1	0	1331
155000099	STR_L_WS_SWORD_N_R2_P_25A	40002	120	1	0	1332	1	0	1333
155000100	STR_L_WS_MACE_N_R2_P_25A	40002	130	1	0	1334	1	0	1335
155000101	STR_L_WS_2HSWORD_N_R2_P_25A	40002	140	1	0	1336	1	0	1337
155000102	STR_L_WS_POLEARM_N_R2_P_25A	40002	150	1	0	1338	1	0	1339
155000103	STR_L_WS_DAGGER_N_C2_P_30A	40002	160	1	0	1340	1	0	1341
155000104	STR_L_WS_SWORD_N_C2_P_30A	40002	170	1	0	1342	1	0	1341
155000105	STR_L_WS_MACE_N_C2_P_30A	40002	180	1	0	1343	1	0	1341
155000106	STR_L_WS_2HSWORD_N_C2_P_30A	40002	190	1	0	1344	1	0	1341
155000107	STR_L_WS_POLEARM_N_C2_P_30A	40002	199	1	0	1345	1	0	1341
155000108	STR_L_WS_DAGGER_N_R2_P_30A	40002	160	1	0	1346	1	0	1347
155000109	STR_L_WS_SWORD_N_R2_P_30A	40002	170	1	0	1348	1	0	1349
155000110	STR_L_WS_MACE_N_R2_P_30A	40002	180	1	0	1350	1	0	1351
155000111	STR_L_WS_2HSWORD_N_R2_P_30A	40002	190	1	0	1352	1	0	1353
155000112	STR_L_WS_POLEARM_N_R2_P_30A	40002	199	1	0	1354	1	0	1355
155000113	STR_L_WS_MACE_N_R1_S_26A	40002	165	1	0	1356	1	0	1357
155000114	STR_L_WS_2HSWORD_N_R1_S_27A	40002	175	1	0	1358	1	0	1359
155000115	STR_L_WS_SWORD_N_R1_S_29A	40002	195	1	0	1360	1	0	1361
155000116	STR_L_WS_WS_PART_ADAMAN_01A	40002	200	1	0	1362	1	0	1363
155000117	STR_L_WS_WS_PART_ADAMAN_02A	40002	205	1	0	1364	1	0	1365
155000118	STR_L_WS_WS_PART_ADAMAN_03A	40002	210	1	0	1366	1	0	1367
155000119	STR_L_WS_DAGGER_N_C2_P_35A	40002	210	1	0	1368	1	0	1369
155000120	STR_L_WS_SWORD_N_C2_P_35A	40002	220	1	0	1370	1	0	1369
155000121	STR_L_WS_MACE_N_C2_P_35A	40002	230	1	0	1371	1	0	1369
155000122	STR_L_WS_2HSWORD_N_C2_P_35A	40002	240	1	0	1372	1	0	1369
155000123	STR_L_WS_POLEARM_N_C2_P_35A	40002	250	1	0	1373	1	0	1369
155000124	STR_L_WS_DAGGER_N_R2_P_35A	40002	210	1	0	1374	1	0	1375
155000125	STR_L_WS_SWORD_N_R2_P_35A	40002	220	1	0	1376	1	0	1377
155000126	STR_L_WS_MACE_N_R2_P_35A	40002	230	1	0	1378	1	0	1379
155000127	STR_L_WS_2HSWORD_N_R2_P_35A	40002	240	1	0	1380	1	0	1381
155000128	STR_L_WS_POLEARM_N_R2_P_35A	40002	250	1	0	1382	1	0	1383
155000129	STR_L_WS_DAGGER_N_L2_P_35A	40002	400	1	0	1384	1	0	1385
155000130	STR_L_WS_SWORD_N_L2_P_35A	40002	400	1	0	1386	1	0	1387
155000131	STR_L_WS_MACE_N_L2_P_35A	40002	400	1	0	1388	1	0	1389
155000132	STR_L_WS_2HSWORD_N_L2_P_35A	40002	400	1	0	1390	1	0	1391
155000133	STR_L_WS_POLEARM_N_L2_P_35A	40002	400	1	0	1392	1	0	1393
155000134	STR_L_WS_DAGGER_N_C2_P_40A	40002	260	1	0	1394	1	0	1395
155000135	STR_L_WS_SWORD_N_C2_P_40A	40002	270	1	0	1396	1	0	1395
155000136	STR_L_WS_MACE_N_C2_P_40A	40002	280	1	0	1397	1	0	1395
155000137	STR_L_WS_2HSWORD_N_C2_P_40A	40002	290	1	0	1398	1	0	1395
155000138	STR_L_WS_POLEARM_N_C2_P_40A	40002	299	1	0	1399	1	0	1395
155000139	STR_L_WS_DAGGER_N_R2_P_40A	40002	260	1	0	1400	1	0	1401
155000140	STR_L_WS_SWORD_N_R2_P_40A	40002	270	1	0	1402	1	0	1403
155000141	STR_L_WS_MACE_N_R2_P_40A	40002	280	1	0	1404	1	0	1405
155000142	STR_L_WS_2HSWORD_N_R2_P_40A	40002	290	1	0	1406	1	0	1407
155000143	STR_L_WS_POLEARM_N_R2_P_40A	40002	299	1	0	1408	1	0	1409
155000144	STR_L_WS_DAGGER_N_L2_P_40A	40002	410	1	0	1410	1	0	1411
155000145	STR_L_WS_SWORD_N_L2_P_40A	40002	410	1	0	1412	1	0	1413
155000146	STR_L_WS_MACE_N_L2_P_40A	40002	410	1	0	1414	1	0	1415
155000147	STR_L_WS_2HSWORD_N_L2_P_40A	40002	410	1	0	1416	1	0	1417
155000148	STR_L_WS_POLEARM_N_L2_P_40A	40002	410	1	0	1418	1	0	1419
155000149	STR_L_WS_MACE_N_R1_S_32A	40002	215	1	0	1420	1	0	1421
155000150	STR_L_WS_DAGGER_N_R1_S_33A	40002	225	1	0	1422	1	0	1423
155000151	STR_L_WS_2HSWORD_N_R1_S_34A	40002	235	1	0	1424	1	0	1425
155000152	STR_L_WS_SWORD_N_R1_S_36A	40002	255	1	0	1426	1	0	1427
155000153	STR_L_WS_POLEARM_N_R1_S_37A	40002	265	1	0	1428	1	0	1429
155000154	STR_L_WS_SWORD_N_L1_S_33A	40002	245	1	0	1430	1	0	1431
155000155	STR_L_WS_2HSWORD_N_L1_S_39A	40002	285	1	0	1432	1	0	1433
155000156	STR_L_WS_DAGGER_N_L1_S_40A	40002	295	1	0	1434	1	0	1435
155000157	STR_L_WS_WS_PART_ORIHAR_01A	40002	300	1	0	1436	1	0	1437
155000158	STR_L_WS_WS_PART_ORIHAR_02A	40002	305	1	0	1438	1	0	1439
155000159	STR_L_WS_WS_PART_ORIHAR_03A	40002	310	1	0	1440	1	0	1441
155000160	STR_L_WS_DAGGER_N_C2_P_45A	40002	310	1	0	1442	1	0	1443
155000161	STR_L_WS_SWORD_N_C2_P_45A	40002	320	1	0	1444	1	0	1443
155000162	STR_L_WS_MACE_N_C2_P_45A	40002	330	1	0	1445	1	0	1443
155000163	STR_L_WS_2HSWORD_N_C2_P_45A	40002	340	1	0	1446	1	0	1443
155000164	STR_L_WS_POLEARM_N_C2_P_45A	40002	350	1	0	1447	1	0	1443
155000165	STR_L_WS_DAGGER_N_R2_P_45A	40002	310	1	0	1448	1	0	1449
155000166	STR_L_WS_SWORD_N_R2_P_45A	40002	320	1	0	1450	1	0	1451
155000167	STR_L_WS_MACE_N_R2_P_45A	40002	330	1	0	1452	1	0	1453
155000168	STR_L_WS_2HSWORD_N_R2_P_45A	40002	340	1	0	1454	1	0	1455
155000169	STR_L_WS_POLEARM_N_R2_P_45A	40002	350	1	0	1456	1	0	1457
155000170	STR_L_WS_DAGGER_N_L2_P_45A	40002	420	1	0	1458	1	0	1459
155000171	STR_L_WS_SWORD_N_L2_P_45A	40002	420	1	0	1460	1	0	1461
155000172	STR_L_WS_MACE_N_L2_P_45A	40002	420	1	0	1462	1	0	1463
155000173	STR_L_WS_2HSWORD_N_L2_P_45A	40002	420	1	0	1464	1	0	1465
155000174	STR_L_WS_POLEARM_N_L2_P_45A	40002	420	1	0	1466	1	0	1467
155000175	STR_L_WS_DAGGER_N_C2_P_50A	40002	360	1	0	1468	1	0	1469
155000176	STR_L_WS_SWORD_N_C2_P_50A	40002	370	1	0	1470	1	0	1469
155000177	STR_L_WS_MACE_N_C2_P_50A	40002	380	1	0	1471	1	0	1469
155000178	STR_L_WS_2HSWORD_N_C2_P_50A	40002	390	1	0	1472	1	0	1469
155000179	STR_L_WS_POLEARM_N_C2_P_50A	40002	399	1	0	1473	1	0	1469
155000180	STR_L_WS_DAGGER_N_R2_P_50A	40002	360	1	0	1474	1	0	1475
155000181	STR_L_WS_SWORD_N_R2_P_50A	40002	370	1	0	1476	1	0	1477
155000182	STR_L_WS_MACE_N_R2_P_50A	40002	380	1	0	1478	1	0	1479
155000183	STR_L_WS_2HSWORD_N_R2_P_50A	40002	390	1	0	1480	1	0	1481
155000184	STR_L_WS_POLEARM_N_R2_P_50A	40002	399	1	0	1482	1	0	1483
155000185	STR_L_WS_DAGGER_N_L2_P_50A	40002	430	1	0	1484	1	0	1485
155000186	STR_L_WS_SWORD_N_L2_P_50A	40002	430	1	0	1486	1	0	1487
155000187	STR_L_WS_MACE_N_L2_P_50A	40002	430	1	0	1488	1	0	1489
155000188	STR_L_WS_2HSWORD_N_L2_P_50A	40002	430	1	0	1490	1	0	1491
155000189	STR_L_WS_POLEARM_N_L2_P_50A	40002	430	1	0	1492	1	0	1493
155000190	STR_L_WS_SWORD_N_R1_S_41A	40002	305	1	0	1494	1	0	1495
155000191	STR_L_WS_2HSWORD_N_R1_S_42A	40002	315	1	0	1496	1	0	1497
155000192	STR_L_WS_POLEARM_N_R1_S_45A	40002	345	1	0	1498	1	0	1499
155000193	STR_L_WS_MACE_N_L1_S_42A	40002	325	1	0	1500	1	0	1501
155000194	STR_L_WS_POLEARM_N_L1_S_47A	40002	365	1	0	1502	1	0	1503
155000195	STR_L_WS_SWORD_N_L1_S_47A	40002	375	1	0	1504	1	0	1505
155000196	STR_L_WS_WS_PART_SIEGE_01A	40002	299	1	0	1506	1	0	1507
155000197	STR_L_WS_ITEM_ABYSS_LIGHT_SIEGE01	40002	299	1	0	1508	1	0	1509
155000198	STR_L_WS_WS_PART_DRA_301A	40002	400	1	0	1510	1	0	1511
155000199	STR_L_WS_WS_PART_DRA_302A	40002	400	1	0	1512	1	0	1513
155000200	STR_L_WS_WS_PART_DRA_303A	40002	400	1	0	1514	1	0	1515
155000201	STR_L_WS_DAGGER_D_R2_P_30A	40002	410	1	0	1516	1	0	1517
155000202	STR_L_WS_SWORD_D_R2_P_30A	40002	410	1	0	1518	1	0	1517
155000203	STR_L_WS_MACE_D_R2_P_30A	40002	410	1	0	1519	1	0	1517
155000204	STR_L_WS_2HSWORD_D_R2_P_30A	40002	410	1	0	1520	1	0	1517
155000205	STR_L_WS_POLEARM_D_R2_P_30A	40002	410	1	0	1521	1	0	1517
155000206	STR_L_WS_WS_PART_DRA_401A	40002	420	1	0	1522	1	0	1523
155000207	STR_L_WS_WS_PART_DRA_402A	40002	420	1	0	1524	1	0	1525
155000208	STR_L_WS_WS_PART_DRA_403A	40002	420	1	0	1526	1	0	1527
155000209	STR_L_WS_DAGGER_D_R2_P_40A	40002	430	1	0	1528	1	0	1529
155000210	STR_L_WS_SWORD_D_R2_P_40A	40002	430	1	0	1530	1	0	1529
155000211	STR_L_WS_MACE_D_R2_P_40A	40002	430	1	0	1531	1	0	1529
155000212	STR_L_WS_2HSWORD_D_R2_P_40A	40002	430	1	0	1532	1	0	1529
155000213	STR_L_WS_POLEARM_D_R2_P_40A	40002	430	1	0	1533	1	0	1529
155000214	STR_L_WS_DAGGER_D_L2_P_40A	40002	430	1	0	1534	1	0	1535
155000215	STR_L_WS_SWORD_D_L2_P_40A	40002	430	1	0	1536	1	0	1537
155000216	STR_L_WS_MACE_D_L2_P_40A	40002	430	1	0	1538	1	0	1539
155000217	STR_L_WS_2HSWORD_D_L2_P_40A	40002	430	1	0	1540	1	0	1541
155000218	STR_L_WS_POLEARM_D_L2_P_40A	40002	430	1	0	1542	1	0	1543
155000219	STR_L_WS_WS_PART_DRA_501A	40002	440	1	0	1544	1	0	1545
155000220	STR_L_WS_WS_PART_DRA_502A	40002	440	1	0	1546	1	0	1547
155000221	STR_L_WS_WS_PART_DRA_503A	40002	440	1	0	1548	1	0	1549
155000222	STR_L_WS_DAGGER_D_R2_P_50A	40002	449	1	0	1550	1	0	1551
155000223	STR_L_WS_SWORD_D_R2_P_50A	40002	449	1	0	1552	1	0	1551
155000224	STR_L_WS_MACE_D_R2_P_50A	40002	449	1	0	1553	1	0	1551
155000225	STR_L_WS_2HSWORD_D_R2_P_50A	40002	449	1	0	1554	1	0	1551
155000226	STR_L_WS_POLEARM_D_R2_P_50A	40002	449	1	0	1555	1	0	1551
155000227	STR_L_WS_DAGGER_D_L2_P_50A	40002	449	1	0	1556	1	0	1557
155000228	STR_L_WS_SWORD_D_L2_P_50A	40002	449	1	0	1558	1	0	1559
155000229	STR_L_WS_MACE_D_L2_P_50A	40002	449	1	0	1560	1	0	1561
155000230	STR_L_WS_2HSWORD_D_L2_P_50A	40002	449	1	0	1562	1	0	1563
155000231	STR_L_WS_POLEARM_D_L2_P_50A	40002	449	1	0	1564	1	0	1565
155000232	STR_L_AS_WS_PART_STEEL_01A	40003	1	1	0	1297	1	0	1298
155000233	STR_L_AS_AS_PART_STEEL_01A	40003	5	1	0	1566	1	0	1300
155000234	STR_L_AS_AS_PART_STEEL_02A	40003	10	1	0	1567	1	0	1568
155000235	STR_L_AS_AS_PART_STEEL_03A	40003	10	1	0	1569	1	0	1568
155000236	STR_L_AS_AS_PART_STEEL_04A	40003	10	1	0	1570	1	0	1571
155000237	STR_L_AS_AS_PART_STEEL_05A	40003	10	1	0	1572	1	0	1302
155000238	STR_L_AS_CH_SHOES_N_C2_P_13A	40003	10	1	0	1573	1	0	1574
155000239	STR_L_AS_CH_GLOVE_N_C2_P_13A	40003	20	1	0	1575	1	0	1574
155000240	STR_L_AS_CH_PANTS_N_C2_P_13A	40003	30	1	0	1576	1	0	1577
155000241	STR_L_AS_CH_TORSO_N_C2_P_13A	40003	50	1	0	1578	1	0	1579
155000242	STR_L_AS_CH_HEAD_N_C2_P_13A	40003	40	1	0	1580	1	0	1581
155000243	STR_L_AS_PL_SHOES_N_C2_P_13A	40003	10	1	0	1582	1	0	1583
155000244	STR_L_AS_PL_GLOVE_N_C2_P_13A	40003	20	1	0	1584	1	0	1583
155000245	STR_L_AS_PL_PANTS_N_C2_P_13A	40003	30	1	0	1585	1	0	1586
155000246	STR_L_AS_PL_TORSO_N_C2_P_13A	40003	50	1	0	1587	1	0	1588
155000247	STR_L_AS_PL_HEAD_N_C2_P_13A	40003	40	1	0	1589	1	0	1590
155000248	STR_L_AS_SHIELD_N_C2_P_15A	40003	50	1	0	1591	1	0	1592
155000249	STR_L_AS_CH_SHOES_N_C2_P_18A	40003	60	1	0	1593	1	0	1594
155000250	STR_L_AS_CH_GLOVE_N_C2_P_18A	40003	70	1	0	1595	1	0	1594
155000251	STR_L_AS_CH_SHOUL_N_C2_P_18A	40003	80	1	0	1596	1	0	1594
155000252	STR_L_AS_CH_PANTS_N_C2_P_18A	40003	90	1	0	1597	1	0	1598
155000253	STR_L_AS_CH_TORSO_N_C2_P_18A	40003	99	1	0	1599	1	0	1600
155000254	STR_L_AS_CH_HEAD_N_C2_P_18A	40003	90	1	0	1601	1	0	1602
155000255	STR_L_AS_PL_SHOES_N_C2_P_18A	40003	60	1	0	1603	1	0	1604
155000256	STR_L_AS_PL_GLOVE_N_C2_P_18A	40003	70	1	0	1605	1	0	1604
155000257	STR_L_AS_PL_SHOUL_N_C2_P_18A	40003	80	1	0	1606	1	0	1604
155000258	STR_L_AS_PL_PANTS_N_C2_P_18A	40003	90	1	0	1607	1	0	1608
155000259	STR_L_AS_PL_TORSO_N_C2_P_18A	40003	99	1	0	1609	1	0	1610
155000260	STR_L_AS_PL_HEAD_N_C2_P_18A	40003	90	1	0	1611	1	0	1612
155000261	STR_L_AS_SHIELD_N_C2_P_20A	40003	99	1	0	1613	1	0	1614
155000262	STR_L_AS_WS_PART_TITAN_01A	40003	100	1	0	1318	1	0	1319
155000263	STR_L_AS_AS_PART_TITAN_01A	40003	105	1	0	1615	1	0	1321
155000264	STR_L_AS_AS_PART_TITAN_02A	40003	110	1	0	1616	1	0	1617
155000265	STR_L_AS_AS_PART_TITAN_03A	40003	110	1	0	1618	1	0	1617
155000266	STR_L_AS_AS_PART_TITAN_04A	40003	110	1	0	1619	1	0	1620
155000267	STR_L_AS_AS_PART_TITAN_05A	40003	110	1	0	1621	1	0	1323
155000268	STR_L_AS_CH_SHOES_N_C2_P_23A	40003	110	1	0	1622	1	0	1623
155000269	STR_L_AS_CH_GLOVE_N_C2_P_23A	40003	120	1	0	1624	1	0	1623
155000270	STR_L_AS_CH_SHOUL_N_C2_P_23A	40003	130	1	0	1625	1	0	1623
155000271	STR_L_AS_CH_PANTS_N_C2_P_23A	40003	140	1	0	1626	1	0	1627
155000272	STR_L_AS_CH_TORSO_N_C2_P_23A	40003	150	1	0	1628	1	0	1629
155000273	STR_L_AS_CH_HEAD_N_C2_P_23A	40003	140	1	0	1630	1	0	1631
155000274	STR_L_AS_PL_SHOES_N_C2_P_23A	40003	110	1	0	1632	1	0	1633
155000275	STR_L_AS_PL_GLOVE_N_C2_P_23A	40003	120	1	0	1634	1	0	1633
155000276	STR_L_AS_PL_SHOUL_N_C2_P_23A	40003	130	1	0	1635	1	0	1633
155000277	STR_L_AS_PL_PANTS_N_C2_P_23A	40003	140	1	0	1636	1	0	1637
155000278	STR_L_AS_PL_TORSO_N_C2_P_23A	40003	150	1	0	1638	1	0	1639
155000279	STR_L_AS_PL_HEAD_N_C2_P_23A	40003	140	1	0	1640	1	0	1641
155000280	STR_L_AS_SHIELD_N_C2_P_25A	40003	150	1	0	1642	1	0	1643
155000281	STR_L_AS_CH_SHOES_N_R2_P_23A	40003	110	1	0	1644	1	0	1645
155000282	STR_L_AS_CH_GLOVE_N_R2_P_23A	40003	120	1	0	1646	1	0	1645
155000283	STR_L_AS_CH_SHOUL_N_R2_P_23A	40003	130	1	0	1647	1	0	1645
155000284	STR_L_AS_CH_PANTS_N_R2_P_23A	40003	140	1	0	1648	1	0	1649
155000285	STR_L_AS_CH_TORSO_N_R2_P_23A	40003	150	1	0	1650	1	0	1651
155000286	STR_L_AS_CH_HEAD_N_R2_P_23A	40003	140	1	0	1652	1	0	1653
155000287	STR_L_AS_PL_SHOES_N_R2_P_23A	40003	110	1	0	1654	1	0	1655
155000288	STR_L_AS_PL_GLOVE_N_R2_P_23A	40003	120	1	0	1656	1	0	1655
155000289	STR_L_AS_PL_SHOUL_N_R2_P_23A	40003	130	1	0	1657	1	0	1655
155000290	STR_L_AS_PL_PANTS_N_R2_P_23A	40003	140	1	0	1658	1	0	1659
155000291	STR_L_AS_PL_TORSO_N_R2_P_23A	40003	150	1	0	1660	1	0	1661
155000292	STR_L_AS_PL_HEAD_N_R2_P_23A	40003	140	1	0	1662	1	0	1663
155000293	STR_L_AS_SHIELD_N_R2_P_25A	40003	150	1	0	1664	1	0	1665
155000294	STR_L_AS_CH_SHOES_N_C2_P_28A	40003	160	1	0	1666	1	0	1667
155000295	STR_L_AS_CH_GLOVE_N_C2_P_28A	40003	170	1	0	1668	1	0	1667
155000296	STR_L_AS_CH_SHOUL_N_C2_P_28A	40003	180	1	0	1669	1	0	1667
155000297	STR_L_AS_CH_PANTS_N_C2_P_28A	40003	190	1	0	1670	1	0	1671
155000298	STR_L_AS_CH_TORSO_N_C2_P_28A	40003	199	1	0	1672	1	0	1673
155000299	STR_L_AS_CH_HEAD_N_C2_P_28A	40003	190	1	0	1674	1	0	1675
155000300	STR_L_AS_PL_SHOES_N_C2_P_28A	40003	160	1	0	1676	1	0	1677
155000301	STR_L_AS_PL_GLOVE_N_C2_P_28A	40003	170	1	0	1678	1	0	1677
155000302	STR_L_AS_PL_SHOUL_N_C2_P_28A	40003	180	1	0	1679	1	0	1677
155000303	STR_L_AS_PL_PANTS_N_C2_P_28A	40003	190	1	0	1680	1	0	1681
155000304	STR_L_AS_PL_TORSO_N_C2_P_28A	40003	199	1	0	1682	1	0	1683
155000305	STR_L_AS_PL_HEAD_N_C2_P_28A	40003	190	1	0	1684	1	0	1685
155000306	STR_L_AS_SHIELD_N_C2_P_30A	40003	199	1	0	1686	1	0	1687
155000307	STR_L_AS_CH_SHOES_N_R2_P_28A	40003	160	1	0	1688	1	0	1689
155000308	STR_L_AS_CH_GLOVE_N_R2_P_28A	40003	170	1	0	1690	1	0	1689
155000309	STR_L_AS_CH_SHOUL_N_R2_P_28A	40003	180	1	0	1691	1	0	1689
155000310	STR_L_AS_CH_PANTS_N_R2_P_28A	40003	190	1	0	1692	1	0	1693
155000311	STR_L_AS_CH_TORSO_N_R2_P_28A	40003	199	1	0	1694	1	0	1695
155000312	STR_L_AS_CH_HEAD_N_R2_P_28A	40003	190	1	0	1696	1	0	1697
155000313	STR_L_AS_PL_SHOES_N_R2_P_28A	40003	160	1	0	1698	1	0	1699
155000314	STR_L_AS_PL_GLOVE_N_R2_P_28A	40003	170	1	0	1700	1	0	1699
155000315	STR_L_AS_PL_SHOUL_N_R2_P_28A	40003	180	1	0	1701	1	0	1699
155000316	STR_L_AS_PL_PANTS_N_R2_P_28A	40003	190	1	0	1702	1	0	1703
155000317	STR_L_AS_PL_TORSO_N_R2_P_28A	40003	199	1	0	1704	1	0	1705
155000318	STR_L_AS_PL_HEAD_N_R2_P_28A	40003	190	1	0	1706	1	0	1707
155000319	STR_L_AS_SHIELD_N_R2_P_30A	40003	199	1	0	1708	1	0	1709
155000320	STR_L_AS_CH_SHOES_N_R1_S_26A	40003	155	1	0	1710	1	0	1711
155000321	STR_L_AS_PL_SHOES_N_R1_S_26A	40003	155	1	0	1712	1	0	1713
155000322	STR_L_AS_CH_PANTS_N_R1_S_27A	40003	165	1	0	1714	1	0	1715
155000323	STR_L_AS_PL_PANTS_N_R1_S_27A	40003	165	1	0	1716	1	0	1717
155000324	STR_L_AS_CH_HEAD_N_R1_S_29A	40003	185	1	0	1718	1	0	1719
155000325	STR_L_AS_PL_HEAD_N_R1_S_29A	40003	185	1	0	1720	1	0	1721
155000326	STR_L_AS_WS_PART_ADAMAN_01A	40003	200	1	0	1362	1	0	1363
155000327	STR_L_AS_AS_PART_ADAMAN_01A	40003	205	1	0	1722	1	0	1365
155000328	STR_L_AS_AS_PART_ADAMAN_02A	40003	210	1	0	1723	1	0	1724
155000329	STR_L_AS_AS_PART_ADAMAN_03A	40003	210	1	0	1725	1	0	1724
155000330	STR_L_AS_AS_PART_ADAMAN_04A	40003	210	1	0	1726	1	0	1727
155000331	STR_L_AS_AS_PART_ADAMAN_05A	40003	210	1	0	1728	1	0	1367
155000332	STR_L_AS_CH_SHOES_N_C2_P_33A	40003	210	1	0	1729	1	0	1730
155000333	STR_L_AS_CH_GLOVE_N_C2_P_33A	40003	220	1	0	1731	1	0	1730
155000334	STR_L_AS_CH_SHOUL_N_C2_P_33A	40003	230	1	0	1732	1	0	1730
155000335	STR_L_AS_CH_PANTS_N_C2_P_33A	40003	240	1	0	1733	1	0	1734
155000336	STR_L_AS_CH_TORSO_N_C2_P_33A	40003	250	1	0	1735	1	0	1736
155000337	STR_L_AS_CH_HEAD_N_C2_P_33A	40003	240	1	0	1737	1	0	1738
155000338	STR_L_AS_PL_SHOES_N_C2_P_33A	40003	210	1	0	1739	1	0	1740
155000339	STR_L_AS_PL_GLOVE_N_C2_P_33A	40003	220	1	0	1741	1	0	1740
155000340	STR_L_AS_PL_SHOUL_N_C2_P_33A	40003	230	1	0	1742	1	0	1740
155000341	STR_L_AS_PL_PANTS_N_C2_P_33A	40003	240	1	0	1743	1	0	1744
155000342	STR_L_AS_PL_TORSO_N_C2_P_33A	40003	250	1	0	1745	1	0	1746
155000343	STR_L_AS_PL_HEAD_N_C2_P_33A	40003	240	1	0	1747	1	0	1748
155000344	STR_L_AS_SHIELD_N_C2_P_35A	40003	250	1	0	1749	1	0	1750
155000345	STR_L_AS_CH_SHOES_N_R2_P_33A	40003	210	1	0	1751	1	0	1752
155000346	STR_L_AS_CH_GLOVE_N_R2_P_33A	40003	220	1	0	1753	1	0	1752
155000347	STR_L_AS_CH_SHOUL_N_R2_P_33A	40003	230	1	0	1754	1	0	1752
155000348	STR_L_AS_CH_PANTS_N_R2_P_33A	40003	240	1	0	1755	1	0	1756
155000349	STR_L_AS_CH_TORSO_N_R2_P_33A	40003	250	1	0	1757	1	0	1758
155000350	STR_L_AS_CH_HEAD_N_R2_P_33A	40003	240	1	0	1759	1	0	1760
155000351	STR_L_AS_PL_SHOES_N_R2_P_33A	40003	210	1	0	1761	1	0	1762
155000352	STR_L_AS_PL_GLOVE_N_R2_P_33A	40003	220	1	0	1763	1	0	1762
155000353	STR_L_AS_PL_SHOUL_N_R2_P_33A	40003	230	1	0	1764	1	0	1762
155000354	STR_L_AS_PL_PANTS_N_R2_P_33A	40003	240	1	0	1765	1	0	1766
155000355	STR_L_AS_PL_TORSO_N_R2_P_33A	40003	250	1	0	1767	1	0	1768
155000356	STR_L_AS_PL_HEAD_N_R2_P_33A	40003	240	1	0	1769	1	0	1770
155000357	STR_L_AS_SHIELD_N_R2_P_35A	40003	250	1	0	1771	1	0	1772
155000358	STR_L_AS_CH_SHOES_N_L2_P_33A	40003	400	1	0	1773	1	0	1774
155000359	STR_L_AS_CH_GLOVE_N_L2_P_33A	40003	400	1	0	1775	1	0	1774
155000360	STR_L_AS_CH_SHOUL_N_L2_P_33A	40003	400	1	0	1776	1	0	1774
155000361	STR_L_AS_CH_PANTS_N_L2_P_33A	40003	400	1	0	1777	1	0	1778
155000362	STR_L_AS_CH_TORSO_N_L2_P_33A	40003	400	1	0	1779	1	0	1780
155000363	STR_L_AS_CH_HEAD_N_L2_P_33A	40003	400	1	0	1781	1	0	1782
155000364	STR_L_AS_PL_SHOES_N_L2_P_33A	40003	400	1	0	1783	1	0	1784
155000365	STR_L_AS_PL_GLOVE_N_L2_P_33A	40003	400	1	0	1785	1	0	1784
155000366	STR_L_AS_PL_SHOUL_N_L2_P_33A	40003	400	1	0	1786	1	0	1784
155000367	STR_L_AS_PL_PANTS_N_L2_P_33A	40003	400	1	0	1787	1	0	1788
155000368	STR_L_AS_PL_TORSO_N_L2_P_33A	40003	400	1	0	1789	1	0	1790
155000369	STR_L_AS_PL_HEAD_N_L2_P_33A	40003	400	1	0	1791	1	0	1792
155000370	STR_L_AS_SHIELD_N_L2_P_35A	40003	400	1	0	1793	1	0	1794
155000371	STR_L_AS_CH_SHOES_N_C2_P_38A	40003	260	1	0	1795	1	0	1796
155000372	STR_L_AS_CH_GLOVE_N_C2_P_38A	40003	270	1	0	1797	1	0	1796
155000373	STR_L_AS_CH_SHOUL_N_C2_P_38A	40003	280	1	0	1798	1	0	1796
155000374	STR_L_AS_CH_PANTS_N_C2_P_38A	40003	290	1	0	1799	1	0	1800
155000375	STR_L_AS_CH_TORSO_N_C2_P_38A	40003	299	1	0	1801	1	0	1802
155000376	STR_L_AS_CH_HEAD_N_C2_P_38A	40003	290	1	0	1803	1	0	1804
155000377	STR_L_AS_PL_SHOES_N_C2_P_38A	40003	260	1	0	1805	1	0	1806
155000378	STR_L_AS_PL_GLOVE_N_C2_P_38A	40003	270	1	0	1807	1	0	1806
155000379	STR_L_AS_PL_SHOUL_N_C2_P_38A	40003	280	1	0	1808	1	0	1806
155000380	STR_L_AS_PL_PANTS_N_C2_P_38A	40003	290	1	0	1809	1	0	1810
155000381	STR_L_AS_PL_TORSO_N_C2_P_38A	40003	299	1	0	1811	1	0	1812
155000382	STR_L_AS_PL_HEAD_N_C2_P_38A	40003	290	1	0	1813	1	0	1814
155000383	STR_L_AS_SHIELD_N_C2_P_40A	40003	299	1	0	1815	1	0	1816
155000384	STR_L_AS_CH_SHOES_N_R2_P_38A	40003	260	1	0	1817	1	0	1818
155000385	STR_L_AS_CH_GLOVE_N_R2_P_38A	40003	270	1	0	1819	1	0	1818
155000386	STR_L_AS_CH_SHOUL_N_R2_P_38A	40003	280	1	0	1820	1	0	1818
155000387	STR_L_AS_CH_PANTS_N_R2_P_38A	40003	290	1	0	1821	1	0	1822
155000388	STR_L_AS_CH_TORSO_N_R2_P_38A	40003	299	1	0	1823	1	0	1824
155000389	STR_L_AS_CH_HEAD_N_R2_P_38A	40003	290	1	0	1825	1	0	1826
155000390	STR_L_AS_PL_SHOES_N_R2_P_38A	40003	260	1	0	1827	1	0	1828
155000391	STR_L_AS_PL_GLOVE_N_R2_P_38A	40003	270	1	0	1829	1	0	1828
155000392	STR_L_AS_PL_SHOUL_N_R2_P_38A	40003	280	1	0	1830	1	0	1828
155000393	STR_L_AS_PL_PANTS_N_R2_P_38A	40003	290	1	0	1831	1	0	1832
155000394	STR_L_AS_PL_TORSO_N_R2_P_38A	40003	299	1	0	1833	1	0	1834
155000395	STR_L_AS_PL_HEAD_N_R2_P_38A	40003	290	1	0	1835	1	0	1836
155000396	STR_L_AS_SHIELD_N_R2_P_40A	40003	299	1	0	1837	1	0	1838
155000397	STR_L_AS_CH_SHOES_N_L2_P_38A	40003	410	1	0	1839	1	0	1840
155000398	STR_L_AS_CH_GLOVE_N_L2_P_38A	40003	410	1	0	1841	1	0	1840
155000399	STR_L_AS_CH_SHOUL_N_L2_P_38A	40003	410	1	0	1842	1	0	1840
155000400	STR_L_AS_CH_PANTS_N_L2_P_38A	40003	410	1	0	1843	1	0	1844
155000401	STR_L_AS_CH_TORSO_N_L2_P_38A	40003	410	1	0	1845	1	0	1846
155000402	STR_L_AS_CH_HEAD_N_L2_P_38A	40003	410	1	0	1847	1	0	1848
155000403	STR_L_AS_PL_SHOES_N_L2_P_38A	40003	410	1	0	1849	1	0	1850
155000404	STR_L_AS_PL_GLOVE_N_L2_P_38A	40003	410	1	0	1851	1	0	1850
155000405	STR_L_AS_PL_SHOUL_N_L2_P_38A	40003	410	1	0	1852	1	0	1850
155000406	STR_L_AS_PL_PANTS_N_L2_P_38A	40003	410	1	0	1853	1	0	1854
155000407	STR_L_AS_PL_TORSO_N_L2_P_38A	40003	410	1	0	1855	1	0	1856
155000408	STR_L_AS_PL_HEAD_N_L2_P_38A	40003	410	1	0	1857	1	0	1858
155000409	STR_L_AS_SHIELD_N_L2_P_40A	40003	410	1	0	1859	1	0	1860
155000410	STR_L_AS_CH_SHOUL_N_R1_S_32A	40003	215	1	0	1861	1	0	1862
155000411	STR_L_AS_PL_SHOUL_N_R1_S_32A	40003	215	1	0	1863	1	0	1864
155000412	STR_L_AS_CH_GLOVE_N_R1_S_36A	40003	255	1	0	1865	1	0	1866
155000413	STR_L_AS_PL_GLOVE_N_R1_S_36A	40003	255	1	0	1867	1	0	1868
155000414	STR_L_AS_CH_TORSO_N_R1_S_39A	40003	285	1	0	1869	1	0	1870
155000415	STR_L_AS_PL_TORSO_N_R1_S_39A	40003	285	1	0	1871	1	0	1872
155000416	STR_L_AS_CH_PANTS_N_L1_S_33A	40003	225	1	0	1873	1	0	1874
155000417	STR_L_AS_PL_SHOUL_N_L1_S_40A	40003	295	1	0	1875	1	0	1876
155000418	STR_L_AS_SHIELD_N_L1_S_40A	40003	295	1	0	1877	1	0	1878
155000419	STR_L_AS_WS_PART_ORIHAR_01A	40003	300	1	0	1436	1	0	1437
155000420	STR_L_AS_AS_PART_ORIHAR_01A	40003	305	1	0	1879	1	0	1439
155000421	STR_L_AS_AS_PART_ORIHAR_02A	40003	310	1	0	1880	1	0	1881
155000422	STR_L_AS_AS_PART_ORIHAR_03A	40003	310	1	0	1882	1	0	1881
155000423	STR_L_AS_AS_PART_ORIHAR_04A	40003	310	1	0	1883	1	0	1884
155000424	STR_L_AS_AS_PART_ORIHAR_05A	40003	310	1	0	1885	1	0	1441
155000425	STR_L_AS_CH_SHOES_N_C2_P_43A	40003	310	1	0	1886	1	0	1887
155000426	STR_L_AS_CH_GLOVE_N_C2_P_43A	40003	320	1	0	1888	1	0	1887
155000427	STR_L_AS_CH_SHOUL_N_C2_P_43A	40003	330	1	0	1889	1	0	1887
155000428	STR_L_AS_CH_PANTS_N_C2_P_43A	40003	340	1	0	1890	1	0	1891
155000429	STR_L_AS_CH_TORSO_N_C2_P_43A	40003	350	1	0	1892	1	0	1893
155000430	STR_L_AS_CH_HEAD_N_C2_P_43A	40003	340	1	0	1894	1	0	1895
155000431	STR_L_AS_PL_SHOES_N_C2_P_43A	40003	310	1	0	1896	1	0	1897
155000432	STR_L_AS_PL_GLOVE_N_C2_P_43A	40003	320	1	0	1898	1	0	1897
155000433	STR_L_AS_PL_SHOUL_N_C2_P_43A	40003	330	1	0	1899	1	0	1897
155000434	STR_L_AS_PL_PANTS_N_C2_P_43A	40003	340	1	0	1900	1	0	1901
155000435	STR_L_AS_PL_TORSO_N_C2_P_43A	40003	350	1	0	1902	1	0	1903
155000436	STR_L_AS_PL_HEAD_N_C2_P_43A	40003	340	1	0	1904	1	0	1905
155000437	STR_L_AS_SHIELD_N_C2_P_45A	40003	350	1	0	1906	1	0	1907
155000438	STR_L_AS_CH_SHOES_N_R2_P_43A	40003	310	1	0	1908	1	0	1909
155000439	STR_L_AS_CH_GLOVE_N_R2_P_43A	40003	320	1	0	1910	1	0	1909
155000440	STR_L_AS_CH_SHOUL_N_R2_P_43A	40003	330	1	0	1911	1	0	1909
155000441	STR_L_AS_CH_PANTS_N_R2_P_43A	40003	340	1	0	1912	1	0	1913
155000442	STR_L_AS_CH_TORSO_N_R2_P_43A	40003	350	1	0	1914	1	0	1915
155000443	STR_L_AS_CH_HEAD_N_R2_P_43A	40003	340	1	0	1916	1	0	1917
155000444	STR_L_AS_PL_SHOES_N_R2_P_43A	40003	310	1	0	1918	1	0	1919
155000445	STR_L_AS_PL_GLOVE_N_R2_P_43A	40003	320	1	0	1920	1	0	1919
155000446	STR_L_AS_PL_SHOUL_N_R2_P_43A	40003	330	1	0	1921	1	0	1919
155000447	STR_L_AS_PL_PANTS_N_R2_P_43A	40003	340	1	0	1922	1	0	1923
155000448	STR_L_AS_PL_TORSO_N_R2_P_43A	40003	350	1	0	1924	1	0	1925
155000449	STR_L_AS_PL_HEAD_N_R2_P_43A	40003	340	1	0	1926	1	0	1927
155000450	STR_L_AS_SHIELD_N_R2_P_45A	40003	350	1	0	1928	1	0	1929
155000451	STR_L_AS_CH_SHOES_N_L2_P_43A	40003	420	1	0	1930	1	0	1931
155000452	STR_L_AS_CH_GLOVE_N_L2_P_43A	40003	420	1	0	1932	1	0	1931
155000453	STR_L_AS_CH_SHOUL_N_L2_P_43A	40003	420	1	0	1933	1	0	1931
155000454	STR_L_AS_CH_PANTS_N_L2_P_43A	40003	420	1	0	1934	1	0	1935
155000455	STR_L_AS_CH_TORSO_N_L2_P_43A	40003	420	1	0	1936	1	0	1937
155000456	STR_L_AS_CH_HEAD_N_L2_P_43A	40003	420	1	0	1938	1	0	1939
155000457	STR_L_AS_PL_SHOES_N_L2_P_43A	40003	420	1	0	1940	1	0	1941
155000458	STR_L_AS_PL_GLOVE_N_L2_P_43A	40003	420	1	0	1942	1	0	1941
155000459	STR_L_AS_PL_SHOUL_N_L2_P_43A	40003	420	1	0	1943	1	0	1941
155000460	STR_L_AS_PL_PANTS_N_L2_P_43A	40003	420	1	0	1944	1	0	1945
155000461	STR_L_AS_PL_TORSO_N_L2_P_43A	40003	420	1	0	1946	1	0	1947
155000462	STR_L_AS_PL_HEAD_N_L2_P_43A	40003	420	1	0	1948	1	0	1949
155000463	STR_L_AS_SHIELD_N_L2_P_45A	40003	420	1	0	1950	1	0	1951
155000464	STR_L_AS_CH_SHOES_N_C2_P_48A	40003	360	1	0	1952	1	0	1953
155000465	STR_L_AS_CH_GLOVE_N_C2_P_48A	40003	370	1	0	1954	1	0	1953
155000466	STR_L_AS_CH_SHOUL_N_C2_P_48A	40003	380	1	0	1955	1	0	1953
155000467	STR_L_AS_CH_PANTS_N_C2_P_48A	40003	390	1	0	1956	1	0	1957
155000468	STR_L_AS_CH_TORSO_N_C2_P_48A	40003	399	1	0	1958	1	0	1959
155000469	STR_L_AS_CH_HEAD_N_C2_P_48A	40003	390	1	0	1960	1	0	1961
155000470	STR_L_AS_PL_SHOES_N_C2_P_48A	40003	360	1	0	1962	1	0	1963
155000471	STR_L_AS_PL_GLOVE_N_C2_P_48A	40003	370	1	0	1964	1	0	1963
155000472	STR_L_AS_PL_SHOUL_N_C2_P_48A	40003	380	1	0	1965	1	0	1963
155000473	STR_L_AS_PL_PANTS_N_C2_P_48A	40003	390	1	0	1966	1	0	1967
155000474	STR_L_AS_PL_TORSO_N_C2_P_48A	40003	399	1	0	1968	1	0	1969
155000475	STR_L_AS_PL_HEAD_N_C2_P_48A	40003	390	1	0	1970	1	0	1971
155000476	STR_L_AS_SHIELD_N_C2_P_50A	40003	399	1	0	1972	1	0	1973
155000477	STR_L_AS_CH_SHOES_N_R2_P_48A	40003	360	1	0	1974	1	0	1975
155000478	STR_L_AS_CH_GLOVE_N_R2_P_48A	40003	370	1	0	1976	1	0	1975
155000479	STR_L_AS_CH_SHOUL_N_R2_P_48A	40003	380	1	0	1977	1	0	1975
155000480	STR_L_AS_CH_PANTS_N_R2_P_48A	40003	390	1	0	1978	1	0	1979
155000481	STR_L_AS_CH_TORSO_N_R2_P_48A	40003	399	1	0	1980	1	0	1981
155000482	STR_L_AS_CH_HEAD_N_R2_P_48A	40003	390	1	0	1982	1	0	1983
155000483	STR_L_AS_PL_SHOES_N_R2_P_48A	40003	360	1	0	1984	1	0	1985
155000484	STR_L_AS_PL_GLOVE_N_R2_P_48A	40003	370	1	0	1986	1	0	1985
155000485	STR_L_AS_PL_SHOUL_N_R2_P_48A	40003	380	1	0	1987	1	0	1985
155000486	STR_L_AS_PL_PANTS_N_R2_P_48A	40003	390	1	0	1988	1	0	1989
155000487	STR_L_AS_PL_TORSO_N_R2_P_48A	40003	399	1	0	1990	1	0	1991
155000488	STR_L_AS_PL_HEAD_N_R2_P_48A	40003	390	1	0	1992	1	0	1993
155000489	STR_L_AS_SHIELD_N_R2_P_50A	40003	399	1	0	1994	1	0	1995
155000490	STR_L_AS_CH_SHOES_N_L2_P_48A	40003	430	1	0	1996	1	0	1997
155000491	STR_L_AS_CH_GLOVE_N_L2_P_48A	40003	430	1	0	1998	1	0	1997
155000492	STR_L_AS_CH_SHOUL_N_L2_P_48A	40003	430	1	0	1999	1	0	1997
155000493	STR_L_AS_CH_PANTS_N_L2_P_48A	40003	430	1	0	2000	1	0	2001
155000494	STR_L_AS_CH_TORSO_N_L2_P_48A	40003	430	1	0	2002	1	0	2003
155000495	STR_L_AS_CH_HEAD_N_L2_P_48A	40003	430	1	0	2004	1	0	2005
155000496	STR_L_AS_PL_SHOES_N_L2_P_48A	40003	430	1	0	2006	1	0	2007
155000497	STR_L_AS_PL_GLOVE_N_L2_P_48A	40003	430	1	0	2008	1	0	2007
155000498	STR_L_AS_PL_SHOUL_N_L2_P_48A	40003	430	1	0	2009	1	0	2007
155000499	STR_L_AS_PL_PANTS_N_L2_P_48A	40003	430	1	0	2010	1	0	2011
155000500	STR_L_AS_PL_TORSO_N_L2_P_48A	40003	430	1	0	2012	1	0	2013
155000501	STR_L_AS_PL_HEAD_N_L2_P_48A	40003	430	1	0	2014	1	0	2015
155000502	STR_L_AS_SHIELD_N_L2_P_50A	40003	430	1	0	2016	1	0	2017
155000503	STR_L_AS_CH_SHOUL_N_R1_S_43A	40003	325	1	0	2018	1	0	2019
155000504	STR_L_AS_PL_SHOUL_N_R1_S_43A	40003	325	1	0	2020	1	0	2021
155000505	STR_L_AS_CH_PANTS_N_R1_S_45A	40003	345	1	0	2022	1	0	2023
155000506	STR_L_AS_PL_PANTS_N_R1_S_45A	40003	345	1	0	2024	1	0	2025
155000507	STR_L_AS_CH_TORSO_N_L1_S_42A	40003	315	1	0	2026	1	0	2027
155000508	STR_L_AS_PL_HEAD_N_L1_S_47A	40003	365	1	0	2028	1	0	2029
155000509	STR_L_AS_PL_PANTS_N_L1_S_47A	40003	375	1	0	2030	1	0	2031
155000510	STR_L_AS_AS_PART_SIEGE_01A	40003	299	1	0	2032	1	0	2033
155000511	STR_L_AS_ITEM_ABYSS_LIGHT_SIEGE01	40003	299	1	0	1508	1	0	1509
155000512	STR_L_AS_WS_PART_DRA_301A	40003	400	1	0	1510	1	0	1511
155000513	STR_L_AS_WS_PART_DRA_302A	40003	400	1	0	1512	1	0	1513
155000514	STR_L_AS_WS_PART_DRA_303A	40003	400	1	0	1514	1	0	1515
155000515	STR_L_AS_CH_SHOES_D_R2_P_30A	40003	410	1	0	2034	1	0	2035
155000516	STR_L_AS_CH_GLOVE_D_R2_P_30A	40003	410	1	0	2036	1	0	2035
155000517	STR_L_AS_CH_SHOUL_D_R2_P_30A	40003	410	1	0	2037	1	0	2035
155000518	STR_L_AS_CH_PANTS_D_R2_P_30A	40003	410	1	0	2038	1	0	2039
155000519	STR_L_AS_CH_TORSO_D_R2_P_30A	40003	410	1	0	2040	1	0	2041
155000520	STR_L_AS_CH_HEAD_D_R2_P_30A	40003	410	1	0	2042	1	0	2043
155000521	STR_L_AS_PL_SHOES_D_R2_P_30A	40003	410	1	0	2044	1	0	2045
155000522	STR_L_AS_PL_GLOVE_D_R2_P_30A	40003	410	1	0	2046	1	0	2045
155000523	STR_L_AS_PL_SHOUL_D_R2_P_30A	40003	410	1	0	2047	1	0	2045
155000524	STR_L_AS_PL_PANTS_D_R2_P_30A	40003	410	1	0	2048	1	0	2049
155000525	STR_L_AS_PL_TORSO_D_R2_P_30A	40003	410	1	0	2050	1	0	2051
155000526	STR_L_AS_PL_HEAD_D_R2_P_30A	40003	410	1	0	2052	1	0	2053
155000527	STR_L_AS_SHIELD_D_R2_P_30A	40003	410	1	0	2054	1	0	2055
155000528	STR_L_AS_WS_PART_DRA_401A	40003	420	1	0	1522	1	0	1523
155000529	STR_L_AS_WS_PART_DRA_402A	40003	420	1	0	1524	1	0	1525
155000530	STR_L_AS_WS_PART_DRA_403A	40003	420	1	0	1526	1	0	1527
155000531	STR_L_AS_CH_SHOES_D_R2_P_40A	40003	430	1	0	2056	1	0	2057
155000532	STR_L_AS_CH_GLOVE_D_R2_P_40A	40003	430	1	0	2058	1	0	2057
155000533	STR_L_AS_CH_SHOUL_D_R2_P_40A	40003	430	1	0	2059	1	0	2057
155000534	STR_L_AS_CH_PANTS_D_R2_P_40A	40003	430	1	0	2060	1	0	2061
155000535	STR_L_AS_CH_TORSO_D_R2_P_40A	40003	430	1	0	2062	1	0	2063
155000536	STR_L_AS_CH_HEAD_D_R2_P_40A	40003	430	1	0	2064	1	0	2065
155000537	STR_L_AS_PL_SHOES_D_R2_P_40A	40003	430	1	0	2066	1	0	2067
155000538	STR_L_AS_PL_GLOVE_D_R2_P_40A	40003	430	1	0	2068	1	0	2067
155000539	STR_L_AS_PL_SHOUL_D_R2_P_40A	40003	430	1	0	2069	1	0	2067
155000540	STR_L_AS_PL_PANTS_D_R2_P_40A	40003	430	1	0	2070	1	0	2071
155000541	STR_L_AS_PL_TORSO_D_R2_P_40A	40003	430	1	0	2072	1	0	2073
155000542	STR_L_AS_PL_HEAD_D_R2_P_40A	40003	430	1	0	2074	1	0	2075
155000543	STR_L_AS_SHIELD_D_R2_P_40A	40003	430	1	0	2076	1	0	2077
155000544	STR_L_AS_CH_SHOES_D_L2_P_40A	40003	430	1	0	2078	1	0	2079
155000545	STR_L_AS_CH_GLOVE_D_L2_P_40A	40003	430	1	0	2080	1	0	2079
155000546	STR_L_AS_CH_SHOUL_D_L2_P_40A	40003	430	1	0	2081	1	0	2079
155000547	STR_L_AS_CH_PANTS_D_L2_P_40A	40003	430	1	0	2082	1	0	2083
155000548	STR_L_AS_CH_TORSO_D_L2_P_40A	40003	430	1	0	2084	1	0	2085
155000549	STR_L_AS_CH_HEAD_D_L2_P_40A	40003	430	1	0	2086	1	0	2087
155000550	STR_L_AS_PL_SHOES_D_L2_P_40A	40003	430	1	0	2088	1	0	2089
155000551	STR_L_AS_PL_GLOVE_D_L2_P_40A	40003	430	1	0	2090	1	0	2089
155000552	STR_L_AS_PL_SHOUL_D_L2_P_40A	40003	430	1	0	2091	1	0	2089
155000553	STR_L_AS_PL_PANTS_D_L2_P_40A	40003	430	1	0	2092	1	0	2093
155000554	STR_L_AS_PL_TORSO_D_L2_P_40A	40003	430	1	0	2094	1	0	2095
155000555	STR_L_AS_PL_HEAD_D_L2_P_40A	40003	430	1	0	2096	1	0	2097
155000556	STR_L_AS_SHIELD_D_L2_P_40A	40003	430	1	0	2098	1	0	2099
155000557	STR_L_AS_WS_PART_DRA_501A	40003	440	1	0	1544	1	0	1545
155000558	STR_L_AS_WS_PART_DRA_502A	40003	440	1	0	1546	1	0	1547
155000559	STR_L_AS_WS_PART_DRA_503A	40003	440	1	0	1548	1	0	1549
155000560	STR_L_AS_CH_SHOES_D_R2_P_50A	40003	449	1	0	2100	1	0	2101
155000561	STR_L_AS_CH_GLOVE_D_R2_P_50A	40003	449	1	0	2102	1	0	2101
155000562	STR_L_AS_CH_SHOUL_D_R2_P_50A	40003	449	1	0	2103	1	0	2101
155000563	STR_L_AS_CH_PANTS_D_R2_P_50A	40003	449	1	0	2104	1	0	2105
155000564	STR_L_AS_CH_TORSO_D_R2_P_50A	40003	449	1	0	2106	1	0	2107
155000565	STR_L_AS_CH_HEAD_D_R2_P_50A	40003	449	1	0	2108	1	0	2109
155000566	STR_L_AS_PL_SHOES_D_R2_P_50A	40003	449	1	0	2110	1	0	2111
155000567	STR_L_AS_PL_GLOVE_D_R2_P_50A	40003	449	1	0	2112	1	0	2111
155000568	STR_L_AS_PL_SHOUL_D_R2_P_50A	40003	449	1	0	2113	1	0	2111
155000569	STR_L_AS_PL_PANTS_D_R2_P_50A	40003	449	1	0	2114	1	0	2115
155000570	STR_L_AS_PL_TORSO_D_R2_P_50A	40003	449	1	0	2116	1	0	2117
155000571	STR_L_AS_PL_HEAD_D_R2_P_50A	40003	449	1	0	2118	1	0	2119
155000572	STR_L_AS_SHIELD_D_R2_P_50A	40003	449	1	0	2120	1	0	2121
155000573	STR_L_AS_CH_SHOES_D_L2_P_50A	40003	449	1	0	2122	1	0	2123
155000574	STR_L_AS_CH_GLOVE_D_L2_P_50A	40003	449	1	0	2124	1	0	2123
155000575	STR_L_AS_CH_SHOUL_D_L2_P_50A	40003	449	1	0	2125	1	0	2123
155000576	STR_L_AS_CH_PANTS_D_L2_P_50A	40003	449	1	0	2126	1	0	2127
155000577	STR_L_AS_CH_TORSO_D_L2_P_50A	40003	449	1	0	2128	1	0	2129
155000578	STR_L_AS_CH_HEAD_D_L2_P_50A	40003	449	1	0	2130	1	0	2131
155000579	STR_L_AS_PL_SHOES_D_L2_P_50A	40003	449	1	0	2132	1	0	2133
155000580	STR_L_AS_PL_GLOVE_D_L2_P_50A	40003	449	1	0	2134	1	0	2133
155000581	STR_L_AS_PL_SHOUL_D_L2_P_50A	40003	449	1	0	2135	1	0	2133
155000582	STR_L_AS_PL_PANTS_D_L2_P_50A	40003	449	1	0	2136	1	0	2137
155000583	STR_L_AS_PL_TORSO_D_L2_P_50A	40003	449	1	0	2138	1	0	2139
155000584	STR_L_AS_PL_HEAD_D_L2_P_50A	40003	449	1	0	2140	1	0	2141
155000585	STR_L_AS_SHIELD_D_L2_P_50A	40003	449	1	0	2142	1	0	2143
155000586	STR_L_TA_TA_PART_LEA1_01A	40004	1	1	0	2144	1	0	2145
155000587	STR_L_TA_TA_PART_LEA1_02A	40004	5	1	0	2146	1	0	2147
155000588	STR_L_TA_TA_PART_LEA1_03A	40004	10	1	0	2148	1	0	2149
155000589	STR_L_TA_LT_SHOES_N_C2_P_13A	40004	10	1	0	2150	1	0	2151
155000590	STR_L_TA_LT_GLOVE_N_C2_P_13A	40004	20	1	0	2152	1	0	2151
155000591	STR_L_TA_LT_PANTS_N_C2_P_13A	40004	40	1	0	2153	1	0	2154
155000592	STR_L_TA_LT_TORSO_N_C2_P_13A	40004	50	1	0	2155	1	0	2156
155000593	STR_L_TA_BELT_N_C2_P_13A	40004	30	1	0	2157	1	0	2158
155000594	STR_L_TA_LT_HEAD_N_C2_P_13A	40004	40	1	0	2159	1	0	2160
155000595	STR_L_TA_LT_SHOES_N_C2_P_18A	40004	60	1	0	2161	1	0	2162
155000596	STR_L_TA_LT_GLOVE_N_C2_P_18A	40004	70	1	0	2163	1	0	2162
155000597	STR_L_TA_LT_SHOUL_N_C2_P_18A	40004	80	1	0	2164	1	0	2162
155000598	STR_L_TA_LT_PANTS_N_C2_P_18A	40004	90	1	0	2165	1	0	2166
155000599	STR_L_TA_LT_TORSO_N_C2_P_18A	40004	99	1	0	2167	1	0	2168
155000600	STR_L_TA_BELT_N_C2_P_18A	40004	80	1	0	2169	1	0	2170
155000601	STR_L_TA_LT_HEAD_N_C2_P_18A	40004	90	1	0	2171	1	0	2172
155000602	STR_L_TA_TA_PART_LEA2_01A	40004	100	1	0	2173	1	0	2174
155000603	STR_L_TA_TA_PART_LEA2_02A	40004	105	1	0	2175	1	0	2176
155000604	STR_L_TA_TA_PART_LEA2_03A	40004	110	1	0	2177	1	0	2178
155000605	STR_L_TA_LT_SHOES_N_C2_P_23A	40004	110	1	0	2179	1	0	2180
155000606	STR_L_TA_LT_GLOVE_N_C2_P_23A	40004	120	1	0	2181	1	0	2180
155000607	STR_L_TA_LT_SHOUL_N_C2_P_23A	40004	130	1	0	2182	1	0	2180
155000608	STR_L_TA_LT_PANTS_N_C2_P_23A	40004	140	1	0	2183	1	0	2184
155000609	STR_L_TA_LT_TORSO_N_C2_P_23A	40004	150	1	0	2185	1	0	2186
155000610	STR_L_TA_BELT_N_C2_P_23A	40004	130	1	0	2187	1	0	2188
155000611	STR_L_TA_LT_HEAD_N_C2_P_23A	40004	140	1	0	2189	1	0	2190
155000612	STR_L_TA_LT_SHOES_N_R2_P_23A	40004	110	1	0	2191	1	0	2192
155000613	STR_L_TA_LT_GLOVE_N_R2_P_23A	40004	120	1	0	2193	1	0	2192
155000614	STR_L_TA_LT_SHOUL_N_R2_P_23A	40004	130	1	0	2194	1	0	2192
155000615	STR_L_TA_LT_PANTS_N_R2_P_23A	40004	140	1	0	2195	1	0	2196
155000616	STR_L_TA_LT_TORSO_N_R2_P_23A	40004	150	1	0	2197	1	0	2198
155000617	STR_L_TA_BELT_N_R2_P_23A	40004	130	1	0	2199	1	0	2200
155000618	STR_L_TA_LT_HEAD_N_R2_P_23A	40004	140	1	0	2201	1	0	2202
155000619	STR_L_TA_LT_SHOES_N_C2_P_28A	40004	160	1	0	2203	1	0	2204
155000620	STR_L_TA_LT_GLOVE_N_C2_P_28A	40004	170	1	0	2205	1	0	2204
155000621	STR_L_TA_LT_SHOUL_N_C2_P_28A	40004	180	1	0	2206	1	0	2204
155000622	STR_L_TA_LT_PANTS_N_C2_P_28A	40004	190	1	0	2207	1	0	2208
155000623	STR_L_TA_LT_TORSO_N_C2_P_28A	40004	199	1	0	2209	1	0	2210
155000624	STR_L_TA_BELT_N_C2_P_28A	40004	180	1	0	2211	1	0	2212
155000625	STR_L_TA_LT_HEAD_N_C2_P_28A	40004	190	1	0	2213	1	0	2214
155000626	STR_L_TA_LT_SHOES_N_R2_P_28A	40004	160	1	0	2215	1	0	2216
155000627	STR_L_TA_LT_GLOVE_N_R2_P_28A	40004	170	1	0	2217	1	0	2216
155000628	STR_L_TA_LT_SHOUL_N_R2_P_28A	40004	180	1	0	2218	1	0	2216
155000629	STR_L_TA_LT_PANTS_N_R2_P_28A	40004	190	1	0	2219	1	0	2220
155000630	STR_L_TA_LT_TORSO_N_R2_P_28A	40004	199	1	0	2221	1	0	2222
155000631	STR_L_TA_BELT_N_R2_P_28A	40004	180	1	0	2223	1	0	2224
155000632	STR_L_TA_LT_HEAD_N_R2_P_28A	40004	190	1	0	2225	1	0	2226
155000633	STR_L_TA_LT_GLOVE_N_R1_S_23A	40004	125	1	0	2227	1	0	2228
155000634	STR_L_TA_LT_TORSO_N_R1_S_23A	40004	125	1	0	2229	1	0	2230
155000635	STR_L_TA_BELT_N_R1_S_30A	40004	195	1	0	2231	1	0	2232
155000636	STR_L_TA_LT_HEAD_N_R1_S_30A	40004	195	1	0	2233	1	0	2234
155000637	STR_L_TA_TA_PART_LEA3_01A	40004	200	1	0	2235	1	0	2236
155000638	STR_L_TA_TA_PART_LEA3_02A	40004	205	1	0	2237	1	0	2238
155000639	STR_L_TA_TA_PART_LEA3_03A	40004	210	1	0	2239	1	0	2240
155000640	STR_L_TA_LT_SHOES_N_C2_P_33A	40004	210	1	0	2241	1	0	2242
155000641	STR_L_TA_LT_GLOVE_N_C2_P_33A	40004	220	1	0	2243	1	0	2242
155000642	STR_L_TA_LT_SHOUL_N_C2_P_33A	40004	230	1	0	2244	1	0	2242
155000643	STR_L_TA_LT_PANTS_N_C2_P_33A	40004	240	1	0	2245	1	0	2246
155000644	STR_L_TA_LT_TORSO_N_C2_P_33A	40004	250	1	0	2247	1	0	2248
155000645	STR_L_TA_BELT_N_C2_P_33A	40004	230	1	0	2249	1	0	2250
155000646	STR_L_TA_LT_HEAD_N_C2_P_33A	40004	240	1	0	2251	1	0	2252
155000647	STR_L_TA_LT_SHOES_N_R2_P_33A	40004	210	1	0	2253	1	0	2254
155000648	STR_L_TA_LT_GLOVE_N_R2_P_33A	40004	220	1	0	2255	1	0	2254
155000649	STR_L_TA_LT_SHOUL_N_R2_P_33A	40004	230	1	0	2256	1	0	2254
155000650	STR_L_TA_LT_PANTS_N_R2_P_33A	40004	240	1	0	2257	1	0	2258
155000651	STR_L_TA_LT_TORSO_N_R2_P_33A	40004	250	1	0	2259	1	0	2260
155000652	STR_L_TA_BELT_N_R2_P_33A	40004	230	1	0	2261	1	0	2262
155000653	STR_L_TA_LT_HEAD_N_R2_P_33A	40004	240	1	0	2263	1	0	2264
155000654	STR_L_TA_LT_SHOES_N_L2_P_33A	40004	400	1	0	2265	1	0	2266
155000655	STR_L_TA_LT_GLOVE_N_L2_P_33A	40004	400	1	0	2267	1	0	2266
155000656	STR_L_TA_LT_SHOUL_N_L2_P_33A	40004	400	1	0	2268	1	0	2266
155000657	STR_L_TA_LT_PANTS_N_L2_P_33A	40004	400	1	0	2269	1	0	2270
155000658	STR_L_TA_LT_TORSO_N_L2_P_33A	40004	400	1	0	2271	1	0	2272
155000659	STR_L_TA_BELT_N_L2_P_33A	40004	400	1	0	2273	1	0	2274
155000660	STR_L_TA_LT_HEAD_N_L2_P_33A	40004	400	1	0	2275	1	0	2276
155000661	STR_L_TA_LT_SHOES_N_C2_P_38A	40004	260	1	0	2277	1	0	2278
155000662	STR_L_TA_LT_GLOVE_N_C2_P_38A	40004	270	1	0	2279	1	0	2278
155000663	STR_L_TA_LT_SHOUL_N_C2_P_38A	40004	280	1	0	2280	1	0	2278
155000664	STR_L_TA_LT_PANTS_N_C2_P_38A	40004	290	1	0	2281	1	0	2282
155000665	STR_L_TA_LT_TORSO_N_C2_P_38A	40004	299	1	0	2283	1	0	2284
155000666	STR_L_TA_BELT_N_C2_P_38A	40004	280	1	0	2285	1	0	2286
155000667	STR_L_TA_LT_HEAD_N_C2_P_38A	40004	290	1	0	2287	1	0	2288
155000668	STR_L_TA_LT_SHOES_N_R2_P_38A	40004	260	1	0	2289	1	0	2290
155000669	STR_L_TA_LT_GLOVE_N_R2_P_38A	40004	270	1	0	2291	1	0	2290
155000670	STR_L_TA_LT_SHOUL_N_R2_P_38A	40004	280	1	0	2292	1	0	2290
155000671	STR_L_TA_LT_PANTS_N_R2_P_38A	40004	290	1	0	2293	1	0	2294
155000672	STR_L_TA_LT_TORSO_N_R2_P_38A	40004	299	1	0	2295	1	0	2296
155000673	STR_L_TA_BELT_N_R2_P_38A	40004	280	1	0	2297	1	0	2298
155000674	STR_L_TA_LT_HEAD_N_R2_P_38A	40004	290	1	0	2299	1	0	2300
155000675	STR_L_TA_LT_SHOES_N_L2_P_38A	40004	410	1	0	2301	1	0	2302
155000676	STR_L_TA_LT_GLOVE_N_L2_P_38A	40004	410	1	0	2303	1	0	2302
155000677	STR_L_TA_LT_SHOUL_N_L2_P_38A	40004	410	1	0	2304	1	0	2302
155000678	STR_L_TA_LT_PANTS_N_L2_P_38A	40004	410	1	0	2305	1	0	2306
155000679	STR_L_TA_LT_TORSO_N_L2_P_38A	40004	410	1	0	2307	1	0	2308
155000680	STR_L_TA_BELT_N_L2_P_38A	40004	410	1	0	2309	1	0	2310
155000681	STR_L_TA_LT_HEAD_N_L2_P_38A	40004	410	1	0	2311	1	0	2312
155000682	STR_L_TA_LT_SHOUL_N_R1_S_36A	40004	255	1	0	2313	1	0	2314
155000683	STR_L_TA_LT_TORSO_N_R1_S_36A	40004	255	1	0	2315	1	0	2316
155000684	STR_L_TA_LT_SHOES_N_R1_S_40A	40004	285	1	0	2317	1	0	2318
155000685	STR_L_TA_LT_PANTS_N_R1_S_40A	40004	285	1	0	2319	1	0	2320
155000686	STR_L_TA_LT_PANTS_N_L1_S_40A	40004	295	1	0	2321	1	0	2322
155000687	STR_L_TA_TA_PART_LEA4_01A	40004	300	1	0	2323	1	0	2324
155000688	STR_L_TA_TA_PART_LEA4_02A	40004	305	1	0	2325	1	0	2326
155000689	STR_L_TA_TA_PART_LEA4_03A	40004	310	1	0	2327	1	0	2328
155000690	STR_L_TA_LT_SHOES_N_C2_P_43A	40004	310	1	0	2329	1	0	2330
155000691	STR_L_TA_LT_GLOVE_N_C2_P_43A	40004	320	1	0	2331	1	0	2330
155000692	STR_L_TA_LT_SHOUL_N_C2_P_43A	40004	330	1	0	2332	1	0	2330
155000693	STR_L_TA_LT_PANTS_N_C2_P_43A	40004	340	1	0	2333	1	0	2334
155000694	STR_L_TA_LT_TORSO_N_C2_P_43A	40004	350	1	0	2335	1	0	2336
155000695	STR_L_TA_BELT_N_C2_P_43A	40004	330	1	0	2337	1	0	2338
155000696	STR_L_TA_LT_HEAD_N_C2_P_43A	40004	340	1	0	2339	1	0	2340
155000697	STR_L_TA_LT_SHOES_N_R2_P_43A	40004	310	1	0	2341	1	0	2342
155000698	STR_L_TA_LT_GLOVE_N_R2_P_43A	40004	320	1	0	2343	1	0	2342
155000699	STR_L_TA_LT_SHOUL_N_R2_P_43A	40004	330	1	0	2344	1	0	2342
155000700	STR_L_TA_LT_PANTS_N_R2_P_43A	40004	340	1	0	2345	1	0	2346
155000701	STR_L_TA_LT_TORSO_N_R2_P_43A	40004	350	1	0	2347	1	0	2348
155000702	STR_L_TA_BELT_N_R2_P_43A	40004	330	1	0	2349	1	0	2350
155000703	STR_L_TA_LT_HEAD_N_R2_P_43A	40004	340	1	0	2351	1	0	2352
155000704	STR_L_TA_LT_SHOES_N_L2_P_43A	40004	420	1	0	2353	1	0	2354
155000705	STR_L_TA_LT_GLOVE_N_L2_P_43A	40004	420	1	0	2355	1	0	2354
155000706	STR_L_TA_LT_SHOUL_N_L2_P_43A	40004	420	1	0	2356	1	0	2354
155000707	STR_L_TA_LT_PANTS_N_L2_P_43A	40004	420	1	0	2357	1	0	2358
155000708	STR_L_TA_LT_TORSO_N_L2_P_43A	40004	420	1	0	2359	1	0	2360
155000709	STR_L_TA_BELT_N_L2_P_43A	40004	420	1	0	2361	1	0	2362
155000710	STR_L_TA_LT_HEAD_N_L2_P_43A	40004	420	1	0	2363	1	0	2364
155000711	STR_L_TA_LT_SHOES_N_C2_P_48A	40004	360	1	0	2365	1	0	2366
155000712	STR_L_TA_LT_GLOVE_N_C2_P_48A	40004	370	1	0	2367	1	0	2366
155000713	STR_L_TA_LT_SHOUL_N_C2_P_48A	40004	380	1	0	2368	1	0	2366
155000714	STR_L_TA_LT_PANTS_N_C2_P_48A	40004	390	1	0	2369	1	0	2370
155000715	STR_L_TA_LT_TORSO_N_C2_P_48A	40004	399	1	0	2371	1	0	2372
155000716	STR_L_TA_BELT_N_C2_P_48A	40004	380	1	0	2373	1	0	2374
155000717	STR_L_TA_LT_HEAD_N_C2_P_48A	40004	390	1	0	2375	1	0	2376
155000718	STR_L_TA_LT_SHOES_N_R2_P_48A	40004	360	1	0	2377	1	0	2378
155000719	STR_L_TA_LT_GLOVE_N_R2_P_48A	40004	370	1	0	2379	1	0	2378
155000720	STR_L_TA_LT_SHOUL_N_R2_P_48A	40004	380	1	0	2380	1	0	2378
155000721	STR_L_TA_LT_PANTS_N_R2_P_48A	40004	390	1	0	2381	1	0	2382
155000722	STR_L_TA_LT_TORSO_N_R2_P_48A	40004	399	1	0	2383	1	0	2384
155000723	STR_L_TA_BELT_N_R2_P_48A	40004	380	1	0	2385	1	0	2386
155000724	STR_L_TA_LT_HEAD_N_R2_P_48A	40004	390	1	0	2387	1	0	2388
155000725	STR_L_TA_LT_SHOES_N_L2_P_48A	40004	430	1	0	2389	1	0	2390
155000726	STR_L_TA_LT_GLOVE_N_L2_P_48A	40004	430	1	0	2391	1	0	2390
155000727	STR_L_TA_LT_SHOUL_N_L2_P_48A	40004	430	1	0	2392	1	0	2390
155000728	STR_L_TA_LT_PANTS_N_L2_P_48A	40004	430	1	0	2393	1	0	2394
155000729	STR_L_TA_LT_TORSO_N_L2_P_48A	40004	430	1	0	2395	1	0	2396
155000730	STR_L_TA_BELT_N_L2_P_48A	40004	430	1	0	2397	1	0	2398
155000731	STR_L_TA_LT_HEAD_N_L2_P_48A	40004	430	1	0	2399	1	0	2400
155000732	STR_L_TA_LT_GLOVE_N_R1_S_42A	40004	315	1	0	2401	1	0	2402
155000733	STR_L_TA_BELT_N_R1_S_42A	40004	315	1	0	2403	1	0	2404
155000734	STR_L_TA_LT_TORSO_N_R1_S_45A	40004	345	1	0	2405	1	0	2406
155000735	STR_L_TA_LT_HEAD_N_R1_S_45A	40004	345	1	0	2407	1	0	2408
155000736	STR_L_TA_LT_HEAD_N_L1_S_45A	40004	355	1	0	2409	1	0	2410
155000737	STR_L_TA_LT_TORSO_N_L1_S_47A	40004	365	1	0	2411	1	0	2412
155000738	STR_L_TA_TA_PART_DRA_LT_301A	40004	400	1	0	2413	1	0	1515
155000739	STR_L_TA_TA_PART_DRA_LT_302A	40004	400	1	0	2414	1	0	2415
155000740	STR_L_TA_LT_SHOES_D_R2_P_30A	40004	410	1	0	2416	1	0	2417
155000741	STR_L_TA_LT_GLOVE_D_R2_P_30A	40004	410	1	0	2418	1	0	2417
155000742	STR_L_TA_LT_SHOUL_D_R2_P_30A	40004	410	1	0	2419	1	0	2417
155000743	STR_L_TA_LT_PANTS_D_R2_P_30A	40004	410	1	0	2420	1	0	2421
155000744	STR_L_TA_LT_TORSO_D_R2_P_30A	40004	410	1	0	2422	1	0	2423
155000745	STR_L_TA_BELT_D_R2_P_30A	40004	410	1	0	2424	1	0	2425
155000746	STR_L_TA_LT_HEAD_D_R2_P_30A	40004	410	1	0	2426	1	0	2427
155000747	STR_L_TA_TA_PART_DRA_LT_401A	40004	420	1	0	2428	1	0	1527
155000748	STR_L_TA_TA_PART_DRA_LT_402A	40004	420	1	0	2429	1	0	2430
155000749	STR_L_TA_LT_SHOES_D_R2_P_40A	40004	430	1	0	2431	1	0	2432
155000750	STR_L_TA_LT_GLOVE_D_R2_P_40A	40004	430	1	0	2433	1	0	2432
155000751	STR_L_TA_LT_SHOUL_D_R2_P_40A	40004	430	1	0	2434	1	0	2432
155000752	STR_L_TA_LT_PANTS_D_R2_P_40A	40004	430	1	0	2435	1	0	2436
155000753	STR_L_TA_LT_TORSO_D_R2_P_40A	40004	430	1	0	2437	1	0	2438
155000754	STR_L_TA_BELT_D_R2_P_40A	40004	430	1	0	2439	1	0	2440
155000755	STR_L_TA_LT_HEAD_D_R2_P_40A	40004	430	1	0	2441	1	0	2442
155000756	STR_L_TA_LT_SHOES_D_L2_P_40A	40004	430	1	0	2443	1	0	2444
155000757	STR_L_TA_LT_GLOVE_D_L2_P_40A	40004	430	1	0	2445	1	0	2444
155000758	STR_L_TA_LT_SHOUL_D_L2_P_40A	40004	430	1	0	2446	1	0	2444
155000759	STR_L_TA_LT_PANTS_D_L2_P_40A	40004	430	1	0	2447	1	0	2448
155000760	STR_L_TA_LT_TORSO_D_L2_P_40A	40004	430	1	0	2449	1	0	2450
155000761	STR_L_TA_BELT_D_L2_P_40A	40004	430	1	0	2451	1	0	2452
155000762	STR_L_TA_LT_HEAD_D_L2_P_40A	40004	430	1	0	2453	1	0	2454
155000763	STR_L_TA_TA_PART_DRA_LT_501A	40004	440	1	0	2455	1	0	1549
155000764	STR_L_TA_TA_PART_DRA_LT_502A	40004	440	1	0	2456	1	0	2457
155000765	STR_L_TA_LT_SHOES_D_R2_P_50A	40004	449	1	0	2458	1	0	2459
155000766	STR_L_TA_LT_GLOVE_D_R2_P_50A	40004	449	1	0	2460	1	0	2459
155000767	STR_L_TA_LT_SHOUL_D_R2_P_50A	40004	449	1	0	2461	1	0	2459
155000768	STR_L_TA_LT_PANTS_D_R2_P_50A	40004	449	1	0	2462	1	0	2463
155000769	STR_L_TA_LT_TORSO_D_R2_P_50A	40004	449	1	0	2464	1	0	2465
155000770	STR_L_TA_BELT_D_R2_P_50A	40004	449	1	0	2466	1	0	2467
155000771	STR_L_TA_LT_HEAD_D_R2_P_50A	40004	449	1	0	2468	1	0	2469
155000772	STR_L_TA_LT_SHOES_D_L2_P_50A	40004	449	1	0	2470	1	0	2471
155000773	STR_L_TA_LT_GLOVE_D_L2_P_50A	40004	449	1	0	2472	1	0	2471
155000774	STR_L_TA_LT_SHOUL_D_L2_P_50A	40004	449	1	0	2473	1	0	2471
155000775	STR_L_TA_LT_PANTS_D_L2_P_50A	40004	449	1	0	2474	1	0	2475
155000776	STR_L_TA_LT_TORSO_D_L2_P_50A	40004	449	1	0	2476	1	0	2477
155000777	STR_L_TA_BELT_D_L2_P_50A	40004	449	1	0	2478	1	0	2479
155000778	STR_L_TA_LT_HEAD_D_L2_P_50A	40004	449	1	0	2480	1	0	2481
155000779	STR_L_TA_TA_PART_CLOTH1_01A	40004	1	1	0	2482	1	0	2483
155000780	STR_L_TA_TA_PART_CLOTH1_02A	40004	5	1	0	2484	1	0	2485
155000781	STR_L_TA_TA_PART_CLOTH1_03A	40004	10	1	0	2486	1	0	2487
155000782	STR_L_TA_RB_SHOES_N_C2_P_13A	40004	10	1	0	2488	1	0	2489
155000783	STR_L_TA_RB_GLOVE_N_C2_P_13A	40004	20	1	0	2490	1	0	2489
155000784	STR_L_TA_RB_PANTS_N_C2_P_13A	40004	40	1	0	2491	1	0	2492
155000785	STR_L_TA_RB_TORSO_N_C2_P_13A	40004	50	1	0	2493	1	0	2494
155000786	STR_L_TA_BELT_N_C2_P_13B	40004	30	1	0	2495	1	0	2496
155000787	STR_L_TA_RB_HEAD_N_C2_P_13A	40004	40	1	0	2497	1	0	2498
155000788	STR_L_TA_RB_SHOES_N_C2_P_18A	40004	60	1	0	2499	1	0	2500
155000789	STR_L_TA_RB_GLOVE_N_C2_P_18A	40004	70	1	0	2501	1	0	2500
155000790	STR_L_TA_RB_SHOUL_N_C2_P_18A	40004	80	1	0	2502	1	0	2500
155000791	STR_L_TA_RB_PANTS_N_C2_P_18A	40004	90	1	0	2503	1	0	2504
155000792	STR_L_TA_RB_TORSO_N_C2_P_18A	40004	99	1	0	2505	1	0	2506
155000793	STR_L_TA_BELT_N_C2_P_18B	40004	80	1	0	2507	1	0	2508
155000794	STR_L_TA_RB_HEAD_N_C2_P_18A	40004	90	1	0	2509	1	0	2510
155000795	STR_L_TA_TA_PART_CLOTH2_01A	40004	100	1	0	2511	1	0	2512
155000796	STR_L_TA_TA_PART_CLOTH2_02A	40004	105	1	0	2513	1	0	2514
155000797	STR_L_TA_TA_PART_CLOTH2_03A	40004	110	1	0	2515	1	0	2516
155000798	STR_L_TA_RB_SHOES_N_C2_P_23A	40004	110	1	0	2517	1	0	2518
155000799	STR_L_TA_RB_GLOVE_N_C2_P_23A	40004	120	1	0	2519	1	0	2518
155000800	STR_L_TA_RB_SHOUL_N_C2_P_23A	40004	130	1	0	2520	1	0	2518
155000801	STR_L_TA_RB_PANTS_N_C2_P_23A	40004	140	1	0	2521	1	0	2522
155000802	STR_L_TA_RB_TORSO_N_C2_P_23A	40004	150	1	0	2523	1	0	2524
155000803	STR_L_TA_BELT_N_C2_P_23B	40004	130	1	0	2525	1	0	2526
155000804	STR_L_TA_RB_HEAD_N_C2_P_23A	40004	140	1	0	2527	1	0	2528
155000805	STR_L_TA_RB_SHOES_N_R2_P_23A	40004	110	1	0	2529	1	0	2530
155000806	STR_L_TA_RB_GLOVE_N_R2_P_23A	40004	120	1	0	2531	1	0	2530
155000807	STR_L_TA_RB_SHOUL_N_R2_P_23A	40004	130	1	0	2532	1	0	2530
155000808	STR_L_TA_RB_PANTS_N_R2_P_23A	40004	140	1	0	2533	1	0	2534
155000809	STR_L_TA_RB_TORSO_N_R2_P_23A	40004	150	1	0	2535	1	0	2536
155000810	STR_L_TA_BELT_N_R2_P_23B	40004	130	1	0	2537	1	0	2538
155000811	STR_L_TA_RB_HEAD_N_R2_P_23A	40004	140	1	0	2539	1	0	2540
155000812	STR_L_TA_RB_SHOES_N_C2_P_28A	40004	160	1	0	2541	1	0	2542
155000813	STR_L_TA_RB_GLOVE_N_C2_P_28A	40004	170	1	0	2543	1	0	2542
155000814	STR_L_TA_RB_SHOUL_N_C2_P_28A	40004	180	1	0	2544	1	0	2542
155000815	STR_L_TA_RB_PANTS_N_C2_P_28A	40004	190	1	0	2545	1	0	2546
155000816	STR_L_TA_RB_TORSO_N_C2_P_28A	40004	199	1	0	2547	1	0	2548
155000817	STR_L_TA_BELT_N_C2_P_28B	40004	180	1	0	2549	1	0	2550
155000818	STR_L_TA_RB_HEAD_N_C2_P_28A	40004	190	1	0	2551	1	0	2552
155000819	STR_L_TA_RB_SHOES_N_R2_P_28A	40004	160	1	0	2553	1	0	2554
155000820	STR_L_TA_RB_GLOVE_N_R2_P_28A	40004	170	1	0	2555	1	0	2554
155000821	STR_L_TA_RB_SHOUL_N_R2_P_28A	40004	180	1	0	2556	1	0	2554
155000822	STR_L_TA_RB_PANTS_N_R2_P_28A	40004	190	1	0	2557	1	0	2558
155000823	STR_L_TA_RB_TORSO_N_R2_P_28A	40004	199	1	0	2559	1	0	2560
155000824	STR_L_TA_BELT_N_R2_P_28B	40004	180	1	0	2561	1	0	2562
155000825	STR_L_TA_RB_HEAD_N_R2_P_28A	40004	190	1	0	2563	1	0	2564
155000826	STR_L_TA_RB_SHOES_N_R1_S_22A	40004	115	1	0	2565	1	0	2566
155000827	STR_L_TA_RB_GLOVE_N_R1_S_22A	40004	115	1	0	2567	1	0	2566
155000828	STR_L_TA_BELT_N_R1_S_30B	40004	195	1	0	2568	1	0	2569
155000829	STR_L_TA_RB_HEAD_N_R1_S_30A	40004	195	1	0	2570	1	0	2571
155000830	STR_L_TA_TA_PART_CLOTH3_01A	40004	200	1	0	2572	1	0	2573
155000831	STR_L_TA_TA_PART_CLOTH3_02A	40004	205	1	0	2574	1	0	2575
155000832	STR_L_TA_TA_PART_CLOTH3_03A	40004	210	1	0	2576	1	0	2577
155000833	STR_L_TA_RB_SHOES_N_C2_P_33A	40004	210	1	0	2578	1	0	2579
155000834	STR_L_TA_RB_GLOVE_N_C2_P_33A	40004	220	1	0	2580	1	0	2579
155000835	STR_L_TA_RB_SHOUL_N_C2_P_33A	40004	230	1	0	2581	1	0	2579
155000836	STR_L_TA_RB_PANTS_N_C2_P_33A	40004	240	1	0	2582	1	0	2583
155000837	STR_L_TA_RB_TORSO_N_C2_P_33A	40004	250	1	0	2584	1	0	2585
155000838	STR_L_TA_BELT_N_C2_P_33B	40004	230	1	0	2586	1	0	2587
155000839	STR_L_TA_RB_HEAD_N_C2_P_33A	40004	240	1	0	2588	1	0	2589
155000840	STR_L_TA_RB_SHOES_N_R2_P_33A	40004	210	1	0	2590	1	0	2591
155000841	STR_L_TA_RB_GLOVE_N_R2_P_33A	40004	220	1	0	2592	1	0	2591
155000842	STR_L_TA_RB_SHOUL_N_R2_P_33A	40004	230	1	0	2593	1	0	2591
155000843	STR_L_TA_RB_PANTS_N_R2_P_33A	40004	240	1	0	2594	1	0	2595
155000844	STR_L_TA_RB_TORSO_N_R2_P_33A	40004	250	1	0	2596	1	0	2597
155000845	STR_L_TA_BELT_N_R2_P_33B	40004	230	1	0	2598	1	0	2599
155000846	STR_L_TA_RB_HEAD_N_R2_P_33A	40004	240	1	0	2600	1	0	2601
155000847	STR_L_TA_RB_SHOES_N_L2_P_33A	40004	400	1	0	2602	1	0	2603
155000848	STR_L_TA_RB_GLOVE_N_L2_P_33A	40004	400	1	0	2604	1	0	2603
155000849	STR_L_TA_RB_SHOUL_N_L2_P_33A	40004	400	1	0	2605	1	0	2603
155000850	STR_L_TA_RB_PANTS_N_L2_P_33A	40004	400	1	0	2606	1	0	2607
155000851	STR_L_TA_RB_TORSO_N_L2_P_33A	40004	400	1	0	2608	1	0	2609
155000852	STR_L_TA_BELT_N_L2_P_33B	40004	400	1	0	2610	1	0	2611
155000853	STR_L_TA_RB_HEAD_N_L2_P_33A	40004	400	1	0	2612	1	0	2613
155000854	STR_L_TA_RB_SHOES_N_C2_P_38A	40004	260	1	0	2614	1	0	2615
155000855	STR_L_TA_RB_GLOVE_N_C2_P_38A	40004	270	1	0	2616	1	0	2615
155000856	STR_L_TA_RB_SHOUL_N_C2_P_38A	40004	280	1	0	2617	1	0	2615
155000857	STR_L_TA_RB_PANTS_N_C2_P_38A	40004	290	1	0	2618	1	0	2619
155000858	STR_L_TA_RB_TORSO_N_C2_P_38A	40004	299	1	0	2620	1	0	2621
155000859	STR_L_TA_BELT_N_C2_P_38B	40004	280	1	0	2622	1	0	2623
155000860	STR_L_TA_RB_HEAD_N_C2_P_38A	40004	290	1	0	2624	1	0	2625
155000861	STR_L_TA_RB_SHOES_N_R2_P_38A	40004	260	1	0	2626	1	0	2627
155000862	STR_L_TA_RB_GLOVE_N_R2_P_38A	40004	270	1	0	2628	1	0	2627
155000863	STR_L_TA_RB_SHOUL_N_R2_P_38A	40004	280	1	0	2629	1	0	2627
155000864	STR_L_TA_RB_PANTS_N_R2_P_38A	40004	290	1	0	2630	1	0	2631
155000865	STR_L_TA_RB_TORSO_N_R2_P_38A	40004	299	1	0	2632	1	0	2633
155000866	STR_L_TA_BELT_N_R2_P_38B	40004	280	1	0	2634	1	0	2635
155000867	STR_L_TA_RB_HEAD_N_R2_P_38A	40004	290	1	0	2636	1	0	2637
155000868	STR_L_TA_RB_SHOES_N_L2_P_38A	40004	410	1	0	2638	1	0	2639
155000869	STR_L_TA_RB_GLOVE_N_L2_P_38A	40004	410	1	0	2640	1	0	2639
155000870	STR_L_TA_RB_SHOUL_N_L2_P_38A	40004	410	1	0	2641	1	0	2639
155000871	STR_L_TA_RB_PANTS_N_L2_P_38A	40004	410	1	0	2642	1	0	2643
155000872	STR_L_TA_RB_TORSO_N_L2_P_38A	40004	410	1	0	2644	1	0	2645
155000873	STR_L_TA_BELT_N_L2_P_38B	40004	410	1	0	2646	1	0	2647
155000874	STR_L_TA_RB_HEAD_N_L2_P_38A	40004	410	1	0	2648	1	0	2649
155000875	STR_L_TA_RB_SHOUL_N_R1_S_34A	40004	235	1	0	2650	1	0	2651
155000876	STR_L_TA_RB_TORSO_N_R1_S_34A	40004	235	1	0	2652	1	0	2653
155000877	STR_L_TA_RB_SHOES_N_R1_S_36A	40004	255	1	0	2654	1	0	2655
155000878	STR_L_TA_RB_PANTS_N_R1_S_36A	40004	255	1	0	2656	1	0	2657
155000879	STR_L_TA_RB_HEAD_N_L1_S_40A	40004	295	1	0	2658	1	0	2659
155000880	STR_L_TA_TA_PART_CLOTH4_01A	40004	300	1	0	2660	1	0	2661
155000881	STR_L_TA_TA_PART_CLOTH4_02A	40004	305	1	0	2662	1	0	2663
155000882	STR_L_TA_TA_PART_CLOTH4_03A	40004	310	1	0	2664	1	0	2665
155000883	STR_L_TA_RB_SHOES_N_C2_P_43A	40004	310	1	0	2666	1	0	2667
155000884	STR_L_TA_RB_GLOVE_N_C2_P_43A	40004	320	1	0	2668	1	0	2667
155000885	STR_L_TA_RB_SHOUL_N_C2_P_43A	40004	330	1	0	2669	1	0	2667
155000886	STR_L_TA_RB_PANTS_N_C2_P_43A	40004	340	1	0	2670	1	0	2671
155000887	STR_L_TA_RB_TORSO_N_C2_P_43A	40004	350	1	0	2672	1	0	2673
155000888	STR_L_TA_BELT_N_C2_P_43B	40004	330	1	0	2674	1	0	2675
155000889	STR_L_TA_RB_HEAD_N_C2_P_43A	40004	340	1	0	2676	1	0	2677
155000890	STR_L_TA_RB_SHOES_N_R2_P_43A	40004	310	1	0	2678	1	0	2679
155000891	STR_L_TA_RB_GLOVE_N_R2_P_43A	40004	320	1	0	2680	1	0	2679
155000892	STR_L_TA_RB_SHOUL_N_R2_P_43A	40004	330	1	0	2681	1	0	2679
155000893	STR_L_TA_RB_PANTS_N_R2_P_43A	40004	340	1	0	2682	1	0	2683
155000894	STR_L_TA_RB_TORSO_N_R2_P_43A	40004	350	1	0	2684	1	0	2685
155000895	STR_L_TA_BELT_N_R2_P_43B	40004	330	1	0	2686	1	0	2687
155000896	STR_L_TA_RB_HEAD_N_R2_P_43A	40004	340	1	0	2688	1	0	2689
155000897	STR_L_TA_RB_SHOES_N_L2_P_43A	40004	420	1	0	2690	1	0	2691
155000898	STR_L_TA_RB_GLOVE_N_L2_P_43A	40004	420	1	0	2692	1	0	2691
155000899	STR_L_TA_RB_SHOUL_N_L2_P_43A	40004	420	1	0	2693	1	0	2691
155000900	STR_L_TA_RB_PANTS_N_L2_P_43A	40004	420	1	0	2694	1	0	2695
155000901	STR_L_TA_RB_TORSO_N_L2_P_43A	40004	420	1	0	2696	1	0	2697
155000902	STR_L_TA_BELT_N_L2_P_43B	40004	420	1	0	2698	1	0	2699
155000903	STR_L_TA_RB_HEAD_N_L2_P_43A	40004	420	1	0	2700	1	0	2701
155000904	STR_L_TA_RB_SHOES_N_C2_P_48A	40004	360	1	0	2702	1	0	2703
155000905	STR_L_TA_RB_GLOVE_N_C2_P_48A	40004	370	1	0	2704	1	0	2703
155000906	STR_L_TA_RB_SHOUL_N_C2_P_48A	40004	380	1	0	2705	1	0	2703
155000907	STR_L_TA_RB_PANTS_N_C2_P_48A	40004	390	1	0	2706	1	0	2707
155000908	STR_L_TA_RB_TORSO_N_C2_P_48A	40004	399	1	0	2708	1	0	2709
155000909	STR_L_TA_BELT_N_C2_P_48B	40004	380	1	0	2710	1	0	2711
155000910	STR_L_TA_RB_HEAD_N_C2_P_48A	40004	390	1	0	2712	1	0	2713
155000911	STR_L_TA_RB_SHOES_N_R2_P_48A	40004	360	1	0	2714	1	0	2715
155000912	STR_L_TA_RB_GLOVE_N_R2_P_48A	40004	370	1	0	2716	1	0	2715
155000913	STR_L_TA_RB_SHOUL_N_R2_P_48A	40004	380	1	0	2717	1	0	2715
155000914	STR_L_TA_RB_PANTS_N_R2_P_48A	40004	390	1	0	2718	1	0	2719
155000915	STR_L_TA_RB_TORSO_N_R2_P_48A	40004	399	1	0	2720	1	0	2721
155000916	STR_L_TA_BELT_N_R2_P_48B	40004	380	1	0	2722	1	0	2723
155000917	STR_L_TA_RB_HEAD_N_R2_P_48A	40004	390	1	0	2724	1	0	2725
155000918	STR_L_TA_RB_SHOES_N_L2_P_48A	40004	430	1	0	2726	1	0	2727
155000919	STR_L_TA_RB_GLOVE_N_L2_P_48A	40004	430	1	0	2728	1	0	2727
155000920	STR_L_TA_RB_SHOUL_N_L2_P_48A	40004	430	1	0	2729	1	0	2727
155000921	STR_L_TA_RB_PANTS_N_L2_P_48A	40004	430	1	0	2730	1	0	2731
155000922	STR_L_TA_RB_TORSO_N_L2_P_48A	40004	430	1	0	2732	1	0	2733
155000923	STR_L_TA_BELT_N_L2_P_48B	40004	430	1	0	2734	1	0	2735
155000924	STR_L_TA_RB_HEAD_N_L2_P_48A	40004	430	1	0	2736	1	0	2737
155000925	STR_L_TA_RB_GLOVE_N_R1_S_41A	40004	315	1	0	2738	1	0	2739
155000926	STR_L_TA_BELT_N_R1_S_41B	40004	315	1	0	2740	1	0	2741
155000927	STR_L_TA_RB_SHOES_N_R1_S_44A	40004	345	1	0	2742	1	0	2743
155000928	STR_L_TA_RB_PANTS_N_R1_S_44A	40004	345	1	0	2744	1	0	2745
155000929	STR_L_TA_RB_TORSO_N_L1_S_45A	40004	355	1	0	2746	1	0	2747
155000930	STR_L_TA_LT_PART_SIEGE_01A	40004	299	1	0	2748	1	0	2749
155000931	STR_L_TA_ITEM_ABYSS_LIGHT_SIEGE01	40004	299	1	0	1508	1	0	1509
155000932	STR_L_TA_TA_PART_DRA_RB_301A	40004	400	1	0	2750	1	0	2751
155000933	STR_L_TA_RB_SHOES_D_R2_P_30A	40004	410	1	0	2752	1	0	2753
155000934	STR_L_TA_RB_GLOVE_D_R2_P_30A	40004	410	1	0	2754	1	0	2753
155000935	STR_L_TA_RB_SHOUL_D_R2_P_30A	40004	410	1	0	2755	1	0	2753
155000936	STR_L_TA_RB_PANTS_D_R2_P_30A	40004	410	1	0	2756	1	0	2757
155000937	STR_L_TA_RB_TORSO_D_R2_P_30A	40004	410	1	0	2758	1	0	2759
155000938	STR_L_TA_BELT_D_R2_P_30B	40004	410	1	0	2760	1	0	2761
155000939	STR_L_TA_RB_HEAD_D_R2_P_30A	40004	410	1	0	2762	1	0	2763
155000940	STR_L_TA_TA_PART_DRA_RB_401A	40004	420	1	0	2764	1	0	2765
155000941	STR_L_TA_RB_SHOES_D_R2_P_40A	40004	430	1	0	2766	1	0	2767
155000942	STR_L_TA_RB_GLOVE_D_R2_P_40A	40004	430	1	0	2768	1	0	2767
155000943	STR_L_TA_RB_SHOUL_D_R2_P_40A	40004	430	1	0	2769	1	0	2767
155000944	STR_L_TA_RB_PANTS_D_R2_P_40A	40004	430	1	0	2770	1	0	2771
155000945	STR_L_TA_RB_TORSO_D_R2_P_40A	40004	430	1	0	2772	1	0	2773
155000946	STR_L_TA_BELT_D_R2_P_40B	40004	430	1	0	2774	1	0	2775
155000947	STR_L_TA_RB_HEAD_D_R2_P_40A	40004	430	1	0	2776	1	0	2777
155000948	STR_L_TA_RB_SHOES_D_L2_P_40A	40004	430	1	0	2778	1	0	2779
155000949	STR_L_TA_RB_GLOVE_D_L2_P_40A	40004	430	1	0	2780	1	0	2779
155000950	STR_L_TA_RB_SHOUL_D_L2_P_40A	40004	430	1	0	2781	1	0	2779
155000951	STR_L_TA_RB_PANTS_D_L2_P_40A	40004	430	1	0	2782	1	0	2783
155000952	STR_L_TA_RB_TORSO_D_L2_P_40A	40004	430	1	0	2784	1	0	2785
155000953	STR_L_TA_BELT_D_L2_P_40B	40004	430	1	0	2786	1	0	2787
155000954	STR_L_TA_RB_HEAD_D_L2_P_40A	40004	430	1	0	2788	1	0	2789
155000955	STR_L_TA_TA_PART_DRA_RB_501A	40004	440	1	0	2790	1	0	2791
155000956	STR_L_TA_RB_SHOES_D_R2_P_50A	40004	449	1	0	2792	1	0	2793
155000957	STR_L_TA_RB_GLOVE_D_R2_P_50A	40004	449	1	0	2794	1	0	2793
155000958	STR_L_TA_RB_SHOUL_D_R2_P_50A	40004	449	1	0	2795	1	0	2793
155000959	STR_L_TA_RB_PANTS_D_R2_P_50A	40004	449	1	0	2796	1	0	2797
155000960	STR_L_TA_RB_TORSO_D_R2_P_50A	40004	449	1	0	2798	1	0	2799
155000961	STR_L_TA_BELT_D_R2_P_50B	40004	449	1	0	2800	1	0	2801
155000962	STR_L_TA_RB_HEAD_D_R2_P_50A	40004	449	1	0	2802	1	0	2803
155000963	STR_L_TA_RB_SHOES_D_L2_P_50A	40004	449	1	0	2804	1	0	2805
155000964	STR_L_TA_RB_GLOVE_D_L2_P_50A	40004	449	1	0	2806	1	0	2805
155000965	STR_L_TA_RB_SHOUL_D_L2_P_50A	40004	449	1	0	2807	1	0	2805
155000966	STR_L_TA_RB_PANTS_D_L2_P_50A	40004	449	1	0	2808	1	0	2809
155000967	STR_L_TA_RB_TORSO_D_L2_P_50A	40004	449	1	0	2810	1	0	2811
155000968	STR_L_TA_BELT_D_L2_P_50B	40004	449	1	0	2812	1	0	2813
155000969	STR_L_TA_RB_HEAD_D_L2_P_50A	40004	449	1	0	2814	1	0	2815
155000970	STR_L_HA_JR_PART_SILVER_01A	40008	1	1	0	2816	1	0	2817
155000971	STR_L_HA_JR_PART_SILVER_02A	40008	10	1	0	2818	1	0	2819
155000972	STR_L_HA_RING_N_C2_P_18A	40008	70	1	0	2820	1	0	2821
155000973	STR_L_HA_EARRING_N_C2_P_18A	40008	80	1	0	2822	1	0	2823
155000974	STR_L_HA_JR_PART_GOLD_01A	40008	100	1	0	2824	1	0	2825
155000975	STR_L_HA_JR_PART_GOLD_02A	40008	110	1	0	2826	1	0	2827
155000976	STR_L_HA_NECKLACE_N_C2_P_23A	40008	120	1	0	2828	1	0	2829
155000977	STR_L_HA_AC_HEAD_N_C2_P_23A	40008	130	1	0	2830	1	0	2829
155000978	STR_L_HA_RING_N_C2_P_28A	40008	170	1	0	2831	1	0	2832
155000979	STR_L_HA_EARRING_N_C2_P_28A	40008	180	1	0	2833	1	0	2834
155000980	STR_L_HA_JR_PART_WGOLD_01A	40008	200	1	0	2835	1	0	2836
155000981	STR_L_HA_JR_PART_WGOLD_02A	40008	210	1	0	2837	1	0	2838
155000982	STR_L_HA_NECKLACE_N_C2_P_33A	40008	220	1	0	2839	1	0	2840
155000983	STR_L_HA_AC_HEAD_N_C2_P_33A	40008	230	1	0	2841	1	0	2840
155000984	STR_L_HA_RING_N_C2_P_38A	40008	270	1	0	2842	1	0	2843
155000985	STR_L_HA_EARRING_N_C2_P_38A	40008	280	1	0	2844	1	0	2845
155000986	STR_L_HA_JR_PART_MYTHRIL_01A	40008	300	1	0	2846	1	0	2847
155000987	STR_L_HA_JR_PART_MYTHRIL_02A	40008	310	1	0	2848	1	0	2849
155000988	STR_L_HA_NECKLACE_N_C2_P_43A	40008	320	1	0	2850	1	0	2851
155000989	STR_L_HA_AC_HEAD_N_C2_P_43A	40008	330	1	0	2852	1	0	2851
155000990	STR_L_HA_RING_N_C2_P_48A	40008	370	1	0	2853	1	0	2854
155000991	STR_L_HA_EARRING_N_C2_P_48A	40008	380	1	0	2855	1	0	2856
155000992	STR_L_HA_JR_PART_ROSE_02A	40008	10	1	0	2857	1	0	2858
155000993	STR_L_HA_RING_N_R2_P_18A	40008	80	1	0	2859	1	0	2860
155000994	STR_L_HA_EARRING_N_R2_P_18A	40008	90	1	0	2861	1	0	2862
155000995	STR_L_HA_JR_PART_AMETH_02A	40008	10	1	0	2863	1	0	2864
155000996	STR_L_HA_RING_N_R2_P_18B	40008	80	1	0	2865	1	0	2866
155000997	STR_L_HA_EARRING_N_R2_P_18B	40008	90	1	0	2867	1	0	2868
155000998	STR_L_HA_JR_PART_CRISTAL_02A	40008	10	1	0	2869	1	0	2870
155000999	STR_L_HA_RING_N_R2_P_18C	40008	80	1	0	2871	1	0	2872
155001000	STR_L_HA_EARRING_N_R2_P_18C	40008	90	1	0	2873	1	0	2874
155001001	STR_L_HA_JR_PART_TOPAZ_02A	40008	110	1	0	2875	1	0	2876
155001002	STR_L_HA_NECKLACE_N_R2_P_23A	40008	130	1	0	2877	1	0	2878
155001003	STR_L_HA_AC_HEAD_N_R2_P_23A	40008	140	1	0	2879	1	0	2880
155001004	STR_L_HA_RING_N_R2_P_28A	40008	180	1	0	2881	1	0	2882
155001005	STR_L_HA_EARRING_N_R2_P_28A	40008	190	1	0	2883	1	0	2884
155001006	STR_L_HA_JR_PART_AQUA_02A	40008	110	1	0	2885	1	0	2886
155001007	STR_L_HA_NECKLACE_N_R2_P_23B	40008	130	1	0	2887	1	0	2888
155001008	STR_L_HA_AC_HEAD_N_R2_P_23B	40008	140	1	0	2889	1	0	2890
155001009	STR_L_HA_RING_N_R2_P_28B	40008	180	1	0	2891	1	0	2892
155001010	STR_L_HA_EARRING_N_R2_P_28B	40008	190	1	0	2893	1	0	2894
155001011	STR_L_HA_JR_PART_ZIRCON_02A	40008	110	1	0	2895	1	0	2896
155001012	STR_L_HA_NECKLACE_N_R2_P_23C	40008	130	1	0	2897	1	0	2898
155001013	STR_L_HA_AC_HEAD_N_R2_P_23C	40008	140	1	0	2899	1	0	2900
155001014	STR_L_HA_RING_N_R2_P_28C	40008	180	1	0	2901	1	0	2902
155001015	STR_L_HA_EARRING_N_R2_P_28C	40008	190	1	0	2903	1	0	2904
155001016	STR_L_HA_RING_N_R1_S_26A	40008	155	1	0	2905	1	0	2906
155001017	STR_L_HA_NECKLACE_N_R1_S_30A	40008	195	1	0	2907	1	0	2908
155001018	STR_L_HA_JR_PART_GARNET_02A	40008	210	1	0	2909	1	0	2910
155001019	STR_L_HA_NECKLACE_N_R2_P_33A	40008	230	1	0	2911	1	0	2912
155001020	STR_L_HA_AC_HEAD_N_R2_P_33A	40008	240	1	0	2913	1	0	2914
155001021	STR_L_HA_RING_N_R2_P_38A	40008	280	1	0	2915	1	0	2916
155001022	STR_L_HA_EARRING_N_R2_P_38A	40008	290	1	0	2917	1	0	2918
155001023	STR_L_HA_NECKLACE_N_L2_P_33A	40008	400	1	0	2919	1	0	2920
155001024	STR_L_HA_AC_HEAD_N_L2_P_33A	40008	400	1	0	2921	1	0	2922
155001025	STR_L_HA_RING_N_L2_P_38A	40008	410	1	0	2923	1	0	2924
155001026	STR_L_HA_EARRING_N_L2_P_38A	40008	410	1	0	2925	1	0	2926
155001027	STR_L_HA_JR_PART_LAZULI_02A	40008	210	1	0	2927	1	0	2928
155001028	STR_L_HA_NECKLACE_N_R2_P_33B	40008	230	1	0	2929	1	0	2930
155001029	STR_L_HA_AC_HEAD_N_R2_P_33B	40008	240	1	0	2931	1	0	2932
155001030	STR_L_HA_RING_N_R2_P_38B	40008	280	1	0	2933	1	0	2934
155001031	STR_L_HA_EARRING_N_R2_P_38B	40008	290	1	0	2935	1	0	2936
155001032	STR_L_HA_NECKLACE_N_L2_P_33B	40008	400	1	0	2937	1	0	2938
155001033	STR_L_HA_AC_HEAD_N_L2_P_33B	40008	400	1	0	2939	1	0	2940
155001034	STR_L_HA_RING_N_L2_P_38B	40008	410	1	0	2941	1	0	2942
155001035	STR_L_HA_EARRING_N_L2_P_38B	40008	410	1	0	2943	1	0	2944
155001036	STR_L_HA_JR_PART_MOON_02A	40008	210	1	0	2945	1	0	2946
155001037	STR_L_HA_NECKLACE_N_R2_P_33C	40008	230	1	0	2947	1	0	2948
155001038	STR_L_HA_AC_HEAD_N_R2_P_33C	40008	240	1	0	2949	1	0	2950
155001039	STR_L_HA_RING_N_R2_P_38C	40008	280	1	0	2951	1	0	2952
155001040	STR_L_HA_EARRING_N_R2_P_38C	40008	290	1	0	2953	1	0	2954
155001041	STR_L_HA_NECKLACE_N_L2_P_33C	40008	400	1	0	2955	1	0	2956
155001042	STR_L_HA_AC_HEAD_N_L2_P_33C	40008	400	1	0	2957	1	0	2958
155001043	STR_L_HA_RING_N_L2_P_38C	40008	410	1	0	2959	1	0	2960
155001044	STR_L_HA_EARRING_N_L2_P_38C	40008	410	1	0	2961	1	0	2962
155001045	STR_L_HA_EARRING_N_R1_S_34A	40008	245	1	0	2963	1	0	2964
155001046	STR_L_HA_RING_N_R1_S_33A	40008	225	1	0	2965	1	0	2966
155001047	STR_L_HA_AC_HEAD_N_R1_S_36A	40008	255	1	0	2967	1	0	2968
155001048	STR_L_HA_EARRING_N_L1_S_33A	40008	235	1	0	2969	1	0	2970
155001049	STR_L_HA_RING_N_L1_S_39A	40008	285	1	0	2971	1	0	2972
155001050	STR_L_HA_JR_PART_RUBY_02A	40008	310	1	0	2973	1	0	2974
155001051	STR_L_HA_NECKLACE_N_R2_P_43A	40008	330	1	0	2975	1	0	2976
155001052	STR_L_HA_AC_HEAD_N_R2_P_43A	40008	340	1	0	2977	1	0	2978
155001053	STR_L_HA_RING_N_R2_P_48A	40008	380	1	0	2979	1	0	2980
155001054	STR_L_HA_EARRING_N_R2_P_48A	40008	390	1	0	2981	1	0	2982
155001055	STR_L_HA_NECKLACE_N_L2_P_43A	40008	420	1	0	2983	1	0	2984
155001056	STR_L_HA_AC_HEAD_N_L2_P_43A	40008	420	1	0	2985	1	0	2986
155001057	STR_L_HA_RING_N_L2_P_48A	40008	430	1	0	2987	1	0	2988
155001058	STR_L_HA_EARRING_N_L2_P_48A	40008	430	1	0	2989	1	0	2990
155001059	STR_L_HA_JR_PART_SAPPH_02A	40008	310	1	0	2991	1	0	2992
155001060	STR_L_HA_NECKLACE_N_R2_P_43B	40008	330	1	0	2993	1	0	2994
155001061	STR_L_HA_AC_HEAD_N_R2_P_43B	40008	340	1	0	2995	1	0	2996
155001062	STR_L_HA_RING_N_R2_P_48B	40008	380	1	0	2997	1	0	2998
155001063	STR_L_HA_EARRING_N_R2_P_48B	40008	390	1	0	2999	1	0	3000
155001064	STR_L_HA_NECKLACE_N_L2_P_43B	40008	420	1	0	3001	1	0	3002
155001065	STR_L_HA_AC_HEAD_N_L2_P_43B	40008	420	1	0	3003	1	0	3004
155001066	STR_L_HA_RING_N_L2_P_48B	40008	430	1	0	3005	1	0	3006
155001067	STR_L_HA_EARRING_N_L2_P_48B	40008	430	1	0	3007	1	0	3008
155001068	STR_L_HA_JR_PART_DIA_02A	40008	310	1	0	3009	1	0	3010
155001069	STR_L_HA_NECKLACE_N_R2_P_43C	40008	330	1	0	3011	1	0	3012
155001070	STR_L_HA_AC_HEAD_N_R2_P_43C	40008	340	1	0	3013	1	0	3014
155001071	STR_L_HA_RING_N_R2_P_48C	40008	380	1	0	3015	1	0	3016
155001072	STR_L_HA_EARRING_N_R2_P_48C	40008	390	1	0	3017	1	0	3018
155001073	STR_L_HA_NECKLACE_N_L2_P_43C	40008	420	1	0	3019	1	0	3020
155001074	STR_L_HA_AC_HEAD_N_L2_P_43C	40008	420	1	0	3021	1	0	3022
155001075	STR_L_HA_RING_N_L2_P_48C	40008	430	1	0	3023	1	0	3024
155001076	STR_L_HA_EARRING_N_L2_P_48C	40008	430	1	0	3025	1	0	3026
155001077	STR_L_HA_RING_N_R1_S_41A	40008	315	1	0	3027	1	0	3028
155001078	STR_L_HA_NECKLACE_N_R1_S_44A	40008	335	1	0	3029	1	0	3030
155001079	STR_L_HA_EARRING_N_R1_S_44A	40008	345	1	0	3031	1	0	3032
155001080	STR_L_HA_NECKLACE_N_L1_S_47A	40008	365	1	0	3033	1	0	3034
155001081	STR_L_HA_AC_HEAD_N_L1_S_45A	40008	355	1	0	3035	1	0	3036
155001082	STR_L_HA_JR_PART_DRA_JEW_301A	40008	400	1	0	3037	1	0	3038
155001083	STR_L_HA_RING_D_R2_P_30A	40008	410	1	0	3039	1	0	3040
155001084	STR_L_HA_EARRING_D_R2_P_30A	40008	410	1	0	3041	1	0	3042
155001085	STR_L_HA_NECKLACE_D_R2_P_30A	40008	410	1	0	3043	1	0	3044
155001086	STR_L_HA_AC_HEAD_D_R2_P_30A	40008	410	1	0	3045	1	0	3044
155001087	STR_L_HA_RING_D_R2_P_30B	40008	410	1	0	3046	1	0	3047
155001088	STR_L_HA_EARRING_D_R2_P_30B	40008	410	1	0	3048	1	0	3049
155001089	STR_L_HA_NECKLACE_D_R2_P_30B	40008	410	1	0	3050	1	0	3051
155001090	STR_L_HA_JR_PART_DRA_JEW_401A	40008	420	1	0	3052	1	0	3053
155001091	STR_L_HA_RING_D_R2_P_40A	40008	430	1	0	3054	1	0	3055
155001092	STR_L_HA_EARRING_D_R2_P_40A	40008	430	1	0	3056	1	0	3057
155001093	STR_L_HA_NECKLACE_D_R2_P_40A	40008	430	1	0	3058	1	0	3059
155001094	STR_L_HA_AC_HEAD_D_R2_P_40A	40008	430	1	0	3060	1	0	3059
155001095	STR_L_HA_RING_D_R2_P_40B	40008	430	1	0	3061	1	0	3062
155001096	STR_L_HA_EARRING_D_R2_P_40B	40008	430	1	0	3063	1	0	3064
155001097	STR_L_HA_NECKLACE_D_R2_P_40B	40008	430	1	0	3065	1	0	3066
155001098	STR_L_HA_RING_D_L2_P_40A	40008	430	1	0	3067	1	0	3068
155001099	STR_L_HA_EARRING_D_L2_P_40A	40008	430	1	0	3069	1	0	3070
155001100	STR_L_HA_NECKLACE_D_L2_P_40A	40008	430	1	0	3071	1	0	3072
155001101	STR_L_HA_AC_HEAD_D_L2_P_40A	40008	430	1	0	3073	1	0	3074
155001102	STR_L_HA_RING_D_L2_P_40B	40008	430	1	0	3075	1	0	3076
155001103	STR_L_HA_EARRING_D_L2_P_40B	40008	430	1	0	3077	1	0	3078
155001104	STR_L_HA_NECKLACE_D_L2_P_40B	40008	430	1	0	3079	1	0	3080
155001105	STR_L_HA_JR_PART_DRA_JEW_501A	40008	440	1	0	3081	1	0	3082
155001106	STR_L_HA_RING_D_R2_P_50A	40008	449	1	0	3083	1	0	3084
155001107	STR_L_HA_EARRING_D_R2_P_50A	40008	449	1	0	3085	1	0	3086
155001108	STR_L_HA_NECKLACE_D_R2_P_50A	40008	449	1	0	3087	1	0	3088
155001109	STR_L_HA_AC_HEAD_D_R2_P_50A	40008	449	1	0	3089	1	0	3088
155001110	STR_L_HA_RING_D_R2_P_50B	40008	449	1	0	3090	1	0	3091
155001111	STR_L_HA_EARRING_D_R2_P_50B	40008	449	1	0	3092	1	0	3093
155001112	STR_L_HA_NECKLACE_D_R2_P_50B	40008	449	1	0	3094	1	0	3095
155001113	STR_L_HA_RING_D_L2_P_50A	40008	449	1	0	3096	1	0	3097
155001114	STR_L_HA_EARRING_D_L2_P_50A	40008	449	1	0	3098	1	0	3099
155001115	STR_L_HA_NECKLACE_D_L2_P_50A	40008	449	1	0	3100	1	0	3101
155001116	STR_L_HA_AC_HEAD_D_L2_P_50A	40008	449	1	0	3102	1	0	3103
155001117	STR_L_HA_RING_D_L2_P_50B	40008	449	1	0	3104	1	0	3105
155001118	STR_L_HA_EARRING_D_L2_P_50B	40008	449	1	0	3106	1	0	3107
155001119	STR_L_HA_NECKLACE_D_L2_P_50B	40008	449	1	0	3108	1	0	3109
155001120	STR_L_HA_JR_PART_BIRKE_01A	40008	1	1	0	3110	1	0	3111
155001121	STR_L_HA_JR_PART_BIRKE_02A	40008	10	1	0	3112	1	0	3113
155001122	STR_L_HA_JR_PART_BIRKE_03A	40008	20	1	0	3114	1	0	3115
155001123	STR_L_HA_BOW_N_C2_P_15A	40008	40	1	0	3116	1	0	3117
155001124	STR_L_HA_STAFF_N_C2_P_15A	40008	50	1	0	3118	1	0	3117
155001125	STR_L_HA_BOW_N_C2_P_20A	40008	90	1	0	3119	1	0	3120
155001126	STR_L_HA_STAFF_N_C2_P_20A	40008	99	1	0	3121	1	0	3120
155001127	STR_L_HA_BOW_N_R1_S_18A	40008	75	1	0	3122	1	0	3123
155001128	STR_L_HA_JR_PART_YORK_01A	40008	100	1	0	3124	1	0	3125
155001129	STR_L_HA_JR_PART_YORK_02A	40008	110	1	0	3126	1	0	3127
155001130	STR_L_HA_JR_PART_YORK_03A	40008	120	1	0	3128	1	0	3129
155001131	STR_L_HA_BOW_N_C2_P_25A	40008	140	1	0	3130	1	0	3131
155001132	STR_L_HA_STAFF_N_C2_P_25A	40008	150	1	0	3132	1	0	3131
155001133	STR_L_HA_BOW_N_R2_P_25A	40008	140	1	0	3133	1	0	3134
155001134	STR_L_HA_STAFF_N_R2_P_25A	40008	150	1	0	3135	1	0	3136
155001135	STR_L_HA_BOW_N_C2_P_30A	40008	190	1	0	3137	1	0	3138
155001136	STR_L_HA_STAFF_N_C2_P_30A	40008	199	1	0	3139	1	0	3138
155001137	STR_L_HA_BOW_N_R2_P_30A	40008	190	1	0	3140	1	0	3141
155001138	STR_L_HA_STAFF_N_R2_P_30A	40008	199	1	0	3142	1	0	3143
155001139	STR_L_HA_STAFF_N_R1_S_27A	40008	165	1	0	3144	1	0	3145
155001140	STR_L_HA_BOW_N_R1_S_30A	40008	195	1	0	3146	1	0	3147
155001141	STR_L_HA_JR_PART_ELM_01A	40008	200	1	0	3148	1	0	3149
155001142	STR_L_HA_JR_PART_ELM_02A	40008	210	1	0	3150	1	0	3151
155001143	STR_L_HA_JR_PART_ELM_03A	40008	220	1	0	3152	1	0	3153
155001144	STR_L_HA_BOW_N_C2_P_35A	40008	240	1	0	3154	1	0	3155
155001145	STR_L_HA_STAFF_N_C2_P_35A	40008	250	1	0	3156	1	0	3155
155001146	STR_L_HA_BOW_N_R2_P_35A	40008	240	1	0	3157	1	0	3158
155001147	STR_L_HA_STAFF_N_R2_P_35A	40008	250	1	0	3159	1	0	3160
155001148	STR_L_HA_BOW_N_L2_P_35A	40008	400	1	0	3161	1	0	3162
155001149	STR_L_HA_STAFF_N_L2_P_35A	40008	400	1	0	3163	1	0	3164
155001150	STR_L_HA_BOW_N_C2_P_40A	40008	290	1	0	3165	1	0	3166
155001151	STR_L_HA_STAFF_N_C2_P_40A	40008	299	1	0	3167	1	0	3166
155001152	STR_L_HA_BOW_N_R2_P_40A	40008	290	1	0	3168	1	0	3169
155001153	STR_L_HA_STAFF_N_R2_P_40A	40008	299	1	0	3170	1	0	3171
155001154	STR_L_HA_BOW_N_L2_P_40A	40008	410	1	0	3172	1	0	3173
155001155	STR_L_HA_STAFF_N_L2_P_40A	40008	410	1	0	3174	1	0	3175
155001156	STR_L_HA_BOW_N_R1_S_34A	40008	235	1	0	3176	1	0	3177
155001157	STR_L_HA_STAFF_N_R1_S_37A	40008	265	1	0	3178	1	0	3179
155001158	STR_L_HA_STAFF_N_L1_S_40A	40008	295	1	0	3180	1	0	3181
155001159	STR_L_HA_JR_PART_IGDRA_01A	40008	300	1	0	3182	1	0	3183
155001160	STR_L_HA_JR_PART_IGDRA_02A	40008	310	1	0	3184	1	0	3185
155001161	STR_L_HA_JR_PART_IGDRA_03A	40008	320	1	0	3186	1	0	3187
155001162	STR_L_HA_BOW_N_C2_P_45A	40008	340	1	0	3188	1	0	3189
155001163	STR_L_HA_STAFF_N_C2_P_45A	40008	350	1	0	3190	1	0	3189
155001164	STR_L_HA_BOW_N_R2_P_45A	40008	340	1	0	3191	1	0	3192
155001165	STR_L_HA_STAFF_N_R2_P_45A	40008	350	1	0	3193	1	0	3194
155001166	STR_L_HA_BOW_N_L2_P_45A	40008	420	1	0	3195	1	0	3196
155001167	STR_L_HA_STAFF_N_L2_P_45A	40008	420	1	0	3197	1	0	3198
155001168	STR_L_HA_BOW_N_C2_P_50A	40008	390	1	0	3199	1	0	3200
155001169	STR_L_HA_STAFF_N_C2_P_50A	40008	399	1	0	3201	1	0	3200
155001170	STR_L_HA_BOW_N_R2_P_50A	40008	390	1	0	3202	1	0	3203
155001171	STR_L_HA_STAFF_N_R2_P_50A	40008	399	1	0	3204	1	0	3205
155001172	STR_L_HA_BOW_N_L2_P_50A	40008	430	1	0	3206	1	0	3207
155001173	STR_L_HA_STAFF_N_L2_P_50A	40008	430	1	0	3208	1	0	3209
155001174	STR_L_HA_BOW_N_R1_S_44A	40008	335	1	0	3210	1	0	3211
155001175	STR_L_HA_STAFF_N_R1_S_45A	40008	345	1	0	3212	1	0	3213
155001176	STR_L_HA_BOW_N_L1_S_43A	40008	325	1	0	3214	1	0	3215
155001177	STR_L_HA_HA_PART_SIEGE_01A	40008	299	1	0	3216	1	0	3217
155001178	STR_L_HA_ITEM_ABYSS_LIGHT_SIEGE01	40008	299	1	0	1508	1	0	1509
155001179	STR_L_HA_HW_PART_DRA_TREE_301A	40008	400	1	0	3218	1	0	1511
155001180	STR_L_HA_HW_PART_DRA_TREE_302A	40008	400	1	0	3219	1	0	1513
155001181	STR_L_HA_BOW_D_R2_P_30A	40008	410	1	0	3220	1	0	3221
155001182	STR_L_HA_STAFF_D_R2_P_30A	40008	410	1	0	3222	1	0	3223
155001183	STR_L_HA_HW_PART_DRA_TREE_401A	40008	420	1	0	3224	1	0	1523
155001184	STR_L_HA_HW_PART_DRA_TREE_402A	40008	420	1	0	3225	1	0	1525
155001185	STR_L_HA_BOW_D_R2_P_40A	40008	430	1	0	3226	1	0	3227
155001186	STR_L_HA_STAFF_D_R2_P_40A	40008	430	1	0	3228	1	0	3229
155001187	STR_L_HA_BOW_D_L2_P_40A	40008	430	1	0	3230	1	0	3231
155001188	STR_L_HA_STAFF_D_L2_P_40A	40008	430	1	0	3232	1	0	3233
155001189	STR_L_HA_HW_PART_DRA_TREE_501A	40008	440	1	0	3234	1	0	1545
155001190	STR_L_HA_HW_PART_DRA_TREE_502A	40008	440	1	0	3235	1	0	1547
155001191	STR_L_HA_BOW_D_R2_P_50A	40008	449	1	0	3236	1	0	3237
155001192	STR_L_HA_STAFF_D_R2_P_50A	40008	449	1	0	3238	1	0	3239
155001193	STR_L_HA_BOW_D_L2_P_50A	40008	449	1	0	3240	1	0	3241
155001194	STR_L_HA_STAFF_D_L2_P_50A	40008	449	1	0	3242	1	0	3243
155001195	STR_L_AL_JR_PART_ROSE_01A	40007	20	1	0	3244	10	0	3245
155001196	STR_L_AL_JR_PART_AMETH_01A	40007	20	1	0	3246	10	0	3247
155001197	STR_L_AL_JR_PART_CRISTAL_01A	40007	20	1	0	3248	10	0	3249
155001198	STR_L_AL_JR_PART_TOPAZ_01A	40007	120	1	0	3250	10	0	3251
155001199	STR_L_AL_JR_PART_AQUA_01A	40007	120	1	0	3252	10	0	3253
155001200	STR_L_AL_JR_PART_ZIRCON_01A	40007	120	1	0	3254	10	0	3255
155001201	STR_L_AL_JR_PART_GARNET_01A	40007	220	1	0	3256	10	0	3257
155001202	STR_L_AL_JR_PART_LAZULI_01A	40007	220	1	0	3258	10	0	3259
155001203	STR_L_AL_JR_PART_MOON_01A	40007	220	1	0	3260	10	0	3261
155001204	STR_L_AL_JR_PART_RUBY_01A	40007	320	1	0	3262	10	0	3263
155001205	STR_L_AL_JR_PART_SAPPH_01A	40007	320	1	0	3264	10	0	3265
155001206	STR_L_AL_JR_PART_DIA_01A	40007	320	1	0	3266	10	0	3267
155001207	STR_L_AL_SCROLL_REGIST_EARTH_20A	40007	40	1	0	3268	5	0	3269
155001208	STR_L_AL_SCROLL_REGIST_EARTH_30A	40007	140	1	0	3270	5	0	3271
155001209	STR_L_AL_SCROLL_REGIST_EARTH_40A	40007	240	1	0	3272	5	0	3273
155001210	STR_L_AL_SCROLL_REGIST_EARTH_50A	40007	340	1	0	3274	5	0	3275
155001211	STR_L_AL_SCROLL_REGIST_FIRE_20A	40007	40	1	0	3276	5	0	3277
155001212	STR_L_AL_SCROLL_REGIST_FIRE_30A	40007	140	1	0	3278	5	0	3279
155001213	STR_L_AL_SCROLL_REGIST_FIRE_40A	40007	240	1	0	3280	5	0	3281
155001214	STR_L_AL_SCROLL_REGIST_FIRE_50A	40007	340	1	0	3282	5	0	3283
155001215	STR_L_AL_SCROLL_REGIST_WATER_20A	40007	40	1	0	3284	5	0	3285
155001216	STR_L_AL_SCROLL_REGIST_WATER_30A	40007	140	1	0	3286	5	0	3287
155001217	STR_L_AL_SCROLL_REGIST_WATER_40A	40007	240	1	0	3288	5	0	3289
155001218	STR_L_AL_SCROLL_REGIST_WATER_50A	40007	340	1	0	3290	5	0	3291
155001219	STR_L_AL_SCROLL_REGIST_WIND_20A	40007	40	1	0	3292	5	0	3293
155001220	STR_L_AL_SCROLL_REGIST_WIND_30A	40007	140	1	0	3294	5	0	3295
155001221	STR_L_AL_SCROLL_REGIST_WIND_40A	40007	240	1	0	3296	5	0	3297
155001222	STR_L_AL_SCROLL_REGIST_WIND_50A	40007	340	1	0	3298	5	0	3299
155001223	STR_L_AL_SCROLL_SHIELD_ALL_20A	40007	60	1	0	3300	5	0	3301
155001224	STR_L_AL_SCROLL_SHIELD_ALL_30A	40007	160	1	0	3302	5	0	3303
155001225	STR_L_AL_SCROLL_SHIELD_ALL_40A	40007	260	1	0	3304	5	0	3305
155001226	STR_L_AL_SCROLL_SHIELD_ALL_50A	40007	360	1	0	3306	5	0	3307
155001227	STR_L_AL_SCROLL_CRITICAL_PHY_30A	40007	170	1	0	3308	5	0	3309
155001228	STR_L_AL_SCROLL_CRITICAL_PHY_40A	40007	270	1	0	3310	5	0	3311
155001229	STR_L_AL_SCROLL_CRITICAL_PHY_50A	40007	370	1	0	3312	5	0	3313
155001230	STR_L_AL_SCROLL_SPEED_ATK_30A	40007	180	1	0	3314	5	0	3315
155001231	STR_L_AL_SCROLL_SPEED_ATK_40A	40007	280	1	0	3316	5	0	3317
155001232	STR_L_AL_SCROLL_SPEED_ATK_50A	40007	380	1	0	3318	5	0	3319
155001233	STR_L_AL_SCROLL_SPEED_RUN_30A	40007	180	1	0	3320	5	0	3321
155001234	STR_L_AL_SCROLL_SPEED_RUN_40A	40007	280	1	0	3322	5	0	3323
155001235	STR_L_AL_SCROLL_SPEED_RUN_50A	40007	380	1	0	3324	5	0	3325
155001236	STR_L_AL_SCROLL_SPEED_FLY_30A	40007	180	1	0	3326	5	0	3327
155001237	STR_L_AL_SCROLL_SPEED_FLY_40A	40007	280	1	0	3328	5	0	3329
155001238	STR_L_AL_SCROLL_SPEED_FLY_50A	40007	380	1	0	3330	5	0	3331
155001239	STR_L_AL_REMEDY_HP_20A	40007	5	1	0	3332	3	0	3333
155001240	STR_L_AL_REMEDY_HP_30A	40007	105	1	0	3334	3	0	3335
155001241	STR_L_AL_REMEDY_HP_40A	40007	205	1	0	3336	3	0	3337
155001242	STR_L_AL_REMEDY_HP_50A	40007	305	1	0	3338	3	0	3339
155001243	STR_L_AL_REMEDY_MP_20A	40007	5	1	0	3340	3	0	3341
155001244	STR_L_AL_REMEDY_MP_30A	40007	105	1	0	3342	3	0	3343
155001245	STR_L_AL_REMEDY_MP_40A	40007	205	1	0	3344	3	0	3345
155001246	STR_L_AL_REMEDY_MP_50A	40007	305	1	0	3346	3	0	3347
155001247	STR_L_AL_POTION_HP_20A	40007	10	1	0	3348	3	0	3349
155001248	STR_L_AL_POTION_HP_30A	40007	110	1	0	3350	3	0	3351
155001249	STR_L_AL_POTION_HP_40A	40007	210	1	0	3352	3	0	3353
155001250	STR_L_AL_POTION_HP_50A	40007	310	1	0	3354	3	0	3355
155001251	STR_L_AL_POTION_MP_20A	40007	10	1	0	3356	3	0	3357
155001252	STR_L_AL_POTION_MP_30A	40007	110	1	0	3358	3	0	3359
155001253	STR_L_AL_POTION_MP_40A	40007	210	1	0	3360	3	0	3361
155001254	STR_L_AL_POTION_MP_50A	40007	310	1	0	3362	3	0	3363
155001255	STR_L_AL_POTION_CURE_PHY_10A	40007	20	1	0	3364	3	0	3365
155001256	STR_L_AL_POTION_CURE_PHY_30A	40007	220	1	0	3366	3	0	3367
155001257	STR_L_AL_POTION_FLYTIME_20A	40007	30	1	0	3368	3	0	3369
155001258	STR_L_AL_POTION_FLYTIME_30A	40007	130	1	0	3370	3	0	3371
155001259	STR_L_AL_POTION_FLYTIME_40A	40007	230	1	0	3372	3	0	3373
155001260	STR_L_AL_POTION_FLYTIME_50A	40007	330	1	0	3374	3	0	3375
155001261	STR_L_AL_AL_PART_STONE1_01A	40007	1	1	0	3376	2	0	3377
155001262	STR_L_AL_AL_PART_STONE1_02A	40007	1	1	0	3378	5	0	3377
155001263	STR_L_AL_AL_PART_STONE1_03A	40007	10	1	0	3379	1	0	3380
155001264	STR_L_AL_AL_PART_STONE1_04A	40007	10	1	0	3381	1	0	3382
155001265	STR_L_AL_BOOK_N_C2_P_15A	40007	40	1	0	3383	1	0	3384
155001266	STR_L_AL_ORB_N_C2_P_15A	40007	50	1	0	3385	1	0	3386
155001267	STR_L_AL_BOOK_N_C2_P_20A	40007	90	1	0	3387	1	0	3388
155001268	STR_L_AL_ORB_N_C2_P_20A	40007	99	1	0	3389	1	0	3390
155001269	STR_L_AL_ORB_N_R1_S_18A	40007	75	1	0	3391	1	0	3392
155001270	STR_L_AL_AL_PART_STONE2_01A	40007	100	1	0	3393	2	0	3394
155001271	STR_L_AL_AL_PART_STONE2_02A	40007	100	1	0	3395	5	0	3394
155001272	STR_L_AL_AL_PART_STONE2_03A	40007	110	1	0	3396	1	0	3397
155001273	STR_L_AL_AL_PART_STONE2_04A	40007	110	1	0	3398	1	0	3399
155001274	STR_L_AL_BOOK_N_C2_P_25A	40007	140	1	0	3400	1	0	3401
155001275	STR_L_AL_ORB_N_C2_P_25A	40007	150	1	0	3402	1	0	3403
155001276	STR_L_AL_BOOK_N_R2_P_25A	40007	140	1	0	3404	1	0	3405
155001277	STR_L_AL_ORB_N_R2_P_25A	40007	150	1	0	3406	1	0	3407
155001278	STR_L_AL_BOOK_N_C2_P_30A	40007	190	1	0	3408	1	0	3409
155001279	STR_L_AL_ORB_N_C2_P_30A	40007	199	1	0	3410	1	0	3411
155001280	STR_L_AL_BOOK_N_R2_P_30A	40007	190	1	0	3412	1	0	3413
155001281	STR_L_AL_ORB_N_R2_P_30A	40007	199	1	0	3414	1	0	3415
155001282	STR_L_AL_ORB_N_R1_S_29A	40007	175	1	0	3416	1	0	3417
155001283	STR_L_AL_BOOK_N_R1_S_30A	40007	195	1	0	3418	1	0	3419
155001284	STR_L_AL_AL_PART_STONE3_01A	40007	200	1	0	3420	2	0	3421
155001285	STR_L_AL_AL_PART_STONE3_02A	40007	200	1	0	3422	5	0	3421
155001286	STR_L_AL_AL_PART_STONE3_03A	40007	210	1	0	3423	1	0	3424
155001287	STR_L_AL_AL_PART_STONE3_04A	40007	210	1	0	3425	1	0	3426
155001288	STR_L_AL_BOOK_N_C2_P_35A	40007	240	1	0	3427	1	0	3428
155001289	STR_L_AL_ORB_N_C2_P_35A	40007	250	1	0	3429	1	0	3430
155001290	STR_L_AL_BOOK_N_R2_P_35A	40007	240	1	0	3431	1	0	3432
155001291	STR_L_AL_ORB_N_R2_P_35A	40007	250	1	0	3433	1	0	3434
155001292	STR_L_AL_BOOK_N_L2_P_35A	40007	400	1	0	3435	1	0	3436
155001293	STR_L_AL_ORB_N_L2_P_35A	40007	400	1	0	3437	1	0	3438
155001294	STR_L_AL_BOOK_N_C2_P_40A	40007	290	1	0	3439	1	0	3440
155001295	STR_L_AL_ORB_N_C2_P_40A	40007	299	1	0	3441	1	0	3442
155001296	STR_L_AL_BOOK_N_R2_P_40A	40007	290	1	0	3443	1	0	3444
155001297	STR_L_AL_ORB_N_R2_P_40A	40007	299	1	0	3445	1	0	3446
155001298	STR_L_AL_BOOK_N_L2_P_40A	40007	410	1	0	3447	1	0	3448
155001299	STR_L_AL_ORB_N_L2_P_40A	40007	410	1	0	3449	1	0	3450
155001300	STR_L_AL_ORB_N_R1_S_33A	40007	225	1	0	3451	1	0	3452
155001301	STR_L_AL_BOOK_N_R1_S_36A	40007	255	1	0	3453	1	0	3454
155001302	STR_L_AL_BOOK_N_L1_S_40A	40007	295	1	0	3455	1	0	3456
155001303	STR_L_AL_AL_PART_STONE4_01A	40007	300	1	0	3457	2	0	3458
155001304	STR_L_AL_AL_PART_STONE4_02A	40007	300	1	0	3459	5	0	3458
155001305	STR_L_AL_AL_PART_STONE4_03A	40007	310	1	0	3460	1	0	3461
155001306	STR_L_AL_AL_PART_STONE4_04A	40007	310	1	0	3462	1	0	3463
155001307	STR_L_AL_BOOK_N_C2_P_45A	40007	340	1	0	3464	1	0	3465
155001308	STR_L_AL_ORB_N_C2_P_45A	40007	350	1	0	3466	1	0	3467
155001309	STR_L_AL_BOOK_N_R2_P_45A	40007	340	1	0	3468	1	0	3469
155001310	STR_L_AL_ORB_N_R2_P_45A	40007	350	1	0	3470	1	0	3471
155001311	STR_L_AL_BOOK_N_L2_P_45A	40007	420	1	0	3472	1	0	3473
155001312	STR_L_AL_ORB_N_L2_P_45A	40007	420	1	0	3474	1	0	3475
155001313	STR_L_AL_BOOK_N_C2_P_50A	40007	390	1	0	3476	1	0	3477
155001314	STR_L_AL_ORB_N_C2_P_50A	40007	399	1	0	3478	1	0	3479
155001315	STR_L_AL_BOOK_N_R2_P_50A	40007	390	1	0	3480	1	0	3481
155001316	STR_L_AL_ORB_N_R2_P_50A	40007	399	1	0	3482	1	0	3483
155001317	STR_L_AL_BOOK_N_L2_P_50A	40007	430	1	0	3484	1	0	3485
155001318	STR_L_AL_ORB_N_L2_P_50A	40007	430	1	0	3486	1	0	3487
155001319	STR_L_AL_BOOK_N_R1_S_42A	40007	315	1	0	3488	1	0	3489
155001320	STR_L_AL_ORB_N_R1_S_44A	40007	335	1	0	3490	1	0	3491
155001321	STR_L_AL_ORB_N_L1_S_42A	40007	325	1	0	3492	1	0	3493
155001322	STR_L_AL_BOOK_N_L1_S_47A	40007	365	1	0	3494	1	0	3495
155001323	STR_L_AL_ITEM_DRIVE_ARTIFACT_G1	40007	199	1	0	3496	1	0	3497
155001324	STR_L_AL_AL_PART_SIEGE_01A	40007	299	1	0	3498	1	0	3499
155001325	STR_L_AL_ITEM_ABYSS_LIGHT_SIEGE01	40007	299	1	0	1508	1	0	1509
155001326	STR_L_AL_REMEDY_HP_MP_30A	40007	400	1	0	3500	3	0	3501
155001327	STR_L_AL_REMEDY_HP_MP_40A	40007	420	1	0	3502	3	0	3503
155001328	STR_L_AL_REMEDY_HP_MP_50A	40007	440	1	0	3504	3	0	3505
155001329	STR_L_AL_POTION_HP_MP_40A	40007	420	1	0	3506	3	0	3507
155001330	STR_L_AL_POTION_HP_MP_50A	40007	440	1	0	3508	3	0	3509
155001331	STR_L_AL_AL_PART_DRA_SOUL_301A	40007	400	1	0	3510	1	0	1511
155001332	STR_L_AL_AL_PART_DRA_SOUL_302A	40007	400	1	0	3511	1	0	3512
155001333	STR_L_AL_BOOK_D_R2_P_30A	40007	410	1	0	3513	1	0	3514
155001334	STR_L_AL_ORB_D_R2_P_30A	40007	410	1	0	3515	1	0	3516
155001335	STR_L_AL_AL_PART_DRA_SOUL_401A	40007	420	1	0	3517	1	0	1523
155001336	STR_L_AL_AL_PART_DRA_SOUL_402A	40007	420	1	0	3518	1	0	3519
155001337	STR_L_AL_BOOK_D_R2_P_40A	40007	430	1	0	3520	1	0	3521
155001338	STR_L_AL_ORB_D_R2_P_40A	40007	430	1	0	3522	1	0	3523
155001339	STR_L_AL_BOOK_D_L2_P_40A	40007	430	1	0	3524	1	0	3525
155001340	STR_L_AL_ORB_D_L2_P_40A	40007	430	1	0	3526	1	0	3527
155001341	STR_L_AL_AL_PART_DRA_SOUL_501A	40007	440	1	0	3528	1	0	1545
155001342	STR_L_AL_AL_PART_DRA_SOUL_502A	40007	440	1	0	3529	1	0	3530
155001343	STR_L_AL_BOOK_D_R2_P_50A	40007	449	1	0	3531	1	0	3532
155001344	STR_L_AL_ORB_D_R2_P_50A	40007	449	1	0	3533	1	0	3534
155001345	STR_L_AL_BOOK_D_L2_P_50A	40007	449	1	0	3535	1	0	3536
155001346	STR_L_AL_ORB_D_L2_P_50A	40007	449	1	0	3537	1	0	3538
155001347	STR_L_AL_OPTION_C_HP_20	40007	90	1	0	3539	1	0	3540
155001348	STR_L_AL_OPTION_C_MP_20	40007	90	1	0	3541	1	0	3542
155001349	STR_L_AL_OPTION_C_ACCURACY_20	40007	90	1	0	3543	1	0	3544
155001350	STR_L_AL_OPTION_C_DODGE_20	40007	90	1	0	3545	1	0	3546
155001351	STR_L_AL_OPTION_C_MSBOOST_20	40007	90	1	0	3547	1	0	3548
155001352	STR_L_AL_OPTION_C_PARRY_20	40007	90	1	0	3549	1	0	3550
155001353	STR_L_AL_OPTION_C_BLOCK_20	40007	90	1	0	3551	1	0	3552
155001354	STR_L_AL_OPTION_C_PHYCRITICAL_20	40007	90	1	0	3553	1	0	3554
155001355	STR_L_AL_OPTION_C_HP_30	40007	190	1	0	3555	1	0	3556
155001356	STR_L_AL_OPTION_C_MP_30	40007	190	1	0	3557	1	0	3558
155001357	STR_L_AL_OPTION_C_ACCURACY_30	40007	190	1	0	3559	1	0	3560
155001358	STR_L_AL_OPTION_C_DODGE_30	40007	190	1	0	3561	1	0	3562
155001359	STR_L_AL_OPTION_C_PHYATTACK_30	40007	190	1	0	3563	1	0	3564
155001360	STR_L_AL_OPTION_C_MSBOOST_30	40007	190	1	0	3565	1	0	3566
155001361	STR_L_AL_OPTION_C_PARRY_30	40007	190	1	0	3567	1	0	3568
155001362	STR_L_AL_OPTION_C_BLOCK_30	40007	190	1	0	3569	1	0	3570
155001363	STR_L_AL_OPTION_C_PHYCRITICAL_30	40007	190	1	0	3571	1	0	3572
155001364	STR_L_AL_OPTION_C_HP_40	40007	290	1	0	3573	1	0	3574
155001365	STR_L_AL_OPTION_C_MP_40	40007	290	1	0	3575	1	0	3576
155001366	STR_L_AL_OPTION_C_ACCURACY_40	40007	290	1	0	3577	1	0	3578
155001367	STR_L_AL_OPTION_C_DODGE_40	40007	290	1	0	3579	1	0	3580
155001368	STR_L_AL_OPTION_C_MSBOOST_40	40007	290	1	0	3581	1	0	3582
155001369	STR_L_AL_OPTION_C_PARRY_40	40007	290	1	0	3583	1	0	3584
155001370	STR_L_AL_OPTION_C_BLOCK_40	40007	290	1	0	3585	1	0	3586
155001371	STR_L_AL_OPTION_C_PHYCRITICAL_40	40007	290	1	0	3587	1	0	3588
155001372	STR_L_AL_OPTION_C_HP_50	40007	390	1	0	3589	1	0	3590
155001373	STR_L_AL_OPTION_C_MP_50	40007	390	1	0	3591	1	0	3592
155001374	STR_L_AL_OPTION_C_ACCURACY_50	40007	390	1	0	3593	1	0	3594
155001375	STR_L_AL_OPTION_C_DODGE_50	40007	390	1	0	3595	1	0	3596
155001376	STR_L_AL_OPTION_C_PHYATTACK_50	40007	390	1	0	3597	1	0	3598
155001377	STR_L_AL_OPTION_C_MSBOOST_50	40007	390	1	0	3599	1	0	3600
155001378	STR_L_AL_OPTION_C_PARRY_50	40007	390	1	0	3601	1	0	3602
155001379	STR_L_AL_OPTION_C_BLOCK_50	40007	390	1	0	3603	1	0	3604
155001380	STR_L_AL_OPTION_C_PHYCRITICAL_50	40007	390	1	0	3605	1	0	3606
155001381	STR_L_CO_FOOD_PHYATTACK_20A	40001	1	1	0	3607	2	0	3608
155001382	STR_L_CO_FOOD_MACCURACY_20A	40001	10	1	0	3609	2	0	3610
155001383	STR_L_CO_FOOD_MAXHP_20A	40001	20	1	0	3611	2	0	3612
155001384	STR_L_CO_FOOD_MAXMP_20A	40001	30	1	0	3613	2	0	3614
155001385	STR_L_CO_FOOD_DODGE_20A	40001	40	1	0	3615	2	0	3616
155001386	STR_L_CO_FOOD_MSBOOST_20A	40001	50	1	0	3617	2	0	3618
155001387	STR_L_CO_FOOD_MRESIST_20A	40001	60	1	0	3619	2	0	3620
155001388	STR_L_CO_FOOD_ACCURACY_20A	40001	70	1	0	3621	2	0	3622
155001389	STR_L_CO_FOOD_HPREGEN_20A	40001	80	1	0	3623	2	0	3624
155001390	STR_L_CO_FOOD_MPREGEN_20A	40001	90	1	0	3625	2	0	3626
155001391	STR_L_CO_FOOD_MAXHP_30A	40001	100	1	0	3627	2	0	3628
155001392	STR_L_CO_FOOD_MACCURACY_30A	40001	110	1	0	3629	2	0	3630
155001393	STR_L_CO_FOOD_ACCURACY_30A	40001	120	1	0	3631	2	0	3632
155001394	STR_L_CO_FOOD_MAXMP_30A	40001	130	1	0	3633	2	0	3634
155001395	STR_L_CO_FOOD_PHYATTACK_30A	40001	140	1	0	3635	2	0	3636
155001396	STR_L_CO_FOOD_MRESIST_30A	40001	150	1	0	3637	2	0	3638
155001397	STR_L_CO_FOOD_MPREGEN_30A	40001	160	1	0	3639	2	0	3640
155001398	STR_L_CO_FOOD_MSBOOST_30A	40001	170	1	0	3641	2	0	3642
155001399	STR_L_CO_FOOD_HPREGEN_30A	40001	180	1	0	3643	2	0	3644
155001400	STR_L_CO_FOOD_DODGE_30A	40001	190	1	0	3645	2	0	3646
155001401	STR_L_CO_FOOD_2STATS_30A	40001	185	1	0	3647	2	0	3648
155001402	STR_L_CO_FOOD_2STATS_30B	40001	195	1	0	3649	2	0	3650
155001403	STR_L_CO_FOOD_2STATS_30C	40001	145	1	0	3651	2	0	3652
155001404	STR_L_CO_FOOD_2STATS_30D	40001	175	1	0	3653	2	0	3654
155001405	STR_L_CO_FOOD_2STATS_30E	40001	175	1	0	3655	2	0	3656
155001406	STR_L_CO_FOOD_2STATS_30F	40001	145	1	0	3657	2	0	3658
155001407	STR_L_CO_FOOD_2STATS_30G	40001	135	1	0	3659	2	0	3660
155001408	STR_L_CO_FOOD_2STATS_30H	40001	175	1	0	3661	2	0	3662
155001409	STR_L_CO_FOOD_ACCURACY_40A	40001	200	1	0	3663	2	0	3664
155001410	STR_L_CO_FOOD_PHYATTACK_40A	40001	210	1	0	3665	2	0	3666
155001411	STR_L_CO_FOOD_MRESIST_40A	40001	220	1	0	3667	2	0	3668
155001412	STR_L_CO_FOOD_MSBOOST_40A	40001	230	1	0	3669	2	0	3670
155001413	STR_L_CO_FOOD_MPREGEN_40A	40001	240	1	0	3671	2	0	3672
155001414	STR_L_CO_FOOD_DODGE_40A	40001	250	1	0	3673	2	0	3674
155001415	STR_L_CO_FOOD_MACCURACY_40A	40001	260	1	0	3675	2	0	3676
155001416	STR_L_CO_FOOD_MAXMP_40A	40001	270	1	0	3677	2	0	3678
155001417	STR_L_CO_FOOD_MAXHP_40A	40001	280	1	0	3679	2	0	3680
155001418	STR_L_CO_FOOD_HPREGEN_40A	40001	290	1	0	3681	2	0	3682
155001419	STR_L_CO_FOOD_2STATS_40A	40001	295	1	0	3683	2	0	3684
155001420	STR_L_CO_FOOD_2STATS_40B	40001	255	1	0	3685	2	0	3686
155001421	STR_L_CO_FOOD_2STATS_40C	40001	215	1	0	3687	2	0	3688
155001422	STR_L_CO_FOOD_2STATS_40D	40001	265	1	0	3689	2	0	3690
155001423	STR_L_CO_FOOD_2STATS_40E	40001	275	1	0	3691	2	0	3692
155001424	STR_L_CO_FOOD_2STATS_40F	40001	285	1	0	3693	2	0	3694
155001425	STR_L_CO_FOOD_2STATS_40G	40001	285	1	0	3695	2	0	3696
155001426	STR_L_CO_FOOD_2STATS_40H	40001	235	1	0	3697	2	0	3698
155001427	STR_L_CO_FOOD_3STATS_40B	40001	400	1	0	3699	2	0	3700
155001428	STR_L_CO_FOOD_3STATS_40C	40001	400	1	0	3701	2	0	3702
155001429	STR_L_CO_FOOD_3STATS_40D	40001	400	1	0	3703	2	0	3704
155001430	STR_L_CO_FOOD_3STATS_40E	40001	400	1	0	3705	2	0	3706
155001431	STR_L_CO_FOOD_3STATS_40F	40001	400	1	0	3707	2	0	3708
155001432	STR_L_CO_FOOD_3STATS_40G	40001	400	1	0	3709	2	0	3710
155001433	STR_L_CO_FOOD_3STATS_40H	40001	400	1	0	3711	2	0	3712
155001434	STR_L_CO_FOOD_MACCURACY_50A	40001	300	1	0	3713	2	0	3714
155001435	STR_L_CO_FOOD_MRESIST_50A	40001	310	1	0	3715	2	0	3716
155001436	STR_L_CO_FOOD_MAXMP_50A	40001	320	1	0	3717	2	0	3718
155001437	STR_L_CO_FOOD_ACCURACY_50A	40001	330	1	0	3719	2	0	3720
155001438	STR_L_CO_FOOD_HPREGEN_50A	40001	340	1	0	3721	2	0	3722
155001439	STR_L_CO_FOOD_DODGE_50A	40001	350	1	0	3723	2	0	3724
155001440	STR_L_CO_FOOD_MSBOOST_50A	40001	360	1	0	3725	2	0	3726
155001441	STR_L_CO_FOOD_PHYATTACK_50A	40001	370	1	0	3727	2	0	3728
155001442	STR_L_CO_FOOD_MPREGEN_50A	40001	380	1	0	3729	2	0	3730
155001443	STR_L_CO_FOOD_MAXHP_50A	40001	390	1	0	3731	2	0	3732
155001444	STR_L_CO_FOOD_2STATS_50A	40001	385	1	0	3733	2	0	3734
155001445	STR_L_CO_FOOD_2STATS_50B	40001	355	1	0	3735	2	0	3736
155001446	STR_L_CO_FOOD_2STATS_50C	40001	375	1	0	3737	2	0	3738
155001447	STR_L_CO_FOOD_2STATS_50D	40001	365	1	0	3739	2	0	3740
155001448	STR_L_CO_FOOD_2STATS_50E	40001	365	1	0	3741	2	0	3742
155001449	STR_L_CO_FOOD_2STATS_50F	40001	395	1	0	3743	2	0	3744
155001450	STR_L_CO_FOOD_2STATS_50G	40001	395	1	0	3745	2	0	3746
155001451	STR_L_CO_FOOD_2STATS_50H	40001	375	1	0	3747	2	0	3748
155001452	STR_L_CO_FOOD_3STATS_50B	40001	420	1	0	3749	2	0	3750
155001453	STR_L_CO_FOOD_3STATS_50C	40001	420	1	0	3751	2	0	3752
155001454	STR_L_CO_FOOD_3STATS_50D	40001	420	1	0	3753	2	0	3754
155001455	STR_L_CO_FOOD_3STATS_50E	40001	420	1	0	3755	2	0	3756
155001456	STR_L_CO_FOOD_3STATS_50F	40001	420	1	0	3757	2	0	3758
155001457	STR_L_CO_FOOD_3STATS_50G	40001	420	1	0	3759	2	0	3760
155001458	STR_L_CO_FOOD_3STATS_50H	40001	420	1	0	3761	2	0	3762
155001459	STR_L_CO_CO_PART_SIEGE_01A	40001	299	1	0	3763	1	0	3764
155001460	STR_L_CO_ITEM_ABYSS_LIGHT_SIEGE01	40001	299	1	0	1508	1	0	1509
155001461	STR_L_CO_FOOD_DR_2STATS_30A	40001	400	1	0	3765	2	0	3766
155001462	STR_L_CO_FOOD_DR_2STATS_30B	40001	400	1	0	3767	2	0	3768
155001463	STR_L_CO_FOOD_DR_2STATS_30C	40001	400	1	0	3769	2	0	3770
155001464	STR_L_CO_FOOD_DR_2STATS_30D	40001	400	1	0	3771	2	0	3772
155001465	STR_L_CO_FOOD_DR_2STATS_30E	40001	400	1	0	3773	2	0	3774
155001466	STR_L_CO_FOOD_DR_2STATS_30F	40001	400	1	0	3775	2	0	3776
155001467	STR_L_CO_FOOD_DR_2STATS_30G	40001	400	1	0	3777	2	0	3778
155001468	STR_L_CO_FOOD_DR_2STATS_30H	40001	400	1	0	3779	2	0	3780
155001469	STR_L_CO_FOOD_DR_2STATS_40A	40001	420	1	0	3781	2	0	3782
155001470	STR_L_CO_FOOD_DR_2STATS_40B	40001	420	1	0	3783	2	0	3784
155001471	STR_L_CO_FOOD_DR_2STATS_40C	40001	420	1	0	3785	2	0	3786
155001472	STR_L_CO_FOOD_DR_2STATS_40D	40001	420	1	0	3787	2	0	3788
155001473	STR_L_CO_FOOD_DR_2STATS_40E	40001	420	1	0	3789	2	0	3790
155001474	STR_L_CO_FOOD_DR_2STATS_40F	40001	420	1	0	3791	2	0	3792
155001475	STR_L_CO_FOOD_DR_2STATS_40G	40001	420	1	0	3793	2	0	3794
155001476	STR_L_CO_FOOD_DR_2STATS_40H	40001	420	1	0	3795	2	0	3796
155001477	STR_L_CO_FOOD_DR_3STATS_40A	40001	420	1	0	3797	2	0	3798
155001478	STR_L_CO_FOOD_DR_3STATS_40B	40001	420	1	0	3799	2	0	3800
155001479	STR_L_CO_FOOD_DR_3STATS_40C	40001	420	1	0	3801	2	0	3802
155001480	STR_L_CO_FOOD_DR_3STATS_40D	40001	420	1	0	3803	2	0	3804
155001481	STR_L_CO_FOOD_DR_3STATS_40E	40001	420	1	0	3805	2	0	3806
155001482	STR_L_CO_FOOD_DR_3STATS_40F	40001	420	1	0	3807	2	0	3808
155001483	STR_L_CO_FOOD_DR_3STATS_40G	40001	420	1	0	3809	2	0	3810
155001484	STR_L_CO_FOOD_DR_3STATS_40H	40001	420	1	0	3811	2	0	3812
155001485	STR_L_CO_FOOD_DR_2STATS_50A	40001	440	1	0	3813	2	0	3814
155001486	STR_L_CO_FOOD_DR_2STATS_50B	40001	440	1	0	3815	2	0	3816
155001487	STR_L_CO_FOOD_DR_2STATS_50C	40001	440	1	0	3817	2	0	3818
155001488	STR_L_CO_FOOD_DR_2STATS_50D	40001	440	1	0	3819	2	0	3820
155001489	STR_L_CO_FOOD_DR_2STATS_50E	40001	440	1	0	3821	2	0	3822
155001490	STR_L_CO_FOOD_DR_2STATS_50F	40001	440	1	0	3823	2	0	3824
155001491	STR_L_CO_FOOD_DR_2STATS_50G	40001	440	1	0	3825	2	0	3826
155001492	STR_L_CO_FOOD_DR_2STATS_50H	40001	440	1	0	3827	2	0	3828
155001493	STR_L_CO_FOOD_DR_3STATS_50A	40001	440	1	0	3829	2	0	3830
155001494	STR_L_CO_FOOD_DR_3STATS_50B	40001	440	1	0	3831	2	0	3832
155001495	STR_L_CO_FOOD_DR_3STATS_50C	40001	440	1	0	3833	2	0	3834
155001496	STR_L_CO_FOOD_DR_3STATS_50D	40001	440	1	0	3835	2	0	3836
155001497	STR_L_CO_FOOD_DR_3STATS_50E	40001	440	1	0	3837	2	0	3838
155001498	STR_L_CO_FOOD_DR_3STATS_50F	40001	440	1	0	3839	2	0	3840
155001499	STR_L_CO_FOOD_DR_3STATS_50G	40001	440	1	0	3841	2	0	3842
155001500	STR_L_CO_FOOD_DR_3STATS_50H	40001	440	1	0	3843	2	0	3844
155001501	STR_L_CO_FOOD_DPHEAL_40A	40001	420	1	0	3845	2	0	3846
155001502	STR_L_CO_FOOD_DPHEAL_50A	40001	440	1	0	3847	2	0	3848
155001503	STR_L_CO_FOOD_SPAKY_6_N	40001	95	1	0	3849	2	0	3850
155001504	STR_L_CO_FOOD_3C_FLYINGEYE_29_AE	40001	195	1	0	3851	2	0	3852
155001505	STR_L_CO_FOOD_DRAKYBABY_28_AN	40001	195	1	0	3853	2	0	3854
155001506	STR_L_CO_FOOD_GRIFFO_31_AN	40001	295	1	0	3855	2	0	3856
155001507	STR_L_CO_FOOD_AGRINTBABY_35_AN	40001	295	1	0	3857	2	0	3858
155001508	STR_L_CV_WS_MATERIAL_N_C_25A	40009	1	1	0	3859	3	200	3860
155001509	STR_L_CV_WS_MATERIAL_N_C_30A	40009	1	1	0	3861	3	200	3862
155001510	STR_L_CV_WS_MATERIAL_N_C_35A	40009	1	1	0	3863	3	200	3864
155001511	STR_L_CV_WS_MATERIAL_N_C_40A	40009	1	1	0	3865	3	200	3866
155001512	STR_L_CV_WS_MATERIAL_N_C_45A	40009	1	1	0	3867	3	200	3868
155001513	STR_L_CV_WS_MATERIAL_N_C_50A	40009	1	1	0	3869	3	200	3870
155001514	STR_L_CV_WS_MATERIAL_N_R_35A	40009	1	1	0	3871	3	200	3872
155001515	STR_L_CV_WS_MATERIAL_N_R_40A	40009	1	1	0	3873	3	200	3874
155001516	STR_L_CV_WS_MATERIAL_N_R_45A	40009	1	1	0	3875	3	200	3876
155001517	STR_L_CV_WS_MATERIAL_N_R_50A	40009	1	1	0	3877	3	200	3878
155001518	STR_L_CV_AS_MATERIAL_N_C_23A	40009	1	1	0	3879	3	200	3880
155001519	STR_L_CV_AS_MATERIAL_N_C_28A	40009	1	1	0	3881	3	200	3882
155001520	STR_L_CV_AS_MATERIAL_N_C_33A	40009	1	1	0	3883	3	200	3884
155001521	STR_L_CV_AS_MATERIAL_N_C_38A	40009	1	1	0	3885	3	200	3886
155001522	STR_L_CV_AS_MATERIAL_N_C_43A	40009	1	1	0	3887	3	200	3888
155001523	STR_L_CV_AS_MATERIAL_N_C_48A	40009	1	1	0	3889	3	200	3890
155001524	STR_L_CV_AS_MATERIAL_N_R_33A	40009	1	1	0	3891	3	200	3892
155001525	STR_L_CV_AS_MATERIAL_N_R_38A	40009	1	1	0	3893	3	200	3894
155001526	STR_L_CV_AS_MATERIAL_N_R_43A	40009	1	1	0	3895	3	200	3896
155001527	STR_L_CV_AS_MATERIAL_N_R_48A	40009	1	1	0	3897	3	200	3898
155001528	STR_L_CV_AS_MATERIAL_N_C_23B	40009	1	1	0	3899	3	200	3900
155001529	STR_L_CV_AS_MATERIAL_N_C_28B	40009	1	1	0	3901	3	200	3902
155001530	STR_L_CV_AS_MATERIAL_N_C_33B	40009	1	1	0	3903	3	200	3904
155001531	STR_L_CV_AS_MATERIAL_N_C_38B	40009	1	1	0	3905	3	200	3906
155001532	STR_L_CV_AS_MATERIAL_N_C_43B	40009	1	1	0	3907	3	200	3908
155001533	STR_L_CV_AS_MATERIAL_N_C_48B	40009	1	1	0	3909	3	200	3910
155001534	STR_L_CV_AS_MATERIAL_N_R_33B	40009	1	1	0	3911	3	200	3912
155001535	STR_L_CV_AS_MATERIAL_N_R_38B	40009	1	1	0	3913	3	200	3914
155001536	STR_L_CV_AS_MATERIAL_N_R_43B	40009	1	1	0	3915	3	200	3916
155001537	STR_L_CV_AS_MATERIAL_N_R_48B	40009	1	1	0	3917	3	200	3918
155001538	STR_L_WS_MACE_N_R1_S_49A	40002	385	1	0	3919	1	0	3920
155001539	STR_L_WS_2HSWORD_N_L1_S_48A	40002	375	1	0	3921	1	0	3922
155001540	STR_L_WS_DAGGER_N_L1_S_47A	40002	365	1	0	3923	1	0	3924
155001541	STR_L_AS_CH_GLOVE_N_R1_S_47A	40003	365	1	0	3925	1	0	3926
155001542	STR_L_AS_PL_GLOVE_N_R1_S_47A	40003	365	1	0	3927	1	0	3928
155001543	STR_L_AS_SHIELD_N_L1_S_48A	40003	375	1	0	3929	1	0	3930
155001544	STR_L_AS_CH_GLOVE_N_L1_S_49A	40003	385	1	0	3931	1	0	3932
155001545	STR_L_AS_PL_GLOVE_N_L1_S_49A	40003	385	1	0	3933	1	0	3934
155001546	STR_L_TA_BELT_N_L1_S_50A	40004	385	1	0	3935	1	0	3936
155001547	STR_L_TA_LT_SHOES_N_L1_S_47A	40004	365	1	0	3937	1	0	3938
155001548	STR_L_TA_LT_PANTS_N_L1_S_47A	40004	365	1	0	3939	1	0	3940
155001549	STR_L_TA_RB_TORSO_N_R1_S_46A	40004	365	1	0	3941	1	0	3942
155001550	STR_L_TA_AC_HEAD_N_R1_GB_45A	40004	350	1	0	3943	1	0	3944
155001551	STR_L_TA_BELT_N_L1_S_47B	40004	375	1	0	3945	1	0	3946
155001552	STR_L_TA_RB_PANTS_N_L1_S_50A	40004	385	1	0	3947	1	0	3948
155001553	STR_L_HA_EARRING_N_R1_S_47A	40008	365	1	0	3949	1	0	3950
155001554	STR_L_HA_AC_HEAD_N_R1_AG_45A	40008	350	1	0	3951	1	0	3952
155001555	STR_L_HA_RING_N_L1_S_48A	40008	375	1	0	3953	1	0	3954
155001556	STR_L_HA_EARRING_N_L1_S_48A	40008	375	1	0	3955	1	0	3956
155001557	STR_L_HA_EARRING_N_L1_S_47A	40008	365	1	0	3957	1	0	3958
155001558	STR_L_HA_BOW_N_R1_S_47A	40008	365	1	0	3959	1	0	3960
155001559	STR_L_HA_STAFF_N_L1_S_47A	40008	375	1	0	3961	1	0	3962
155001560	STR_L_AL_BOOK_N_R1_S_46A	40007	355	1	0	3963	1	0	3964
155001561	STR_L_AL_ORB_N_L1_S_48A	40007	375	1	0	3965	1	0	3966
155001562	STR_L_AL_BOOK_N_L1_S_50A	40007	385	1	0	3967	1	0	3968
155001563	STR_L_CO_FOOD_2STATS_S_50I	40001	385	1	0	3969	2	0	3970
155001564	STR_L_CO_FOOD_2STATS_S_50J	40001	365	1	0	3971	2	0	3972
155001565	STR_L_CO_FOOD_DBROWNIEL	40001	295	1	0	3973	2	0	3974
155001566	STR_L_CO_FOOD_KRALLSCOUTL	40001	295	1	0	3975	2	0	3976
155001567	STR_L_AS_PL_SHOUL_N_L1_S_49A	40003	385	1	0	3977	1	0	3932
155001568	STR_L_AS_CH_GLOVE_N_L1_S_47A	40003	365	1	0	3978	1	0	3979
155001569	STR_L_AS_CH_SHOUL_N_L1_S_47A	40003	365	1	0	3980	1	0	3979
155001570	STR_L_TA_LT_HEAD_N_L1_S_50A	40004	385	1	0	3981	1	0	3982
155001571	STR_L_TA_RB_HEAD_N_L1_S_47A	40004	375	1	0	3983	1	0	3984
155001572	STR_L_TA_RB_SHOES_N_L1_S_50A	40004	385	1	0	3985	1	0	3986
155001573	STR_L_HA_RING_N_L1_S_47A	40008	365	1	0	3987	1	0	3988
155001574	STR_L_WS_SWORD_N_R2_H_44A	40002	340	1	0	3989	1	0	3990
155001575	STR_L_WS_POLEARM_N_R2_H_44A	40002	340	1	0	3991	1	0	3992
155001576	STR_L_HA_BOW_N_R2_H_44A	40008	340	1	0	3993	1	0	3994
155001577	STR_L_HA_SHIELD_N_R2_H_44A	40008	340	1	0	3995	1	0	3996
155001578	STR_L_HA_ORB_N_R2_H_44A	40008	340	1	0	3997	1	0	3998
155001579	STR_L_AL_BOOK_N_R2_H_44A	40007	340	1	0	3999	1	0	4000
155001580	STR_L_AL_STAFF_N_R2_H_44A	40007	340	1	0	4001	1	0	4002
155001581	STR_L_CO_DAGGER_N_R2_H_44A	40001	340	1	0	4003	1	0	4004
155001582	STR_L_CO_MACE_N_R2_H_44A	40001	340	1	0	4005	1	0	4006
155001583	STR_L_CO_2HSWORD_N_R2_H_44A	40001	340	1	0	4007	1	0	4008
155001584	STR_L_CV_WS_MATERIAL_N_L_45A	40009	1	1	0	4009	3	200	4010
155001585	STR_L_CV_WS_MATERIAL_N_L_50A	40009	1	1	0	4011	3	200	4012
155001586	STR_L_CV_AS_MATERIAL_N_L_43A	40009	1	1	0	4013	3	200	4014
155001587	STR_L_CV_AS_MATERIAL_N_L_48A	40009	1	1	0	4015	3	200	4016
155001588	STR_L_CV_AS_MATERIAL_N_L_43B	40009	1	1	0	4017	3	200	4018
155001589	STR_L_CV_AS_MATERIAL_N_L_48B	40009	1	1	0	4019	3	200	4020
155001590	STR_L_CV_CV_METAL_N_U_S_40A	40009	1	1	0	4021	1	4000	4022
155001591	STR_L_WS_MACE_N_U1_S_44A	40002	440	1	0	4023	1	0	4024
155001592	STR_L_WS_DAGGER_N_U1_S_50A	40002	449	1	0	4025	1	0	4026
155001593	STR_L_WS_POLEARM_N_U1_S_50A	40002	449	1	0	4027	1	0	4026
155001594	STR_L_WS_2HSWORD_N_U1_S_50A	40002	449	1	0	4028	1	0	4029
155001595	STR_L_WS_SWORD_N_U1_S_50A	40002	449	1	0	4030	1	0	4031
155001596	STR_L_WS_DEVANION_MASTER_01A	40002	449	1	0	4032	1	0	4033
155001597	STR_L_AS_SHIELD_N_U1_S_43A	40003	440	1	0	4034	1	0	4035
155001598	STR_L_AS_CH_PANTS_N_U1_S_50A	40003	449	1	0	4036	1	0	4037
155001599	STR_L_AS_CH_HEAD_N_U1_S_50A	40003	449	1	0	4038	1	0	4039
155001600	STR_L_AS_PL_GLOVE_N_U1_S_50A	40003	449	1	0	4040	1	0	4041
155001601	STR_L_AS_PL_HEAD_N_U1_S_50A	40003	449	1	0	4042	1	0	4043
155001602	STR_L_AS_CH_TORSO_N_U1_S_50A	40003	449	1	0	4044	1	0	4045
155001603	STR_L_AS_PL_SHOUL_N_U1_S_50A	40003	449	1	0	4046	1	0	4047
155001604	STR_L_AS_SHIELD_N_U1_S_50A	40003	449	1	0	4048	1	0	4049
155001605	STR_L_AS_CH_SHOES_N_L2_S_50A	40003	430	1	0	4050	1	0	4051
155001606	STR_L_AS_CH_GLOVE_N_L2_S_50A	40003	430	1	0	4052	1	0	4051
155001607	STR_L_AS_CH_SHOUL_N_L2_S_50A	40003	430	1	0	4053	1	0	4051
155001608	STR_L_AS_CH_PANTS_N_L2_S_50A	40003	430	1	0	4054	1	0	4055
155001609	STR_L_AS_CH_TORSO_N_L2_S_50A	40003	430	1	0	4056	1	0	4057
155001610	STR_L_AS_PL_SHOES_N_L2_S_50A	40003	430	1	0	4058	1	0	4059
155001611	STR_L_AS_PL_GLOVE_N_L2_S_50A	40003	430	1	0	4060	1	0	4059
155001612	STR_L_AS_PL_SHOUL_N_L2_S_50A	40003	430	1	0	4061	1	0	4059
155001613	STR_L_AS_PL_PANTS_N_L2_S_50A	40003	430	1	0	4062	1	0	4063
155001614	STR_L_AS_PL_TORSO_N_L2_S_50A	40003	430	1	0	4064	1	0	4065
155001615	STR_L_AS_DEVANION_MASTER_01A	40003	449	1	0	4032	1	0	4033
155001616	STR_L_TA_LT_SHOUL_N_U1_S_50A	40004	449	1	0	4066	1	0	4067
155001617	STR_L_TA_LT_TORSO_N_U1_S_50A	40004	449	1	0	4068	1	0	4069
155001618	STR_L_TA_LT_GLOVE_N_U1_S_50A	40004	449	1	0	4070	1	0	4071
155001619	STR_L_TA_LT_SHOES_N_L2_S_50A	40004	430	1	0	4072	1	0	4073
155001620	STR_L_TA_LT_GLOVE_N_L2_S_50A	40004	430	1	0	4074	1	0	4073
155001621	STR_L_TA_LT_SHOUL_N_L2_S_50A	40004	430	1	0	4075	1	0	4073
155001622	STR_L_TA_LT_PANTS_N_L2_S_50A	40004	430	1	0	4076	1	0	4077
155001623	STR_L_TA_LT_TORSO_N_L2_S_50A	40004	430	1	0	4078	1	0	4079
155001624	STR_L_TA_RB_SHOES_N_U1_S_50A	40004	449	1	0	4080	1	0	4081
155001625	STR_L_TA_RB_PANTS_N_U1_S_50A	40004	449	1	0	4082	1	0	4083
155001626	STR_L_TA_RB_HEAD_N_U1_S_50A	40004	449	1	0	4084	1	0	4085
155001627	STR_L_TA_RB_SHOES_N_L2_S_50B	40004	430	1	0	4086	1	0	4087
155001628	STR_L_TA_RB_GLOVE_N_L2_S_50B	40004	430	1	0	4088	1	0	4087
155001629	STR_L_TA_RB_SHOUL_N_L2_S_50A	40004	430	1	0	4089	1	0	4087
155001630	STR_L_TA_RB_PANTS_N_L2_S_50B	40004	430	1	0	4090	1	0	4091
155001631	STR_L_TA_RB_TORSO_N_L2_S_50A	40004	430	1	0	4092	1	0	4093
155001632	STR_L_TA_DEVANION_MASTER_01A	40004	449	1	0	4032	1	0	4033
155001633	STR_L_HA_NECKLACE_N_U1_S_44A	40008	440	1	0	4094	1	0	4095
155001634	STR_L_HA_RING_N_U1_S_50A	40008	449	1	0	4096	1	0	4097
155001635	STR_L_HA_EARRING_N_U1_S_50A	40008	449	1	0	4098	1	0	4099
155001636	STR_L_HA_BOW_N_U1_S_44A	40008	440	1	0	4100	1	0	4101
155001637	STR_L_HA_BOW_N_U1_S_50A	40008	449	1	0	4102	1	0	4103
155001638	STR_L_HA_STAFF_N_U1_S_50A	40008	449	1	0	4104	1	0	4105
155001639	STR_L_HA_DEVANION_MASTER_01A	40008	449	1	0	4032	1	0	4033
155001640	STR_L_AL_BOOK_N_U1_S_44A	40007	440	1	0	4106	1	0	4107
155001641	STR_L_AL_BOOK_N_U1_S_50A	40007	449	1	0	4108	1	0	4109
155001642	STR_L_AL_ORB_N_U1_S_50A	40007	449	1	0	4110	1	0	4105
155001643	STR_L_AL_DEVANION_MASTER_01A	40007	449	1	0	4032	1	0	4033
155001644	STR_L_CO_DEVANION_MASTER_01A	40001	449	1	0	4032	1	0	4033
155001645	STR_L_WS_MACE_N_U1_S_50A	40002	449	1	0	4111	1	0	4112
155001646	STR_L_CV_METAL_N_R_20A	40009	1	1	0	4113	2	200	4114
155001647	STR_L_CV_HERB_N_R_20A	40009	1	1	0	4115	3	200	4114
155001648	STR_L_CV_NOBLEMETAL_N_R_20A	40009	1	1	0	4116	1	200	4114
155001649	STR_L_CV_HERB_N_R_20B	40009	1	1	0	4117	3	200	4114
155001650	STR_L_CV_METAL_N_R_30A	40009	1	1	0	4118	2	200	4119
155001651	STR_L_CV_METAL_N_L_30A	40009	1	1	0	4120	2	200	4121
155001652	STR_L_CV_NOBLEMETAL_N_R_30A	40009	1	1	0	4122	1	200	4119
155001653	STR_L_CV_NOBLEMETAL_N_L_30A	40009	1	1	0	4123	1	200	4121
155001654	STR_L_CV_JEWELRY_N_R_30A	40009	1	1	0	4124	1	200	4125
155001655	STR_L_CV_HERB_N_R_30A	40009	1	1	0	4126	3	200	4119
155001656	STR_L_CV_JEWELRY_N_R_30B	40009	1	1	0	4127	1	200	4125
155001657	STR_L_CV_HERB_N_R_30B	40009	1	1	0	4128	3	200	4119
155001658	STR_L_CV_JEWELRY_N_R_30C	40009	1	1	0	4129	1	200	4125
155001659	STR_L_CV_METAL_N_R_40A	40009	1	1	0	4130	2	200	4131
155001660	STR_L_CV_METAL_N_L_40A	40009	1	1	0	4132	2	200	4133
155001661	STR_L_CV_METAL_N_U_40A	40009	1	1	0	4134	2	200	4135
155001662	STR_L_CV_HERB_N_R_40A	40009	1	1	0	4136	3	200	4131
155001663	STR_L_CV_JEWELRY_N_R_40A	40009	1	1	0	4137	1	200	4138
155001664	STR_L_CV_NOBLEMETAL_N_R_40A	40009	1	1	0	4139	1	200	4131
155001665	STR_L_CV_NOBLEMETAL_N_L_40A	40009	1	1	0	4140	1	200	4133
155001666	STR_L_CV_NOBLEMETAL_N_U_40A	40009	1	1	0	4141	1	200	4135
155001667	STR_L_CV_JEWELRY_N_R_40B	40009	1	1	0	4142	1	200	4138
155001668	STR_L_CV_HERB_N_R_40B	40009	1	1	0	4143	3	200	4131
155001669	STR_L_CV_JEWELRY_N_R_40C	40009	1	1	0	4144	1	200	4138
155001670	STR_L_CV_METAL_N_C_50A	40009	1	1	0	4145	2	200	4146
155001671	STR_L_CV_METAL_N_R_50A	40009	1	1	0	4147	2	200	4148
155001672	STR_L_CV_METAL_N_L_50A	40009	1	1	0	4149	2	200	4150
155001673	STR_L_CV_METAL_N_U_50A	40009	1	1	0	4151	2	200	4152
155001674	STR_L_CV_VEGETABLE_N_C_50A	40009	1	1	0	4153	3	200	4146
155001675	STR_L_CV_PLANT_N_C_50A	40009	1	1	0	4154	2	200	4146
155001676	STR_L_CV_JEWELRY_N_C_50B	40009	1	1	0	4155	1	200	4156
155001677	STR_L_CV_JEWELRY_N_R_50B	40009	1	1	0	4157	1	200	4158
155001678	STR_L_CV_JEWELRY_N_L_50B	40009	1	1	0	4159	1	200	4160
155001679	STR_L_CV_HERB_N_C_50A	40009	1	1	0	4161	3	200	4146
155001680	STR_L_CV_HERB_N_R_50A	40009	1	1	0	4162	3	200	4148
155001681	STR_L_CV_BERRY_N_C_50A	40009	1	1	0	4163	3	200	4146
155001682	STR_L_CV_SHELL_N_C_50A	40009	1	1	0	4164	3	200	4146
155001683	STR_L_CV_FISH_N_C_50A	40009	1	1	0	4165	3	200	4146
155001684	STR_L_CV_JEWELRY_N_C_50A	40009	1	1	0	4166	1	200	4156
155001685	STR_L_CV_JEWELRY_N_R_50A	40009	1	1	0	4167	1	200	4158
155001686	STR_L_CV_JEWELRY_N_L_50A	40009	1	1	0	4168	1	200	4160
155001687	STR_L_CV_VEGETABLE_N_C_50B	40009	1	1	0	4169	3	200	4146
155001688	STR_L_CV_NOBLEMETAL_N_C_50A	40009	1	1	0	4170	1	200	4146
155001689	STR_L_CV_NOBLEMETAL_N_R_50A	40009	1	1	0	4171	1	200	4148
155001690	STR_L_CV_NOBLEMETAL_N_L_50A	40009	1	1	0	4172	1	200	4150
155001691	STR_L_CV_NOBLEMETAL_N_U_50A	40009	1	1	0	4173	1	200	4152
155001692	STR_L_CV_HERB_N_C_50B	40009	1	1	0	4174	3	200	4146
155001693	STR_L_CV_HERB_N_R_50B	40009	1	1	0	4175	3	200	4148
155001694	STR_L_CV_SHELL_N_C_50B	40009	1	1	0	4176	3	200	4146
155001695	STR_L_CV_TREE_N_C_50A	40009	1	1	0	4177	2	200	4146
155001696	STR_L_CV_VEGETABLE_N_C_50C	40009	1	1	0	4178	3	200	4146
155001697	STR_L_CV_BERRY_N_C_50B	40009	1	1	0	4179	3	200	4146
155001698	STR_L_CV_FISH_N_C_50B	40009	1	1	0	4180	3	200	4146
155001699	STR_L_CV_JEWELRY_N_C_50C	40009	1	1	0	4181	1	200	4156
155001700	STR_L_CV_JEWELRY_N_R_50C	40009	1	1	0	4182	1	200	4158
155001701	STR_L_CV_JEWELRY_N_L_50C	40009	1	1	0	4183	1	200	4160
155001702	STR_L_CV_RAWHIDE_N_C_05A	40009	1	1	0	4184	2	200	4146
155001703	STR_L_CV_SOULSTONE_N_C_05A	40009	1	1	0	4185	2	200	4146
155001704	STR_L_CV_WS_MATERIAL_N_C_55A	40009	1	1	0	4186	3	200	4187
155001705	STR_L_CV_WS_MATERIAL_N_R_55A	40009	1	1	0	4188	3	200	4189
155001706	STR_L_CV_WS_MATERIAL_N_L_55A	40009	1	1	0	4190	3	200	4191
155001707	STR_L_CV_WS_MATERIAL_N_U_55A	40009	1	1	0	4192	3	200	4193
155001708	STR_L_CV_AS_MATERIAL_N_C_53A	40009	1	1	0	4194	3	200	4195
155001709	STR_L_CV_AS_MATERIAL_N_R_53A	40009	1	1	0	4196	3	200	4197
155001710	STR_L_CV_AS_MATERIAL_N_L_53A	40009	1	1	0	4198	3	200	4199
155001711	STR_L_CV_AS_MATERIAL_N_U_53A	40009	1	1	0	4200	3	200	4201
155001712	STR_L_CV_AS_MATERIAL_N_C_53B	40009	1	1	0	4202	3	200	4203
155001713	STR_L_CV_AS_MATERIAL_N_R_53B	40009	1	1	0	4204	3	200	4205
155001714	STR_L_CV_AS_MATERIAL_N_L_53B	40009	1	1	0	4206	3	200	4207
155001715	STR_L_CV_AS_MATERIAL_N_U_53B	40009	1	1	0	4208	3	200	4209
155001716	STR_L_WS_WS_PART_BAUXI_01A	40002	400	1	0	4210	1	0	4211
155001717	STR_L_WS_WS_PART_BAUXI_02A	40002	405	1	0	4212	1	0	4213
155001718	STR_L_WS_WS_PART_BAUXI_03A	40002	410	1	0	4214	1	0	4215
155001719	STR_L_WS_DAGGER_N_C2_P_55A	40002	410	1	0	4216	1	0	4217
155001720	STR_L_WS_SWORD_N_C2_P_55A	40002	420	1	0	4218	1	0	4217
155001721	STR_L_WS_MACE_N_C2_P_55A	40002	430	1	0	4219	1	0	4217
155001722	STR_L_WS_2HSWORD_N_C2_P_55A	40002	440	1	0	4220	1	0	4217
155001723	STR_L_WS_POLEARM_N_C2_P_55A	40002	449	1	0	4221	1	0	4217
155001724	STR_L_WS_DAGGER_N_R2_P_55A	40002	410	1	0	4222	1	0	4223
155001725	STR_L_WS_SWORD_N_R2_P_55A	40002	420	1	0	4224	1	0	4225
155001726	STR_L_WS_MACE_N_R2_P_55A	40002	430	1	0	4226	1	0	4227
155001727	STR_L_WS_2HSWORD_N_R2_P_55A	40002	440	1	0	4228	1	0	4229
155001728	STR_L_WS_POLEARM_N_R2_P_55A	40002	449	1	0	4230	1	0	4231
155001729	STR_L_WS_DAGGER_N_L2_P_55A	40002	410	1	0	4232	1	0	4233
155001730	STR_L_WS_SWORD_N_L2_P_55A	40002	420	1	0	4234	1	0	4235
155001731	STR_L_WS_MACE_N_L2_P_55A	40002	430	1	0	4236	1	0	4237
155001732	STR_L_WS_2HSWORD_N_L2_P_55A	40002	440	1	0	4238	1	0	4239
155001733	STR_L_WS_POLEARM_N_L2_P_55A	40002	449	1	0	4240	1	0	4241
155001734	STR_L_WS_DAGGER_N_U2_P_55A	40002	500	1	0	4242	1	0	4243
155001735	STR_L_WS_SWORD_N_U2_P_55A	40002	500	1	0	4244	1	0	4245
155001736	STR_L_WS_MACE_N_U2_P_55A	40002	500	1	0	4246	1	0	4247
155001737	STR_L_WS_2HSWORD_N_U2_P_55A	40002	500	1	0	4248	1	0	4249
155001738	STR_L_WS_POLEARM_N_U2_P_55A	40002	500	1	0	4250	1	0	4251
155001739	STR_L_WS_DAGGER_N_E2_M_55A	40002	500	1	1	4252	1	0	4253
155001740	STR_L_WS_SWORD_N_E2_M_55A	40002	500	1	1	4254	1	0	4255
155001741	STR_L_WS_MACE_N_E2_M_55A	40002	500	1	1	4256	1	0	4257
155001742	STR_L_WS_2HSWORD_N_E2_M_55A	40002	500	1	1	4258	1	0	4259
155001743	STR_L_WS_POLEARM_N_E2_M_55A	40002	500	1	1	4260	1	0	4261
155001744	STR_L_WS_QUEST_SKILL_WEAPON_450	40002	499	1	1	4262	1	0	4263
155001745	STR_L_WS_QUEST_SKILL_WEAPON_500	40002	499	1	1	4264	1	0	4265
155001746	STR_L_WS_SWORD_N_U1_S_52A	40002	440	1	0	4266	1	0	4267
155001747	STR_L_WS_MACE_N_U1_S_52A	40002	440	1	0	4268	1	0	4267
155001748	STR_L_WS_POLEARM_N_U1_S_52A	40002	440	1	0	4269	1	0	4270
155001749	STR_L_WS_WS_PART_DRA_551A	40002	450	1	0	4271	1	0	4272
155001750	STR_L_WS_WS_PART_DRA_552A	40002	460	1	0	4273	1	0	4274
155001751	STR_L_WS_WS_PART_DRA_553A	40002	470	1	0	4275	1	0	4276
155001752	STR_L_WS_COMBINESKILL_ALL_01A	40002	500	1	0	4277	1	0	4278
155001753	STR_L_WS_DAGGER_D_R2_P_55A	40002	480	1	0	4279	1	0	4280
155001754	STR_L_WS_SWORD_D_R2_P_55A	40002	480	1	0	4281	1	0	4280
155001755	STR_L_WS_MACE_D_R2_P_55A	40002	480	1	0	4282	1	0	4280
155001756	STR_L_WS_2HSWORD_D_R2_P_55A	40002	480	1	0	4283	1	0	4280
155001757	STR_L_WS_POLEARM_D_R2_P_55A	40002	480	1	0	4284	1	0	4280
155001758	STR_L_WS_DAGGER_D_L2_P_55A	40002	490	1	0	4285	1	0	4286
155001759	STR_L_WS_SWORD_D_L2_P_55A	40002	490	1	0	4287	1	0	4288
155001760	STR_L_WS_MACE_D_L2_P_55A	40002	490	1	0	4289	1	0	4290
155001761	STR_L_WS_2HSWORD_D_L2_P_55A	40002	490	1	0	4291	1	0	4292
155001762	STR_L_WS_POLEARM_D_L2_P_55A	40002	490	1	0	4293	1	0	4294
155001763	STR_L_WS_DAGGER_D_U2_P_55A	40002	500	1	0	4295	1	0	4296
155001764	STR_L_WS_SWORD_D_U2_P_55A	40002	500	1	0	4297	1	0	4298
155001765	STR_L_WS_MACE_D_U2_P_55A	40002	500	1	0	4299	1	0	4300
155001766	STR_L_WS_2HSWORD_D_U2_P_55A	40002	500	1	0	4301	1	0	4302
155001767	STR_L_WS_POLEARM_D_U2_P_55A	40002	500	1	0	4303	1	0	4304
155001768	STR_L_AS_WS_PART_BAUXI_01A	40003	400	1	0	4210	1	0	4211
155001769	STR_L_AS_AS_PART_BAUXI_01A	40003	405	1	0	4305	1	0	4213
155001770	STR_L_AS_AS_PART_BAUXI_02A	40003	405	1	0	4306	1	0	4307
155001771	STR_L_AS_AS_PART_BAUXI_01B	40003	410	1	0	4308	1	0	4309
155001772	STR_L_AS_AS_PART_BAUXI_02B	40003	410	1	0	4310	1	0	4311
155001773	STR_L_AS_AS_PART_BAUXI_03A	40003	405	1	0	4312	1	0	4307
155001774	STR_L_AS_AS_PART_BAUXI_04A	40003	405	1	0	4313	1	0	4314
155001775	STR_L_AS_AS_PART_BAUXI_05A	40003	405	1	0	4315	1	0	4215
155001776	STR_L_AS_AS_PART_BAUXI_03B	40003	410	1	0	4316	1	0	4317
155001777	STR_L_AS_AS_PART_BAUXI_04B	40003	410	1	0	4318	1	0	4319
155001778	STR_L_AS_AS_PART_BAUXI_05B	40003	410	1	0	4320	1	0	4321
155001779	STR_L_AS_CH_SHOES_N_C2_P_53A	40003	410	1	0	4322	1	0	4323
155001780	STR_L_AS_CH_GLOVE_N_C2_P_53A	40003	420	1	0	4324	1	0	4323
155001781	STR_L_AS_CH_SHOUL_N_C2_P_53A	40003	430	1	0	4325	1	0	4323
155001782	STR_L_AS_CH_PANTS_N_C2_P_53A	40003	440	1	0	4326	1	0	4327
155001783	STR_L_AS_CH_TORSO_N_C2_P_53A	40003	449	1	0	4328	1	0	4329
155001784	STR_L_AS_CH_HEAD_N_C2_P_53A	40003	440	1	0	4330	1	0	4331
155001785	STR_L_AS_PL_SHOES_N_C2_P_53A	40003	410	1	0	4332	1	0	4333
155001786	STR_L_AS_PL_GLOVE_N_C2_P_53A	40003	420	1	0	4334	1	0	4333
155001787	STR_L_AS_PL_SHOUL_N_C2_P_53A	40003	430	1	0	4335	1	0	4333
155001788	STR_L_AS_PL_PANTS_N_C2_P_53A	40003	440	1	0	4336	1	0	4337
155001789	STR_L_AS_PL_TORSO_N_C2_P_53A	40003	449	1	0	4338	1	0	4339
155001790	STR_L_AS_PL_HEAD_N_C2_P_53A	40003	440	1	0	4340	1	0	4341
155001791	STR_L_AS_SHIELD_N_C2_P_55A	40003	449	1	0	4342	1	0	4343
155001792	STR_L_AS_CH_SHOES_N_R2_P_53A	40003	410	1	0	4344	1	0	4345
155001793	STR_L_AS_CH_GLOVE_N_R2_P_53A	40003	420	1	0	4346	1	0	4345
155001794	STR_L_AS_CH_SHOUL_N_R2_P_53A	40003	430	1	0	4347	1	0	4345
155001795	STR_L_AS_CH_PANTS_N_R2_P_53A	40003	440	1	0	4348	1	0	4349
155001796	STR_L_AS_CH_TORSO_N_R2_P_53A	40003	449	1	0	4350	1	0	4351
155001797	STR_L_AS_CH_HEAD_N_R2_P_53A	40003	440	1	0	4352	1	0	4353
155001798	STR_L_AS_PL_SHOES_N_R2_P_53A	40003	410	1	0	4354	1	0	4355
155001799	STR_L_AS_PL_GLOVE_N_R2_P_53A	40003	420	1	0	4356	1	0	4355
155001800	STR_L_AS_PL_SHOUL_N_R2_P_53A	40003	430	1	0	4357	1	0	4355
155001801	STR_L_AS_PL_PANTS_N_R2_P_53A	40003	440	1	0	4358	1	0	4359
155001802	STR_L_AS_PL_TORSO_N_R2_P_53A	40003	449	1	0	4360	1	0	4361
155001803	STR_L_AS_PL_HEAD_N_R2_P_53A	40003	440	1	0	4362	1	0	4363
155001804	STR_L_AS_SHIELD_N_R2_P_55A	40003	449	1	0	4364	1	0	4365
155001805	STR_L_AS_CH_SHOES_N_L2_P_53A	40003	410	1	0	4366	1	0	4367
155001806	STR_L_AS_CH_GLOVE_N_L2_P_53A	40003	420	1	0	4368	1	0	4367
155001807	STR_L_AS_CH_SHOUL_N_L2_P_53A	40003	430	1	0	4369	1	0	4367
155001808	STR_L_AS_CH_PANTS_N_L2_P_53A	40003	440	1	0	4370	1	0	4371
155001809	STR_L_AS_CH_TORSO_N_L2_P_53A	40003	449	1	0	4372	1	0	4373
155001810	STR_L_AS_CH_HEAD_N_L2_P_53A	40003	440	1	0	4374	1	0	4375
155001811	STR_L_AS_PL_SHOES_N_L2_P_53A	40003	410	1	0	4376	1	0	4377
155001812	STR_L_AS_PL_GLOVE_N_L2_P_53A	40003	420	1	0	4378	1	0	4377
155001813	STR_L_AS_PL_SHOUL_N_L2_P_53A	40003	430	1	0	4379	1	0	4377
155001814	STR_L_AS_PL_PANTS_N_L2_P_53A	40003	440	1	0	4380	1	0	4381
155001815	STR_L_AS_PL_TORSO_N_L2_P_53A	40003	449	1	0	4382	1	0	4383
155001816	STR_L_AS_PL_HEAD_N_L2_P_53A	40003	440	1	0	4384	1	0	4385
155001817	STR_L_AS_SHIELD_N_L2_P_55A	40003	449	1	0	4386	1	0	4387
155001818	STR_L_AS_CH_SHOES_N_U2_P_53A	40003	500	1	0	4388	1	0	4389
155001819	STR_L_AS_CH_GLOVE_N_U2_P_53A	40003	500	1	0	4390	1	0	4389
155001820	STR_L_AS_CH_SHOUL_N_U2_P_53A	40003	500	1	0	4391	1	0	4389
155001821	STR_L_AS_CH_PANTS_N_U2_P_53A	40003	500	1	0	4392	1	0	4393
155001822	STR_L_AS_CH_TORSO_N_U2_P_53A	40003	500	1	0	4394	1	0	4395
155001823	STR_L_AS_CH_HEAD_N_U2_P_53A	40003	500	1	0	4396	1	0	4397
155001824	STR_L_AS_PL_SHOES_N_U2_P_53A	40003	500	1	0	4398	1	0	4399
155001825	STR_L_AS_PL_GLOVE_N_U2_P_53A	40003	500	1	0	4400	1	0	4399
155001826	STR_L_AS_PL_SHOUL_N_U2_P_53A	40003	500	1	0	4401	1	0	4399
155001827	STR_L_AS_PL_PANTS_N_U2_P_53A	40003	500	1	0	4402	1	0	4403
155001828	STR_L_AS_PL_TORSO_N_U2_P_53A	40003	500	1	0	4404	1	0	4405
155001829	STR_L_AS_PL_HEAD_N_U2_P_53A	40003	500	1	0	4406	1	0	4407
155001830	STR_L_AS_SHIELD_N_U2_P_55A	40003	500	1	0	4408	1	0	4409
155001831	STR_L_AS_CH_SHOES_N_E2_M_53A	40003	500	1	1	4410	1	0	4411
155001832	STR_L_AS_CH_GLOVE_N_E2_M_53A	40003	500	1	1	4412	1	0	4413
155001833	STR_L_AS_CH_SHOUL_N_E2_M_53A	40003	500	1	1	4414	1	0	4415
155001834	STR_L_AS_CH_PANTS_N_E2_M_53A	40003	500	1	1	4416	1	0	4417
155001835	STR_L_AS_CH_TORSO_N_E2_M_53A	40003	500	1	1	4418	1	0	4419
155001836	STR_L_AS_CH_HEAD_N_E2_M_53A	40003	500	1	1	4420	1	0	4421
155001837	STR_L_AS_PL_SHOES_N_E2_M_53A	40003	500	1	1	4422	1	0	4423
155001838	STR_L_AS_PL_GLOVE_N_E2_M_53A	40003	500	1	1	4424	1	0	4425
155001839	STR_L_AS_PL_SHOUL_N_E2_M_53A	40003	500	1	1	4426	1	0	4427
155001840	STR_L_AS_PL_PANTS_N_E2_M_53A	40003	500	1	1	4428	1	0	4429
155001841	STR_L_AS_PL_TORSO_N_E2_M_53A	40003	500	1	1	4430	1	0	4431
155001842	STR_L_AS_PL_HEAD_N_E2_M_53A	40003	500	1	1	4432	1	0	4433
155001843	STR_L_AS_SHIELD_N_E2_M_55A	40003	500	1	1	4434	1	0	4435
155001844	STR_L_AS_QUEST_SKILL_ARMOR_450	40003	499	1	1	4436	1	0	4437
155001845	STR_L_AS_QUEST_SKILL_ARMOR_500	40003	499	1	1	4438	1	0	4439
155001846	STR_L_AS_CH_HEAD_N_L1_S_51A	40003	420	1	0	4440	1	0	4441
155001847	STR_L_AS_PL_HEAD_N_L1_S_51A	40003	420	1	0	4442	1	0	4443
155001848	STR_L_AS_CH_SHOES_N_U1_S_54A	40003	480	1	0	4444	1	0	4445
155001849	STR_L_AS_CH_PANTS_N_U1_S_54A	40003	480	1	0	4446	1	0	4447
155001850	STR_L_AS_PL_TORSO_N_U1_S_54A	40003	480	1	0	4448	1	0	4449
155001851	STR_L_AS_SHIELD_N_U1_S_52A	40003	440	1	0	4450	1	0	4451
155001852	STR_L_AS_WS_PART_DRA_551A	40003	450	1	0	4271	1	0	4272
155001853	STR_L_AS_WS_PART_DRA_552A	40003	460	1	0	4273	1	0	4274
155001854	STR_L_AS_WS_PART_DRA_553A	40003	470	1	0	4275	1	0	4276
155001855	STR_L_AS_COMBINESKILL_ALL_02A	40003	500	1	0	4452	1	0	4453
155001856	STR_L_AS_COMBINESKILL_ALL_03A	40003	500	1	0	4454	1	0	4455
155001857	STR_L_AS_CH_SHOES_D_R2_P_55A	40003	480	1	0	4456	1	0	4457
155001858	STR_L_AS_CH_GLOVE_D_R2_P_55A	40003	480	1	0	4458	1	0	4457
155001859	STR_L_AS_CH_SHOUL_D_R2_P_55A	40003	480	1	0	4459	1	0	4457
155001860	STR_L_AS_CH_PANTS_D_R2_P_55A	40003	480	1	0	4460	1	0	4461
155001861	STR_L_AS_CH_TORSO_D_R2_P_55A	40003	480	1	0	4462	1	0	4463
155001862	STR_L_AS_CH_HEAD_D_R2_P_55A	40003	480	1	0	4464	1	0	4465
155001863	STR_L_AS_PL_SHOES_D_R2_P_55A	40003	480	1	0	4466	1	0	4467
155001864	STR_L_AS_PL_GLOVE_D_R2_P_55A	40003	480	1	0	4468	1	0	4467
155001865	STR_L_AS_PL_SHOUL_D_R2_P_55A	40003	480	1	0	4469	1	0	4467
155001866	STR_L_AS_PL_PANTS_D_R2_P_55A	40003	480	1	0	4470	1	0	4471
155001867	STR_L_AS_PL_TORSO_D_R2_P_55A	40003	480	1	0	4472	1	0	4473
155001868	STR_L_AS_PL_HEAD_D_R2_P_55A	40003	480	1	0	4474	1	0	4475
155001869	STR_L_AS_SHIELD_D_R2_P_55A	40003	480	1	0	4476	1	0	4477
155001870	STR_L_AS_CH_SHOES_D_L2_P_55A	40003	490	1	0	4478	1	0	4479
155001871	STR_L_AS_CH_GLOVE_D_L2_P_55A	40003	490	1	0	4480	1	0	4479
155001872	STR_L_AS_CH_SHOUL_D_L2_P_55A	40003	490	1	0	4481	1	0	4479
155001873	STR_L_AS_CH_PANTS_D_L2_P_55A	40003	490	1	0	4482	1	0	4483
155001874	STR_L_AS_CH_TORSO_D_L2_P_55A	40003	490	1	0	4484	1	0	4485
155001875	STR_L_AS_CH_HEAD_D_L2_P_55A	40003	490	1	0	4486	1	0	4487
155001876	STR_L_AS_PL_SHOES_D_L2_P_55A	40003	490	1	0	4488	1	0	4489
155001877	STR_L_AS_PL_GLOVE_D_L2_P_55A	40003	490	1	0	4490	1	0	4489
155001878	STR_L_AS_PL_SHOUL_D_L2_P_55A	40003	490	1	0	4491	1	0	4489
155001879	STR_L_AS_PL_PANTS_D_L2_P_55A	40003	490	1	0	4492	1	0	4493
155001880	STR_L_AS_PL_TORSO_D_L2_P_55A	40003	490	1	0	4494	1	0	4495
155001881	STR_L_AS_PL_HEAD_D_L2_P_55A	40003	490	1	0	4496	1	0	4497
155001882	STR_L_AS_SHIELD_D_L2_P_55A	40003	490	1	0	4498	1	0	4499
155001883	STR_L_AS_CH_SHOES_D_U2_P_55A	40003	500	1	0	4500	1	0	4501
155001884	STR_L_AS_CH_GLOVE_D_U2_P_55A	40003	500	1	0	4502	1	0	4501
155001885	STR_L_AS_CH_SHOUL_D_U2_P_55A	40003	500	1	0	4503	1	0	4501
155001886	STR_L_AS_CH_PANTS_D_U2_P_55A	40003	500	1	0	4504	1	0	4505
155001887	STR_L_AS_CH_TORSO_D_U2_P_55A	40003	500	1	0	4506	1	0	4507
155001888	STR_L_AS_CH_HEAD_D_U2_P_55A	40003	500	1	0	4508	1	0	4509
155001889	STR_L_AS_PL_SHOES_D_U2_P_55A	40003	500	1	0	4510	1	0	4511
155001890	STR_L_AS_PL_GLOVE_D_U2_P_55A	40003	500	1	0	4512	1	0	4511
155001891	STR_L_AS_PL_SHOUL_D_U2_P_55A	40003	500	1	0	4513	1	0	4511
155001892	STR_L_AS_PL_PANTS_D_U2_P_55A	40003	500	1	0	4514	1	0	4515
155001893	STR_L_AS_PL_TORSO_D_U2_P_55A	40003	500	1	0	4516	1	0	4517
155001894	STR_L_AS_PL_HEAD_D_U2_P_55A	40003	500	1	0	4518	1	0	4519
155001895	STR_L_AS_SHIELD_D_U2_P_55A	40003	500	1	0	4520	1	0	4521
155001896	STR_L_TA_TA_PART_LEA5_01A	40004	400	1	0	4522	1	0	4523
155001897	STR_L_TA_TA_PART_LEA5_02A	40004	405	1	0	4524	1	0	4525
155001898	STR_L_TA_TA_PART_LEA5_04A	40004	410	1	0	4526	1	0	4527
155001899	STR_L_TA_TA_PART_LEA5_03A	40004	405	1	0	4528	1	0	4529
155001900	STR_L_TA_TA_PART_LEA5_05A	40004	410	1	0	4530	1	0	4531
155001901	STR_L_TA_LT_SHOES_N_C2_P_53A	40004	410	1	0	4532	1	0	4533
155001902	STR_L_TA_LT_GLOVE_N_C2_P_53A	40004	420	1	0	4534	1	0	4533
155001903	STR_L_TA_LT_SHOUL_N_C2_P_53A	40004	430	1	0	4535	1	0	4533
155001904	STR_L_TA_LT_PANTS_N_C2_P_53A	40004	440	1	0	4536	1	0	4537
155001905	STR_L_TA_LT_TORSO_N_C2_P_53A	40004	449	1	0	4538	1	0	4539
155001906	STR_L_TA_BELT_N_C2_P_53A	40004	430	1	0	4540	1	0	4541
155001907	STR_L_TA_LT_HEAD_N_C2_P_53A	40004	440	1	0	4542	1	0	4543
155001908	STR_L_TA_LT_SHOES_N_R2_P_53A	40004	410	1	0	4544	1	0	4545
155001909	STR_L_TA_LT_GLOVE_N_R2_P_53A	40004	420	1	0	4546	1	0	4545
155001910	STR_L_TA_LT_SHOUL_N_R2_P_53A	40004	430	1	0	4547	1	0	4545
155001911	STR_L_TA_LT_PANTS_N_R2_P_53A	40004	440	1	0	4548	1	0	4549
155001912	STR_L_TA_LT_TORSO_N_R2_P_53A	40004	449	1	0	4550	1	0	4551
155001913	STR_L_TA_BELT_N_R2_P_53A	40004	430	1	0	4552	1	0	4553
155001914	STR_L_TA_LT_HEAD_N_R2_P_53A	40004	440	1	0	4554	1	0	4555
155001915	STR_L_TA_LT_SHOES_N_L2_P_53A	40004	410	1	0	4556	1	0	4557
155001916	STR_L_TA_LT_GLOVE_N_L2_P_53A	40004	420	1	0	4558	1	0	4557
155001917	STR_L_TA_LT_SHOUL_N_L2_P_53A	40004	430	1	0	4559	1	0	4557
155001918	STR_L_TA_LT_PANTS_N_L2_P_53A	40004	440	1	0	4560	1	0	4561
155001919	STR_L_TA_LT_TORSO_N_L2_P_53A	40004	449	1	0	4562	1	0	4563
155001920	STR_L_TA_BELT_N_L2_P_53A	40004	430	1	0	4564	1	0	4565
155001921	STR_L_TA_LT_HEAD_N_L2_P_53A	40004	440	1	0	4566	1	0	4567
155001922	STR_L_TA_LT_SHOES_N_U2_P_53A	40004	500	1	0	4568	1	0	4569
155001923	STR_L_TA_LT_GLOVE_N_U2_P_53A	40004	500	1	0	4570	1	0	4569
155001924	STR_L_TA_LT_SHOUL_N_U2_P_53A	40004	500	1	0	4571	1	0	4569
155001925	STR_L_TA_LT_PANTS_N_U2_P_53A	40004	500	1	0	4572	1	0	4573
155001926	STR_L_TA_LT_TORSO_N_U2_P_53A	40004	500	1	0	4574	1	0	4575
155001927	STR_L_TA_BELT_N_U2_P_53A	40004	500	1	0	4576	1	0	4577
155001928	STR_L_TA_LT_HEAD_N_U2_P_53A	40004	500	1	0	4578	1	0	4579
155001929	STR_L_TA_LT_SHOES_N_E2_M_53A	40004	500	1	1	4580	1	0	4581
155001930	STR_L_TA_LT_GLOVE_N_E2_M_53A	40004	500	1	1	4582	1	0	4583
155001931	STR_L_TA_LT_SHOUL_N_E2_M_53A	40004	500	1	1	4584	1	0	4585
155001932	STR_L_TA_LT_PANTS_N_E2_M_53A	40004	500	1	1	4586	1	0	4587
155001933	STR_L_TA_LT_TORSO_N_E2_M_53A	40004	500	1	1	4588	1	0	4589
155001934	STR_L_TA_BELT_N_L1_S_51A	40004	420	1	0	4590	1	0	4591
155001935	STR_L_TA_LT_HEAD_N_L1_S_51A	40004	420	1	0	4592	1	0	4593
155001936	STR_L_TA_LT_GLOVE_N_U1_S_54A	40004	480	1	0	4594	1	0	4595
155001937	STR_L_TA_TA_PART_DRA_LT_551A	40004	450	1	0	4596	1	0	4276
155001938	STR_L_TA_TA_PART_DRA_LT_552A	40004	460	1	0	4597	1	0	4598
155001939	STR_L_TA_COMBINESKILL_ALL_02A	40004	500	1	0	4452	1	0	4453
155001940	STR_L_TA_COMBINESKILL_ALL_03A	40004	500	1	0	4454	1	0	4455
155001941	STR_L_TA_LT_SHOES_D_R2_P_55A	40004	480	1	0	4599	1	0	4600
155001942	STR_L_TA_LT_GLOVE_D_R2_P_55A	40004	480	1	0	4601	1	0	4600
155001943	STR_L_TA_LT_SHOUL_D_R2_P_55A	40004	480	1	0	4602	1	0	4600
155001944	STR_L_TA_LT_PANTS_D_R2_P_55A	40004	480	1	0	4603	1	0	4604
155001945	STR_L_TA_LT_TORSO_D_R2_P_55A	40004	480	1	0	4605	1	0	4606
155001946	STR_L_TA_BELT_D_R2_P_55A	40004	480	1	0	4607	1	0	4608
155001947	STR_L_TA_LT_HEAD_D_R2_P_55A	40004	480	1	0	4609	1	0	4610
155001948	STR_L_TA_LT_SHOES_D_L2_P_55A	40004	490	1	0	4611	1	0	4612
155001949	STR_L_TA_LT_GLOVE_D_L2_P_55A	40004	490	1	0	4613	1	0	4612
155001950	STR_L_TA_LT_SHOUL_D_L2_P_55A	40004	490	1	0	4614	1	0	4612
155001951	STR_L_TA_LT_PANTS_D_L2_P_55A	40004	490	1	0	4615	1	0	4616
155001952	STR_L_TA_LT_TORSO_D_L2_P_55A	40004	490	1	0	4617	1	0	4618
155001953	STR_L_TA_BELT_D_L2_P_55A	40004	490	1	0	4619	1	0	4620
155001954	STR_L_TA_LT_HEAD_D_L2_P_55A	40004	490	1	0	4621	1	0	4622
155001955	STR_L_TA_LT_SHOES_D_U2_P_55A	40004	500	1	0	4623	1	0	4624
155001956	STR_L_TA_LT_GLOVE_D_U2_P_55A	40004	500	1	0	4625	1	0	4624
155001957	STR_L_TA_LT_SHOUL_D_U2_P_55A	40004	500	1	0	4626	1	0	4624
155001958	STR_L_TA_LT_PANTS_D_U2_P_55A	40004	500	1	0	4627	1	0	4628
155001959	STR_L_TA_LT_TORSO_D_U2_P_55A	40004	500	1	0	4629	1	0	4630
155001960	STR_L_TA_BELT_D_U2_P_55A	40004	500	1	0	4631	1	0	4632
155001961	STR_L_TA_LT_HEAD_D_U2_P_55A	40004	500	1	0	4633	1	0	4634
155001962	STR_L_TA_TA_PART_CLOTH5_01A	40004	400	1	0	4635	1	0	4636
155001963	STR_L_TA_TA_PART_CLOTH5_02A	40004	405	1	0	4637	1	0	4638
155001964	STR_L_TA_TA_PART_CLOTH5_04A	40004	410	1	0	4639	1	0	4640
155001965	STR_L_TA_TA_PART_CLOTH5_03A	40004	405	1	0	4641	1	0	4642
155001966	STR_L_TA_TA_PART_CLOTH5_05A	40004	410	1	0	4643	1	0	4644
155001967	STR_L_TA_RB_SHOES_N_C2_P_53A	40004	410	1	0	4645	1	0	4646
155001968	STR_L_TA_RB_GLOVE_N_C2_P_53A	40004	420	1	0	4647	1	0	4646
155001969	STR_L_TA_RB_SHOUL_N_C2_P_53A	40004	430	1	0	4648	1	0	4646
155001970	STR_L_TA_RB_PANTS_N_C2_P_53A	40004	440	1	0	4649	1	0	4650
155001971	STR_L_TA_RB_TORSO_N_C2_P_53A	40004	449	1	0	4651	1	0	4652
155001972	STR_L_TA_BELT_N_C2_P_53B	40004	430	1	0	4653	1	0	4654
155001973	STR_L_TA_RB_HEAD_N_C2_P_53A	40004	440	1	0	4655	1	0	4656
155001974	STR_L_TA_RB_SHOES_N_R2_P_53A	40004	410	1	0	4657	1	0	4658
155001975	STR_L_TA_RB_GLOVE_N_R2_P_53A	40004	420	1	0	4659	1	0	4658
155001976	STR_L_TA_RB_SHOUL_N_R2_P_53A	40004	430	1	0	4660	1	0	4658
155001977	STR_L_TA_RB_PANTS_N_R2_P_53A	40004	440	1	0	4661	1	0	4662
155001978	STR_L_TA_RB_TORSO_N_R2_P_53A	40004	449	1	0	4663	1	0	4664
155001979	STR_L_TA_BELT_N_R2_P_53B	40004	430	1	0	4665	1	0	4666
155001980	STR_L_TA_RB_HEAD_N_R2_P_53A	40004	440	1	0	4667	1	0	4668
155001981	STR_L_TA_RB_SHOES_N_L2_P_53A	40004	410	1	0	4669	1	0	4670
155001982	STR_L_TA_RB_GLOVE_N_L2_P_53A	40004	420	1	0	4671	1	0	4670
155001983	STR_L_TA_RB_SHOUL_N_L2_P_53A	40004	430	1	0	4672	1	0	4670
155001984	STR_L_TA_RB_PANTS_N_L2_P_53A	40004	440	1	0	4673	1	0	4674
155001985	STR_L_TA_RB_TORSO_N_L2_P_53A	40004	449	1	0	4675	1	0	4676
155001986	STR_L_TA_BELT_N_L2_P_53B	40004	430	1	0	4677	1	0	4678
155001987	STR_L_TA_RB_HEAD_N_L2_P_53A	40004	440	1	0	4679	1	0	4680
155001988	STR_L_TA_RB_SHOES_N_U2_P_53A	40004	500	1	0	4681	1	0	4682
155001989	STR_L_TA_RB_GLOVE_N_U2_P_53A	40004	500	1	0	4683	1	0	4682
155001990	STR_L_TA_RB_SHOUL_N_U2_P_53A	40004	500	1	0	4684	1	0	4682
155001991	STR_L_TA_RB_PANTS_N_U2_P_53A	40004	500	1	0	4685	1	0	4686
155001992	STR_L_TA_RB_TORSO_N_U2_P_53A	40004	500	1	0	4687	1	0	4688
155001993	STR_L_TA_BELT_N_U2_P_53B	40004	500	1	0	4689	1	0	4690
155001994	STR_L_TA_RB_HEAD_N_U2_P_53A	40004	500	1	0	4691	1	0	4692
155001995	STR_L_TA_RB_SHOES_N_E2_M_53A	40004	500	1	1	4693	1	0	4694
155001996	STR_L_TA_RB_GLOVE_N_E2_M_53A	40004	500	1	1	4695	1	0	4696
155001997	STR_L_TA_RB_SHOUL_N_E2_M_53A	40004	500	1	1	4697	1	0	4698
155001998	STR_L_TA_RB_PANTS_N_E2_M_53A	40004	500	1	1	4699	1	0	4700
155001999	STR_L_TA_RB_TORSO_N_E2_M_53A	40004	500	1	1	4701	1	0	4702
155002000	STR_L_TA_QUEST_SKILL_TAILO_450	40004	499	1	1	4703	1	0	4704
155002001	STR_L_TA_QUEST_SKILL_TAILO_500	40004	499	1	1	4705	1	0	4706
155002002	STR_L_TA_TA_PART_CLOTH6_01A	40004	400	1	0	4707	1	0	4708
155002003	STR_L_TA_TA_PART_CLOTH6_02A	40004	405	1	0	4709	1	0	4710
155002004	STR_L_TA_TA_PART_CLOTH6_03A	40004	410	1	0	4711	1	0	4712
155002005	STR_L_TA_RB_HEAD_N_L1_S_51A	40004	420	1	0	4713	1	0	4714
155002006	STR_L_TA_BELT_N_L1_S_51B	40004	420	1	0	4715	1	0	4716
155002007	STR_L_TA_RB_SHOUL_N_U1_S_54A	40004	480	1	0	4717	1	0	4718
155002008	STR_L_TA_TA_PART_DRA_RB_551A	40004	470	1	0	4719	1	0	4720
155002009	STR_L_TA_RB_SHOES_D_R2_P_55A	40004	480	1	0	4721	1	0	4722
155002010	STR_L_TA_RB_GLOVE_D_R2_P_55A	40004	480	1	0	4723	1	0	4722
155002011	STR_L_TA_RB_SHOUL_D_R2_P_55A	40004	480	1	0	4724	1	0	4722
155002012	STR_L_TA_RB_PANTS_D_R2_P_55A	40004	480	1	0	4725	1	0	4726
155002013	STR_L_TA_RB_TORSO_D_R2_P_55A	40004	480	1	0	4727	1	0	4728
155002014	STR_L_TA_BELT_D_R2_P_55B	40004	480	1	0	4729	1	0	4730
155002015	STR_L_TA_RB_HEAD_D_R2_P_55A	40004	480	1	0	4731	1	0	4732
155002016	STR_L_TA_RB_SHOES_D_L2_P_55A	40004	490	1	0	4733	1	0	4734
155002017	STR_L_TA_RB_GLOVE_D_L2_P_55A	40004	490	1	0	4735	1	0	4734
155002018	STR_L_TA_RB_SHOUL_D_L2_P_55A	40004	490	1	0	4736	1	0	4734
155002019	STR_L_TA_RB_PANTS_D_L2_P_55A	40004	490	1	0	4737	1	0	4738
155002020	STR_L_TA_RB_TORSO_D_L2_P_55A	40004	490	1	0	4739	1	0	4740
155002021	STR_L_TA_BELT_D_L2_P_55B	40004	490	1	0	4741	1	0	4742
155002022	STR_L_TA_RB_HEAD_D_L2_P_55A	40004	490	1	0	4743	1	0	4744
155002023	STR_L_TA_RB_SHOES_D_U2_P_55A	40004	500	1	0	4745	1	0	4746
155002024	STR_L_TA_RB_GLOVE_D_U2_P_55A	40004	500	1	0	4747	1	0	4746
155002025	STR_L_TA_RB_SHOUL_D_U2_P_55A	40004	500	1	0	4748	1	0	4746
155002026	STR_L_TA_RB_PANTS_D_U2_P_55A	40004	500	1	0	4749	1	0	4750
155002027	STR_L_TA_RB_TORSO_D_U2_P_55A	40004	500	1	0	4751	1	0	4752
155002028	STR_L_TA_BELT_D_U2_P_55B	40004	500	1	0	4753	1	0	4754
155002029	STR_L_TA_RB_HEAD_D_U2_P_55A	40004	500	1	0	4755	1	0	4756
155002030	STR_L_HA_JR_PART_CRYSTAL_01A	40008	400	1	0	4757	1	0	4758
155002031	STR_L_HA_JR_PART_CRYSTAL_02A	40008	410	1	0	4759	1	0	4760
155002032	STR_L_HA_NECKLACE_N_C2_P_53A	40008	420	1	0	4761	1	0	4762
155002033	STR_L_HA_AC_HEAD_N_C2_P_53A	40008	430	1	0	4763	1	0	4762
155002034	STR_L_HA_RING_N_C2_P_53A	40008	440	1	0	4764	1	0	4765
155002035	STR_L_HA_EARRING_N_C2_P_53A	40008	449	1	0	4766	1	0	4767
155002036	STR_L_HA_JR_PART_REDBE_02A	40008	410	1	0	4768	1	0	4769
155002037	STR_L_HA_NECKLACE_N_R2_P_53A	40008	420	1	0	4770	1	0	4771
155002038	STR_L_HA_AC_HEAD_N_R2_P_53A	40008	430	1	0	4772	1	0	4773
155002039	STR_L_HA_RING_N_R2_P_53A	40008	440	1	0	4774	1	0	4775
155002040	STR_L_HA_EARRING_N_R2_P_53A	40008	449	1	0	4776	1	0	4777
155002041	STR_L_HA_NECKLACE_N_L2_P_53A	40008	420	1	0	4778	1	0	4779
155002042	STR_L_HA_AC_HEAD_N_L2_P_53A	40008	430	1	0	4780	1	0	4781
155002043	STR_L_HA_RING_N_L2_P_53A	40008	440	1	0	4782	1	0	4783
155002044	STR_L_HA_EARRING_N_L2_P_53A	40008	449	1	0	4784	1	0	4785
155002045	STR_L_HA_NECKLACE_N_U2_P_53A	40008	500	1	0	4786	1	0	4787
155002046	STR_L_HA_AC_HEAD_N_U2_P_53A	40008	500	1	0	4788	1	0	4789
155002047	STR_L_HA_RING_N_U2_P_53A	40008	500	1	0	4790	1	0	4791
155002048	STR_L_HA_EARRING_N_U2_P_53A	40008	500	1	0	4792	1	0	4793
155002049	STR_L_HA_NECKLACE_N_E2_M_53A	40008	500	1	1	4794	1	0	4795
155002050	STR_L_HA_AC_HEAD_N_E2_M_53A	40008	500	1	1	4796	1	0	4797
155002051	STR_L_HA_RING_N_E2_M_53A	40008	500	1	1	4798	1	0	4799
155002052	STR_L_HA_EARRING_N_E2_M_53A	40008	500	1	1	4800	1	0	4801
155002053	STR_L_HA_JR_PART_TERQUER_02A	40008	410	1	0	4802	1	0	4803
155002054	STR_L_HA_NECKLACE_N_R2_P_53B	40008	420	1	0	4804	1	0	4805
155002055	STR_L_HA_AC_HEAD_N_R2_P_53B	40008	430	1	0	4806	1	0	4807
155002056	STR_L_HA_RING_N_R2_P_53B	40008	440	1	0	4808	1	0	4809
155002057	STR_L_HA_EARRING_N_R2_P_53B	40008	449	1	0	4810	1	0	4811
155002058	STR_L_HA_NECKLACE_N_L2_P_53B	40008	420	1	0	4812	1	0	4813
155002059	STR_L_HA_AC_HEAD_N_L2_P_53B	40008	430	1	0	4814	1	0	4815
155002060	STR_L_HA_RING_N_L2_P_53B	40008	440	1	0	4816	1	0	4817
155002061	STR_L_HA_EARRING_N_L2_P_53B	40008	449	1	0	4818	1	0	4819
155002062	STR_L_HA_NECKLACE_N_U2_P_53B	40008	500	1	0	4820	1	0	4821
155002063	STR_L_HA_AC_HEAD_N_U2_P_53B	40008	500	1	0	4822	1	0	4823
155002064	STR_L_HA_RING_N_U2_P_53B	40008	500	1	0	4824	1	0	4825
155002065	STR_L_HA_EARRING_N_U2_P_53B	40008	500	1	0	4826	1	0	4827
155002066	STR_L_HA_NECKLACE_N_E2_M_53B	40008	500	1	1	4828	1	0	4829
155002067	STR_L_HA_AC_HEAD_N_E2_M_53B	40008	500	1	1	4830	1	0	4831
155002068	STR_L_HA_RING_N_E2_M_53B	40008	500	1	1	4832	1	0	4833
155002069	STR_L_HA_EARRING_N_E2_M_53B	40008	500	1	1	4834	1	0	4835
155002070	STR_L_HA_JR_PART_KELPA_02A	40008	410	1	0	4836	1	0	4837
155002071	STR_L_HA_NECKLACE_N_R2_P_53C	40008	420	1	0	4838	1	0	4839
155002072	STR_L_HA_AC_HEAD_N_R2_P_53C	40008	430	1	0	4840	1	0	4841
155002073	STR_L_HA_RING_N_R2_P_53C	40008	440	1	0	4842	1	0	4843
155002074	STR_L_HA_EARRING_N_R2_P_53C	40008	449	1	0	4844	1	0	4845
155002075	STR_L_HA_NECKLACE_N_L2_P_53C	40008	420	1	0	4846	1	0	4847
155002076	STR_L_HA_AC_HEAD_N_L2_P_53C	40008	430	1	0	4848	1	0	4849
155002077	STR_L_HA_RING_N_L2_P_53C	40008	440	1	0	4850	1	0	4851
155002078	STR_L_HA_EARRING_N_L2_P_53C	40008	449	1	0	4852	1	0	4853
155002079	STR_L_HA_NECKLACE_N_U2_P_53C	40008	500	1	0	4854	1	0	4855
155002080	STR_L_HA_AC_HEAD_N_U2_P_53C	40008	500	1	0	4856	1	0	4857
155002081	STR_L_HA_RING_N_U2_P_53C	40008	500	1	0	4858	1	0	4859
155002082	STR_L_HA_EARRING_N_U2_P_53C	40008	500	1	0	4860	1	0	4861
155002083	STR_L_HA_NECKLACE_N_E2_M_53C	40008	500	1	1	4862	1	0	4863
155002084	STR_L_HA_AC_HEAD_N_E2_M_53C	40008	500	1	1	4864	1	0	4865
155002085	STR_L_HA_RING_N_E2_M_53C	40008	500	1	1	4866	1	0	4867
155002086	STR_L_HA_EARRING_N_E2_M_53C	40008	500	1	1	4868	1	0	4869
155002087	STR_L_HA_QUEST_SKILL_HANDI_450	40008	499	1	1	4870	1	0	4871
155002088	STR_L_HA_QUEST_SKILL_HANDI_500	40008	499	1	1	4872	1	0	4873
155002089	STR_L_HA_EAR_N_L1_S_54A	40008	480	1	0	4874	1	0	4875
155002090	STR_L_HA_NECK_N_L1_S_54A	40008	480	1	0	4876	1	0	4877
155002091	STR_L_HA_RING_N_L1_S_54A	40008	480	1	0	4878	1	0	4879
155002092	STR_L_HA_EAR_N_L1_S_54B	40008	480	1	0	4880	1	0	4875
155002093	STR_L_HA_NECK_N_L1_S_54B	40008	480	1	0	4881	1	0	4877
155002094	STR_L_HA_RING_N_L1_S_54B	40008	480	1	0	4882	1	0	4879
155002095	STR_L_HA_JR_PART_DRA_JEW_551A	40008	470	1	0	4883	1	0	4884
155002096	STR_L_HA_COMBINESKILL_ALL_03A	40008	500	1	0	4454	1	0	4455
155002097	STR_L_HA_RING_D_R2_P_55A	40008	480	1	0	4885	1	0	4886
155002098	STR_L_HA_EARRING_D_R2_P_55A	40008	480	1	0	4887	1	0	4888
155002099	STR_L_HA_NECKLACE_D_R2_P_55A	40008	480	1	0	4889	1	0	4890
155002100	STR_L_HA_AC_HEAD_D_R2_P_55A	40008	480	1	0	4891	1	0	4890
155002101	STR_L_HA_RING_D_R2_P_55B	40008	480	1	0	4892	1	0	4893
155002102	STR_L_HA_EARRING_D_R2_P_55B	40008	480	1	0	4894	1	0	4895
155002103	STR_L_HA_NECKLACE_D_R2_P_55B	40008	480	1	0	4896	1	0	4897
155002104	STR_L_HA_RING_D_L2_P_55A	40008	490	1	0	4898	1	0	4899
155002105	STR_L_HA_EARRING_D_L2_P_55A	40008	490	1	0	4900	1	0	4901
155002106	STR_L_HA_NECKLACE_D_L2_P_55A	40008	490	1	0	4902	1	0	4903
155002107	STR_L_HA_AC_HEAD_D_L2_P_55A	40008	490	1	0	4904	1	0	4905
155002108	STR_L_HA_RING_D_L2_P_55B	40008	490	1	0	4906	1	0	4907
155002109	STR_L_HA_EARRING_D_L2_P_55B	40008	490	1	0	4908	1	0	4909
155002110	STR_L_HA_NECKLACE_D_L2_P_55B	40008	490	1	0	4910	1	0	4911
155002111	STR_L_HA_RING_D_U2_P_55A	40008	500	1	0	4912	1	0	4913
155002112	STR_L_HA_EARRING_D_U2_P_55A	40008	500	1	0	4914	1	0	4915
155002113	STR_L_HA_NECKLACE_D_U2_P_55A	40008	500	1	0	4916	1	0	4917
155002114	STR_L_HA_AC_HEAD_D_U2_P_55A	40008	500	1	0	4918	1	0	4919
155002115	STR_L_HA_RING_D_U2_P_55B	40008	500	1	0	4920	1	0	4921
155002116	STR_L_HA_EARRING_D_U2_P_55B	40008	500	1	0	4922	1	0	4923
155002117	STR_L_HA_NECKLACE_D_U2_P_55B	40008	500	1	0	4924	1	0	4925
155002118	STR_L_HA_JR_PART_GARDE_01A	40008	400	1	0	4926	1	0	4927
155002119	STR_L_HA_JR_PART_GARDE_02A	40008	410	1	0	4928	1	0	4929
155002120	STR_L_HA_JR_PART_GARDE_03A	40008	420	1	0	4930	1	0	4931
155002121	STR_L_HA_BOW_N_C2_P_55A	40008	440	1	0	4932	1	0	4933
155002122	STR_L_HA_STAFF_N_C2_P_55A	40008	449	1	0	4934	1	0	4933
155002123	STR_L_HA_BOW_N_R2_P_55A	40008	440	1	0	4935	1	0	4936
155002124	STR_L_HA_STAFF_N_R2_P_55A	40008	449	1	0	4937	1	0	4938
155002125	STR_L_HA_BOW_N_L2_P_55A	40008	440	1	0	4939	1	0	4940
155002126	STR_L_HA_STAFF_N_L2_P_55A	40008	449	1	0	4941	1	0	4942
155002127	STR_L_HA_BOW_N_U2_P_55A	40008	500	1	0	4943	1	0	4944
155002128	STR_L_HA_STAFF_N_U2_P_55A	40008	500	1	0	4945	1	0	4946
155002129	STR_L_HA_BOW_N_E2_M_55A	40008	500	1	1	4947	1	0	4948
155002130	STR_L_HA_STAFF_N_E2_M_55A	40008	500	1	1	4949	1	0	4950
155002131	STR_L_HA_STAFF_N_U1_S_52A	40008	440	1	0	4951	1	0	4952
155002132	STR_L_HA_BOW_N_U1_S_52A	40008	440	1	0	4953	1	0	4952
155002133	STR_L_HA_HW_PART_DRA_TREE_551A	40008	450	1	0	4954	1	0	4272
155002134	STR_L_HA_HW_PART_DRA_TREE_552A	40008	460	1	0	4955	1	0	4274
155002135	STR_L_HA_COMBINESKILL_ALL_01A	40008	500	1	0	4277	1	0	4278
155002136	STR_L_HA_BOW_D_R2_P_55A	40008	480	1	0	4956	1	0	4957
155002137	STR_L_HA_STAFF_D_R2_P_55A	40008	480	1	0	4958	1	0	4959
155002138	STR_L_HA_BOW_D_L2_P_55A	40008	490	1	0	4960	1	0	4961
155002139	STR_L_HA_STAFF_D_L2_P_55A	40008	490	1	0	4962	1	0	4963
155002140	STR_L_HA_BOW_D_U2_P_55A	40008	500	1	0	4964	1	0	4965
155002141	STR_L_HA_STAFF_D_U2_P_55A	40008	500	1	0	4966	1	0	4967
155002142	STR_L_AL_JR_PART_REDBE_01A	40007	420	1	0	4968	10	0	4969
155002143	STR_L_AL_JR_PART_TERQUER_01A	40007	420	1	0	4970	10	0	4971
155002144	STR_L_AL_JR_PART_KELPA_01A	40007	420	1	0	4972	10	0	4973
155002145	STR_L_AL_SCROLL_REGIST_EARTH_60A	40007	440	1	0	4974	5	0	4975
155002146	STR_L_AL_SCROLL_REGIST_FIRE_60A	40007	440	1	0	4976	5	0	4977
155002147	STR_L_AL_SCROLL_REGIST_WATER_60A	40007	440	1	0	4978	5	0	4979
155002148	STR_L_AL_SCROLL_REGIST_WIND_60A	40007	440	1	0	4980	5	0	4981
155002149	STR_L_AL_SCROLL_SHIELD_ALL_60A	40007	460	1	0	4982	5	0	4983
155002150	STR_L_AL_SCROLL_CRITICAL_PHY_60A	40007	470	1	0	4984	5	0	4985
155002151	STR_L_AL_SCROLL_CRITICAL_MAG_30A	40007	170	1	0	4986	5	0	3309
155002152	STR_L_AL_SCROLL_CRITICAL_MAG_40A	40007	270	1	0	4987	5	0	3311
155002153	STR_L_AL_SCROLL_CRITICAL_MAG_50A	40007	370	1	0	4988	5	0	3313
155002154	STR_L_AL_SCROLL_CRITICAL_MAG_60A	40007	470	1	0	4989	5	0	4985
155002155	STR_L_AL_SCROLL_CRITICAL_PHYRESIST_30A	40007	170	1	0	4990	5	0	4991
155002156	STR_L_AL_SCROLL_CRITICAL_PHYRESIST_40A	40007	270	1	0	4992	5	0	4993
155002157	STR_L_AL_SCROLL_CRITICAL_PHYRESIST_50A	40007	370	1	0	4994	5	0	4995
155002158	STR_L_AL_SCROLL_CRITICAL_PHYRESIST_60A	40007	470	1	0	4996	5	0	4997
155002159	STR_L_AL_SCROLL_CRITICAL_MAGRESIST_30A	40007	170	1	0	4998	5	0	4999
155002160	STR_L_AL_SCROLL_CRITICAL_MAGRESIST_40A	40007	270	1	0	5000	5	0	5001
155002161	STR_L_AL_SCROLL_CRITICAL_MAGRESIST_50A	40007	370	1	0	5002	5	0	5003
155002162	STR_L_AL_SCROLL_CRITICAL_MAGRESIST_60A	40007	470	1	0	5004	5	0	5005
155002163	STR_L_AL_SCROLL_SPEED_CASTING_30A	40007	180	1	0	5006	5	0	3327
155002164	STR_L_AL_SCROLL_SPEED_CASTING_40A	40007	280	1	0	5007	5	0	3329
155002165	STR_L_AL_SCROLL_SPEED_CASTING_50A	40007	380	1	0	5008	5	0	3331
155002166	STR_L_AL_REMEDY_HP_60A	40007	405	1	0	5009	3	0	5010
155002167	STR_L_AL_REMEDY_MP_60A	40007	405	1	0	5011	3	0	5012
155002168	STR_L_AL_POTION_HP_60A	40007	410	1	0	5013	3	0	5014
155002169	STR_L_AL_POTION_MP_60A	40007	410	1	0	5015	3	0	5016
155002170	STR_L_AL_POTION_FLYTIME_60A	40007	430	1	0	5017	3	0	5018
155002171	STR_L_AL_AL_PART_STONE5_01A	40007	400	1	0	5019	2	0	5020
155002172	STR_L_AL_AL_PART_STONE5_02A	40007	400	1	0	5021	5	0	5020
155002173	STR_L_AL_AL_PART_STONE5_03A	40007	410	1	0	5022	1	0	5023
155002174	STR_L_AL_AL_PART_STONE5_04A	40007	410	1	0	5024	1	0	5025
155002175	STR_L_AL_BOOK_N_C2_P_55A	40007	440	1	0	5026	1	0	5027
155002176	STR_L_AL_ORB_N_C2_P_55A	40007	449	1	0	5028	1	0	5029
155002177	STR_L_AL_BOOK_N_R2_P_55A	40007	440	1	0	5030	1	0	5031
155002178	STR_L_AL_ORB_N_R2_P_55A	40007	449	1	0	5032	1	0	5033
155002179	STR_L_AL_BOOK_N_L2_P_55A	40007	440	1	0	5034	1	0	5035
155002180	STR_L_AL_ORB_N_L2_P_55A	40007	449	1	0	5036	1	0	5037
155002181	STR_L_AL_BOOK_N_U2_P_55A	40007	500	1	0	5038	1	0	5039
155002182	STR_L_AL_ORB_N_U2_P_55A	40007	500	1	0	5040	1	0	5041
155002183	STR_L_AL_BOOK_N_E2_M_55A	40007	500	1	1	5042	1	0	5043
155002184	STR_L_AL_ORB_N_E2_M_55A	40007	500	1	1	5044	1	0	5045
155002185	STR_L_AL_QUEST_SKILL_ALCHE_450	40007	499	1	1	5046	1	0	5047
155002186	STR_L_AL_QUEST_SKILL_ALCHE_500	40007	499	1	1	5048	1	0	5049
155002187	STR_L_AL_BOOK_N_U1_S_52A	40007	440	1	0	5050	1	0	5051
155002188	STR_L_AL_ORB_N_U1_S_52A	40007	440	1	0	5052	1	0	5051
155002189	STR_L_AL_REMEDY_HP_MP_60A	40007	460	1	0	5053	3	0	5054
155002190	STR_L_AL_POTION_HP_MP_60A	40007	460	1	0	5055	3	0	5056
155002191	STR_L_AL_AL_PART_DRA_SOUL_551A	40007	450	1	0	5057	1	0	4272
155002192	STR_L_AL_AL_PART_DRA_SOUL_552A	40007	460	1	0	5058	1	0	5059
155002193	STR_L_AL_COMBINESKILL_ALL_01A	40007	500	1	0	4277	1	0	4278
155002194	STR_L_AL_BOOK_D_R2_P_55A	40007	480	1	0	5060	1	0	5061
155002195	STR_L_AL_ORB_D_R2_P_55A	40007	480	1	0	5062	1	0	5063
155002196	STR_L_AL_BOOK_D_L2_P_55A	40007	490	1	0	5064	1	0	5065
155002197	STR_L_AL_ORB_D_L2_P_55A	40007	490	1	0	5066	1	0	5067
155002198	STR_L_AL_BOOK_D_U2_P_55A	40007	500	1	0	5068	1	0	5069
155002199	STR_L_AL_ORB_D_U2_P_55A	40007	500	1	0	5070	1	0	5071
155002200	STR_L_AL_OPTION_C_HP_60	40007	490	1	0	5072	1	0	5073
155002201	STR_L_AL_OPTION_C_MP_60	40007	490	1	0	5074	1	0	5075
155002202	STR_L_AL_OPTION_C_ACCURACY_60	40007	490	1	0	5076	1	0	5077
155002203	STR_L_AL_OPTION_C_DODGE_60	40007	490	1	0	5078	1	0	5079
155002204	STR_L_AL_OPTION_C_MSBOOST_60	40007	490	1	0	5080	1	0	5081
155002205	STR_L_AL_OPTION_C_PARRY_60	40007	490	1	0	5082	1	0	5083
155002206	STR_L_AL_OPTION_C_BLOCK_60	40007	490	1	0	5084	1	0	5085
155002207	STR_L_AL_OPTION_C_PHYCRITICAL_60	40007	490	1	0	5086	1	0	5087
155002208	STR_L_CO_FOOD_MAXMP_60A	40001	400	1	0	5088	2	0	5089
155002209	STR_L_CO_FOOD_ACCURACY_60A	40001	410	1	0	5090	2	0	5091
155002210	STR_L_CO_FOOD_MRESIST_60A	40001	420	1	0	5092	2	0	5093
155002211	STR_L_CO_FOOD_MACCURACY_60A	40001	430	1	0	5094	2	0	5095
155002212	STR_L_CO_FOOD_MSBOOST_60A	40001	440	1	0	5096	2	0	5097
155002213	STR_L_CO_FOOD_MAXHP_60A	40001	450	1	0	5098	2	0	5099
155002214	STR_L_CO_FOOD_DODGE_60A	40001	460	1	0	5100	2	0	5101
155002215	STR_L_CO_FOOD_MPREGEN_60A	40001	470	1	0	5102	2	0	5103
155002216	STR_L_CO_FOOD_HPREGEN_60A	40001	480	1	0	5104	2	0	5105
155002217	STR_L_CO_FOOD_PHYATTACK_60A	40001	490	1	0	5106	2	0	5107
155002218	STR_L_CO_FOOD_2STATS_60A	40001	490	1	0	5108	2	0	5109
155002219	STR_L_CO_FOOD_2STATS_60B	40001	480	1	0	5110	2	0	5111
155002220	STR_L_CO_FOOD_2STATS_60C	40001	495	1	0	5112	2	0	5113
155002221	STR_L_CO_FOOD_2STATS_60D	40001	460	1	0	5114	2	0	5115
155002222	STR_L_CO_FOOD_2STATS_60E	40001	470	1	0	5116	2	0	5117
155002223	STR_L_CO_FOOD_2STATS_60F	40001	495	1	0	5118	2	0	5119
155002224	STR_L_CO_FOOD_2STATS_60G	40001	480	1	0	5120	2	0	5121
155002225	STR_L_CO_FOOD_2STATS_60H	40001	495	1	0	5122	2	0	5123
155002226	STR_L_CO_FOOD_3STATS_60B	40001	480	1	0	5124	2	0	5125
155002227	STR_L_CO_FOOD_3STATS_60C	40001	495	1	0	5126	2	0	5127
155002228	STR_L_CO_FOOD_3STATS_60D	40001	460	1	0	5128	2	0	5129
155002229	STR_L_CO_FOOD_3STATS_60E	40001	470	1	0	5130	2	0	5131
155002230	STR_L_CO_FOOD_3STATS_60F	40001	495	1	0	5132	2	0	5133
155002231	STR_L_CO_FOOD_3STATS_60G	40001	480	1	0	5134	2	0	5135
155002232	STR_L_CO_FOOD_3STATS_60H	40001	495	1	0	5136	2	0	5137
155002233	STR_L_CO_FOOD_4STATS_60C	40001	500	1	0	5138	2	0	5139
155002234	STR_L_CO_FOOD_4STATS_60D	40001	500	1	0	5140	2	0	5141
155002235	STR_L_CO_FOOD_4STATS_60E	40001	500	1	0	5142	2	0	5143
155002236	STR_L_CO_FOOD_4STATS_60F	40001	500	1	0	5144	2	0	5145
155002237	STR_L_CO_FOOD_4STATS_60G	40001	500	1	0	5146	2	0	5147
155002238	STR_L_CO_FOOD_4STATS_60H	40001	500	1	0	5148	2	0	5149
155002239	STR_L_CO_QUEST_SKILL_COOK01_450	40001	499	1	1	5150	1	0	5151
155002240	STR_L_CO_QUEST_SKILL_COOK02_450	40001	499	1	1	5152	1	0	5153
155002241	STR_L_CO_QUEST_SKILL_COOK03_450	40001	499	1	1	5154	1	0	5155
155002242	STR_L_CO_QUEST_SKILL_COOK04_450	40001	499	1	1	5156	1	0	5157
155002243	STR_L_CO_FOOD_3STATS_60I	40001	420	1	0	5158	2	0	5159
155002244	STR_L_CO_FOOD_3STATS_60J	40001	420	1	0	5160	2	0	5161
155002245	STR_L_CO_FOOD_DR_2STATS_60A	40001	450	1	0	5162	2	0	5163
155002246	STR_L_CO_FOOD_DR_2STATS_60B	40001	475	1	0	5164	2	0	5165
155002247	STR_L_CO_FOOD_DR_2STATS_60C	40001	480	1	0	5166	2	0	5167
155002248	STR_L_CO_FOOD_DR_2STATS_60D	40001	490	1	0	5168	2	0	5169
155002249	STR_L_CO_FOOD_DR_2STATS_60E	40001	470	1	0	5170	2	0	5171
155002250	STR_L_CO_FOOD_DR_2STATS_60F	40001	460	1	0	5172	2	0	5173
155002251	STR_L_CO_FOOD_DR_2STATS_60G	40001	465	1	0	5174	2	0	5175
155002252	STR_L_CO_FOOD_DR_2STATS_60H	40001	499	1	0	5176	2	0	5177
155002253	STR_L_CO_FOOD_DR_3STATS_60A	40001	450	1	0	5178	2	0	5179
155002254	STR_L_CO_FOOD_DR_3STATS_60B	40001	475	1	0	5180	2	0	5181
155002255	STR_L_CO_FOOD_DR_3STATS_60C	40001	480	1	0	5182	2	0	5183
155002256	STR_L_CO_FOOD_DR_3STATS_60D	40001	490	1	0	5184	2	0	5185
155002257	STR_L_CO_FOOD_DR_3STATS_60E	40001	470	1	0	5186	2	0	5187
155002258	STR_L_CO_FOOD_DR_3STATS_60F	40001	460	1	0	5188	2	0	5189
155002259	STR_L_CO_FOOD_DR_3STATS_60G	40001	465	1	0	5190	2	0	5191
155002260	STR_L_CO_FOOD_DR_3STATS_60H	40001	499	1	0	5192	2	0	5193
155002261	STR_L_CO_FOOD_DR_4STATS_60B	40001	500	1	0	5194	2	0	5195
155002262	STR_L_CO_FOOD_DR_4STATS_60C	40001	500	1	0	5196	2	0	5197
155002263	STR_L_CO_FOOD_DR_4STATS_60D	40001	500	1	0	5198	2	0	5199
155002264	STR_L_CO_FOOD_DR_4STATS_60E	40001	500	1	0	5200	2	0	5201
155002265	STR_L_CO_FOOD_DR_4STATS_60F	40001	500	1	0	5202	2	0	5203
155002266	STR_L_CO_FOOD_DR_4STATS_60G	40001	500	1	0	5204	2	0	5205
155002267	STR_L_CO_FOOD_DR_4STATS_60H	40001	500	1	0	5206	2	0	5207
155002268	STR_L_CO_COMBINESKILL_ALL_01A	40001	500	1	0	4277	1	0	4278
155002269	STR_L_CO_COMBINESKILL_ALL_02A	40001	500	1	0	4454	1	0	4455
155002270	STR_L_CO_MACE_N_L1_S_55A	40001	500	1	1	5208	1	0	5209
155002271	STR_L_CO_AC_HEAD_N_L1_S_55A	40001	500	1	1	5210	1	0	5211
155002272	STR_L_CO_FOOD_NEWCANDY_55_AN	40001	395	1	0	5212	2	0	5213
155002273	STR_L_WS_WS_PART_SIEGE_02A	40002	449	1	0	5214	1	0	5215
155002274	STR_L_WS_ITEM_ABYSS_LIGHT_SIEGE02	40002	449	1	0	5216	1	0	5217
155002275	STR_L_AS_AS_PART_SIEGE_02A	40003	449	1	0	5218	1	0	5219
155002276	STR_L_AS_ITEM_ABYSS_LIGHT_SIEGE02	40003	449	1	0	5216	1	0	5217
155002277	STR_L_TA_LT_PART_SIEGE_02A	40004	449	1	0	5220	1	0	5221
155002278	STR_L_TA_ITEM_ABYSS_LIGHT_SIEGE02	40004	449	1	0	5216	1	0	5217
155002279	STR_L_HA_HA_PART_SIEGE_02A	40008	449	1	0	5222	1	0	5223
155002280	STR_L_HA_ITEM_ABYSS_LIGHT_SIEGE02	40008	449	1	0	5216	1	0	5217
155002281	STR_L_AL_ITEM_DRIVE_ARTIFACT_G2	40007	399	1	0	5224	1	0	5225
155002282	STR_L_AL_AL_PART_SIEGE_02A	40007	449	1	0	5226	1	0	5227
155002283	STR_L_AL_ITEM_ABYSS_LIGHT_SIEGE02	40007	449	1	0	5216	1	0	5217
155002284	STR_L_CO_CO_PART_SIEGE_02A	40001	449	1	0	5228	1	0	5229
155002285	STR_L_CO_ITEM_ABYSS_LIGHT_SIEGE02	40001	449	1	0	5216	1	0	5217
155002286	STR_L_WS_WS_PART_MASS_STEEL_01A	40002	1	1	0	1297	10	0	5230
155002287	STR_L_WS_WS_PART_MASS_STEEL_02A	40002	5	1	0	1299	10	0	5231
155002288	STR_L_WS_WS_PART_MASS_STEEL_03A	40002	10	1	0	1301	10	0	5232
155002289	STR_L_WS_WS_PART_MASS_TITAN_01A	40002	100	1	0	1318	10	0	5233
155002290	STR_L_WS_WS_PART_MASS_TITAN_02A	40002	105	1	0	1320	10	0	5234
155002291	STR_L_WS_WS_PART_MASS_TITAN_03A	40002	110	1	0	1322	10	0	5235
155002292	STR_L_WS_WS_PART_MASS_ADAMAN_01A	40002	200	1	0	1362	10	0	5236
155002293	STR_L_WS_WS_PART_MASS_ADAMAN_02A	40002	205	1	0	1364	10	0	5237
155002294	STR_L_WS_WS_PART_MASS_ADAMAN_03A	40002	210	1	0	1366	10	0	5238
155002295	STR_L_WS_WS_PART_MASS_ORIHAR_01A	40002	300	1	0	1436	10	0	5239
155002296	STR_L_WS_WS_PART_MASS_ORIHAR_02A	40002	305	1	0	1438	10	0	5240
155002297	STR_L_WS_WS_PART_MASS_ORIHAR_03A	40002	310	1	0	1440	10	0	5241
155002298	STR_L_WS_WS_PART_MASS_BAUXI_01A	40002	400	1	0	4210	10	0	5242
155002299	STR_L_WS_WS_PART_MASS_BAUXI_02A	40002	405	1	0	4212	10	0	5243
155002300	STR_L_WS_WS_PART_MASS_BAUXI_03A	40002	410	1	0	4214	10	0	5244
155002301	STR_L_WS_WS_PART_MASS_DRA_301A	40002	400	1	0	1510	10	0	5245
155002302	STR_L_WS_WS_PART_MASS_DRA_302A	40002	400	1	0	1512	10	0	5246
155002303	STR_L_WS_WS_PART_MASS_DRA_303A	40002	400	1	0	1514	10	0	5247
155002304	STR_L_WS_WS_PART_MASS_DRA_401A	40002	420	1	0	1522	10	0	5248
155002305	STR_L_WS_WS_PART_MASS_DRA_402A	40002	420	1	0	1524	10	0	5249
155002306	STR_L_WS_WS_PART_MASS_DRA_403A	40002	420	1	0	1526	10	0	5250
155002307	STR_L_WS_WS_PART_MASS_DRA_501A	40002	440	1	0	1544	10	0	5251
155002308	STR_L_WS_WS_PART_MASS_DRA_502A	40002	440	1	0	1546	10	0	5252
155002309	STR_L_WS_WS_PART_MASS_DRA_503A	40002	440	1	0	1548	10	0	5253
155002310	STR_L_WS_WS_PART_MASS_DRA_551A	40002	450	1	0	4271	10	0	5254
155002311	STR_L_WS_WS_PART_MASS_DRA_552A	40002	460	1	0	4273	10	0	5255
155002312	STR_L_WS_WS_PART_MASS_DRA_553A	40002	470	1	0	4275	10	0	5256
155002313	STR_L_AS_WS_PART_MASS_STEEL_01A	40003	1	1	0	1297	10	0	5230
155002314	STR_L_AS_AS_PART_MASS_STEEL_01A	40003	5	1	0	1566	10	0	5231
155002315	STR_L_AS_AS_PART_MASS_STEEL_02A	40003	10	1	0	1567	10	0	5257
155002316	STR_L_AS_AS_PART_MASS_STEEL_03A	40003	10	1	0	1569	10	0	5257
155002317	STR_L_AS_AS_PART_MASS_STEEL_04A	40003	10	1	0	1570	10	0	5258
155002318	STR_L_AS_AS_PART_MASS_STEEL_05A	40003	10	1	0	1572	10	0	5232
155002319	STR_L_AS_WS_PART_MASS_TITAN_01A	40003	100	1	0	1318	10	0	5233
155002320	STR_L_AS_AS_PART_MASS_TITAN_01A	40003	105	1	0	1615	10	0	5234
155002321	STR_L_AS_AS_PART_MASS_TITAN_02A	40003	110	1	0	1616	10	0	5259
155002322	STR_L_AS_AS_PART_MASS_TITAN_03A	40003	110	1	0	1618	10	0	5259
155002323	STR_L_AS_AS_PART_MASS_TITAN_04A	40003	110	1	0	1619	10	0	5260
155002324	STR_L_AS_AS_PART_MASS_TITAN_05A	40003	110	1	0	1621	10	0	5235
155002325	STR_L_AS_WS_PART_MASS_ADAMAN_01A	40003	200	1	0	1362	10	0	5236
155002326	STR_L_AS_AS_PART_MASS_ADAMAN_01A	40003	205	1	0	1722	10	0	5237
155002327	STR_L_AS_AS_PART_MASS_ADAMAN_02A	40003	210	1	0	1723	10	0	5261
155002328	STR_L_AS_AS_PART_MASS_ADAMAN_03A	40003	210	1	0	1725	10	0	5261
155002329	STR_L_AS_AS_PART_MASS_ADAMAN_04A	40003	210	1	0	1726	10	0	5262
155002330	STR_L_AS_AS_PART_MASS_ADAMAN_05A	40003	210	1	0	1728	10	0	5238
155002331	STR_L_AS_WS_PART_MASS_ORIHAR_01A	40003	300	1	0	1436	10	0	5239
155002332	STR_L_AS_AS_PART_MASS_ORIHAR_01A	40003	305	1	0	1879	10	0	5240
155002333	STR_L_AS_AS_PART_MASS_ORIHAR_02A	40003	310	1	0	1880	10	0	5263
155002334	STR_L_AS_AS_PART_MASS_ORIHAR_03A	40003	310	1	0	1882	10	0	5263
155002335	STR_L_AS_AS_PART_MASS_ORIHAR_04A	40003	310	1	0	1883	10	0	5264
155002336	STR_L_AS_AS_PART_MASS_ORIHAR_05A	40003	310	1	0	1885	10	0	5241
155002337	STR_L_AS_WS_PART_MASS_BAUXI_01A	40003	400	1	0	4210	10	0	5242
155002338	STR_L_AS_AS_PART_MASS_BAUXI_01A	40003	405	1	0	4305	10	0	5243
155002339	STR_L_AS_AS_PART_MASS_BAUXI_02A	40003	405	1	0	4306	10	0	5265
155002340	STR_L_AS_AS_PART_MASS_BAUXI_01B	40003	410	1	0	4308	10	0	5266
155002341	STR_L_AS_AS_PART_MASS_BAUXI_02B	40003	410	1	0	4310	10	0	5267
155002342	STR_L_AS_AS_PART_MASS_BAUXI_03A	40003	405	1	0	4312	10	0	5265
155002343	STR_L_AS_AS_PART_MASS_BAUXI_04A	40003	405	1	0	4313	10	0	5268
155002344	STR_L_AS_AS_PART_MASS_BAUXI_05A	40003	405	1	0	4315	10	0	5244
155002345	STR_L_AS_AS_PART_MASS_BAUXI_03B	40003	410	1	0	4316	10	0	5269
155002346	STR_L_AS_AS_PART_MASS_BAUXI_04B	40003	410	1	0	4318	10	0	5270
155002347	STR_L_AS_AS_PART_MASS_BAUXI_05B	40003	410	1	0	4320	10	0	5271
155002348	STR_L_AS_WS_PART_MASS_DRA_301A	40003	400	1	0	1510	10	0	5245
155002349	STR_L_AS_WS_PART_MASS_DRA_302A	40003	400	1	0	1512	10	0	5246
155002350	STR_L_AS_WS_PART_MASS_DRA_303A	40003	400	1	0	1514	10	0	5247
155002351	STR_L_AS_WS_PART_MASS_DRA_401A	40003	420	1	0	1522	10	0	5248
155002352	STR_L_AS_WS_PART_MASS_DRA_402A	40003	420	1	0	1524	10	0	5249
155002353	STR_L_AS_WS_PART_MASS_DRA_403A	40003	420	1	0	1526	10	0	5250
155002354	STR_L_AS_WS_PART_MASS_DRA_501A	40003	440	1	0	1544	10	0	5251
155002355	STR_L_AS_WS_PART_MASS_DRA_502A	40003	440	1	0	1546	10	0	5252
155002356	STR_L_AS_WS_PART_MASS_DRA_503A	40003	440	1	0	1548	10	0	5253
155002357	STR_L_AS_WS_PART_MASS_DRA_551A	40003	450	1	0	4271	10	0	5254
155002358	STR_L_AS_WS_PART_MASS_DRA_552A	40003	460	1	0	4273	10	0	5255
155002359	STR_L_AS_WS_PART_MASS_DRA_553A	40003	470	1	0	4275	10	0	5256
155002360	STR_L_TA_TA_PART_MASS_LEA1_01A	40004	1	1	0	2144	10	0	5272
155002361	STR_L_TA_TA_PART_MASS_LEA1_02A	40004	5	1	0	2146	10	0	5273
155002362	STR_L_TA_TA_PART_MASS_LEA1_03A	40004	10	1	0	2148	10	0	5274
155002363	STR_L_TA_TA_PART_MASS_LEA2_01A	40004	100	1	0	2173	10	0	5275
155002364	STR_L_TA_TA_PART_MASS_LEA2_02A	40004	105	1	0	2175	10	0	5276
155002365	STR_L_TA_TA_PART_MASS_LEA2_03A	40004	110	1	0	2177	10	0	5277
155002366	STR_L_TA_TA_PART_MASS_LEA3_01A	40004	200	1	0	2235	10	0	5278
155002367	STR_L_TA_TA_PART_MASS_LEA3_02A	40004	205	1	0	2237	10	0	5279
155002368	STR_L_TA_TA_PART_MASS_LEA3_03A	40004	210	1	0	2239	10	0	5280
155002369	STR_L_TA_TA_PART_MASS_LEA4_01A	40004	300	1	0	2323	10	0	5281
155002370	STR_L_TA_TA_PART_MASS_LEA4_02A	40004	305	1	0	2325	10	0	5282
155002371	STR_L_TA_TA_PART_MASS_LEA4_03A	40004	310	1	0	2327	10	0	5283
155002372	STR_L_TA_TA_PART_MASS_LEA5_01A	40004	400	1	0	4522	10	0	5284
155002373	STR_L_TA_TA_PART_MASS_LEA5_02A	40004	405	1	0	4524	10	0	5285
155002374	STR_L_TA_TA_PART_MASS_LEA5_04A	40004	410	1	0	4526	10	0	5286
155002375	STR_L_TA_TA_PART_MASS_LEA5_03A	40004	405	1	0	4528	10	0	5287
155002376	STR_L_TA_TA_PART_MASS_LEA5_05A	40004	410	1	0	4530	10	0	5288
155002377	STR_L_TA_TA_PART_MASS_DRA_LT_301A	40004	400	1	0	2413	10	0	5247
155002378	STR_L_TA_TA_PART_MASS_DRA_LT_302A	40004	400	1	0	2414	10	0	5289
155002379	STR_L_TA_TA_PART_MASS_DRA_LT_401A	40004	420	1	0	2428	10	0	5250
155002380	STR_L_TA_TA_PART_MASS_DRA_LT_402A	40004	420	1	0	2429	10	0	5290
155002381	STR_L_TA_TA_PART_MASS_DRA_LT_501A	40004	440	1	0	2455	10	0	5253
155002382	STR_L_TA_TA_PART_MASS_DRA_LT_502A	40004	440	1	0	2456	10	0	5291
155002383	STR_L_TA_TA_PART_MASS_DRA_LT_551A	40004	450	1	0	4596	10	0	5256
155002384	STR_L_TA_TA_PART_MASS_DRA_LT_552A	40004	460	1	0	4597	10	0	5292
155002385	STR_L_TA_TA_PART_MASS_CLOTH1_01A	40004	1	1	0	2482	10	0	5293
155002386	STR_L_TA_TA_PART_MASS_CLOTH1_02A	40004	5	1	0	2484	10	0	5294
155002387	STR_L_TA_TA_PART_MASS_CLOTH1_03A	40004	10	1	0	2486	10	0	5295
155002388	STR_L_TA_TA_PART_MASS_CLOTH2_01A	40004	100	1	0	2511	10	0	5296
155002389	STR_L_TA_TA_PART_MASS_CLOTH2_02A	40004	105	1	0	2513	10	0	5297
155002390	STR_L_TA_TA_PART_MASS_CLOTH2_03A	40004	110	1	0	2515	10	0	5298
155002391	STR_L_TA_TA_PART_MASS_CLOTH3_01A	40004	200	1	0	2572	10	0	5299
155002392	STR_L_TA_TA_PART_MASS_CLOTH3_02A	40004	205	1	0	2574	10	0	5300
155002393	STR_L_TA_TA_PART_MASS_CLOTH3_03A	40004	210	1	0	2576	10	0	5301
155002394	STR_L_TA_TA_PART_MASS_CLOTH4_01A	40004	300	1	0	2660	10	0	5302
155002395	STR_L_TA_TA_PART_MASS_CLOTH4_02A	40004	305	1	0	2662	10	0	5303
155002396	STR_L_TA_TA_PART_MASS_CLOTH4_03A	40004	310	1	0	2664	10	0	5304
155002397	STR_L_TA_TA_PART_MASS_CLOTH5_01A	40004	400	1	0	4635	10	0	5305
155002398	STR_L_TA_TA_PART_MASS_CLOTH5_02A	40004	405	1	0	4637	10	0	5306
155002399	STR_L_TA_TA_PART_MASS_CLOTH5_04A	40004	410	1	0	4639	10	0	5307
155002400	STR_L_TA_TA_PART_MASS_CLOTH5_03A	40004	405	1	0	4641	10	0	5308
155002401	STR_L_TA_TA_PART_MASS_CLOTH5_05A	40004	410	1	0	4643	10	0	5309
155002402	STR_L_TA_TA_PART_MASS_DRA_RB_301A	40004	400	1	0	2750	10	0	5310
155002403	STR_L_TA_TA_PART_MASS_DRA_RB_401A	40004	420	1	0	2764	10	0	5311
155002404	STR_L_TA_TA_PART_MASS_DRA_RB_501A	40004	440	1	0	2790	10	0	5312
155002405	STR_L_TA_TA_PART_MASS_DRA_RB_551A	40004	470	1	0	4719	10	0	5313
155002406	STR_L_HA_JR_PART_MASS_SILVER_01A	40008	1	1	0	2816	10	0	5314
155002407	STR_L_HA_JR_PART_MASS_SILVER_02A	40008	10	1	0	2818	10	0	5315
155002408	STR_L_HA_JR_PART_MASS_GOLD_01A	40008	100	1	0	2824	10	0	5316
155002409	STR_L_HA_JR_PART_MASS_GOLD_02A	40008	110	1	0	2826	10	0	5317
155002410	STR_L_HA_JR_PART_MASS_WGOLD_01A	40008	200	1	0	2835	10	0	5318
155002411	STR_L_HA_JR_PART_MASS_WGOLD_02A	40008	210	1	0	2837	10	0	5319
155002412	STR_L_HA_JR_PART_MASS_MYTHRIL_01A	40008	300	1	0	2846	10	0	5320
155002413	STR_L_HA_JR_PART_MASS_MYTHRIL_02A	40008	310	1	0	2848	10	0	5321
155002414	STR_L_HA_JR_PART_MASS_CRYSTAL_01A	40008	400	1	0	4757	10	0	5322
155002415	STR_L_HA_JR_PART_MASS_CRYSTAL_02A	40008	410	1	0	4759	10	0	5323
155002416	STR_L_HA_JR_PART_MASS_ROSE_02A	40008	10	1	0	2857	10	0	5324
155002417	STR_L_HA_JR_PART_MASS_AMETH_02A	40008	10	1	0	2863	10	0	5325
155002418	STR_L_HA_JR_PART_MASS_CRISTAL_02A	40008	10	1	0	2869	10	0	5326
155002419	STR_L_HA_JR_PART_MASS_TOPAZ_02A	40008	110	1	0	2875	10	0	5327
155002420	STR_L_HA_JR_PART_MASS_AQUA_02A	40008	110	1	0	2885	10	0	5328
155002421	STR_L_HA_JR_PART_MASS_ZIRCON_02A	40008	110	1	0	2895	10	0	5329
155002422	STR_L_HA_JR_PART_MASS_GARNET_02A	40008	210	1	0	2909	10	0	5330
155002423	STR_L_HA_JR_PART_MASS_LAZULI_02A	40008	210	1	0	2927	10	0	5331
155002424	STR_L_HA_JR_PART_MASS_MOON_02A	40008	210	1	0	2945	10	0	5332
155002425	STR_L_HA_JR_PART_MASS_RUBY_02A	40008	310	1	0	2973	10	0	5333
155002426	STR_L_HA_JR_PART_MASS_SAPPH_02A	40008	310	1	0	2991	10	0	5334
155002427	STR_L_HA_JR_PART_MASS_DIA_02A	40008	310	1	0	3009	10	0	5335
155002428	STR_L_HA_JR_PART_MASS_REDBE_02A	40008	410	1	0	4768	10	0	5336
155002429	STR_L_HA_JR_PART_MASS_TERQUER_02A	40008	410	1	0	4802	10	0	5337
155002430	STR_L_HA_JR_PART_MASS_KELPA_02A	40008	410	1	0	4836	10	0	5338
155002431	STR_L_HA_JR_PART_MASS_DRA_JEW_301A	40008	400	1	0	3037	10	0	5339
155002432	STR_L_HA_JR_PART_MASS_DRA_JEW_401A	40008	420	1	0	3052	10	0	5340
155002433	STR_L_HA_JR_PART_MASS_DRA_JEW_501A	40008	440	1	0	3081	10	0	5341
155002434	STR_L_HA_JR_PART_MASS_DRA_JEW_551A	40008	470	1	0	4883	10	0	5342
155002435	STR_L_HA_JR_PART_MASS_BIRKE_01A	40008	1	1	0	3110	10	0	5343
155002436	STR_L_HA_JR_PART_MASS_BIRKE_02A	40008	10	1	0	3112	10	0	5344
155002437	STR_L_HA_JR_PART_MASS_BIRKE_03A	40008	20	1	0	3114	10	0	5345
155002438	STR_L_HA_JR_PART_MASS_YORK_01A	40008	100	1	0	3124	10	0	5346
155002439	STR_L_HA_JR_PART_MASS_YORK_02A	40008	110	1	0	3126	10	0	5347
155002440	STR_L_HA_JR_PART_MASS_YORK_03A	40008	120	1	0	3128	10	0	5348
155002441	STR_L_HA_JR_PART_MASS_ELM_01A	40008	200	1	0	3148	10	0	5349
155002442	STR_L_HA_JR_PART_MASS_ELM_02A	40008	210	1	0	3150	10	0	5350
155002443	STR_L_HA_JR_PART_MASS_ELM_03A	40008	220	1	0	3152	10	0	5351
155002444	STR_L_HA_JR_PART_MASS_IGDRA_01A	40008	300	1	0	3182	10	0	5352
155002445	STR_L_HA_JR_PART_MASS_IGDRA_02A	40008	310	1	0	3184	10	0	5353
155002446	STR_L_HA_JR_PART_MASS_IGDRA_03A	40008	320	1	0	3186	10	0	5354
155002447	STR_L_HA_JR_PART_MASS_GARDE_01A	40008	400	1	0	4926	10	0	5355
155002448	STR_L_HA_JR_PART_MASS_GARDE_02A	40008	410	1	0	4928	10	0	5356
155002449	STR_L_HA_JR_PART_MASS_GARDE_03A	40008	420	1	0	4930	10	0	5357
155002450	STR_L_HA_HW_PART_MASS_DRA_TREE_301A	40008	400	1	0	3218	10	0	5245
155002451	STR_L_HA_HW_PART_MASS_DRA_TREE_302A	40008	400	1	0	3219	10	0	5246
155002452	STR_L_HA_HW_PART_MASS_DRA_TREE_401A	40008	420	1	0	3224	10	0	5248
155002453	STR_L_HA_HW_PART_MASS_DRA_TREE_402A	40008	420	1	0	3225	10	0	5249
155002454	STR_L_HA_HW_PART_MASS_DRA_TREE_501A	40008	440	1	0	3234	10	0	5251
155002455	STR_L_HA_HW_PART_MASS_DRA_TREE_502A	40008	440	1	0	3235	10	0	5252
155002456	STR_L_HA_HW_PART_MASS_DRA_TREE_551A	40008	450	1	0	4954	10	0	5254
155002457	STR_L_HA_HW_PART_MASS_DRA_TREE_552A	40008	460	1	0	4955	10	0	5255
155002458	STR_L_AL_AL_PART_MASS_STONE1_03A	40007	10	1	0	3379	10	0	5358
155002459	STR_L_AL_AL_PART_MASS_STONE1_04A	40007	10	1	0	3381	10	0	5359
155002460	STR_L_AL_AL_PART_MASS_STONE2_03A	40007	110	1	0	3396	10	0	5360
155002461	STR_L_AL_AL_PART_MASS_STONE2_04A	40007	110	1	0	3398	10	0	5361
155002462	STR_L_AL_AL_PART_MASS_STONE3_03A	40007	210	1	0	3423	10	0	5362
155002463	STR_L_AL_AL_PART_MASS_STONE3_04A	40007	210	1	0	3425	10	0	5363
155002464	STR_L_AL_AL_PART_MASS_STONE4_03A	40007	310	1	0	3460	10	0	5364
155002465	STR_L_AL_AL_PART_MASS_STONE4_04A	40007	310	1	0	3462	10	0	5365
155002466	STR_L_AL_AL_PART_MASS_STONE5_03A	40007	410	1	0	5022	10	0	5366
155002467	STR_L_AL_AL_PART_MASS_STONE5_04A	40007	410	1	0	5024	10	0	5367
155002468	STR_L_AL_AL_PART_MASS_DRA_SOUL_301A	40007	400	1	0	3510	10	0	5245
155002469	STR_L_AL_AL_PART_MASS_DRA_SOUL_302A	40007	400	1	0	3511	10	0	5368
155002470	STR_L_AL_AL_PART_MASS_DRA_SOUL_401A	40007	420	1	0	3517	10	0	5248
155002471	STR_L_AL_AL_PART_MASS_DRA_SOUL_402A	40007	420	1	0	3518	10	0	5369
155002472	STR_L_AL_AL_PART_MASS_DRA_SOUL_501A	40007	440	1	0	3528	10	0	5251
155002473	STR_L_AL_AL_PART_MASS_DRA_SOUL_502A	40007	440	1	0	3529	10	0	5370
155002474	STR_L_AL_AL_PART_MASS_DRA_SOUL_551A	40007	450	1	0	5057	10	0	5254
155002475	STR_L_AL_AL_PART_MASS_DRA_SOUL_552A	40007	460	1	0	5058	10	0	5371
155002476	STR_L_AL_AL_PART_MASS_STONE1_01A	40007	1	1	0	3376	20	0	5372
155002477	STR_L_AL_AL_PART_MASS_STONE1_02A	40007	1	1	0	3378	50	0	5372
155002478	STR_L_AL_AL_PART_MASS_STONE2_01A	40007	100	1	0	3393	20	0	5373
155002479	STR_L_AL_AL_PART_MASS_STONE2_02A	40007	100	1	0	3395	50	0	5373
155002480	STR_L_AL_AL_PART_MASS_STONE3_01A	40007	200	1	0	3420	20	0	5374
155002481	STR_L_AL_AL_PART_MASS_STONE3_02A	40007	200	1	0	3422	50	0	5374
155002482	STR_L_AL_AL_PART_MASS_STONE4_01A	40007	300	1	0	3457	20	0	5375
155002483	STR_L_AL_AL_PART_MASS_STONE4_02A	40007	300	1	0	3459	50	0	5375
155002484	STR_L_AL_AL_PART_MASS_STONE5_01A	40007	400	1	0	5019	20	0	5376
155002485	STR_L_AL_AL_PART_MASS_STONE5_02A	40007	400	1	0	5021	50	0	5376
155002486	STR_L_TA_LT_HEAD_N_E2_M_53A	40004	500	1	1	5377	1	0	5378
155002487	STR_L_TA_RB_HEAD_N_E2_M_53A	40004	500	1	1	5379	1	0	5380
155002488	STR_L_WS_QUEST_SKILL_WEAPON_299A	40002	299	1	1	5381	1	0	5382
155002489	STR_L_WS_QUEST_SKILL_WEAPON_299B	40002	299	1	1	5383	1	0	5384
155002490	STR_L_AS_QUEST_SKILL_ARMOR_299A	40003	299	1	1	5385	1	0	5386
155002491	STR_L_AS_QUEST_SKILL_ARMOR_299B	40003	299	1	1	5387	1	0	5388
155002492	STR_L_TA_QUEST_SKILL_TAILO_299A	40004	299	1	1	5389	1	0	5390
155002493	STR_L_TA_QUEST_SKILL_TAILO_299B	40004	299	1	1	5391	1	0	5392
155002494	STR_L_HA_QUEST_SKILL_HANDI_299A	40008	299	1	1	5393	1	0	5394
155002495	STR_L_HA_QUEST_SKILL_HANDI_299B	40008	299	1	1	5395	1	0	5396
155002496	STR_L_AL_QUEST_SKILL_ALCHE_299A	40007	299	1	1	5397	1	0	5398
155002497	STR_L_AL_QUEST_SKILL_ALCHE_299B	40007	299	1	1	5399	1	0	5400
155002498	STR_L_CO_QUEST_SKILL_COOK01_299A	40001	299	1	1	5401	1	0	5402
155002499	STR_L_CO_QUEST_SKILL_COOK02_299A	40001	299	1	1	5403	1	0	5404
155002500	STR_L_CO_QUEST_SKILL_COOK03_299A	40001	299	1	1	5405	1	0	5406
155002501	STR_L_WS_QUEST_SKILL_WEAPON_399A	40002	399	1	1	5407	1	0	5408
155002502	STR_L_WS_QUEST_SKILL_WEAPON_399B	40002	399	1	1	5409	1	0	5410
155002503	STR_L_AS_QUEST_SKILL_ARMOR_399A	40003	399	1	1	5411	1	0	5412
155002504	STR_L_AS_QUEST_SKILL_ARMOR_399B	40003	399	1	1	5413	1	0	5414
155002505	STR_L_TA_QUEST_SKILL_TAILO_399A	40004	399	1	1	5415	1	0	5416
155002506	STR_L_TA_QUEST_SKILL_TAILO_399B	40004	399	1	1	5417	1	0	5418
155002507	STR_L_HA_QUEST_SKILL_HANDI_399A	40008	399	1	1	5419	1	0	5420
155002508	STR_L_HA_QUEST_SKILL_HANDI_399B	40008	399	1	1	5421	1	0	5422
155002509	STR_L_AL_QUEST_SKILL_ALCHE_399A	40007	399	1	1	5423	1	0	5424
155002510	STR_L_AL_QUEST_SKILL_ALCHE_399B	40007	399	1	1	5425	1	0	5426
155002511	STR_L_CO_QUEST_SKILL_COOK01_399A	40001	399	1	1	5427	1	0	5428
155002512	STR_L_CO_QUEST_SKILL_COOK02_399A	40001	399	1	1	5429	1	0	5430
155002513	STR_L_CO_QUEST_SKILL_COOK03_399A	40001	399	1	1	5431	1	0	5432
155002514	STR_L_CO_QUEST_SKILL_COOK04_399A	40001	399	1	1	5433	1	0	5434
155002515	STR_L_WS_DAGGER_N_R1_P_15A	40002	10	1	0	5435	1	0	5436
155002516	STR_L_WS_SWORD_N_R1_P_15A	40002	20	1	0	5437	1	0	5438
155002517	STR_L_WS_MACE_N_R1_P_15A	40002	30	1	0	5439	1	0	5440
155002518	STR_L_WS_2HSWORD_N_R1_P_15A	40002	40	1	0	5441	1	0	5442
155002519	STR_L_WS_POLEARM_N_R1_P_15A	40002	50	1	0	5443	1	0	5444
155002520	STR_L_WS_DAGGER_N_R1_P_20A	40002	60	1	0	5445	1	0	5446
155002521	STR_L_WS_SWORD_N_R1_P_20A	40002	70	1	0	5447	1	0	5448
155002522	STR_L_WS_MACE_N_R1_P_20A	40002	80	1	0	5449	1	0	5450
155002523	STR_L_WS_2HSWORD_N_R1_P_20A	40002	90	1	0	5451	1	0	5452
155002524	STR_L_WS_POLEARM_N_R1_P_20A	40002	99	1	0	5453	1	0	5454
155002525	STR_L_WS_DAGGER_N_R1_P_25A	40002	110	1	0	5455	1	0	5456
155002526	STR_L_WS_SWORD_N_R1_P_25A	40002	120	1	0	5457	1	0	5458
155002527	STR_L_WS_MACE_N_R1_P_25A	40002	130	1	0	5459	1	0	5460
155002528	STR_L_WS_2HSWORD_N_R1_P_25A	40002	140	1	0	5461	1	0	5462
155002529	STR_L_WS_POLEARM_N_R1_P_25A	40002	150	1	0	5463	1	0	5464
155002530	STR_L_WS_DAGGER_N_R1_P_30A	40002	160	1	0	5465	1	0	5466
155002531	STR_L_WS_SWORD_N_R1_P_30A	40002	170	1	0	5467	1	0	5468
155002532	STR_L_WS_MACE_N_R1_P_30A	40002	180	1	0	5469	1	0	5470
155002533	STR_L_WS_2HSWORD_N_R1_P_30A	40002	190	1	0	5471	1	0	5472
155002534	STR_L_WS_POLEARM_N_R1_P_30A	40002	199	1	0	5473	1	0	5474
155002535	STR_L_WS_DAGGER_N_R1_P_35A	40002	210	1	0	5475	1	0	5476
155002536	STR_L_WS_SWORD_N_R1_P_35A	40002	220	1	0	5477	1	0	5478
155002537	STR_L_WS_MACE_N_R1_P_35A	40002	230	1	0	5479	1	0	5480
155002538	STR_L_WS_2HSWORD_N_R1_P_35A	40002	240	1	0	5481	1	0	5482
155002539	STR_L_WS_POLEARM_N_R1_P_35A	40002	250	1	0	5483	1	0	5484
155002540	STR_L_WS_DAGGER_N_R1_P_40A	40002	260	1	0	5485	1	0	5486
155002541	STR_L_WS_SWORD_N_R1_P_40A	40002	270	1	0	5487	1	0	5488
155002542	STR_L_WS_MACE_N_R1_P_40A	40002	280	1	0	5489	1	0	5490
155002543	STR_L_WS_2HSWORD_N_R1_P_40A	40002	290	1	0	5491	1	0	5492
155002544	STR_L_WS_POLEARM_N_R1_P_40A	40002	299	1	0	5493	1	0	5494
155002545	STR_L_WS_DAGGER_N_R1_P_45A	40002	310	1	0	5495	1	0	5496
155002546	STR_L_WS_SWORD_N_R1_P_45A	40002	320	1	0	5497	1	0	5498
155002547	STR_L_WS_MACE_N_R1_P_45A	40002	330	1	0	5499	1	0	5500
155002548	STR_L_WS_2HSWORD_N_R1_P_45A	40002	340	1	0	5501	1	0	5502
155002549	STR_L_WS_POLEARM_N_R1_P_45A	40002	350	1	0	5503	1	0	5504
155002550	STR_L_WS_DAGGER_N_R1_P_50A	40002	360	1	0	5505	1	0	5506
155002551	STR_L_WS_SWORD_N_R1_P_50A	40002	370	1	0	5507	1	0	5508
155002552	STR_L_WS_MACE_N_R1_P_50A	40002	380	1	0	5509	1	0	5510
155002553	STR_L_WS_2HSWORD_N_R1_P_50A	40002	390	1	0	5511	1	0	5512
155002554	STR_L_WS_POLEARM_N_R1_P_50A	40002	399	1	0	5513	1	0	5514
155002555	STR_L_WS_DAGGER_N_R1_P_55A	40002	410	1	0	5515	1	0	5516
155002556	STR_L_WS_SWORD_N_R1_P_55A	40002	420	1	0	5517	1	0	5518
155002557	STR_L_WS_MACE_N_R1_P_55A	40002	430	1	0	5519	1	0	5520
155002558	STR_L_WS_2HSWORD_N_R1_P_55A	40002	440	1	0	5521	1	0	5522
155002559	STR_L_WS_POLEARM_N_R1_P_55A	40002	449	1	0	5523	1	0	5524
155002560	STR_L_AS_CH_SHOES_N_R1_P_13A	40003	10	1	0	5525	1	0	5526
155002561	STR_L_AS_CH_GLOVE_N_R1_P_13A	40003	20	1	0	5527	1	0	5528
155002562	STR_L_AS_CH_PANTS_N_R1_P_13A	40003	30	1	0	5529	1	0	5530
155002563	STR_L_AS_CH_TORSO_N_R1_P_13A	40003	50	1	0	5531	1	0	5532
155002564	STR_L_AS_CH_HEAD_N_R1_P_13A	40003	40	1	0	5533	1	0	5534
155002565	STR_L_AS_CH_SHOES_N_R1_P_18A	40003	60	1	0	5535	1	0	5536
155002566	STR_L_AS_CH_GLOVE_N_R1_P_18A	40003	70	1	0	5537	1	0	5538
155002567	STR_L_AS_CH_SHOUL_N_R1_P_18A	40003	80	1	0	5539	1	0	5540
155002568	STR_L_AS_CH_PANTS_N_R1_P_18A	40003	90	1	0	5541	1	0	5542
155002569	STR_L_AS_CH_TORSO_N_R1_P_18A	40003	99	1	0	5543	1	0	5544
155002570	STR_L_AS_CH_HEAD_N_R1_P_18A	40003	90	1	0	5545	1	0	5546
155002571	STR_L_AS_CH_SHOES_N_R1_P_23A	40003	110	1	0	5547	1	0	5548
155002572	STR_L_AS_CH_GLOVE_N_R1_P_23A	40003	120	1	0	5549	1	0	5550
155002573	STR_L_AS_CH_SHOUL_N_R1_P_23A	40003	130	1	0	5551	1	0	5552
155002574	STR_L_AS_CH_PANTS_N_R1_P_23A	40003	140	1	0	5553	1	0	5554
155002575	STR_L_AS_CH_TORSO_N_R1_P_23A	40003	150	1	0	5555	1	0	5556
155002576	STR_L_AS_CH_HEAD_N_R1_P_23A	40003	140	1	0	5557	1	0	5558
155002577	STR_L_AS_CH_SHOES_N_R1_P_28A	40003	160	1	0	5559	1	0	5560
155002578	STR_L_AS_CH_GLOVE_N_R1_P_28A	40003	170	1	0	5561	1	0	5562
155002579	STR_L_AS_CH_SHOUL_N_R1_P_28A	40003	180	1	0	5563	1	0	5564
155002580	STR_L_AS_CH_PANTS_N_R1_P_28A	40003	190	1	0	5565	1	0	5566
155002581	STR_L_AS_CH_TORSO_N_R1_P_28A	40003	199	1	0	5567	1	0	5568
155002582	STR_L_AS_CH_HEAD_N_R1_P_28A	40003	190	1	0	5569	1	0	5570
155002583	STR_L_AS_CH_SHOES_N_R1_P_33A	40003	210	1	0	5571	1	0	5572
155002584	STR_L_AS_CH_GLOVE_N_R1_P_33A	40003	220	1	0	5573	1	0	5574
155002585	STR_L_AS_CH_SHOUL_N_R1_P_33A	40003	230	1	0	5575	1	0	5576
155002586	STR_L_AS_CH_PANTS_N_R1_P_33A	40003	240	1	0	5577	1	0	5578
155002587	STR_L_AS_CH_TORSO_N_R1_P_33A	40003	250	1	0	5579	1	0	5580
155002588	STR_L_AS_CH_HEAD_N_R1_P_33A	40003	240	1	0	5581	1	0	5582
155002589	STR_L_AS_CH_SHOES_N_R1_P_38A	40003	260	1	0	5583	1	0	5584
155002590	STR_L_AS_CH_GLOVE_N_R1_P_38A	40003	270	1	0	5585	1	0	5586
155002591	STR_L_AS_CH_SHOUL_N_R1_P_38A	40003	280	1	0	5587	1	0	5588
155002592	STR_L_AS_CH_PANTS_N_R1_P_38A	40003	290	1	0	5589	1	0	5590
155002593	STR_L_AS_CH_TORSO_N_R1_P_38A	40003	299	1	0	5591	1	0	5592
155002594	STR_L_AS_CH_HEAD_N_R1_P_38A	40003	290	1	0	5593	1	0	5594
155002595	STR_L_AS_CH_SHOES_N_R1_P_43A	40003	310	1	0	5595	1	0	5596
155002596	STR_L_AS_CH_GLOVE_N_R1_P_43A	40003	320	1	0	5597	1	0	5598
155002597	STR_L_AS_CH_SHOUL_N_R1_P_43A	40003	330	1	0	5599	1	0	5600
155002598	STR_L_AS_CH_PANTS_N_R1_P_43A	40003	340	1	0	5601	1	0	5602
155002599	STR_L_AS_CH_TORSO_N_R1_P_43A	40003	350	1	0	5603	1	0	5604
155002600	STR_L_AS_CH_HEAD_N_R1_P_43A	40003	340	1	0	5605	1	0	5606
155002601	STR_L_AS_CH_SHOES_N_R1_P_48A	40003	360	1	0	5607	1	0	5608
155002602	STR_L_AS_CH_GLOVE_N_R1_P_48A	40003	370	1	0	5609	1	0	5610
155002603	STR_L_AS_CH_SHOUL_N_R1_P_48A	40003	380	1	0	5611	1	0	5612
155002604	STR_L_AS_CH_PANTS_N_R1_P_48A	40003	390	1	0	5613	1	0	5614
155002605	STR_L_AS_CH_TORSO_N_R1_P_48A	40003	399	1	0	5615	1	0	5616
155002606	STR_L_AS_CH_HEAD_N_R1_P_48A	40003	390	1	0	5617	1	0	5618
155002607	STR_L_AS_CH_SHOES_N_R1_P_53A	40003	410	1	0	5619	1	0	5620
155002608	STR_L_AS_CH_GLOVE_N_R1_P_53A	40003	420	1	0	5621	1	0	5622
155002609	STR_L_AS_CH_SHOUL_N_R1_P_53A	40003	430	1	0	5623	1	0	5624
155002610	STR_L_AS_CH_PANTS_N_R1_P_53A	40003	440	1	0	5625	1	0	5626
155002611	STR_L_AS_CH_TORSO_N_R1_P_53A	40003	449	1	0	5627	1	0	5628
155002612	STR_L_AS_CH_HEAD_N_R1_P_53A	40003	440	1	0	5629	1	0	5630
155002613	STR_L_AS_PL_SHOES_N_R1_P_13A	40003	10	1	0	5631	1	0	5632
155002614	STR_L_AS_PL_GLOVE_N_R1_P_13A	40003	20	1	0	5633	1	0	5634
155002615	STR_L_AS_PL_PANTS_N_R1_P_13A	40003	30	1	0	5635	1	0	5636
155002616	STR_L_AS_PL_TORSO_N_R1_P_13A	40003	50	1	0	5637	1	0	5638
155002617	STR_L_AS_PL_HEAD_N_R1_P_13A	40003	40	1	0	5639	1	0	5640
155002618	STR_L_AS_SHIELD_N_R1_P_15A	40003	50	1	0	5641	1	0	5642
155002619	STR_L_AS_PL_SHOES_N_R1_P_18A	40003	60	1	0	5643	1	0	5644
155002620	STR_L_AS_PL_GLOVE_N_R1_P_18A	40003	70	1	0	5645	1	0	5646
155002621	STR_L_AS_PL_SHOUL_N_R1_P_18A	40003	80	1	0	5647	1	0	5648
155002622	STR_L_AS_PL_PANTS_N_R1_P_18A	40003	90	1	0	5649	1	0	5650
155002623	STR_L_AS_PL_TORSO_N_R1_P_18A	40003	99	1	0	5651	1	0	5652
155002624	STR_L_AS_PL_HEAD_N_R1_P_18A	40003	90	1	0	5653	1	0	5654
155002625	STR_L_AS_SHIELD_N_R1_P_20A	40003	99	1	0	5655	1	0	5656
155002626	STR_L_AS_PL_SHOES_N_R1_P_23A	40003	110	1	0	5657	1	0	5658
155002627	STR_L_AS_PL_GLOVE_N_R1_P_23A	40003	120	1	0	5659	1	0	5660
155002628	STR_L_AS_PL_SHOUL_N_R1_P_23A	40003	130	1	0	5661	1	0	5662
155002629	STR_L_AS_PL_PANTS_N_R1_P_23A	40003	140	1	0	5663	1	0	5664
155002630	STR_L_AS_PL_TORSO_N_R1_P_23A	40003	150	1	0	5665	1	0	5666
155002631	STR_L_AS_PL_HEAD_N_R1_P_23A	40003	140	1	0	5667	1	0	5668
155002632	STR_L_AS_SHIELD_N_R1_P_25A	40003	150	1	0	5669	1	0	5670
155002633	STR_L_AS_PL_SHOES_N_R1_P_28A	40003	160	1	0	5671	1	0	5672
155002634	STR_L_AS_PL_GLOVE_N_R1_P_28A	40003	170	1	0	5673	1	0	5674
155002635	STR_L_AS_PL_SHOUL_N_R1_P_28A	40003	180	1	0	5675	1	0	5676
155002636	STR_L_AS_PL_PANTS_N_R1_P_28A	40003	190	1	0	5677	1	0	5678
155002637	STR_L_AS_PL_TORSO_N_R1_P_28A	40003	199	1	0	5679	1	0	5680
155002638	STR_L_AS_PL_HEAD_N_R1_P_28A	40003	190	1	0	5681	1	0	5682
155002639	STR_L_AS_SHIELD_N_R1_P_30A	40003	199	1	0	5683	1	0	5684
155002640	STR_L_AS_PL_SHOES_N_R1_P_33A	40003	210	1	0	5685	1	0	5686
155002641	STR_L_AS_PL_GLOVE_N_R1_P_33A	40003	220	1	0	5687	1	0	5688
155002642	STR_L_AS_PL_SHOUL_N_R1_P_33A	40003	230	1	0	5689	1	0	5690
155002643	STR_L_AS_PL_PANTS_N_R1_P_33A	40003	240	1	0	5691	1	0	5692
155002644	STR_L_AS_PL_TORSO_N_R1_P_33A	40003	250	1	0	5693	1	0	5694
155002645	STR_L_AS_PL_HEAD_N_R1_P_33A	40003	240	1	0	5695	1	0	5696
155002646	STR_L_AS_SHIELD_N_R1_P_35A	40003	250	1	0	5697	1	0	5698
155002647	STR_L_AS_PL_SHOES_N_R1_P_38A	40003	260	1	0	5699	1	0	5700
155002648	STR_L_AS_PL_GLOVE_N_R1_P_38A	40003	270	1	0	5701	1	0	5702
155002649	STR_L_AS_PL_SHOUL_N_R1_P_38A	40003	280	1	0	5703	1	0	5704
155002650	STR_L_AS_PL_PANTS_N_R1_P_38A	40003	290	1	0	5705	1	0	5706
155002651	STR_L_AS_PL_TORSO_N_R1_P_38A	40003	299	1	0	5707	1	0	5708
155002652	STR_L_AS_PL_HEAD_N_R1_P_38A	40003	290	1	0	5709	1	0	5710
155002653	STR_L_AS_SHIELD_N_R1_P_40A	40003	299	1	0	5711	1	0	5712
155002654	STR_L_AS_PL_SHOES_N_R1_P_43A	40003	310	1	0	5713	1	0	5714
155002655	STR_L_AS_PL_GLOVE_N_R1_P_43A	40003	320	1	0	5715	1	0	5716
155002656	STR_L_AS_PL_SHOUL_N_R1_P_43A	40003	330	1	0	5717	1	0	5718
155002657	STR_L_AS_PL_PANTS_N_R1_P_43A	40003	340	1	0	5719	1	0	5720
155002658	STR_L_AS_PL_TORSO_N_R1_P_43A	40003	350	1	0	5721	1	0	5722
155002659	STR_L_AS_PL_HEAD_N_R1_P_43A	40003	340	1	0	5723	1	0	5724
155002660	STR_L_AS_SHIELD_N_R1_P_45A	40003	350	1	0	5725	1	0	5726
155002661	STR_L_AS_PL_SHOES_N_R1_P_48A	40003	360	1	0	5727	1	0	5728
155002662	STR_L_AS_PL_GLOVE_N_R1_P_48A	40003	370	1	0	5729	1	0	5730
155002663	STR_L_AS_PL_SHOUL_N_R1_P_48A	40003	380	1	0	5731	1	0	5732
155002664	STR_L_AS_PL_PANTS_N_R1_P_48A	40003	390	1	0	5733	1	0	5734
155002665	STR_L_AS_PL_TORSO_N_R1_P_48A	40003	399	1	0	5735	1	0	5736
155002666	STR_L_AS_PL_HEAD_N_R1_P_48A	40003	390	1	0	5737	1	0	5738
155002667	STR_L_AS_SHIELD_N_R1_P_50A	40003	399	1	0	5739	1	0	5740
155002668	STR_L_AS_PL_SHOES_N_R1_P_53A	40003	410	1	0	5741	1	0	5742
155002669	STR_L_AS_PL_GLOVE_N_R1_P_53A	40003	420	1	0	5743	1	0	5744
155002670	STR_L_AS_PL_SHOUL_N_R1_P_53A	40003	430	1	0	5745	1	0	5746
155002671	STR_L_AS_PL_PANTS_N_R1_P_53A	40003	440	1	0	5747	1	0	5748
155002672	STR_L_AS_PL_TORSO_N_R1_P_53A	40003	449	1	0	5749	1	0	5750
155002673	STR_L_AS_PL_HEAD_N_R1_P_53A	40003	440	1	0	5751	1	0	5752
155002674	STR_L_AS_SHIELD_N_R1_P_55A	40003	449	1	0	5753	1	0	5754
155002675	STR_L_TA_LT_SHOES_N_R1_P_13A	40004	10	1	0	5755	1	0	5756
155002676	STR_L_TA_LT_GLOVE_N_R1_P_13A	40004	20	1	0	5757	1	0	5758
155002677	STR_L_TA_LT_PANTS_N_R1_P_13A	40004	40	1	0	5759	1	0	5760
155002678	STR_L_TA_LT_TORSO_N_R1_P_13A	40004	50	1	0	5761	1	0	5762
155002679	STR_L_TA_BELT_N_R1_P_13A	40004	30	1	0	5763	1	0	5764
155002680	STR_L_TA_LT_HEAD_N_R1_P_13A	40004	40	1	0	5765	1	0	5766
155002681	STR_L_TA_LT_SHOES_N_R1_P_18A	40004	60	1	0	5767	1	0	5768
155002682	STR_L_TA_LT_GLOVE_N_R1_P_18A	40004	70	1	0	5769	1	0	5770
155002683	STR_L_TA_LT_SHOUL_N_R1_P_18A	40004	80	1	0	5771	1	0	5772
155002684	STR_L_TA_LT_PANTS_N_R1_P_18A	40004	90	1	0	5773	1	0	5774
155002685	STR_L_TA_LT_TORSO_N_R1_P_18A	40004	99	1	0	5775	1	0	5776
155002686	STR_L_TA_BELT_N_R1_P_18A	40004	80	1	0	5777	1	0	5778
155002687	STR_L_TA_LT_HEAD_N_R1_P_18A	40004	90	1	0	5779	1	0	5780
155002688	STR_L_TA_LT_SHOES_N_R1_P_23A	40004	110	1	0	5781	1	0	5782
155002689	STR_L_TA_LT_GLOVE_N_R1_P_23A	40004	120	1	0	5783	1	0	5784
155002690	STR_L_TA_LT_SHOUL_N_R1_P_23A	40004	130	1	0	5785	1	0	5786
155002691	STR_L_TA_LT_PANTS_N_R1_P_23A	40004	140	1	0	5787	1	0	5788
155002692	STR_L_TA_LT_TORSO_N_R1_P_23A	40004	150	1	0	5789	1	0	5790
155002693	STR_L_TA_BELT_N_R1_P_23A	40004	130	1	0	5791	1	0	5792
155002694	STR_L_TA_LT_HEAD_N_R1_P_23A	40004	140	1	0	5793	1	0	5794
155002695	STR_L_TA_LT_SHOES_N_R1_P_28A	40004	160	1	0	5795	1	0	5796
155002696	STR_L_TA_LT_GLOVE_N_R1_P_28A	40004	170	1	0	5797	1	0	5798
155002697	STR_L_TA_LT_SHOUL_N_R1_P_28A	40004	180	1	0	5799	1	0	5800
155002698	STR_L_TA_LT_PANTS_N_R1_P_28A	40004	190	1	0	5801	1	0	5802
155002699	STR_L_TA_LT_TORSO_N_R1_P_28A	40004	199	1	0	5803	1	0	5804
155002700	STR_L_TA_BELT_N_R1_P_28A	40004	180	1	0	5805	1	0	5806
155002701	STR_L_TA_LT_HEAD_N_R1_P_28A	40004	190	1	0	5807	1	0	5808
155002702	STR_L_TA_LT_SHOES_N_R1_P_33A	40004	210	1	0	5809	1	0	5810
155002703	STR_L_TA_LT_GLOVE_N_R1_P_33A	40004	220	1	0	5811	1	0	5812
155002704	STR_L_TA_LT_SHOUL_N_R1_P_33A	40004	230	1	0	5813	1	0	5814
155002705	STR_L_TA_LT_PANTS_N_R1_P_33A	40004	240	1	0	5815	1	0	5816
155002706	STR_L_TA_LT_TORSO_N_R1_P_33A	40004	250	1	0	5817	1	0	5818
155002707	STR_L_TA_BELT_N_R1_P_33A	40004	230	1	0	5819	1	0	5820
155002708	STR_L_TA_LT_HEAD_N_R1_P_33A	40004	240	1	0	5821	1	0	5822
155002709	STR_L_TA_LT_SHOES_N_R1_P_38A	40004	260	1	0	5823	1	0	5824
155002710	STR_L_TA_LT_GLOVE_N_R1_P_38A	40004	270	1	0	5825	1	0	5826
155002711	STR_L_TA_LT_SHOUL_N_R1_P_38A	40004	280	1	0	5827	1	0	5828
155002712	STR_L_TA_LT_PANTS_N_R1_P_38A	40004	290	1	0	5829	1	0	5830
155002713	STR_L_TA_LT_TORSO_N_R1_P_38A	40004	299	1	0	5831	1	0	5832
155002714	STR_L_TA_BELT_N_R1_P_38A	40004	280	1	0	5833	1	0	5834
155002715	STR_L_TA_LT_HEAD_N_R1_P_38A	40004	290	1	0	5835	1	0	5836
155002716	STR_L_TA_LT_SHOES_N_R1_P_43A	40004	310	1	0	5837	1	0	5838
155002717	STR_L_TA_LT_GLOVE_N_R1_P_43A	40004	320	1	0	5839	1	0	5840
155002718	STR_L_TA_LT_SHOUL_N_R1_P_43A	40004	330	1	0	5841	1	0	5842
155002719	STR_L_TA_LT_PANTS_N_R1_P_43A	40004	340	1	0	5843	1	0	5844
155002720	STR_L_TA_LT_TORSO_N_R1_P_43A	40004	350	1	0	5845	1	0	5846
155002721	STR_L_TA_BELT_N_R1_P_43A	40004	330	1	0	5847	1	0	5848
155002722	STR_L_TA_LT_HEAD_N_R1_P_43A	40004	340	1	0	5849	1	0	5850
155002723	STR_L_TA_LT_SHOES_N_R1_P_48A	40004	360	1	0	5851	1	0	5852
155002724	STR_L_TA_LT_GLOVE_N_R1_P_48A	40004	370	1	0	5853	1	0	5854
155002725	STR_L_TA_LT_SHOUL_N_R1_P_48A	40004	380	1	0	5855	1	0	5856
155002726	STR_L_TA_LT_PANTS_N_R1_P_48A	40004	390	1	0	5857	1	0	5858
155002727	STR_L_TA_LT_TORSO_N_R1_P_48A	40004	399	1	0	5859	1	0	5860
155002728	STR_L_TA_BELT_N_R1_P_48A	40004	380	1	0	5861	1	0	5862
155002729	STR_L_TA_LT_HEAD_N_R1_P_48A	40004	390	1	0	5863	1	0	5864
155002730	STR_L_TA_LT_SHOES_N_R1_P_53A	40004	410	1	0	5865	1	0	5866
155002731	STR_L_TA_LT_GLOVE_N_R1_P_53A	40004	420	1	0	5867	1	0	5868
155002732	STR_L_TA_LT_SHOUL_N_R1_P_53A	40004	430	1	0	5869	1	0	5870
155002733	STR_L_TA_LT_PANTS_N_R1_P_53A	40004	440	1	0	5871	1	0	5872
155002734	STR_L_TA_LT_TORSO_N_R1_P_53A	40004	449	1	0	5873	1	0	5874
155002735	STR_L_TA_BELT_N_R1_P_53A	40004	430	1	0	5875	1	0	5876
155002736	STR_L_TA_LT_HEAD_N_R1_P_53A	40004	440	1	0	5877	1	0	5878
155002737	STR_L_TA_RB_SHOES_N_R1_P_13A	40004	10	1	0	5879	1	0	5880
155002738	STR_L_TA_RB_GLOVE_N_R1_P_13A	40004	20	1	0	5881	1	0	5882
155002739	STR_L_TA_RB_PANTS_N_R1_P_13A	40004	40	1	0	5883	1	0	5884
155002740	STR_L_TA_RB_TORSO_N_R1_P_13A	40004	50	1	0	5885	1	0	5886
155002741	STR_L_TA_BELT_N_R1_P_13B	40004	30	1	0	5887	1	0	5888
155002742	STR_L_TA_RB_HEAD_N_R1_P_13A	40004	40	1	0	5889	1	0	5890
155002743	STR_L_TA_RB_SHOES_N_R1_P_18A	40004	60	1	0	5891	1	0	5892
155002744	STR_L_TA_RB_GLOVE_N_R1_P_18A	40004	70	1	0	5893	1	0	5894
155002745	STR_L_TA_RB_SHOUL_N_R1_P_18A	40004	80	1	0	5895	1	0	5896
155002746	STR_L_TA_RB_PANTS_N_R1_P_18A	40004	90	1	0	5897	1	0	5898
155002747	STR_L_TA_RB_TORSO_N_R1_P_18A	40004	99	1	0	5899	1	0	5900
155002748	STR_L_TA_BELT_N_R1_P_18B	40004	80	1	0	5901	1	0	5902
155002749	STR_L_TA_RB_HEAD_N_R1_P_18A	40004	90	1	0	5903	1	0	5904
155002750	STR_L_TA_RB_SHOES_N_R1_P_23A	40004	110	1	0	5905	1	0	5906
155002751	STR_L_TA_RB_GLOVE_N_R1_P_23A	40004	120	1	0	5907	1	0	5908
155002752	STR_L_TA_RB_SHOUL_N_R1_P_23A	40004	130	1	0	5909	1	0	5910
155002753	STR_L_TA_RB_PANTS_N_R1_P_23A	40004	140	1	0	5911	1	0	5912
155002754	STR_L_TA_RB_TORSO_N_R1_P_23A	40004	150	1	0	5913	1	0	5914
155002755	STR_L_TA_BELT_N_R1_P_23B	40004	130	1	0	5915	1	0	5916
155002756	STR_L_TA_RB_HEAD_N_R1_P_23A	40004	140	1	0	5917	1	0	5918
155002757	STR_L_TA_RB_SHOES_N_R1_P_28A	40004	160	1	0	5919	1	0	5920
155002758	STR_L_TA_RB_GLOVE_N_R1_P_28A	40004	170	1	0	5921	1	0	5922
155002759	STR_L_TA_RB_SHOUL_N_R1_P_28A	40004	180	1	0	5923	1	0	5924
155002760	STR_L_TA_RB_PANTS_N_R1_P_28A	40004	190	1	0	5925	1	0	5926
155002761	STR_L_TA_RB_TORSO_N_R1_P_28A	40004	199	1	0	5927	1	0	5928
155002762	STR_L_TA_BELT_N_R1_P_28B	40004	180	1	0	5929	1	0	5930
155002763	STR_L_TA_RB_HEAD_N_R1_P_28A	40004	190	1	0	5931	1	0	5932
155002764	STR_L_TA_RB_SHOES_N_R1_P_33A	40004	210	1	0	5933	1	0	5934
155002765	STR_L_TA_RB_GLOVE_N_R1_P_33A	40004	220	1	0	5935	1	0	5936
155002766	STR_L_TA_RB_SHOUL_N_R1_P_33A	40004	230	1	0	5937	1	0	5938
155002767	STR_L_TA_RB_PANTS_N_R1_P_33A	40004	240	1	0	5939	1	0	5940
155002768	STR_L_TA_RB_TORSO_N_R1_P_33A	40004	250	1	0	5941	1	0	5942
155002769	STR_L_TA_BELT_N_R1_P_33B	40004	230	1	0	5943	1	0	5944
155002770	STR_L_TA_RB_HEAD_N_R1_P_33A	40004	240	1	0	5945	1	0	5946
155002771	STR_L_TA_RB_SHOES_N_R1_P_38A	40004	260	1	0	5947	1	0	5948
155002772	STR_L_TA_RB_GLOVE_N_R1_P_38A	40004	270	1	0	5949	1	0	5950
155002773	STR_L_TA_RB_SHOUL_N_R1_P_38A	40004	280	1	0	5951	1	0	5952
155002774	STR_L_TA_RB_PANTS_N_R1_P_38A	40004	290	1	0	5953	1	0	5954
155002775	STR_L_TA_RB_TORSO_N_R1_P_38A	40004	299	1	0	5955	1	0	5956
155002776	STR_L_TA_BELT_N_R1_P_38B	40004	280	1	0	5957	1	0	5958
155002777	STR_L_TA_RB_HEAD_N_R1_P_38A	40004	290	1	0	5959	1	0	5960
155002778	STR_L_TA_RB_SHOES_N_R1_P_43A	40004	310	1	0	5961	1	0	5962
155002779	STR_L_TA_RB_GLOVE_N_R1_P_43A	40004	320	1	0	5963	1	0	5964
155002780	STR_L_TA_RB_SHOUL_N_R1_P_43A	40004	330	1	0	5965	1	0	5966
155002781	STR_L_TA_RB_PANTS_N_R1_P_43A	40004	340	1	0	5967	1	0	5968
155002782	STR_L_TA_RB_TORSO_N_R1_P_43A	40004	350	1	0	5969	1	0	5970
155002783	STR_L_TA_BELT_N_R1_P_43B	40004	330	1	0	5971	1	0	5972
155002784	STR_L_TA_RB_HEAD_N_R1_P_43A	40004	340	1	0	5973	1	0	5974
155002785	STR_L_TA_RB_SHOES_N_R1_P_48A	40004	360	1	0	5975	1	0	5976
155002786	STR_L_TA_RB_GLOVE_N_R1_P_48A	40004	370	1	0	5977	1	0	5978
155002787	STR_L_TA_RB_SHOUL_N_R1_P_48A	40004	380	1	0	5979	1	0	5980
155002788	STR_L_TA_RB_PANTS_N_R1_P_48A	40004	390	1	0	5981	1	0	5982
155002789	STR_L_TA_RB_TORSO_N_R1_P_48A	40004	399	1	0	5983	1	0	5984
155002790	STR_L_TA_BELT_N_R1_P_48B	40004	380	1	0	5985	1	0	5986
155002791	STR_L_TA_RB_HEAD_N_R1_P_48A	40004	390	1	0	5987	1	0	5988
155002792	STR_L_TA_RB_SHOES_N_R1_P_53A	40004	410	1	0	5989	1	0	5990
155002793	STR_L_TA_RB_GLOVE_N_R1_P_53A	40004	420	1	0	5991	1	0	5992
155002794	STR_L_TA_RB_SHOUL_N_R1_P_53A	40004	430	1	0	5993	1	0	5994
155002795	STR_L_TA_RB_PANTS_N_R1_P_53A	40004	440	1	0	5995	1	0	5996
155002796	STR_L_TA_RB_TORSO_N_R1_P_53A	40004	449	1	0	5997	1	0	5998
155002797	STR_L_TA_BELT_N_R1_P_53B	40004	430	1	0	5999	1	0	6000
155002798	STR_L_TA_RB_HEAD_N_R1_P_53A	40004	440	1	0	6001	1	0	6002
155002799	STR_L_HA_RING_N_R1_P_18A	40008	70	1	0	6003	1	0	6004
155002800	STR_L_HA_EARRING_N_R1_P_18A	40008	80	1	0	6005	1	0	6006
155002801	STR_L_HA_NECKLACE_N_R1_P_23A	40008	120	1	0	6007	1	0	6008
155002802	STR_L_HA_AC_HEAD_N_R1_P_23A	40008	130	1	0	6009	1	0	6010
155002803	STR_L_HA_RING_N_R1_P_28A	40008	170	1	0	6011	1	0	6012
155002804	STR_L_HA_EARRING_N_R1_P_28A	40008	180	1	0	6013	1	0	6014
155002805	STR_L_HA_NECKLACE_N_R1_P_33A	40008	220	1	0	6015	1	0	6016
155002806	STR_L_HA_AC_HEAD_N_R1_P_33A	40008	230	1	0	6017	1	0	6018
155002807	STR_L_HA_RING_N_R1_P_38A	40008	270	1	0	6019	1	0	6020
155002808	STR_L_HA_EARRING_N_R1_P_38A	40008	280	1	0	6021	1	0	6022
155002809	STR_L_HA_NECKLACE_N_R1_P_43A	40008	320	1	0	6023	1	0	6024
155002810	STR_L_HA_AC_HEAD_N_R1_P_43A	40008	330	1	0	6025	1	0	6026
155002811	STR_L_HA_RING_N_R1_P_48A	40008	370	1	0	6027	1	0	6028
155002812	STR_L_HA_EARRING_N_R1_P_48A	40008	380	1	0	6029	1	0	6030
155002813	STR_L_HA_NECKLACE_N_R1_P_53A	40008	420	1	0	6031	1	0	6032
155002814	STR_L_HA_AC_HEAD_N_R1_P_53A	40008	430	1	0	6033	1	0	6034
155002815	STR_L_HA_RING_N_R1_P_53A	40008	440	1	0	6035	1	0	6036
155002816	STR_L_HA_EARRING_N_R1_P_53A	40008	449	1	0	6037	1	0	6038
155002817	STR_L_HA_BOW_N_R1_P_15A	40008	40	1	0	6039	1	0	6040
155002818	STR_L_HA_STAFF_N_R1_P_15A	40008	50	1	0	6041	1	0	6042
155002819	STR_L_HA_BOW_N_R1_P_20A	40008	90	1	0	6043	1	0	6044
155002820	STR_L_HA_STAFF_N_R1_P_20A	40008	99	1	0	6045	1	0	6046
155002821	STR_L_HA_BOW_N_R1_P_25A	40008	140	1	0	6047	1	0	6048
155002822	STR_L_HA_STAFF_N_R1_P_25A	40008	150	1	0	6049	1	0	6050
155002823	STR_L_HA_BOW_N_R1_P_30A	40008	190	1	0	6051	1	0	6052
155002824	STR_L_HA_STAFF_N_R1_P_30A	40008	199	1	0	6053	1	0	6054
155002825	STR_L_HA_BOW_N_R1_P_35A	40008	240	1	0	6055	1	0	6056
155002826	STR_L_HA_STAFF_N_R1_P_35A	40008	250	1	0	6057	1	0	6058
155002827	STR_L_HA_BOW_N_R1_P_40A	40008	290	1	0	6059	1	0	6060
155002828	STR_L_HA_STAFF_N_R1_P_40A	40008	299	1	0	6061	1	0	6062
155002829	STR_L_HA_BOW_N_R1_P_45A	40008	340	1	0	6063	1	0	6064
155002830	STR_L_HA_STAFF_N_R1_P_45A	40008	350	1	0	6065	1	0	6066
155002831	STR_L_HA_BOW_N_R1_P_50A	40008	390	1	0	6067	1	0	6068
155002832	STR_L_HA_STAFF_N_R1_P_50A	40008	399	1	0	6069	1	0	6070
155002833	STR_L_HA_BOW_N_R1_P_55A	40008	440	1	0	6071	1	0	6072
155002834	STR_L_HA_STAFF_N_R1_P_55A	40008	449	1	0	6073	1	0	6074
155002835	STR_L_AL_BOOK_N_R1_P_15A	40007	40	1	0	6075	1	0	6076
155002836	STR_L_AL_ORB_N_R1_P_15A	40007	50	1	0	6077	1	0	6078
155002837	STR_L_AL_BOOK_N_R1_P_20A	40007	90	1	0	6079	1	0	6080
155002838	STR_L_AL_ORB_N_R1_P_20A	40007	99	1	0	6081	1	0	6082
155002839	STR_L_AL_BOOK_N_R1_P_25A	40007	140	1	0	6083	1	0	6084
155002840	STR_L_AL_ORB_N_R1_P_25A	40007	150	1	0	6085	1	0	6086
155002841	STR_L_AL_BOOK_N_R1_P_30A	40007	190	1	0	6087	1	0	6088
155002842	STR_L_AL_ORB_N_R1_P_30A	40007	199	1	0	6089	1	0	6090
155002843	STR_L_AL_BOOK_N_R1_P_35A	40007	240	1	0	6091	1	0	6092
155002844	STR_L_AL_ORB_N_R1_P_35A	40007	250	1	0	6093	1	0	6094
155002845	STR_L_AL_BOOK_N_R1_P_40A	40007	290	1	0	6095	1	0	6096
155002846	STR_L_AL_ORB_N_R1_P_40A	40007	299	1	0	6097	1	0	6098
155002847	STR_L_AL_BOOK_N_R1_P_45A	40007	340	1	0	6099	1	0	6100
155002848	STR_L_AL_ORB_N_R1_P_45A	40007	350	1	0	6101	1	0	6102
155002849	STR_L_AL_BOOK_N_R1_P_50A	40007	390	1	0	6103	1	0	6104
155002850	STR_L_AL_ORB_N_R1_P_50A	40007	399	1	0	6105	1	0	6106
155002851	STR_L_AL_BOOK_N_R1_P_55A	40007	440	1	0	6107	1	0	6108
155002852	STR_L_AL_ORB_N_R1_P_55A	40007	449	1	0	6109	1	0	6110
155002853	STR_L_TA_TA_PART_LEA2_03B	40004	110	1	0	6111	1	0	6112
155002854	STR_L_TA_TA_PART_MASS_LEA2_03B	40004	110	1	0	6111	10	0	6113
155002855	STR_L_TA_TA_PART_LEA3_03B	40004	210	1	0	6114	1	0	6115
155002856	STR_L_TA_TA_PART_LEA3_03C	40004	210	1	0	6116	1	0	6117
155002857	STR_L_TA_TA_PART_MASS_LEA3_03B	40004	210	1	0	6114	10	0	6118
155002858	STR_L_TA_TA_PART_MASS_LEA3_03C	40004	210	1	0	6116	10	0	6119
155002859	STR_L_TA_TA_PART_LEA4_03B	40004	310	1	0	6120	1	0	6121
155002860	STR_L_TA_TA_PART_LEA4_03C	40004	310	1	0	6122	1	0	6123
155002861	STR_L_TA_TA_PART_MASS_LEA4_03B	40004	310	1	0	6120	10	0	6124
155002862	STR_L_TA_TA_PART_MASS_LEA4_03C	40004	310	1	0	6122	10	0	6125
155002863	STR_L_TA_TA_PART_LEA5_03B	40004	405	1	0	6126	1	0	6127
155002864	STR_L_TA_TA_PART_LEA5_03C	40004	405	1	0	6128	1	0	6129
155002865	STR_L_TA_TA_PART_MASS_LEA5_03B	40004	405	1	0	6126	10	0	6130
155002866	STR_L_TA_TA_PART_MASS_LEA5_03C	40004	405	1	0	6128	10	0	6131
155002867	STR_L_TA_TA_PART_CLOTH2_03B	40004	110	1	0	6132	1	0	6133
155002868	STR_L_TA_TA_PART_MASS_CLOTH2_03B	40004	110	1	0	6132	10	0	6134
155002869	STR_L_TA_TA_PART_CLOTH3_03B	40004	210	1	0	6135	1	0	6136
155002870	STR_L_TA_TA_PART_CLOTH3_03C	40004	210	1	0	6137	1	0	6138
155002871	STR_L_TA_TA_PART_MASS_CLOTH3_03B	40004	210	1	0	6135	10	0	6139
155002872	STR_L_TA_TA_PART_MASS_CLOTH3_03C	40004	210	1	0	6137	10	0	6140
155002873	STR_L_TA_TA_PART_CLOTH4_03B	40004	310	1	0	6141	1	0	6142
155002874	STR_L_TA_TA_PART_CLOTH4_03C	40004	310	1	0	6143	1	0	6144
155002875	STR_L_TA_TA_PART_MASS_CLOTH4_03B	40004	310	1	0	6141	10	0	6145
155002876	STR_L_TA_TA_PART_MASS_CLOTH4_03C	40004	310	1	0	6143	10	0	6146
155002877	STR_L_TA_TA_PART_CLOTH5_03B	40004	405	1	0	6147	1	0	6148
155002878	STR_L_TA_TA_PART_CLOTH5_03C	40004	405	1	0	6149	1	0	6150
155002879	STR_L_TA_TA_PART_MASS_CLOTH5_03B	40004	405	1	0	6147	10	0	6151
155002880	STR_L_TA_TA_PART_MASS_CLOTH5_03C	40004	405	1	0	6149	10	0	6152
155002881	STR_L_WS_DAGGER_N_L1_P_25A	40002	110	1	0	6153	1	0	6154
155002882	STR_L_WS_SWORD_N_L1_P_25A	40002	120	1	0	6155	1	0	6156
155002883	STR_L_WS_MACE_N_L1_P_25A	40002	130	1	0	6157	1	0	6158
155002884	STR_L_WS_2HSWORD_N_L1_P_25A	40002	140	1	0	6159	1	0	6160
155002885	STR_L_WS_POLEARM_N_L1_P_25A	40002	150	1	0	6161	1	0	6162
155002886	STR_L_WS_DAGGER_N_L1_P_30A	40002	160	1	0	6163	1	0	6164
155002887	STR_L_WS_SWORD_N_L1_P_30A	40002	170	1	0	6165	1	0	6166
155002888	STR_L_WS_MACE_N_L1_P_30A	40002	180	1	0	6167	1	0	6168
155002889	STR_L_WS_2HSWORD_N_L1_P_30A	40002	190	1	0	6169	1	0	6170
155002890	STR_L_WS_POLEARM_N_L1_P_30A	40002	199	1	0	6171	1	0	6172
155002891	STR_L_WS_DAGGER_N_L1_P_35A	40002	210	1	0	6173	1	0	6174
155002892	STR_L_WS_SWORD_N_L1_P_35A	40002	220	1	0	6175	1	0	6176
155002893	STR_L_WS_MACE_N_L1_P_35A	40002	230	1	0	6177	1	0	6178
155002894	STR_L_WS_2HSWORD_N_L1_P_35A	40002	240	1	0	6179	1	0	6180
155002895	STR_L_WS_POLEARM_N_L1_P_35A	40002	250	1	0	6181	1	0	6182
155002896	STR_L_WS_DAGGER_N_L1_P_40A	40002	260	1	0	6183	1	0	6184
155002897	STR_L_WS_SWORD_N_L1_P_40A	40002	270	1	0	6185	1	0	6186
155002898	STR_L_WS_MACE_N_L1_P_40A	40002	280	1	0	6187	1	0	6188
155002899	STR_L_WS_2HSWORD_N_L1_P_40A	40002	290	1	0	6189	1	0	6190
155002900	STR_L_WS_POLEARM_N_L1_P_40A	40002	299	1	0	6191	1	0	6192
155002901	STR_L_WS_DAGGER_N_L1_P_45A	40002	310	1	0	6193	1	0	6194
155002902	STR_L_WS_SWORD_N_L1_P_45A	40002	320	1	0	6195	1	0	6196
155002903	STR_L_WS_MACE_N_L1_P_45A	40002	330	1	0	6197	1	0	6198
155002904	STR_L_WS_2HSWORD_N_L1_P_45A	40002	340	1	0	6199	1	0	6200
155002905	STR_L_WS_POLEARM_N_L1_P_45A	40002	350	1	0	6201	1	0	6202
155002906	STR_L_WS_DAGGER_N_L1_P_50A	40002	360	1	0	6203	1	0	6204
155002907	STR_L_WS_SWORD_N_L1_P_50A	40002	370	1	0	6205	1	0	6206
155002908	STR_L_WS_MACE_N_L1_P_50A	40002	380	1	0	6207	1	0	6208
155002909	STR_L_WS_2HSWORD_N_L1_P_50A	40002	390	1	0	6209	1	0	6210
155002910	STR_L_WS_POLEARM_N_L1_P_50A	40002	399	1	0	6211	1	0	6212
155002911	STR_L_WS_DAGGER_N_L1_P_55A	40002	410	1	0	6213	1	0	6214
155002912	STR_L_WS_SWORD_N_L1_P_55A	40002	420	1	0	6215	1	0	6216
155002913	STR_L_WS_MACE_N_L1_P_55A	40002	430	1	0	6217	1	0	6218
155002914	STR_L_WS_2HSWORD_N_L1_P_55A	40002	440	1	0	6219	1	0	6220
155002915	STR_L_WS_POLEARM_N_L1_P_55A	40002	449	1	0	6221	1	0	6222
155002916	STR_L_AS_CH_SHOES_N_L1_P_23A	40003	110	1	0	6223	1	0	6224
155002917	STR_L_AS_CH_GLOVE_N_L1_P_23A	40003	120	1	0	6225	1	0	6226
155002918	STR_L_AS_CH_SHOUL_N_L1_P_23A	40003	130	1	0	6227	1	0	6228
155002919	STR_L_AS_CH_PANTS_N_L1_P_23A	40003	140	1	0	6229	1	0	6230
155002920	STR_L_AS_CH_TORSO_N_L1_P_23A	40003	150	1	0	6231	1	0	6232
155002921	STR_L_AS_CH_HEAD_N_L1_P_23A	40003	140	1	0	6233	1	0	6234
155002922	STR_L_AS_CH_SHOES_N_L1_P_28A	40003	160	1	0	6235	1	0	6236
155002923	STR_L_AS_CH_GLOVE_N_L1_P_28A	40003	170	1	0	6237	1	0	6238
155002924	STR_L_AS_CH_SHOUL_N_L1_P_28A	40003	180	1	0	6239	1	0	6240
155002925	STR_L_AS_CH_PANTS_N_L1_P_28A	40003	190	1	0	6241	1	0	6242
155002926	STR_L_AS_CH_TORSO_N_L1_P_28A	40003	199	1	0	6243	1	0	6244
155002927	STR_L_AS_CH_HEAD_N_L1_P_28A	40003	190	1	0	6245	1	0	6246
155002928	STR_L_AS_CH_SHOES_N_L1_P_33A	40003	210	1	0	6247	1	0	6248
155002929	STR_L_AS_CH_GLOVE_N_L1_P_33A	40003	220	1	0	6249	1	0	6250
155002930	STR_L_AS_CH_SHOUL_N_L1_P_33A	40003	230	1	0	6251	1	0	6252
155002931	STR_L_AS_CH_PANTS_N_L1_P_33A	40003	240	1	0	6253	1	0	6254
155002932	STR_L_AS_CH_TORSO_N_L1_P_33A	40003	250	1	0	6255	1	0	6256
155002933	STR_L_AS_CH_HEAD_N_L1_P_33A	40003	240	1	0	6257	1	0	6258
155002934	STR_L_AS_CH_SHOES_N_L1_P_38A	40003	260	1	0	6259	1	0	6260
155002935	STR_L_AS_CH_GLOVE_N_L1_P_38A	40003	270	1	0	6261	1	0	6262
155002936	STR_L_AS_CH_SHOUL_N_L1_P_38A	40003	280	1	0	6263	1	0	6264
155002937	STR_L_AS_CH_PANTS_N_L1_P_38A	40003	290	1	0	6265	1	0	6266
155002938	STR_L_AS_CH_TORSO_N_L1_P_38A	40003	299	1	0	6267	1	0	6268
155002939	STR_L_AS_CH_HEAD_N_L1_P_38A	40003	290	1	0	6269	1	0	6270
155002940	STR_L_AS_CH_SHOES_N_L1_P_43A	40003	310	1	0	6271	1	0	6272
155002941	STR_L_AS_CH_GLOVE_N_L1_P_43A	40003	320	1	0	6273	1	0	6274
155002942	STR_L_AS_CH_SHOUL_N_L1_P_43A	40003	330	1	0	6275	1	0	6276
155002943	STR_L_AS_CH_PANTS_N_L1_P_43A	40003	340	1	0	6277	1	0	6278
155002944	STR_L_AS_CH_TORSO_N_L1_P_43A	40003	350	1	0	6279	1	0	6280
155002945	STR_L_AS_CH_HEAD_N_L1_P_43A	40003	340	1	0	6281	1	0	6282
155002946	STR_L_AS_CH_SHOES_N_L1_P_48A	40003	360	1	0	6283	1	0	6284
155002947	STR_L_AS_CH_GLOVE_N_L1_P_48A	40003	370	1	0	6285	1	0	6286
155002948	STR_L_AS_CH_SHOUL_N_L1_P_48A	40003	380	1	0	6287	1	0	6288
155002949	STR_L_AS_CH_PANTS_N_L1_P_48A	40003	390	1	0	6289	1	0	6290
155002950	STR_L_AS_CH_TORSO_N_L1_P_48A	40003	399	1	0	6291	1	0	6292
155002951	STR_L_AS_CH_HEAD_N_L1_P_48A	40003	390	1	0	6293	1	0	6294
155002952	STR_L_AS_CH_SHOES_N_L1_P_53A	40003	410	1	0	6295	1	0	6296
155002953	STR_L_AS_CH_GLOVE_N_L1_P_53A	40003	420	1	0	6297	1	0	6298
155002954	STR_L_AS_CH_SHOUL_N_L1_P_53A	40003	430	1	0	6299	1	0	6300
155002955	STR_L_AS_CH_PANTS_N_L1_P_53A	40003	440	1	0	6301	1	0	6302
155002956	STR_L_AS_CH_TORSO_N_L1_P_53A	40003	449	1	0	6303	1	0	6304
155002957	STR_L_AS_CH_HEAD_N_L1_P_53A	40003	440	1	0	6305	1	0	6306
155002958	STR_L_AS_PL_SHOES_N_L1_P_23A	40003	110	1	0	6307	1	0	6308
155002959	STR_L_AS_PL_GLOVE_N_L1_P_23A	40003	120	1	0	6309	1	0	6310
155002960	STR_L_AS_PL_SHOUL_N_L1_P_23A	40003	130	1	0	6311	1	0	6312
155002961	STR_L_AS_PL_PANTS_N_L1_P_23A	40003	140	1	0	6313	1	0	6314
155002962	STR_L_AS_PL_TORSO_N_L1_P_23A	40003	150	1	0	6315	1	0	6316
155002963	STR_L_AS_PL_HEAD_N_L1_P_23A	40003	140	1	0	6317	1	0	6318
155002964	STR_L_AS_SHIELD_N_L1_P_25A	40003	150	1	0	6319	1	0	6320
155002965	STR_L_AS_PL_SHOES_N_L1_P_28A	40003	160	1	0	6321	1	0	6322
155002966	STR_L_AS_PL_GLOVE_N_L1_P_28A	40003	170	1	0	6323	1	0	6324
155002967	STR_L_AS_PL_SHOUL_N_L1_P_28A	40003	180	1	0	6325	1	0	6326
155002968	STR_L_AS_PL_PANTS_N_L1_P_28A	40003	190	1	0	6327	1	0	6328
155002969	STR_L_AS_PL_TORSO_N_L1_P_28A	40003	199	1	0	6329	1	0	6330
155002970	STR_L_AS_PL_HEAD_N_L1_P_28A	40003	190	1	0	6331	1	0	6332
155002971	STR_L_AS_SHIELD_N_L1_P_30A	40003	199	1	0	6333	1	0	6334
155002972	STR_L_AS_PL_SHOES_N_L1_P_33A	40003	210	1	0	6335	1	0	6336
155002973	STR_L_AS_PL_GLOVE_N_L1_P_33A	40003	220	1	0	6337	1	0	6338
155002974	STR_L_AS_PL_SHOUL_N_L1_P_33A	40003	230	1	0	6339	1	0	6340
155002975	STR_L_AS_PL_PANTS_N_L1_P_33A	40003	240	1	0	6341	1	0	6342
155002976	STR_L_AS_PL_TORSO_N_L1_P_33A	40003	250	1	0	6343	1	0	6344
155002977	STR_L_AS_PL_HEAD_N_L1_P_33A	40003	240	1	0	6345	1	0	6346
155002978	STR_L_AS_SHIELD_N_L1_P_35A	40003	250	1	0	6347	1	0	6348
155002979	STR_L_AS_PL_SHOES_N_L1_P_38A	40003	260	1	0	6349	1	0	6350
155002980	STR_L_AS_PL_GLOVE_N_L1_P_38A	40003	270	1	0	6351	1	0	6352
155002981	STR_L_AS_PL_SHOUL_N_L1_P_38A	40003	280	1	0	6353	1	0	6354
155002982	STR_L_AS_PL_PANTS_N_L1_P_38A	40003	290	1	0	6355	1	0	6356
155002983	STR_L_AS_PL_TORSO_N_L1_P_38A	40003	299	1	0	6357	1	0	6358
155002984	STR_L_AS_PL_HEAD_N_L1_P_38A	40003	290	1	0	6359	1	0	6360
155002985	STR_L_AS_SHIELD_N_L1_P_40A	40003	299	1	0	6361	1	0	6362
155002986	STR_L_AS_PL_SHOES_N_L1_P_43A	40003	310	1	0	6363	1	0	6364
155002987	STR_L_AS_PL_GLOVE_N_L1_P_43A	40003	320	1	0	6365	1	0	6366
155002988	STR_L_AS_PL_SHOUL_N_L1_P_43A	40003	330	1	0	6367	1	0	6368
155002989	STR_L_AS_PL_PANTS_N_L1_P_43A	40003	340	1	0	6369	1	0	6370
155002990	STR_L_AS_PL_TORSO_N_L1_P_43A	40003	350	1	0	6371	1	0	6372
155002991	STR_L_AS_PL_HEAD_N_L1_P_43A	40003	340	1	0	6373	1	0	6374
155002992	STR_L_AS_SHIELD_N_L1_P_45A	40003	350	1	0	6375	1	0	6376
155002993	STR_L_AS_PL_SHOES_N_L1_P_48A	40003	360	1	0	6377	1	0	6378
155002994	STR_L_AS_PL_GLOVE_N_L1_P_48A	40003	370	1	0	6379	1	0	6380
155002995	STR_L_AS_PL_SHOUL_N_L1_P_48A	40003	380	1	0	6381	1	0	6382
155002996	STR_L_AS_PL_PANTS_N_L1_P_48A	40003	390	1	0	6383	1	0	6384
155002997	STR_L_AS_PL_TORSO_N_L1_P_48A	40003	399	1	0	6385	1	0	6386
155002998	STR_L_AS_PL_HEAD_N_L1_P_48A	40003	390	1	0	6387	1	0	6388
155002999	STR_L_AS_SHIELD_N_L1_P_50A	40003	399	1	0	6389	1	0	6390
155003000	STR_L_AS_PL_SHOES_N_L1_P_53A	40003	410	1	0	6391	1	0	6392
155003001	STR_L_AS_PL_GLOVE_N_L1_P_53A	40003	420	1	0	6393	1	0	6394
155003002	STR_L_AS_PL_SHOUL_N_L1_P_53A	40003	430	1	0	6395	1	0	6396
155003003	STR_L_AS_PL_PANTS_N_L1_P_53A	40003	440	1	0	6397	1	0	6398
155003004	STR_L_AS_PL_TORSO_N_L1_P_53A	40003	449	1	0	6399	1	0	6400
155003005	STR_L_AS_PL_HEAD_N_L1_P_53A	40003	440	1	0	6401	1	0	6402
155003006	STR_L_AS_SHIELD_N_L1_P_55A	40003	449	1	0	6403	1	0	6404
155003007	STR_L_TA_LT_SHOES_N_L1_P_23A	40004	110	1	0	6405	1	0	6406
155003008	STR_L_TA_LT_GLOVE_N_L1_P_23A	40004	120	1	0	6407	1	0	6408
155003009	STR_L_TA_LT_SHOUL_N_L1_P_23A	40004	130	1	0	6409	1	0	6410
155003010	STR_L_TA_LT_PANTS_N_L1_P_23A	40004	140	1	0	6411	1	0	6412
155003011	STR_L_TA_LT_TORSO_N_L1_P_23A	40004	150	1	0	6413	1	0	6414
155003012	STR_L_TA_BELT_N_L1_P_23A	40004	130	1	0	6415	1	0	6416
155003013	STR_L_TA_LT_HEAD_N_L1_P_23A	40004	140	1	0	6417	1	0	6418
155003014	STR_L_TA_LT_SHOES_N_L1_P_28A	40004	160	1	0	6419	1	0	6420
155003015	STR_L_TA_LT_GLOVE_N_L1_P_28A	40004	170	1	0	6421	1	0	6422
155003016	STR_L_TA_LT_SHOUL_N_L1_P_28A	40004	180	1	0	6423	1	0	6424
155003017	STR_L_TA_LT_PANTS_N_L1_P_28A	40004	190	1	0	6425	1	0	6426
155003018	STR_L_TA_LT_TORSO_N_L1_P_28A	40004	199	1	0	6427	1	0	6428
155003019	STR_L_TA_BELT_N_L1_P_28A	40004	180	1	0	6429	1	0	6430
155003020	STR_L_TA_LT_HEAD_N_L1_P_28A	40004	190	1	0	6431	1	0	6432
155003021	STR_L_TA_LT_SHOES_N_L1_P_33A	40004	210	1	0	6433	1	0	6434
155003022	STR_L_TA_LT_GLOVE_N_L1_P_33A	40004	220	1	0	6435	1	0	6436
155003023	STR_L_TA_LT_SHOUL_N_L1_P_33A	40004	230	1	0	6437	1	0	6438
155003024	STR_L_TA_LT_PANTS_N_L1_P_33A	40004	240	1	0	6439	1	0	6440
155003025	STR_L_TA_LT_TORSO_N_L1_P_33A	40004	250	1	0	6441	1	0	6442
155003026	STR_L_TA_BELT_N_L1_P_33A	40004	230	1	0	6443	1	0	6444
155003027	STR_L_TA_LT_HEAD_N_L1_P_33A	40004	240	1	0	6445	1	0	6446
155003028	STR_L_TA_LT_SHOES_N_L1_P_38A	40004	260	1	0	6447	1	0	6448
155003029	STR_L_TA_LT_GLOVE_N_L1_P_38A	40004	270	1	0	6449	1	0	6450
155003030	STR_L_TA_LT_SHOUL_N_L1_P_38A	40004	280	1	0	6451	1	0	6452
155003031	STR_L_TA_LT_PANTS_N_L1_P_38A	40004	290	1	0	6453	1	0	6454
155003032	STR_L_TA_LT_TORSO_N_L1_P_38A	40004	299	1	0	6455	1	0	6456
155003033	STR_L_TA_BELT_N_L1_P_38A	40004	280	1	0	6457	1	0	6458
155003034	STR_L_TA_LT_HEAD_N_L1_P_38A	40004	290	1	0	6459	1	0	6460
155003035	STR_L_TA_LT_SHOES_N_L1_P_43A	40004	310	1	0	6461	1	0	6462
155003036	STR_L_TA_LT_GLOVE_N_L1_P_43A	40004	320	1	0	6463	1	0	6464
155003037	STR_L_TA_LT_SHOUL_N_L1_P_43A	40004	330	1	0	6465	1	0	6466
155003038	STR_L_TA_LT_PANTS_N_L1_P_43A	40004	340	1	0	6467	1	0	6468
155003039	STR_L_TA_LT_TORSO_N_L1_P_43A	40004	350	1	0	6469	1	0	6470
155003040	STR_L_TA_BELT_N_L1_P_43A	40004	330	1	0	6471	1	0	6472
155003041	STR_L_TA_LT_HEAD_N_L1_P_43A	40004	340	1	0	6473	1	0	6474
155003042	STR_L_TA_LT_SHOES_N_L1_P_48A	40004	360	1	0	6475	1	0	6476
155003043	STR_L_TA_LT_GLOVE_N_L1_P_48A	40004	370	1	0	6477	1	0	6478
155003044	STR_L_TA_LT_SHOUL_N_L1_P_48A	40004	380	1	0	6479	1	0	6480
155003045	STR_L_TA_LT_PANTS_N_L1_P_48A	40004	390	1	0	6481	1	0	6482
155003046	STR_L_TA_LT_TORSO_N_L1_P_48A	40004	399	1	0	6483	1	0	6484
155003047	STR_L_TA_BELT_N_L1_P_48A	40004	380	1	0	6485	1	0	6486
155003048	STR_L_TA_LT_HEAD_N_L1_P_48A	40004	390	1	0	6487	1	0	6488
155003049	STR_L_TA_LT_SHOES_N_L1_P_53A	40004	410	1	0	6489	1	0	6490
155003050	STR_L_TA_LT_GLOVE_N_L1_P_53A	40004	420	1	0	6491	1	0	6492
155003051	STR_L_TA_LT_SHOUL_N_L1_P_53A	40004	430	1	0	6493	1	0	6494
155003052	STR_L_TA_LT_PANTS_N_L1_P_53A	40004	440	1	0	6495	1	0	6496
155003053	STR_L_TA_LT_TORSO_N_L1_P_53A	40004	449	1	0	6497	1	0	6498
155003054	STR_L_TA_BELT_N_L1_P_53A	40004	430	1	0	6499	1	0	6500
155003055	STR_L_TA_LT_HEAD_N_L1_P_53A	40004	440	1	0	6501	1	0	6502
155003056	STR_L_TA_RB_SHOES_N_L1_P_23A	40004	110	1	0	6503	1	0	6504
155003057	STR_L_TA_RB_GLOVE_N_L1_P_23A	40004	120	1	0	6505	1	0	6506
155003058	STR_L_TA_RB_SHOUL_N_L1_P_23A	40004	130	1	0	6507	1	0	6508
155003059	STR_L_TA_RB_PANTS_N_L1_P_23A	40004	140	1	0	6509	1	0	6510
155003060	STR_L_TA_RB_TORSO_N_L1_P_23A	40004	150	1	0	6511	1	0	6512
155003061	STR_L_TA_BELT_N_L1_P_23B	40004	130	1	0	6513	1	0	6514
155003062	STR_L_TA_RB_HEAD_N_L1_P_23A	40004	140	1	0	6515	1	0	6516
155003063	STR_L_TA_RB_SHOES_N_L1_P_28A	40004	160	1	0	6517	1	0	6518
155003064	STR_L_TA_RB_GLOVE_N_L1_P_28A	40004	170	1	0	6519	1	0	6520
155003065	STR_L_TA_RB_SHOUL_N_L1_P_28A	40004	180	1	0	6521	1	0	6522
155003066	STR_L_TA_RB_PANTS_N_L1_P_28A	40004	190	1	0	6523	1	0	6524
155003067	STR_L_TA_RB_TORSO_N_L1_P_28A	40004	199	1	0	6525	1	0	6526
155003068	STR_L_TA_BELT_N_L1_P_28B	40004	180	1	0	6527	1	0	6528
155003069	STR_L_TA_RB_HEAD_N_L1_P_28A	40004	190	1	0	6529	1	0	6530
155003070	STR_L_TA_RB_SHOES_N_L1_P_33A	40004	210	1	0	6531	1	0	6532
155003071	STR_L_TA_RB_GLOVE_N_L1_P_33A	40004	220	1	0	6533	1	0	6534
155003072	STR_L_TA_RB_SHOUL_N_L1_P_33A	40004	230	1	0	6535	1	0	6536
155003073	STR_L_TA_RB_PANTS_N_L1_P_33A	40004	240	1	0	6537	1	0	6538
155003074	STR_L_TA_RB_TORSO_N_L1_P_33A	40004	250	1	0	6539	1	0	6540
155003075	STR_L_TA_BELT_N_L1_P_33B	40004	230	1	0	6541	1	0	6542
155003076	STR_L_TA_RB_HEAD_N_L1_P_33A	40004	240	1	0	6543	1	0	6544
155003077	STR_L_TA_RB_SHOES_N_L1_P_38A	40004	260	1	0	6545	1	0	6546
155003078	STR_L_TA_RB_GLOVE_N_L1_P_38A	40004	270	1	0	6547	1	0	6548
155003079	STR_L_TA_RB_SHOUL_N_L1_P_38A	40004	280	1	0	6549	1	0	6550
155003080	STR_L_TA_RB_PANTS_N_L1_P_38A	40004	290	1	0	6551	1	0	6552
155003081	STR_L_TA_RB_TORSO_N_L1_P_38A	40004	299	1	0	6553	1	0	6554
155003082	STR_L_TA_BELT_N_L1_P_38B	40004	280	1	0	6555	1	0	6556
155003083	STR_L_TA_RB_HEAD_N_L1_P_38A	40004	290	1	0	6557	1	0	6558
155003084	STR_L_TA_RB_SHOES_N_L1_P_43A	40004	310	1	0	6559	1	0	6560
155003085	STR_L_TA_RB_GLOVE_N_L1_P_43A	40004	320	1	0	6561	1	0	6562
155003086	STR_L_TA_RB_SHOUL_N_L1_P_43A	40004	330	1	0	6563	1	0	6564
155003087	STR_L_TA_RB_PANTS_N_L1_P_43A	40004	340	1	0	6565	1	0	6566
155003088	STR_L_TA_RB_TORSO_N_L1_P_43A	40004	350	1	0	6567	1	0	6568
155003089	STR_L_TA_BELT_N_L1_P_43B	40004	330	1	0	6569	1	0	6570
155003090	STR_L_TA_RB_HEAD_N_L1_P_43A	40004	340	1	0	6571	1	0	6572
155003091	STR_L_TA_RB_SHOES_N_L1_P_48A	40004	360	1	0	6573	1	0	6574
155003092	STR_L_TA_RB_GLOVE_N_L1_P_48A	40004	370	1	0	6575	1	0	6576
155003093	STR_L_TA_RB_SHOUL_N_L1_P_48A	40004	380	1	0	6577	1	0	6578
155003094	STR_L_TA_RB_PANTS_N_L1_P_48A	40004	390	1	0	6579	1	0	6580
155003095	STR_L_TA_RB_TORSO_N_L1_P_48A	40004	399	1	0	6581	1	0	6582
155003096	STR_L_TA_BELT_N_L1_P_48B	40004	380	1	0	6583	1	0	6584
155003097	STR_L_TA_RB_HEAD_N_L1_P_48A	40004	390	1	0	6585	1	0	6586
155003098	STR_L_TA_RB_SHOES_N_L1_P_53A	40004	410	1	0	6587	1	0	6588
155003099	STR_L_TA_RB_GLOVE_N_L1_P_53A	40004	420	1	0	6589	1	0	6590
155003100	STR_L_TA_RB_SHOUL_N_L1_P_53A	40004	430	1	0	6591	1	0	6592
155003101	STR_L_TA_RB_PANTS_N_L1_P_53A	40004	440	1	0	6593	1	0	6594
155003102	STR_L_TA_RB_TORSO_N_L1_P_53A	40004	449	1	0	6595	1	0	6596
155003103	STR_L_TA_BELT_N_L1_P_53B	40004	430	1	0	6597	1	0	6598
155003104	STR_L_TA_RB_HEAD_N_L1_P_53A	40004	440	1	0	6599	1	0	6600
155003105	STR_L_HA_RING_N_L1_P_18A	40008	80	1	0	6601	1	0	6602
155003106	STR_L_HA_EARRING_N_L1_P_18A	40008	90	1	0	6603	1	0	6604
155003107	STR_L_HA_RING_N_L1_P_18B	40008	80	1	0	6605	1	0	6606
155003108	STR_L_HA_EARRING_N_L1_P_18B	40008	90	1	0	6607	1	0	6608
155003109	STR_L_HA_RING_N_L1_P_18C	40008	80	1	0	6609	1	0	6610
155003110	STR_L_HA_EARRING_N_L1_P_18C	40008	90	1	0	6611	1	0	6612
155003111	STR_L_HA_NECKLACE_N_L1_P_23A	40008	130	1	0	6613	1	0	6614
155003112	STR_L_HA_AC_HEAD_N_L1_P_23A	40008	140	1	0	6615	1	0	6616
155003113	STR_L_HA_RING_N_L1_P_28A	40008	180	1	0	6617	1	0	6618
155003114	STR_L_HA_EARRING_N_L1_P_28A	40008	190	1	0	6619	1	0	6620
155003115	STR_L_HA_NECKLACE_N_L1_P_23B	40008	130	1	0	6621	1	0	6622
155003116	STR_L_HA_AC_HEAD_N_L1_P_23B	40008	140	1	0	6623	1	0	6624
155003117	STR_L_HA_RING_N_L1_P_28B	40008	180	1	0	6625	1	0	6626
155003118	STR_L_HA_EARRING_N_L1_P_28B	40008	190	1	0	6627	1	0	6628
155003119	STR_L_HA_NECKLACE_N_L1_P_23C	40008	130	1	0	6629	1	0	6630
155003120	STR_L_HA_AC_HEAD_N_L1_P_23C	40008	140	1	0	6631	1	0	6632
155003121	STR_L_HA_RING_N_L1_P_28C	40008	180	1	0	6633	1	0	6634
155003122	STR_L_HA_EARRING_N_L1_P_28C	40008	190	1	0	6635	1	0	6636
155003123	STR_L_HA_NECKLACE_N_L1_P_33A	40008	230	1	0	6637	1	0	6638
155003124	STR_L_HA_AC_HEAD_N_L1_P_33A	40008	240	1	0	6639	1	0	6640
155003125	STR_L_HA_RING_N_L1_P_38A	40008	280	1	0	6641	1	0	6642
155003126	STR_L_HA_EARRING_N_L1_P_38A	40008	290	1	0	6643	1	0	6644
155003127	STR_L_HA_NECKLACE_N_L1_P_33B	40008	230	1	0	6645	1	0	6646
155003128	STR_L_HA_AC_HEAD_N_L1_P_33B	40008	240	1	0	6647	1	0	6648
155003129	STR_L_HA_RING_N_L1_P_38B	40008	280	1	0	6649	1	0	6650
155003130	STR_L_HA_EARRING_N_L1_P_38B	40008	290	1	0	6651	1	0	6652
155003131	STR_L_HA_NECKLACE_N_L1_P_33C	40008	230	1	0	6653	1	0	6654
155003132	STR_L_HA_AC_HEAD_N_L1_P_33C	40008	240	1	0	6655	1	0	6656
155003133	STR_L_HA_RING_N_L1_P_38C	40008	280	1	0	6657	1	0	6658
155003134	STR_L_HA_EARRING_N_L1_P_38C	40008	290	1	0	6659	1	0	6660
155003135	STR_L_HA_NECKLACE_N_L1_P_43A	40008	330	1	0	6661	1	0	6662
155003136	STR_L_HA_AC_HEAD_N_L1_P_43A	40008	340	1	0	6663	1	0	6664
155003137	STR_L_HA_RING_N_L1_P_48A	40008	380	1	0	6665	1	0	6666
155003138	STR_L_HA_EARRING_N_L1_P_48A	40008	390	1	0	6667	1	0	6668
155003139	STR_L_HA_NECKLACE_N_L1_P_43B	40008	330	1	0	6669	1	0	6670
155003140	STR_L_HA_AC_HEAD_N_L1_P_43B	40008	340	1	0	6671	1	0	6672
155003141	STR_L_HA_RING_N_L1_P_48B	40008	380	1	0	6673	1	0	6674
155003142	STR_L_HA_EARRING_N_L1_P_48B	40008	390	1	0	6675	1	0	6676
155003143	STR_L_HA_NECKLACE_N_L1_P_43C	40008	330	1	0	6677	1	0	6678
155003144	STR_L_HA_AC_HEAD_N_L1_P_43C	40008	340	1	0	6679	1	0	6680
155003145	STR_L_HA_RING_N_L1_P_48C	40008	380	1	0	6681	1	0	6682
155003146	STR_L_HA_EARRING_N_L1_P_48C	40008	390	1	0	6683	1	0	6684
155003147	STR_L_HA_NECKLACE_N_L1_P_53A	40008	420	1	0	6685	1	0	6686
155003148	STR_L_HA_AC_HEAD_N_L1_P_53A	40008	430	1	0	6687	1	0	6688
155003149	STR_L_HA_RING_N_L1_P_53A	40008	440	1	0	6689	1	0	6690
155003150	STR_L_HA_EARRING_N_L1_P_53A	40008	449	1	0	6691	1	0	6692
155003151	STR_L_HA_NECKLACE_N_L1_P_53B	40008	420	1	0	6693	1	0	6694
155003152	STR_L_HA_AC_HEAD_N_L1_P_53B	40008	430	1	0	6695	1	0	6696
155003153	STR_L_HA_RING_N_L1_P_53B	40008	440	1	0	6697	1	0	6698
155003154	STR_L_HA_EARRING_N_L1_P_53B	40008	449	1	0	6699	1	0	6700
155003155	STR_L_HA_NECKLACE_N_L1_P_53C	40008	420	1	0	6701	1	0	6702
155003156	STR_L_HA_AC_HEAD_N_L1_P_53C	40008	430	1	0	6703	1	0	6704
155003157	STR_L_HA_RING_N_L1_P_53C	40008	440	1	0	6705	1	0	6706
155003158	STR_L_HA_EARRING_N_L1_P_53C	40008	449	1	0	6707	1	0	6708
155003159	STR_L_HA_BOW_N_L1_P_25A	40008	140	1	0	6709	1	0	6710
155003160	STR_L_HA_STAFF_N_L1_P_25A	40008	150	1	0	6711	1	0	6712
155003161	STR_L_HA_BOW_N_L1_P_30A	40008	190	1	0	6713	1	0	6714
155003162	STR_L_HA_STAFF_N_L1_P_30A	40008	199	1	0	6715	1	0	6716
155003163	STR_L_HA_BOW_N_L1_P_35A	40008	240	1	0	6717	1	0	6718
155003164	STR_L_HA_STAFF_N_L1_P_35A	40008	250	1	0	6719	1	0	6720
155003165	STR_L_HA_BOW_N_L1_P_40A	40008	290	1	0	6721	1	0	6722
155003166	STR_L_HA_STAFF_N_L1_P_40A	40008	299	1	0	6723	1	0	6724
155003167	STR_L_HA_BOW_N_L1_P_45A	40008	340	1	0	6725	1	0	6726
155003168	STR_L_HA_STAFF_N_L1_P_45A	40008	350	1	0	6727	1	0	6728
155003169	STR_L_HA_BOW_N_L1_P_50A	40008	390	1	0	6729	1	0	6730
155003170	STR_L_HA_STAFF_N_L1_P_50A	40008	399	1	0	6731	1	0	6732
155003171	STR_L_HA_BOW_N_L1_P_55A	40008	440	1	0	6733	1	0	6734
155003172	STR_L_HA_STAFF_N_L1_P_55A	40008	449	1	0	6735	1	0	6736
155003173	STR_L_AL_BOOK_N_L1_P_25A	40007	140	1	0	6737	1	0	6738
155003174	STR_L_AL_ORB_N_L1_P_25A	40007	150	1	0	6739	1	0	6740
155003175	STR_L_AL_BOOK_N_L1_P_30A	40007	190	1	0	6741	1	0	6742
155003176	STR_L_AL_ORB_N_L1_P_30A	40007	199	1	0	6743	1	0	6744
155003177	STR_L_AL_BOOK_N_L1_P_35A	40007	240	1	0	6745	1	0	6746
155003178	STR_L_AL_ORB_N_L1_P_35A	40007	250	1	0	6747	1	0	6748
155003179	STR_L_AL_BOOK_N_L1_P_40A	40007	290	1	0	6749	1	0	6750
155003180	STR_L_AL_ORB_N_L1_P_40A	40007	299	1	0	6751	1	0	6752
155003181	STR_L_AL_BOOK_N_L1_P_45A	40007	340	1	0	6753	1	0	6754
155003182	STR_L_AL_ORB_N_L1_P_45A	40007	350	1	0	6755	1	0	6756
155003183	STR_L_AL_BOOK_N_L1_P_50A	40007	390	1	0	6757	1	0	6758
155003184	STR_L_AL_ORB_N_L1_P_50A	40007	399	1	0	6759	1	0	6760
155003185	STR_L_AL_BOOK_N_L1_P_55A	40007	440	1	0	6761	1	0	6762
155003186	STR_L_AL_ORB_N_L1_P_55A	40007	449	1	0	6763	1	0	6764
155003187	STR_L_TA_TA_PART_DRA_LT_402B	40004	420	1	0	6765	1	0	6766
155003188	STR_L_TA_TA_PART_MASS_DRA_LT_402B	40004	420	1	0	6765	10	0	6767
155003189	STR_L_TA_TA_PART_DRA_LT_502B	40004	440	1	0	6768	1	0	6769
155003190	STR_L_TA_TA_PART_MASS_DRA_LT_502B	40004	440	1	0	6768	10	0	6770
155003191	STR_L_TA_TA_PART_DRA_LT_552B	40004	460	1	0	6771	1	0	6772
155003192	STR_L_TA_TA_PART_DRA_LT_552C	40004	460	1	0	6773	1	0	6774
155003193	STR_L_TA_TA_PART_MASS_DRA_LT_552B	40004	460	1	0	6771	10	0	6775
155003194	STR_L_TA_TA_PART_MASS_DRA_LT_552C	40004	460	1	0	6773	10	0	6776
155003195	STR_L_TA_TA_PART_DRA_RB_401B	40004	420	1	0	6777	1	0	6778
155003196	STR_L_TA_TA_PART_MASS_DRA_RB_401B	40004	420	1	0	6777	10	0	6779
155003197	STR_L_TA_TA_PART_DRA_RB_501B	40004	440	1	0	6780	1	0	6781
155003198	STR_L_TA_TA_PART_MASS_DRA_RB_501B	40004	440	1	0	6780	10	0	6782
155003199	STR_L_TA_TA_PART_DRA_RB_551B	40004	470	1	0	6783	1	0	6784
155003200	STR_L_TA_TA_PART_DRA_RB_551C	40004	470	1	0	6785	1	0	6786
155003201	STR_L_TA_TA_PART_MASS_DRA_RB_551B	40004	470	1	0	6783	10	0	6787
155003202	STR_L_TA_TA_PART_MASS_DRA_RB_551C	40004	470	1	0	6785	10	0	6788
155003203	STR_L_WS_DAGGER_D_L1_P_30A	40002	410	1	0	6789	1	0	6790
155003204	STR_L_WS_SWORD_D_L1_P_30A	40002	410	1	0	6791	1	0	6792
155003205	STR_L_WS_MACE_D_L1_P_30A	40002	410	1	0	6793	1	0	6794
155003206	STR_L_WS_2HSWORD_D_L1_P_30A	40002	410	1	0	6795	1	0	6796
155003207	STR_L_WS_POLEARM_D_L1_P_30A	40002	410	1	0	6797	1	0	6798
155003208	STR_L_WS_DAGGER_D_L1_P_40A	40002	430	1	0	6799	1	0	6800
155003209	STR_L_WS_SWORD_D_L1_P_40A	40002	430	1	0	6801	1	0	6802
155003210	STR_L_WS_MACE_D_L1_P_40A	40002	430	1	0	6803	1	0	6804
155003211	STR_L_WS_2HSWORD_D_L1_P_40A	40002	430	1	0	6805	1	0	6806
155003212	STR_L_WS_POLEARM_D_L1_P_40A	40002	430	1	0	6807	1	0	6808
155003213	STR_L_WS_DAGGER_D_L1_P_50A	40002	449	1	0	6809	1	0	6810
155003214	STR_L_WS_SWORD_D_L1_P_50A	40002	449	1	0	6811	1	0	6812
155003215	STR_L_WS_MACE_D_L1_P_50A	40002	449	1	0	6813	1	0	6814
155003216	STR_L_WS_2HSWORD_D_L1_P_50A	40002	449	1	0	6815	1	0	6816
155003217	STR_L_WS_POLEARM_D_L1_P_50A	40002	449	1	0	6817	1	0	6818
155003218	STR_L_WS_DAGGER_D_L1_P_55A	40002	480	1	0	6819	1	0	6820
155003219	STR_L_WS_SWORD_D_L1_P_55A	40002	480	1	0	6821	1	0	6822
155003220	STR_L_WS_MACE_D_L1_P_55A	40002	480	1	0	6823	1	0	6824
155003221	STR_L_WS_2HSWORD_D_L1_P_55A	40002	480	1	0	6825	1	0	6826
155003222	STR_L_WS_POLEARM_D_L1_P_55A	40002	480	1	0	6827	1	0	6828
155003223	STR_L_AL_BOOK_D_L1_P_30A	40007	410	1	0	6829	1	0	6830
155003224	STR_L_AL_ORB_D_L1_P_30A	40007	410	1	0	6831	1	0	6832
155003225	STR_L_AL_BOOK_D_L1_P_40A	40007	430	1	0	6833	1	0	6834
155003226	STR_L_AL_ORB_D_L1_P_40A	40007	430	1	0	6835	1	0	6836
155003227	STR_L_AL_BOOK_D_L1_P_50A	40007	449	1	0	6837	1	0	6838
155003228	STR_L_AL_ORB_D_L1_P_50A	40007	449	1	0	6839	1	0	6840
155003229	STR_L_AL_BOOK_D_L1_P_55A	40007	480	1	0	6841	1	0	6842
155003230	STR_L_AL_ORB_D_L1_P_55A	40007	480	1	0	6843	1	0	6844
155003231	STR_L_HA_BOW_D_L1_P_30A	40008	410	1	0	6845	1	0	6846
155003232	STR_L_HA_STAFF_D_L1_P_30A	40008	410	1	0	6847	1	0	6848
155003233	STR_L_HA_BOW_D_L1_P_40A	40008	430	1	0	6849	1	0	6850
155003234	STR_L_HA_STAFF_D_L1_P_40A	40008	430	1	0	6851	1	0	6852
155003235	STR_L_HA_BOW_D_L1_P_50A	40008	449	1	0	6853	1	0	6854
155003236	STR_L_HA_STAFF_D_L1_P_50A	40008	449	1	0	6855	1	0	6856
155003237	STR_L_HA_BOW_D_L1_P_55A	40008	480	1	0	6857	1	0	6858
155003238	STR_L_HA_STAFF_D_L1_P_55A	40008	480	1	0	6859	1	0	6860
155003239	STR_L_HA_RING_D_L1_P_30A	40008	410	1	0	6861	1	0	6862
155003240	STR_L_HA_EARRING_D_L1_P_30A	40008	410	1	0	6863	1	0	6864
155003241	STR_L_HA_NECKLACE_D_L1_P_30A	40008	410	1	0	6865	1	0	6866
155003242	STR_L_HA_AC_HEAD_D_L1_P_30A	40008	410	1	0	6867	1	0	6868
155003243	STR_L_HA_RING_D_L1_P_30B	40008	410	1	0	6869	1	0	6870
155003244	STR_L_HA_EARRING_D_L1_P_30B	40008	410	1	0	6871	1	0	6872
155003245	STR_L_HA_NECKLACE_D_L1_P_30B	40008	410	1	0	6873	1	0	6874
155003246	STR_L_HA_RING_D_L1_P_40A	40008	430	1	0	6875	1	0	6876
155003247	STR_L_HA_EARRING_D_L1_P_40A	40008	430	1	0	6877	1	0	6878
155003248	STR_L_HA_NECKLACE_D_L1_P_40A	40008	430	1	0	6879	1	0	6880
155003249	STR_L_HA_AC_HEAD_D_L1_P_40A	40008	430	1	0	6881	1	0	6882
155003250	STR_L_HA_RING_D_L1_P_40B	40008	430	1	0	6883	1	0	6884
155003251	STR_L_HA_EARRING_D_L1_P_40B	40008	430	1	0	6885	1	0	6886
155003252	STR_L_HA_NECKLACE_D_L1_P_40B	40008	430	1	0	6887	1	0	6888
155003253	STR_L_HA_RING_D_L1_P_50A	40008	449	1	0	6889	1	0	6890
155003254	STR_L_HA_EARRING_D_L1_P_50A	40008	449	1	0	6891	1	0	6892
155003255	STR_L_HA_NECKLACE_D_L1_P_50A	40008	449	1	0	6893	1	0	6894
155003256	STR_L_HA_AC_HEAD_D_L1_P_50A	40008	449	1	0	6895	1	0	6896
155003257	STR_L_HA_RING_D_L1_P_50B	40008	449	1	0	6897	1	0	6898
155003258	STR_L_HA_EARRING_D_L1_P_50B	40008	449	1	0	6899	1	0	6900
155003259	STR_L_HA_NECKLACE_D_L1_P_50B	40008	449	1	0	6901	1	0	6902
155003260	STR_L_HA_RING_D_L1_P_55A	40008	480	1	0	6903	1	0	6904
155003261	STR_L_HA_EARRING_D_L1_P_55A	40008	480	1	0	6905	1	0	6906
155003262	STR_L_HA_NECKLACE_D_L1_P_55A	40008	480	1	0	6907	1	0	6908
155003263	STR_L_HA_AC_HEAD_D_L1_P_55A	40008	480	1	0	6909	1	0	6910
155003264	STR_L_HA_RING_D_L1_P_55B	40008	480	1	0	6911	1	0	6912
155003265	STR_L_HA_EARRING_D_L1_P_55B	40008	480	1	0	6913	1	0	6914
155003266	STR_L_HA_NECKLACE_D_L1_P_55B	40008	480	1	0	6915	1	0	6916
155003267	STR_L_AS_CH_SHOES_D_L1_P_30A	40003	410	1	0	6917	1	0	6918
155003268	STR_L_AS_CH_GLOVE_D_L1_P_30A	40003	410	1	0	6919	1	0	6920
155003269	STR_L_AS_CH_SHOUL_D_L1_P_30A	40003	410	1	0	6921	1	0	6922
155003270	STR_L_AS_CH_PANTS_D_L1_P_30A	40003	410	1	0	6923	1	0	6924
155003271	STR_L_AS_CH_TORSO_D_L1_P_30A	40003	410	1	0	6925	1	0	6926
155003272	STR_L_AS_CH_HEAD_D_L1_P_30A	40003	410	1	0	6927	1	0	6928
155003273	STR_L_AS_CH_SHOES_D_L1_P_40A	40003	430	1	0	6929	1	0	6930
155003274	STR_L_AS_CH_GLOVE_D_L1_P_40A	40003	430	1	0	6931	1	0	6932
155003275	STR_L_AS_CH_SHOUL_D_L1_P_40A	40003	430	1	0	6933	1	0	6934
155003276	STR_L_AS_CH_PANTS_D_L1_P_40A	40003	430	1	0	6935	1	0	6936
155003277	STR_L_AS_CH_TORSO_D_L1_P_40A	40003	430	1	0	6937	1	0	6938
155003278	STR_L_AS_CH_HEAD_D_L1_P_40A	40003	430	1	0	6939	1	0	6940
155003279	STR_L_AS_CH_SHOES_D_L1_P_50A	40003	449	1	0	6941	1	0	6942
155003280	STR_L_AS_CH_GLOVE_D_L1_P_50A	40003	449	1	0	6943	1	0	6944
155003281	STR_L_AS_CH_SHOUL_D_L1_P_50A	40003	449	1	0	6945	1	0	6946
155003282	STR_L_AS_CH_PANTS_D_L1_P_50A	40003	449	1	0	6947	1	0	6948
155003283	STR_L_AS_CH_TORSO_D_L1_P_50A	40003	449	1	0	6949	1	0	6950
155003284	STR_L_AS_CH_HEAD_D_L1_P_50A	40003	449	1	0	6951	1	0	6952
155003285	STR_L_AS_CH_SHOES_D_L1_P_55A	40003	480	1	0	6953	1	0	6954
155003286	STR_L_AS_CH_GLOVE_D_L1_P_55A	40003	480	1	0	6955	1	0	6956
155003287	STR_L_AS_CH_SHOUL_D_L1_P_55A	40003	480	1	0	6957	1	0	6958
155003288	STR_L_AS_CH_PANTS_D_L1_P_55A	40003	480	1	0	6959	1	0	6960
155003289	STR_L_AS_CH_TORSO_D_L1_P_55A	40003	480	1	0	6961	1	0	6962
155003290	STR_L_AS_CH_HEAD_D_L1_P_55A	40003	480	1	0	6963	1	0	6964
155003291	STR_L_AS_PL_SHOES_D_L1_P_30A	40003	410	1	0	6965	1	0	6966
155003292	STR_L_AS_PL_GLOVE_D_L1_P_30A	40003	410	1	0	6967	1	0	6968
155003293	STR_L_AS_PL_SHOUL_D_L1_P_30A	40003	410	1	0	6969	1	0	6970
155003294	STR_L_AS_PL_PANTS_D_L1_P_30A	40003	410	1	0	6971	1	0	6972
155003295	STR_L_AS_PL_TORSO_D_L1_P_30A	40003	410	1	0	6973	1	0	6974
155003296	STR_L_AS_PL_HEAD_D_L1_P_30A	40003	410	1	0	6975	1	0	6976
155003297	STR_L_AS_SHIELD_D_L1_P_30A	40003	410	1	0	6977	1	0	6978
155003298	STR_L_AS_PL_SHOES_D_L1_P_40A	40003	430	1	0	6979	1	0	6980
155003299	STR_L_AS_PL_GLOVE_D_L1_P_40A	40003	430	1	0	6981	1	0	6982
155003300	STR_L_AS_PL_SHOUL_D_L1_P_40A	40003	430	1	0	6983	1	0	6984
155003301	STR_L_AS_PL_PANTS_D_L1_P_40A	40003	430	1	0	6985	1	0	6986
155003302	STR_L_AS_PL_TORSO_D_L1_P_40A	40003	430	1	0	6987	1	0	6988
155003303	STR_L_AS_PL_HEAD_D_L1_P_40A	40003	430	1	0	6989	1	0	6990
155003304	STR_L_AS_SHIELD_D_L1_P_40A	40003	430	1	0	6991	1	0	6992
155003305	STR_L_AS_PL_SHOES_D_L1_P_50A	40003	449	1	0	6993	1	0	6994
155003306	STR_L_AS_PL_GLOVE_D_L1_P_50A	40003	449	1	0	6995	1	0	6996
155003307	STR_L_AS_PL_SHOUL_D_L1_P_50A	40003	449	1	0	6997	1	0	6998
155003308	STR_L_AS_PL_PANTS_D_L1_P_50A	40003	449	1	0	6999	1	0	7000
155003309	STR_L_AS_PL_TORSO_D_L1_P_50A	40003	449	1	0	7001	1	0	7002
155003310	STR_L_AS_PL_HEAD_D_L1_P_50A	40003	449	1	0	7003	1	0	7004
155003311	STR_L_AS_SHIELD_D_L1_P_50A	40003	449	1	0	7005	1	0	7006
155003312	STR_L_AS_PL_SHOES_D_L1_P_55A	40003	480	1	0	7007	1	0	7008
155003313	STR_L_AS_PL_GLOVE_D_L1_P_55A	40003	480	1	0	7009	1	0	7010
155003314	STR_L_AS_PL_SHOUL_D_L1_P_55A	40003	480	1	0	7011	1	0	7012
155003315	STR_L_AS_PL_PANTS_D_L1_P_55A	40003	480	1	0	7013	1	0	7014
155003316	STR_L_AS_PL_TORSO_D_L1_P_55A	40003	480	1	0	7015	1	0	7016
155003317	STR_L_AS_PL_HEAD_D_L1_P_55A	40003	480	1	0	7017	1	0	7018
155003318	STR_L_AS_SHIELD_D_L1_P_55A	40003	480	1	0	7019	1	0	7020
155003319	STR_L_TA_LT_SHOES_D_L1_P_30A	40004	410	1	0	7021	1	0	7022
155003320	STR_L_TA_LT_GLOVE_D_L1_P_30A	40004	410	1	0	7023	1	0	7024
155003321	STR_L_TA_LT_SHOUL_D_L1_P_30A	40004	410	1	0	7025	1	0	7026
155003322	STR_L_TA_LT_PANTS_D_L1_P_30A	40004	410	1	0	7027	1	0	7028
155003323	STR_L_TA_LT_TORSO_D_L1_P_30A	40004	410	1	0	7029	1	0	7030
155003324	STR_L_TA_BELT_D_L1_P_30A	40004	410	1	0	7031	1	0	7032
155003325	STR_L_TA_LT_HEAD_D_L1_P_30A	40004	410	1	0	7033	1	0	7034
155003326	STR_L_TA_LT_SHOES_D_L1_P_40A	40004	430	1	0	7035	1	0	7036
155003327	STR_L_TA_LT_GLOVE_D_L1_P_40A	40004	430	1	0	7037	1	0	7038
155003328	STR_L_TA_LT_SHOUL_D_L1_P_40A	40004	430	1	0	7039	1	0	7040
155003329	STR_L_TA_LT_PANTS_D_L1_P_40A	40004	430	1	0	7041	1	0	7042
155003330	STR_L_TA_LT_TORSO_D_L1_P_40A	40004	430	1	0	7043	1	0	7044
155003331	STR_L_TA_BELT_D_L1_P_40A	40004	430	1	0	7045	1	0	7046
155003332	STR_L_TA_LT_HEAD_D_L1_P_40A	40004	430	1	0	7047	1	0	7048
155003333	STR_L_TA_LT_SHOES_D_L1_P_50A	40004	449	1	0	7049	1	0	7050
155003334	STR_L_TA_LT_GLOVE_D_L1_P_50A	40004	449	1	0	7051	1	0	7052
155003335	STR_L_TA_LT_SHOUL_D_L1_P_50A	40004	449	1	0	7053	1	0	7054
155003336	STR_L_TA_LT_PANTS_D_L1_P_50A	40004	449	1	0	7055	1	0	7056
155003337	STR_L_TA_LT_TORSO_D_L1_P_50A	40004	449	1	0	7057	1	0	7058
155003338	STR_L_TA_BELT_D_L1_P_50A	40004	449	1	0	7059	1	0	7060
155003339	STR_L_TA_LT_HEAD_D_L1_P_50A	40004	449	1	0	7061	1	0	7062
155003340	STR_L_TA_LT_SHOES_D_L1_P_55A	40004	480	1	0	7063	1	0	7064
155003341	STR_L_TA_LT_GLOVE_D_L1_P_55A	40004	480	1	0	7065	1	0	7066
155003342	STR_L_TA_LT_SHOUL_D_L1_P_55A	40004	480	1	0	7067	1	0	7068
155003343	STR_L_TA_LT_PANTS_D_L1_P_55A	40004	480	1	0	7069	1	0	7070
155003344	STR_L_TA_LT_TORSO_D_L1_P_55A	40004	480	1	0	7071	1	0	7072
155003345	STR_L_TA_BELT_D_L1_P_55A	40004	480	1	0	7073	1	0	7074
155003346	STR_L_TA_LT_HEAD_D_L1_P_55A	40004	480	1	0	7075	1	0	7076
155003347	STR_L_TA_RB_SHOES_D_L1_P_30A	40004	410	1	0	7077	1	0	7078
155003348	STR_L_TA_RB_GLOVE_D_L1_P_30A	40004	410	1	0	7079	1	0	7080
155003349	STR_L_TA_RB_SHOUL_D_L1_P_30A	40004	410	1	0	7081	1	0	7082
155003350	STR_L_TA_RB_PANTS_D_L1_P_30A	40004	410	1	0	7083	1	0	7084
155003351	STR_L_TA_RB_TORSO_D_L1_P_30A	40004	410	1	0	7085	1	0	7086
155003352	STR_L_TA_BELT_D_L1_P_30B	40004	410	1	0	7087	1	0	7088
155003353	STR_L_TA_RB_HEAD_D_L1_P_30A	40004	410	1	0	7089	1	0	7090
155003354	STR_L_TA_RB_SHOES_D_L1_P_40A	40004	430	1	0	7091	1	0	7092
155003355	STR_L_TA_RB_GLOVE_D_L1_P_40A	40004	430	1	0	7093	1	0	7094
155003356	STR_L_TA_RB_SHOUL_D_L1_P_40A	40004	430	1	0	7095	1	0	7096
155003357	STR_L_TA_RB_PANTS_D_L1_P_40A	40004	430	1	0	7097	1	0	7098
155003358	STR_L_TA_RB_TORSO_D_L1_P_40A	40004	430	1	0	7099	1	0	7100
155003359	STR_L_TA_BELT_D_L1_P_40B	40004	430	1	0	7101	1	0	7102
155003360	STR_L_TA_RB_HEAD_D_L1_P_40A	40004	430	1	0	7103	1	0	7104
155003361	STR_L_TA_RB_SHOES_D_L1_P_50A	40004	449	1	0	7105	1	0	7106
155003362	STR_L_TA_RB_GLOVE_D_L1_P_50A	40004	449	1	0	7107	1	0	7108
155003363	STR_L_TA_RB_SHOUL_D_L1_P_50A	40004	449	1	0	7109	1	0	7110
155003364	STR_L_TA_RB_PANTS_D_L1_P_50A	40004	449	1	0	7111	1	0	7112
155003365	STR_L_TA_RB_TORSO_D_L1_P_50A	40004	449	1	0	7113	1	0	7114
155003366	STR_L_TA_BELT_D_L1_P_50B	40004	449	1	0	7115	1	0	7116
155003367	STR_L_TA_RB_HEAD_D_L1_P_50A	40004	449	1	0	7117	1	0	7118
155003368	STR_L_TA_RB_SHOES_D_L1_P_55A	40004	480	1	0	7119	1	0	7120
155003369	STR_L_TA_RB_GLOVE_D_L1_P_55A	40004	480	1	0	7121	1	0	7122
155003370	STR_L_TA_RB_SHOUL_D_L1_P_55A	40004	480	1	0	7123	1	0	7124
155003371	STR_L_TA_RB_PANTS_D_L1_P_55A	40004	480	1	0	7125	1	0	7126
155003372	STR_L_TA_RB_TORSO_D_L1_P_55A	40004	480	1	0	7127	1	0	7128
155003373	STR_L_TA_BELT_D_L1_P_55B	40004	480	1	0	7129	1	0	7130
155003374	STR_L_TA_RB_HEAD_D_L1_P_55A	40004	480	1	0	7131	1	0	7132
155003375	STR_L_TA_TA_PART_DRA_LT_401B	40004	420	1	0	7133	1	0	7134
155003376	STR_L_TA_TA_PART_MASS_DRA_LT_401B	40004	420	1	0	7133	10	0	7135
155003377	STR_L_TA_TA_PART_DRA_LT_501B	40004	440	1	0	7136	1	0	7137
155003378	STR_L_TA_TA_PART_MASS_DRA_LT_501B	40004	440	1	0	7136	10	0	7138
155003379	STR_L_TA_TA_PART_DRA_LT_551B	40004	460	1	0	7139	1	0	7140
155003380	STR_L_TA_TA_PART_DRA_LT_551C	40004	460	1	0	7141	1	0	7142
155003381	STR_L_TA_TA_PART_MASS_DRA_LT_551B	40004	460	1	0	7139	10	0	7143
155003382	STR_L_TA_TA_PART_MASS_DRA_LT_551C	40004	460	1	0	7141	10	0	7144
155003527	STR_L_AL_SOULSTONE_N_C_01A	40007	100	1	0	1293	3	0	7145
155003528	STR_L_AL_SOULSTONE_N_C_02A	40007	200	1	0	1294	5	0	7146
155003529	STR_L_AL_SOULSTONE_N_C_03A	40007	300	1	0	1295	10	0	7147
155003530	STR_L_AL_SOULSTONE_N_C_04A	40007	400	1	0	1296	50	0	7148
155003531	STR_L_AL_SCROLL_SPEED_ATK_50B	40007	480	1	0	3318	5	0	7149
155003532	STR_L_AL_SCROLL_SPEED_CASTING_50B	40007	480	1	0	5008	5	0	7150
155003533	STR_L_AL_SCROLL_SPEED_RUN_50B	40007	480	1	0	3324	5	0	7151
155003534	STR_L_AL_SCROLL_SPEED_FLY_50B	40007	480	1	0	3330	5	0	7150
155004001	STR_R_WS_Q5000	40002	1	1	0	7152	1	0	7153
155004002	STR_R_WS_Q5001	40002	10	1	0	7154	1	0	7155
155004003	STR_R_WS_Q5002	40002	20	1	0	7156	1	0	7157
155004004	STR_R_WS_Q5003	40002	30	1	0	7158	1	0	7159
155004005	STR_R_WS_Q5004	40002	40	1	0	7160	1	0	7161
155004006	STR_R_WS_Q5005	40002	50	1	0	7162	1	0	7163
155004007	STR_R_WS_Q5006	40002	60	1	0	7164	1	0	7165
155004008	STR_R_WS_Q5007	40002	70	1	0	7166	1	0	7167
155004009	STR_R_WS_Q5008	40002	80	1	0	7168	1	0	7169
155004010	STR_R_WS_Q5009	40002	90	1	0	7170	1	0	7171
155004011	STR_R_WS_Q5010	40002	100	1	0	7172	1	0	7173
155004012	STR_R_WS_Q5011	40002	110	1	0	7174	1	0	7175
155004013	STR_R_WS_Q5012	40002	120	1	0	7176	1	0	7177
155004014	STR_R_WS_Q5013	40002	130	1	0	7178	1	0	7179
155004015	STR_R_WS_Q5014	40002	140	1	0	7180	1	0	7181
155004016	STR_R_WS_Q5015	40002	150	1	0	7182	1	0	7183
155004017	STR_R_WS_Q5016	40002	160	1	0	7184	1	0	7185
155004018	STR_R_WS_Q5017	40002	170	1	0	7186	1	0	7187
155004019	STR_R_WS_Q5018	40002	180	1	0	7188	1	0	7189
155004020	STR_R_WS_Q5019	40002	190	1	0	7190	1	0	7191
155004021	STR_R_WS_Q5020	40002	200	1	0	7192	1	0	7193
155004022	STR_R_WS_Q5021	40002	210	1	0	7194	1	0	7195
155004023	STR_R_WS_Q5022	40002	220	1	0	7196	1	0	7197
155004024	STR_R_WS_Q5023	40002	230	1	0	7198	1	0	7199
155004025	STR_R_WS_Q5024	40002	240	1	0	7200	1	0	7201
155004026	STR_R_WS_Q5025	40002	250	1	0	7202	1	0	7203
155004027	STR_R_WS_Q5026	40002	260	1	0	7204	1	0	7205
155004028	STR_R_WS_Q5027	40002	270	1	0	7206	1	0	7207
155004029	STR_R_WS_Q5028	40002	280	1	0	7208	1	0	7209
155004030	STR_R_WS_Q5029	40002	290	1	0	7210	1	0	7211
155004031	STR_R_WS_Q5030	40002	300	1	0	7212	1	0	7213
155004032	STR_R_WS_Q5031	40002	310	1	0	7214	1	0	7215
155004033	STR_R_WS_Q5032	40002	320	1	0	7216	1	0	7217
155004034	STR_R_WS_Q5033	40002	330	1	0	7218	1	0	7219
155004035	STR_R_WS_Q5034	40002	340	1	0	7220	1	0	7221
155004036	STR_R_WS_Q5035	40002	350	1	0	7222	1	0	7223
155004037	STR_R_WS_Q5036	40002	360	1	0	7224	1	0	7225
155004038	STR_R_WS_Q5037	40002	370	1	0	7226	1	0	7227
155004039	STR_R_WS_Q5038	40002	380	1	0	7228	1	0	7229
155004040	STR_R_WS_Q5039	40002	390	1	0	7230	1	0	7231
155004041	STR_R_WS_Q5040	40002	399	1	0	7232	1	0	7233
155004042	STR_R_AS_Q5100	40003	1	1	0	7234	1	0	7235
155004043	STR_R_AS_Q5101	40003	10	1	0	7236	1	0	7237
155004044	STR_R_AS_Q5102	40003	20	1	0	7238	1	0	7239
155004045	STR_R_AS_Q5103	40003	30	1	0	7240	1	0	7241
155004046	STR_R_AS_Q5104	40003	40	1	0	7242	1	0	7243
155004047	STR_R_AS_Q5105	40003	50	1	0	7244	1	0	7245
155004048	STR_R_AS_Q5106	40003	60	1	0	7246	1	0	7247
155004049	STR_R_AS_Q5107	40003	70	1	0	7248	1	0	7249
155004050	STR_R_AS_Q5108	40003	80	1	0	7250	1	0	7251
155004051	STR_R_AS_Q5109	40003	90	1	0	7252	1	0	7253
155004052	STR_R_AS_Q5110	40003	100	1	0	7254	1	0	7255
155004053	STR_R_AS_Q5111	40003	110	1	0	7256	1	0	7257
155004054	STR_R_AS_Q5112	40003	120	1	0	7258	1	0	7259
155004055	STR_R_AS_Q5113	40003	130	1	0	7260	1	0	7261
155004056	STR_R_AS_Q5114	40003	140	1	0	7262	1	0	7263
155004057	STR_R_AS_Q5115	40003	150	1	0	7264	1	0	7265
155004058	STR_R_AS_Q5116	40003	160	1	0	7266	1	0	7267
155004059	STR_R_AS_Q5117	40003	170	1	0	7268	1	0	7269
155004060	STR_R_AS_Q5118	40003	180	1	0	7270	1	0	7271
155004061	STR_R_AS_Q5119	40003	190	1	0	7272	1	0	7273
155004062	STR_R_AS_Q5120	40003	200	1	0	7274	1	0	7275
155004063	STR_R_AS_Q5121	40003	210	1	0	7276	1	0	7277
155004064	STR_R_AS_Q5122	40003	220	1	0	7278	1	0	7279
155004065	STR_R_AS_Q5123	40003	230	1	0	7280	1	0	7281
155004066	STR_R_AS_Q5124	40003	240	1	0	7282	1	0	7283
155004067	STR_R_AS_Q5125	40003	250	1	0	7284	1	0	7285
155004068	STR_R_AS_Q5126	40003	260	1	0	7286	1	0	7287
155004069	STR_R_AS_Q5127	40003	270	1	0	7288	1	0	7289
155004070	STR_R_AS_Q5128	40003	280	1	0	7290	1	0	7291
155004071	STR_R_AS_Q5129	40003	290	1	0	7292	1	0	7293
155004072	STR_R_AS_Q5130	40003	300	1	0	7294	1	0	7295
155004073	STR_R_AS_Q5131	40003	310	1	0	7296	1	0	7297
155004074	STR_R_AS_Q5132	40003	320	1	0	7298	1	0	7299
155004075	STR_R_AS_Q5133	40003	330	1	0	7300	1	0	7301
155004076	STR_R_AS_Q5134	40003	340	1	0	7302	1	0	7303
155004077	STR_R_AS_Q5135	40003	350	1	0	7304	1	0	7305
155004078	STR_R_AS_Q5136	40003	360	1	0	7306	1	0	7307
155004079	STR_R_AS_Q5137	40003	370	1	0	7308	1	0	7309
155004080	STR_R_AS_Q5138	40003	380	1	0	7310	1	0	7311
155004081	STR_R_AS_Q5139	40003	390	1	0	7312	1	0	7313
155004082	STR_R_AS_Q5140	40003	399	1	0	7314	1	0	7315
155004083	STR_R_TA_Q5200	40004	1	1	0	7316	1	0	7317
155004084	STR_R_TA_Q5201	40004	10	1	0	7318	1	0	7319
155004085	STR_R_TA_Q5202	40004	20	1	0	7320	1	0	7321
155004086	STR_R_TA_Q5203	40004	30	1	0	7322	1	0	7323
155004087	STR_R_TA_Q5204	40004	40	1	0	7324	1	0	7325
155004088	STR_R_TA_Q5205	40004	50	1	0	7326	1	0	7327
155004089	STR_R_TA_Q5206	40004	60	1	0	7328	1	0	7329
155004090	STR_R_TA_Q5207	40004	70	1	0	7330	1	0	7331
155004091	STR_R_TA_Q5208	40004	80	1	0	7332	1	0	7333
155004092	STR_R_TA_Q5209	40004	90	1	0	7334	1	0	7335
155004093	STR_R_TA_Q5210	40004	100	1	0	7336	1	0	7337
155004094	STR_R_TA_Q5211	40004	110	1	0	7338	1	0	7339
155004095	STR_R_TA_Q5212	40004	120	1	0	7340	1	0	7341
155004096	STR_R_TA_Q5213	40004	130	1	0	7342	1	0	7343
155004097	STR_R_TA_Q5214	40004	140	1	0	7344	1	0	7345
155004098	STR_R_TA_Q5215	40004	150	1	0	7346	1	0	7347
155004099	STR_R_TA_Q5216	40004	160	1	0	7348	1	0	7349
155004100	STR_R_TA_Q5217	40004	170	1	0	7350	1	0	7351
155004101	STR_R_TA_Q5218	40004	180	1	0	7352	1	0	7353
155004102	STR_R_TA_Q5219	40004	190	1	0	7354	1	0	7355
155004103	STR_R_TA_Q5220	40004	200	1	0	7356	1	0	7357
155004104	STR_R_TA_Q5221	40004	210	1	0	7358	1	0	7359
155004105	STR_R_TA_Q5222	40004	220	1	0	7360	1	0	7361
155004106	STR_R_TA_Q5223	40004	230	1	0	7362	1	0	7363
155004107	STR_R_TA_Q5224	40004	240	1	0	7364	1	0	7365
155004108	STR_R_TA_Q5225	40004	250	1	0	7366	1	0	7367
155004109	STR_R_TA_Q5226	40004	260	1	0	7368	1	0	7369
155004110	STR_R_TA_Q5227	40004	270	1	0	7370	1	0	7371
155004111	STR_R_TA_Q5228	40004	280	1	0	7372	1	0	7373
155004112	STR_R_TA_Q5229	40004	290	1	0	7374	1	0	7375
155004113	STR_R_TA_Q5230	40004	300	1	0	7376	1	0	7377
155004114	STR_R_TA_Q5231	40004	310	1	0	7378	1	0	7379
155004115	STR_R_TA_Q5232	40004	320	1	0	7380	1	0	7381
155004116	STR_R_TA_Q5233	40004	330	1	0	7382	1	0	7383
155004117	STR_R_TA_Q5234	40004	340	1	0	7384	1	0	7385
155004118	STR_R_TA_Q5235	40004	350	1	0	7386	1	0	7387
155004119	STR_R_TA_Q5236	40004	360	1	0	7388	1	0	7389
155004120	STR_R_TA_Q5237	40004	370	1	0	7390	1	0	7391
155004121	STR_R_TA_Q5238	40004	380	1	0	7392	1	0	7393
155004122	STR_R_TA_Q5239	40004	390	1	0	7394	1	0	7395
155004123	STR_R_TA_Q5240	40004	399	1	0	7396	1	0	7397
155004124	STR_R_HA_Q5300	40008	1	1	0	7398	1	0	7399
155004125	STR_R_HA_Q5301	40008	10	1	0	7400	1	0	7401
155004126	STR_R_HA_Q5302	40008	20	1	0	7402	1	0	7403
155004127	STR_R_HA_Q5303	40008	30	1	0	7404	1	0	7405
155004128	STR_R_HA_Q5304	40008	40	1	0	7406	1	0	7407
155004129	STR_R_HA_Q5305	40008	50	1	0	7408	1	0	7409
155004130	STR_R_HA_Q5306	40008	60	1	0	7410	1	0	7411
155004131	STR_R_HA_Q5307	40008	70	1	0	7412	1	0	7413
155004132	STR_R_HA_Q5308	40008	80	1	0	7414	1	0	7415
155004133	STR_R_HA_Q5309	40008	90	1	0	7416	1	0	7417
155004134	STR_R_HA_Q5310	40008	100	1	0	7418	1	0	7419
155004135	STR_R_HA_Q5311	40008	110	1	0	7420	1	0	7421
155004136	STR_R_HA_Q5312	40008	120	1	0	7422	1	0	7423
155004137	STR_R_HA_Q5313	40008	130	1	0	7424	1	0	7425
155004138	STR_R_HA_Q5314	40008	140	1	0	7426	1	0	7427
155004139	STR_R_HA_Q5315	40008	150	1	0	7428	1	0	7429
155004140	STR_R_HA_Q5316	40008	160	1	0	7430	1	0	7431
155004141	STR_R_HA_Q5317	40008	170	1	0	7432	1	0	7433
155004142	STR_R_HA_Q5318	40008	180	1	0	7434	1	0	7435
155004143	STR_R_HA_Q5319	40008	190	1	0	7436	1	0	7437
155004144	STR_R_HA_Q5320	40008	200	1	0	7438	1	0	7439
155004145	STR_R_HA_Q5321	40008	210	1	0	7440	1	0	7441
155004146	STR_R_HA_Q5322	40008	220	1	0	7442	1	0	7443
155004147	STR_R_HA_Q5323	40008	230	1	0	7444	1	0	7445
155004148	STR_R_HA_Q5324	40008	240	1	0	7446	1	0	7447
155004149	STR_R_HA_Q5325	40008	250	1	0	7448	1	0	7449
155004150	STR_R_HA_Q5326	40008	260	1	0	7450	1	0	7451
155004151	STR_R_HA_Q5327	40008	270	1	0	7452	1	0	7453
155004152	STR_R_HA_Q5328	40008	280	1	0	7454	1	0	7455
155004153	STR_R_HA_Q5329	40008	290	1	0	7456	1	0	7457
155004154	STR_R_HA_Q5330	40008	300	1	0	7458	1	0	7459
155004155	STR_R_HA_Q5331	40008	310	1	0	7460	1	0	7461
155004156	STR_R_HA_Q5332	40008	320	1	0	7462	1	0	7463
155004157	STR_R_HA_Q5333	40008	330	1	0	7464	1	0	7465
155004158	STR_R_HA_Q5334	40008	340	1	0	7466	1	0	7467
155004159	STR_R_HA_Q5335	40008	350	1	0	7468	1	0	7469
155004160	STR_R_HA_Q5336	40008	360	1	0	7470	1	0	7471
155004161	STR_R_HA_Q5337	40008	370	1	0	7472	1	0	7473
155004162	STR_R_HA_Q5338	40008	380	1	0	7474	1	0	7475
155004163	STR_R_HA_Q5339	40008	390	1	0	7476	1	0	7477
155004164	STR_R_HA_Q5340	40008	399	1	0	7478	1	0	7479
155004165	STR_R_AL_Q5400	40007	1	1	0	7480	1	0	7481
155004166	STR_R_AL_Q5401	40007	10	1	0	7482	1	0	7483
155004167	STR_R_AL_Q5402	40007	20	1	0	7484	1	0	7485
155004168	STR_R_AL_Q5403	40007	30	1	0	7486	1	0	7487
155004169	STR_R_AL_Q5404	40007	40	1	0	7488	1	0	7489
155004170	STR_R_AL_Q5405	40007	50	1	0	7490	1	0	7491
155004171	STR_R_AL_Q5406	40007	60	1	0	7492	1	0	7493
155004172	STR_R_AL_Q5407	40007	70	1	0	7494	1	0	7495
155004173	STR_R_AL_Q5408	40007	80	1	0	7496	1	0	7497
155004174	STR_R_AL_Q5409	40007	90	1	0	7498	1	0	7499
155004175	STR_R_AL_Q5410	40007	100	1	0	7500	1	0	7501
155004176	STR_R_AL_Q5411	40007	110	1	0	7502	1	0	7503
155004177	STR_R_AL_Q5412	40007	120	1	0	7504	1	0	7505
155004178	STR_R_AL_Q5413	40007	130	1	0	7506	1	0	7507
155004179	STR_R_AL_Q5414	40007	140	1	0	7508	1	0	7509
155004180	STR_R_AL_Q5415	40007	150	1	0	7510	1	0	7511
155004181	STR_R_AL_Q5416	40007	160	1	0	7512	1	0	7513
155004182	STR_R_AL_Q5417	40007	170	1	0	7514	1	0	7515
155004183	STR_R_AL_Q5418	40007	180	1	0	7516	1	0	7517
155004184	STR_R_AL_Q5419	40007	190	1	0	7518	1	0	7519
155004185	STR_R_AL_Q5420	40007	200	1	0	7520	1	0	7521
155004186	STR_R_AL_Q5421	40007	210	1	0	7522	1	0	7523
155004187	STR_R_AL_Q5422	40007	220	1	0	7524	1	0	7525
155004188	STR_R_AL_Q5423	40007	230	1	0	7526	1	0	7527
155004189	STR_R_AL_Q5424	40007	240	1	0	7528	1	0	7529
155004190	STR_R_AL_Q5425	40007	250	1	0	7530	1	0	7531
155004191	STR_R_AL_Q5426	40007	260	1	0	7532	1	0	7533
155004192	STR_R_AL_Q5427	40007	270	1	0	7534	1	0	7535
155004193	STR_R_AL_Q5428	40007	280	1	0	7536	1	0	7537
155004194	STR_R_AL_Q5429	40007	290	1	0	7538	1	0	7539
155004195	STR_R_AL_Q5430	40007	300	1	0	7540	1	0	7541
155004196	STR_R_AL_Q5431	40007	310	1	0	7542	1	0	7543
155004197	STR_R_AL_Q5432	40007	320	1	0	7544	1	0	7545
155004198	STR_R_AL_Q5433	40007	330	1	0	7546	1	0	7547
155004199	STR_R_AL_Q5434	40007	340	1	0	7548	1	0	7549
155004200	STR_R_AL_Q5435	40007	350	1	0	7550	1	0	7551
155004201	STR_R_AL_Q5436	40007	360	1	0	7552	1	0	7553
155004202	STR_R_AL_Q5437	40007	370	1	0	7554	1	0	7555
155004203	STR_R_AL_Q5438	40007	380	1	0	7556	1	0	7557
155004204	STR_R_AL_Q5439	40007	390	1	0	7558	1	0	7559
155004205	STR_R_AL_Q5440	40007	399	1	0	7560	1	0	7561
155004206	STR_R_CO_Q5500	40001	1	1	0	7562	1	0	7563
155004207	STR_R_CO_Q5501	40001	10	1	0	7564	1	0	7565
155004208	STR_R_CO_Q5502	40001	20	1	0	7566	1	0	7567
155004209	STR_R_CO_Q5503	40001	30	1	0	7568	1	0	7569
155004210	STR_R_CO_Q5504	40001	40	1	0	7570	1	0	7571
155004211	STR_R_CO_Q5505	40001	50	1	0	7572	1	0	7573
155004212	STR_R_CO_Q5506	40001	60	1	0	7574	1	0	7575
155004213	STR_R_CO_Q5507	40001	70	1	0	7576	1	0	7577
155004214	STR_R_CO_Q5508	40001	80	1	0	7578	1	0	7579
155004215	STR_R_CO_Q5509	40001	90	1	0	7580	1	0	7581
155004216	STR_R_CO_Q5510	40001	100	1	0	7582	1	0	7583
155004217	STR_R_CO_Q5511	40001	110	1	0	7584	1	0	7585
155004218	STR_R_CO_Q5512	40001	120	1	0	7586	1	0	7587
155004219	STR_R_CO_Q5513	40001	130	1	0	7588	1	0	7589
155004220	STR_R_CO_Q5514	40001	140	1	0	7590	1	0	7591
155004221	STR_R_CO_Q5515	40001	150	1	0	7592	1	0	7593
155004222	STR_R_CO_Q5516	40001	160	1	0	7594	1	0	7595
155004223	STR_R_CO_Q5517	40001	170	1	0	7596	1	0	7597
155004224	STR_R_CO_Q5518	40001	180	1	0	7598	1	0	7599
155004225	STR_R_CO_Q5519	40001	190	1	0	7600	1	0	7601
155004226	STR_R_CO_Q5520	40001	200	1	0	7602	1	0	7603
155004227	STR_R_CO_Q5521	40001	210	1	0	7604	1	0	7605
155004228	STR_R_CO_Q5522	40001	220	1	0	7606	1	0	7607
155004229	STR_R_CO_Q5523	40001	230	1	0	7608	1	0	7609
155004230	STR_R_CO_Q5524	40001	240	1	0	7610	1	0	7611
155004231	STR_R_CO_Q5525	40001	250	1	0	7612	1	0	7613
155004232	STR_R_CO_Q5526	40001	260	1	0	7614	1	0	7615
155004233	STR_R_CO_Q5527	40001	270	1	0	7616	1	0	7617
155004234	STR_R_CO_Q5528	40001	280	1	0	7618	1	0	7619
155004235	STR_R_CO_Q5529	40001	290	1	0	7620	1	0	7621
155004236	STR_R_CO_Q5530	40001	300	1	0	7622	1	0	7623
155004237	STR_R_CO_Q5531	40001	310	1	0	7624	1	0	7625
155004238	STR_R_CO_Q5532	40001	320	1	0	7626	1	0	7627
155004239	STR_R_CO_Q5533	40001	330	1	0	7628	1	0	7629
155004240	STR_R_CO_Q5534	40001	340	1	0	7630	1	0	7631
155004241	STR_R_CO_Q5535	40001	350	1	0	7632	1	0	7633
155004242	STR_R_CO_Q5536	40001	360	1	0	7634	1	0	7635
155004243	STR_R_CO_Q5537	40001	370	1	0	7636	1	0	7637
155004244	STR_R_CO_Q5538	40001	380	1	0	7638	1	0	7639
155004245	STR_R_CO_Q5539	40001	390	1	0	7640	1	0	7641
155004246	STR_R_CO_Q5540	40001	399	1	0	7642	1	0	7643
155005001	STR_D_CV_HERB_D_N_C_10A	40009	1	2	0	7644	3	200	1216
155005002	STR_D_CV_SHELL_D_N_C_10A	40009	1	2	0	7645	3	200	1216
155005003	STR_D_CV_FISH_D_N_C_10A	40009	1	2	0	7646	3	200	1216
155005004	STR_D_CV_BERRY_D_N_C_10A	40009	1	2	0	7647	3	200	1216
155005005	STR_D_CV_METAL_N_C_10A	40009	1	2	0	1220	2	200	1216
155005006	STR_D_CV_PLANT_D_N_C_10A	40009	1	2	0	7648	2	200	1216
155005007	STR_D_CV_VEGETABLE_D_N_C_10A	40009	1	2	0	7649	3	200	1216
155005008	STR_D_CV_TREE_D_N_C_10A	40009	1	2	0	7650	2	200	1216
155005009	STR_D_CV_JEWELRY_N_C_10A	40009	1	2	0	1225	1	200	1226
155005010	STR_D_CV_NOBLEMETAL_N_C_10A	40009	1	2	0	1224	1	200	1216
155005011	STR_D_CV_HERB_D_N_C_10B	40009	1	2	0	7651	3	200	1216
155005012	STR_D_CV_BERRY_D_N_C_10B	40009	1	2	0	7652	3	200	1216
155005013	STR_D_CV_VEGETABLE_D_N_C_10B	40009	1	2	0	7653	3	200	1216
155005014	STR_D_CV_FISH_D_N_C_10B	40009	1	2	0	7654	3	200	1216
155005015	STR_D_CV_JEWELRY_N_C_10C	40009	1	2	0	1230	1	200	1226
155005016	STR_D_CV_VEGETABLE_D_N_C_10C	40009	1	2	0	7655	3	200	1216
155005017	STR_D_CV_JEWELRY_N_C_10B	40009	1	2	0	1233	1	200	1226
155005018	STR_D_CV_SHELL_D_N_C_10B	40009	1	2	0	7656	3	200	1216
155005019	STR_D_CV_BERRY_D_N_C_10C	40009	1	2	0	7657	3	200	1216
155005020	STR_D_CV_FISH_D_N_C_10C	40009	1	2	0	7658	3	200	1238
155005021	STR_D_CV_METAL_N_C_20A	40009	1	2	0	1237	2	200	1238
155005022	STR_D_CV_TREE_D_N_C_20A	40009	1	2	0	7659	2	200	1238
155005023	STR_D_CV_FISH_D_N_C_20A	40009	1	2	0	7660	3	200	1238
155005024	STR_D_CV_PLANT_D_N_C_20A	40009	1	2	0	7661	2	200	1238
155005025	STR_D_CV_HERB_D_N_C_20A	40009	1	2	0	7662	3	200	1238
155005026	STR_D_CV_BERRY_D_N_C_20A	40009	1	2	0	7663	3	200	1238
155005027	STR_D_CV_VEGETABLE_D_N_C_20A	40009	1	2	0	7664	3	200	1238
155005028	STR_D_CV_FISH_D_N_C_20B	40009	1	2	0	7665	3	200	1238
155005029	STR_D_CV_VEGETABLE_D_N_C_20B	40009	1	2	0	7666	3	200	1238
155005030	STR_D_CV_BERRY_D_N_C_20B	40009	1	2	0	7667	3	200	1238
155005031	STR_D_CV_HERB_D_N_C_20B	40009	1	2	0	7668	3	200	1238
155005032	STR_D_CV_JEWELRY_N_C_20B	40009	1	2	0	1248	1	200	1245
155005033	STR_D_CV_NOBLEMETAL_N_C_20A	40009	1	2	0	1247	1	200	1238
155005034	STR_D_CV_JEWELRY_N_C_20A	40009	1	2	0	1244	1	200	1245
155005035	STR_D_CV_JEWELRY_N_C_20C	40009	1	2	0	1252	1	200	1245
155005036	STR_D_CV_METAL_N_C_30A	40009	1	2	0	1254	2	200	1255
155005037	STR_D_CV_NOBLEMETAL_N_C_30A	40009	1	2	0	1256	1	200	1255
155005038	STR_D_CV_TREE_D_N_C_30A	40009	1	2	0	7669	2	200	1255
155005039	STR_D_CV_JEWELRY_N_C_30A	40009	1	2	0	1257	1	200	1258
155005040	STR_D_CV_PLANT_D_N_C_30A	40009	1	2	0	7670	2	200	1255
155005041	STR_D_CV_VEGETABLE_D_N_C_30A	40009	1	2	0	7671	3	200	1255
155005042	STR_D_CV_BERRY_D_N_C_30A	40009	1	2	0	7672	3	200	1255
155005043	STR_D_CV_HERB_D_N_C_30A	40009	1	2	0	7673	3	200	1255
155005044	STR_D_CV_JEWELRY_N_C_30B	40009	1	2	0	1264	1	200	1258
155005045	STR_D_CV_BERRY_D_N_C_30B	40009	1	2	0	7674	3	200	1255
155005046	STR_D_CV_FISH_D_N_C_30A	40009	1	2	0	7675	3	200	1255
155005047	STR_D_CV_HERB_D_N_C_30B	40009	1	2	0	7676	3	200	1255
155005048	STR_D_CV_VEGETABLE_D_N_C_30B	40009	1	2	0	7677	3	200	1255
155005049	STR_D_CV_FISH_D_N_C_30B	40009	1	2	0	7678	3	200	1273
155005050	STR_D_CV_JEWELRY_N_C_30C	40009	1	2	0	1270	1	200	1258
155005051	STR_D_CV_BERRY_D_N_C_40A	40009	1	2	0	7679	3	200	1273
155005052	STR_D_CV_HERB_D_N_C_40A	40009	1	2	0	7680	3	200	1273
155005053	STR_D_CV_SHELL_D_N_C_40A	40009	1	2	0	7681	3	200	1255
155005054	STR_D_CV_METAL_N_C_40A	40009	1	2	0	1272	2	200	1273
155005055	STR_D_CV_TREE_D_N_C_40A	40009	1	2	0	7682	2	200	1273
155005056	STR_D_CV_JEWELRY_N_C_40A	40009	1	2	0	1276	1	200	1277
155005057	STR_D_CV_NOBLEMETAL_N_C_40A	40009	1	2	0	1278	1	200	1273
155005058	STR_D_CV_PLANT_D_N_C_40A	40009	1	2	0	7683	2	200	1273
155005059	STR_D_CV_FISH_D_N_C_40A	40009	1	2	0	7684	3	200	1273
155005060	STR_D_CV_JEWELRY_N_C_40B	40009	1	2	0	1283	1	200	1277
155005061	STR_D_CV_HERB_D_N_C_40B	40009	1	2	0	7685	3	200	1273
155005062	STR_D_CV_VEGETABLE_D_N_C_40A	40009	1	2	0	7686	3	200	1273
155005063	STR_D_CV_JEWELRY_N_C_40C	40009	1	2	0	1287	1	200	1277
155005064	STR_D_CV_BERRY_D_N_C_40B	40009	1	2	0	7687	3	200	1273
155005065	STR_D_CV_VEGETABLE_D_N_C_40B	40009	1	2	0	7688	3	200	1273
155005066	STR_D_CV_BERRY_D_N_C_40C	40009	1	2	0	7689	3	200	1273
155005067	STR_D_CV_RAWHIDE_N_C_01A	40009	1	2	0	1289	2	200	1216
155005068	STR_D_CV_RAWHIDE_N_C_02A	40009	1	2	0	1290	2	200	1238
155005069	STR_D_CV_RAWHIDE_N_C_03A	40009	1	2	0	1291	2	200	1255
155005070	STR_D_CV_RAWHIDE_N_C_04A	40009	1	2	0	1292	2	200	1273
155005071	STR_D_CV_SOULSTONE_N_C_01A	40009	1	2	0	1293	2	200	1216
155005072	STR_D_CV_SOULSTONE_N_C_02A	40009	1	2	0	1294	2	200	1238
155005073	STR_D_CV_SOULSTONE_N_C_03A	40009	1	2	0	1295	2	200	1255
155005074	STR_D_CV_SOULSTONE_N_C_04A	40009	1	2	0	1296	2	200	1273
155005075	STR_D_WS_WS_PART_D_STEEL_01A	40002	1	2	0	7690	1	0	1298
155005076	STR_D_WS_WS_PART_D_STEEL_02A	40002	5	2	0	7691	1	0	7692
155005077	STR_D_WS_WS_PART_D_STEEL_03A	40002	10	2	0	7693	1	0	7694
155005078	STR_D_WS_DAGGER_D_N_C2_P_15A	40002	10	2	0	7695	1	0	7696
155005079	STR_D_WS_SWORD_D_N_C2_P_15A	40002	20	2	0	7697	1	0	7696
155005080	STR_D_WS_MACE_D_N_C2_P_15A	40002	30	2	0	7698	1	0	7696
155005081	STR_D_WS_2HSWORD_D_N_C2_P_15A	40002	40	2	0	7699	1	0	7696
155005082	STR_D_WS_POLEARM_D_N_C2_P_15A	40002	50	2	0	7700	1	0	7696
155005083	STR_D_WS_DAGGER_D_N_C2_P_20A	40002	60	2	0	7701	1	0	7702
155005084	STR_D_WS_SWORD_D_N_C2_P_20A	40002	70	2	0	7703	1	0	7702
155005085	STR_D_WS_MACE_D_N_C2_P_20A	40002	80	2	0	7704	1	0	7702
155005086	STR_D_WS_2HSWORD_D_N_C2_P_20A	40002	90	2	0	7705	1	0	7702
155005087	STR_D_WS_POLEARM_D_N_C2_P_20A	40002	99	2	0	7706	1	0	7702
155005088	STR_D_WS_DAGGER_D_N_R1_S_17A	40002	65	2	0	7707	1	0	7708
155005089	STR_D_WS_POLEARM_D_N_R1_S_17A	40002	75	2	0	7709	1	0	7708
155005090	STR_D_WS_WS_PART_D_TITAN_01A	40002	100	2	0	7710	1	0	1319
155005091	STR_D_WS_WS_PART_D_TITAN_02A	40002	105	2	0	7711	1	0	7712
155005092	STR_D_WS_WS_PART_D_TITAN_03A	40002	110	2	0	7713	1	0	7714
155005093	STR_D_WS_DAGGER_D_N_C2_P_25A	40002	110	2	0	7715	1	0	7716
155005094	STR_D_WS_SWORD_D_N_C2_P_25A	40002	120	2	0	7717	1	0	7716
155005095	STR_D_WS_MACE_D_N_C2_P_25A	40002	130	2	0	7718	1	0	7716
155005096	STR_D_WS_2HSWORD_D_N_C2_P_25A	40002	140	2	0	7719	1	0	7716
155005097	STR_D_WS_POLEARM_D_N_C2_P_25A	40002	150	2	0	7720	1	0	7716
155005098	STR_D_WS_DAGGER_D_N_R2_P_25A	40002	110	2	0	7721	1	0	7722
155005099	STR_D_WS_SWORD_D_N_R2_P_25A	40002	120	2	0	7723	1	0	7724
155005100	STR_D_WS_MACE_D_N_R2_P_25A	40002	130	2	0	7725	1	0	7726
155005101	STR_D_WS_2HSWORD_D_N_R2_P_25A	40002	140	2	0	7727	1	0	7728
155005102	STR_D_WS_POLEARM_D_N_R2_P_25A	40002	150	2	0	7729	1	0	7730
155005103	STR_D_WS_DAGGER_D_N_C2_P_30A	40002	160	2	0	7731	1	0	7732
155005104	STR_D_WS_SWORD_D_N_C2_P_30A	40002	170	2	0	7733	1	0	7732
155005105	STR_D_WS_MACE_D_N_C2_P_30A	40002	180	2	0	7734	1	0	7732
155005106	STR_D_WS_2HSWORD_D_N_C2_P_30A	40002	190	2	0	7735	1	0	7732
155005107	STR_D_WS_POLEARM_D_N_C2_P_30A	40002	199	2	0	7736	1	0	7732
155005108	STR_D_WS_DAGGER_D_N_R2_P_30A	40002	160	2	0	7737	1	0	7738
155005109	STR_D_WS_SWORD_D_N_R2_P_30A	40002	170	2	0	7739	1	0	7740
155005110	STR_D_WS_MACE_D_N_R2_P_30A	40002	180	2	0	7741	1	0	7742
155005111	STR_D_WS_2HSWORD_D_N_R2_P_30A	40002	190	2	0	7743	1	0	7744
155005112	STR_D_WS_POLEARM_D_N_R2_P_30A	40002	199	2	0	7745	1	0	7746
155005113	STR_D_WS_MACE_D_N_R1_S_26A	40002	155	2	0	7747	1	0	7748
155005114	STR_D_WS_DAGGER_D_N_R1_S_27A	40002	165	2	0	7749	1	0	7750
155005115	STR_D_WS_SWORD_D_N_R1_S_29A	40002	185	2	0	7751	1	0	7752
155005116	STR_D_WS_WS_PART_D_ADAMAN_01A	40002	200	2	0	7753	1	0	1363
155005117	STR_D_WS_WS_PART_D_ADAMAN_02A	40002	205	2	0	7754	1	0	7755
155005118	STR_D_WS_WS_PART_D_ADAMAN_03A	40002	210	2	0	7756	1	0	7757
155005119	STR_D_WS_DAGGER_D_N_C2_P_35A	40002	210	2	0	7758	1	0	7759
155005120	STR_D_WS_SWORD_D_N_C2_P_35A	40002	220	2	0	7760	1	0	7759
155005121	STR_D_WS_MACE_D_N_C2_P_35A	40002	230	2	0	7761	1	0	7759
155005122	STR_D_WS_2HSWORD_D_N_C2_P_35A	40002	240	2	0	7762	1	0	7759
155005123	STR_D_WS_POLEARM_D_N_C2_P_35A	40002	250	2	0	7763	1	0	7759
155005124	STR_D_WS_DAGGER_D_N_R2_P_35A	40002	210	2	0	7764	1	0	7765
155005125	STR_D_WS_SWORD_D_N_R2_P_35A	40002	220	2	0	7766	1	0	7767
155005126	STR_D_WS_MACE_D_N_R2_P_35A	40002	230	2	0	7768	1	0	7769
155005127	STR_D_WS_2HSWORD_D_N_R2_P_35A	40002	240	2	0	7770	1	0	7771
155005128	STR_D_WS_POLEARM_D_N_R2_P_35A	40002	250	2	0	7772	1	0	7773
155005129	STR_D_WS_DAGGER_D_N_L2_P_35A	40002	400	2	0	7774	1	0	7775
155005130	STR_D_WS_SWORD_D_N_L2_P_35A	40002	400	2	0	7776	1	0	7777
155005131	STR_D_WS_MACE_D_N_L2_P_35A	40002	400	2	0	7778	1	0	7779
155005132	STR_D_WS_2HSWORD_D_N_L2_P_35A	40002	400	2	0	7780	1	0	7781
155005133	STR_D_WS_POLEARM_D_N_L2_P_35A	40002	400	2	0	7782	1	0	7783
155005134	STR_D_WS_DAGGER_D_N_C2_P_40A	40002	260	2	0	7784	1	0	7785
155005135	STR_D_WS_SWORD_D_N_C2_P_40A	40002	270	2	0	7786	1	0	7785
155005136	STR_D_WS_MACE_D_N_C2_P_40A	40002	280	2	0	7787	1	0	7785
155005137	STR_D_WS_2HSWORD_D_N_C2_P_40A	40002	290	2	0	7788	1	0	7785
155005138	STR_D_WS_POLEARM_D_N_C2_P_40A	40002	299	2	0	7789	1	0	7785
155005139	STR_D_WS_DAGGER_D_N_R2_P_40A	40002	260	2	0	7790	1	0	7791
155005140	STR_D_WS_SWORD_D_N_R2_P_40A	40002	270	2	0	7792	1	0	7793
155005141	STR_D_WS_MACE_D_N_R2_P_40A	40002	280	2	0	7794	1	0	7795
155005142	STR_D_WS_2HSWORD_D_N_R2_P_40A	40002	290	2	0	7796	1	0	7797
155005143	STR_D_WS_POLEARM_D_N_R2_P_40A	40002	299	2	0	7798	1	0	7799
155005144	STR_D_WS_DAGGER_D_N_L2_P_40A	40002	410	2	0	7800	1	0	7801
155005145	STR_D_WS_SWORD_D_N_L2_P_40A	40002	410	2	0	7802	1	0	7803
155005146	STR_D_WS_MACE_D_N_L2_P_40A	40002	410	2	0	7804	1	0	7805
155005147	STR_D_WS_2HSWORD_D_N_L2_P_40A	40002	410	2	0	7806	1	0	7807
155005148	STR_D_WS_POLEARM_D_N_L2_P_40A	40002	410	2	0	7808	1	0	7809
155005149	STR_D_WS_2HSWORD_D_N_R1_S_34A	40002	235	2	0	7810	1	0	7811
155005150	STR_D_WS_SWORD_D_N_R1_S_34A	40002	245	2	0	7812	1	0	7813
155005151	STR_D_WS_2HSWORD_D_N_L1_S_34A	40002	255	2	0	7814	1	0	7815
155005152	STR_D_WS_MACE_D_N_L1_S_39A	40002	285	2	0	7816	1	0	7817
155005153	STR_D_WS_SWORD_D_N_L1_S_40A	40002	295	2	0	7818	1	0	7819
155005154	STR_D_WS_WS_PART_D_ORIHAR_01A	40002	300	2	0	7820	1	0	1437
155005155	STR_D_WS_WS_PART_D_ORIHAR_02A	40002	305	2	0	7821	1	0	7822
155005156	STR_D_WS_WS_PART_D_ORIHAR_03A	40002	310	2	0	7823	1	0	7824
155005157	STR_D_WS_DAGGER_D_N_C2_P_45A	40002	310	2	0	7825	1	0	7826
155005158	STR_D_WS_SWORD_D_N_C2_P_45A	40002	320	2	0	7827	1	0	7826
155005159	STR_D_WS_MACE_D_N_C2_P_45A	40002	330	2	0	7828	1	0	7826
155005160	STR_D_WS_2HSWORD_D_N_C2_P_45A	40002	340	2	0	7829	1	0	7826
155005161	STR_D_WS_POLEARM_D_N_C2_P_45A	40002	350	2	0	7830	1	0	7826
155005162	STR_D_WS_DAGGER_D_N_R2_P_45A	40002	310	2	0	7831	1	0	7832
155005163	STR_D_WS_SWORD_D_N_R2_P_45A	40002	320	2	0	7833	1	0	7834
155005164	STR_D_WS_MACE_D_N_R2_P_45A	40002	330	2	0	7835	1	0	7836
155005165	STR_D_WS_2HSWORD_D_N_R2_P_45A	40002	340	2	0	7837	1	0	7838
155005166	STR_D_WS_POLEARM_D_N_R2_P_45A	40002	350	2	0	7839	1	0	7840
155005167	STR_D_WS_DAGGER_D_N_L2_P_45A	40002	420	2	0	7841	1	0	7842
155005168	STR_D_WS_SWORD_D_N_L2_P_45A	40002	420	2	0	7843	1	0	7844
155005169	STR_D_WS_MACE_D_N_L2_P_45A	40002	420	2	0	7845	1	0	7846
155005170	STR_D_WS_2HSWORD_D_N_L2_P_45A	40002	420	2	0	7847	1	0	7848
155005171	STR_D_WS_POLEARM_D_N_L2_P_45A	40002	420	2	0	7849	1	0	7850
155005172	STR_D_WS_DAGGER_D_N_C2_P_50A	40002	360	2	0	7851	1	0	7852
155005173	STR_D_WS_SWORD_D_N_C2_P_50A	40002	370	2	0	7853	1	0	7852
155005174	STR_D_WS_MACE_D_N_C2_P_50A	40002	380	2	0	7854	1	0	7852
155005175	STR_D_WS_2HSWORD_D_N_C2_P_50A	40002	390	2	0	7855	1	0	7852
155005176	STR_D_WS_POLEARM_D_N_C2_P_50A	40002	399	2	0	7856	1	0	7852
155005177	STR_D_WS_DAGGER_D_N_R2_P_50A	40002	360	2	0	7857	1	0	7858
155005178	STR_D_WS_SWORD_D_N_R2_P_50A	40002	370	2	0	7859	1	0	7860
155005179	STR_D_WS_MACE_D_N_R2_P_50A	40002	380	2	0	7861	1	0	7862
155005180	STR_D_WS_2HSWORD_D_N_R2_P_50A	40002	390	2	0	7863	1	0	7864
155005181	STR_D_WS_POLEARM_D_N_R2_P_50A	40002	399	2	0	7865	1	0	7866
155005182	STR_D_WS_DAGGER_D_N_L2_P_50A	40002	430	2	0	7867	1	0	7868
155005183	STR_D_WS_SWORD_D_N_L2_P_50A	40002	430	2	0	7869	1	0	7870
155005184	STR_D_WS_MACE_D_N_L2_P_50A	40002	430	2	0	7871	1	0	7872
155005185	STR_D_WS_2HSWORD_D_N_L2_P_50A	40002	430	2	0	7873	1	0	7874
155005186	STR_D_WS_POLEARM_D_N_L2_P_50A	40002	430	2	0	7875	1	0	7876
155005187	STR_D_WS_POLEARM_D_N_R1_S_41A	40002	315	2	0	7877	1	0	7878
155005188	STR_D_WS_SWORD_D_N_R1_S_42A	40002	325	2	0	7879	1	0	7880
155005189	STR_D_WS_DAGGER_D_N_R1_S_44A	40002	335	2	0	7881	1	0	7882
155005190	STR_D_WS_DAGGER_D_N_L1_S_44A	40002	345	2	0	7883	1	0	7884
155005191	STR_D_WS_POLEARM_D_N_L1_S_45A	40002	355	2	0	7885	1	0	7886
155005192	STR_D_WS_WS_PART_D_SIEGE_01A	40002	299	2	0	7887	1	0	7888
155005193	STR_D_WS_ITEM_ABYSS_DARK_SIEGE01	40002	299	2	0	7889	1	0	7890
155005194	STR_D_WS_WS_PART_D_DRA_301A	40002	400	2	0	7891	1	0	1511
155005195	STR_D_WS_WS_PART_D_DRA_302A	40002	400	2	0	7892	1	0	1513
155005196	STR_D_WS_WS_PART_D_DRA_303A	40002	400	2	0	7893	1	0	1515
155005197	STR_D_WS_DAGGER_D_D_R2_P_30A	40002	410	2	0	7894	1	0	7895
155005198	STR_D_WS_SWORD_D_D_R2_P_30A	40002	410	2	0	7896	1	0	7895
155005199	STR_D_WS_MACE_D_D_R2_P_30A	40002	410	2	0	7897	1	0	7895
155005200	STR_D_WS_2HSWORD_D_D_R2_P_30A	40002	410	2	0	7898	1	0	7895
155005201	STR_D_WS_POLEARM_D_D_R2_P_30A	40002	410	2	0	7899	1	0	7895
155005202	STR_D_WS_WS_PART_D_DRA_401A	40002	420	2	0	7900	1	0	1523
155005203	STR_D_WS_WS_PART_D_DRA_402A	40002	420	2	0	7901	1	0	1525
155005204	STR_D_WS_WS_PART_D_DRA_403A	40002	420	2	0	7902	1	0	1527
155005205	STR_D_WS_DAGGER_D_D_R2_P_40A	40002	430	2	0	7903	1	0	7904
155005206	STR_D_WS_SWORD_D_D_R2_P_40A	40002	430	2	0	7905	1	0	7904
155005207	STR_D_WS_MACE_D_D_R2_P_40A	40002	430	2	0	7906	1	0	7904
155005208	STR_D_WS_2HSWORD_D_D_R2_P_40A	40002	430	2	0	7907	1	0	7904
155005209	STR_D_WS_POLEARM_D_D_R2_P_40A	40002	430	2	0	7908	1	0	7904
155005210	STR_D_WS_DAGGER_D_D_L2_P_40A	40002	430	2	0	7909	1	0	7910
155005211	STR_D_WS_SWORD_D_D_L2_P_40A	40002	430	2	0	7911	1	0	7912
155005212	STR_D_WS_MACE_D_D_L2_P_40A	40002	430	2	0	7913	1	0	7914
155005213	STR_D_WS_2HSWORD_D_D_L2_P_40A	40002	430	2	0	7915	1	0	7916
155005214	STR_D_WS_POLEARM_D_D_L2_P_40A	40002	430	2	0	7917	1	0	7918
155005215	STR_D_WS_WS_PART_D_DRA_501A	40002	440	2	0	7919	1	0	1545
155005216	STR_D_WS_WS_PART_D_DRA_502A	40002	440	2	0	7920	1	0	1547
155005217	STR_D_WS_WS_PART_D_DRA_503A	40002	440	2	0	7921	1	0	1549
155005218	STR_D_WS_DAGGER_D_D_R2_P_50A	40002	449	2	0	7922	1	0	7923
155005219	STR_D_WS_SWORD_D_D_R2_P_50A	40002	449	2	0	7924	1	0	7923
155005220	STR_D_WS_MACE_D_D_R2_P_50A	40002	449	2	0	7925	1	0	7923
155005221	STR_D_WS_2HSWORD_D_D_R2_P_50A	40002	449	2	0	7926	1	0	7923
155005222	STR_D_WS_POLEARM_D_D_R2_P_50A	40002	449	2	0	7927	1	0	7923
155005223	STR_D_WS_DAGGER_D_D_L2_P_50A	40002	449	2	0	7928	1	0	7929
155005224	STR_D_WS_SWORD_D_D_L2_P_50A	40002	449	2	0	7930	1	0	7931
155005225	STR_D_WS_MACE_D_D_L2_P_50A	40002	449	2	0	7932	1	0	7933
155005226	STR_D_WS_2HSWORD_D_D_L2_P_50A	40002	449	2	0	7934	1	0	7935
155005227	STR_D_WS_POLEARM_D_D_L2_P_50A	40002	449	2	0	7936	1	0	7937
155005228	STR_D_AS_WS_PART_D_STEEL_01A	40003	1	2	0	7690	1	0	1298
155005229	STR_D_AS_AS_PART_D_STEEL_01A	40003	5	2	0	7938	1	0	7692
155005230	STR_D_AS_AS_PART_D_STEEL_02A	40003	10	2	0	7939	1	0	7940
155005231	STR_D_AS_AS_PART_D_STEEL_03A	40003	10	2	0	7941	1	0	7940
155005232	STR_D_AS_AS_PART_D_STEEL_04A	40003	10	2	0	7942	1	0	7943
155005233	STR_D_AS_AS_PART_D_STEEL_05A	40003	10	2	0	7944	1	0	7694
155005234	STR_D_AS_CH_SHOES_D_N_C2_P_13A	40003	10	2	0	7945	1	0	7946
155005235	STR_D_AS_CH_GLOVE_D_N_C2_P_13A	40003	20	2	0	7947	1	0	7946
155005236	STR_D_AS_CH_PANTS_D_N_C2_P_13A	40003	30	2	0	7948	1	0	7949
155005237	STR_D_AS_CH_TORSO_D_N_C2_P_13A	40003	50	2	0	7950	1	0	7951
155005238	STR_D_AS_CH_HEAD_D_N_C2_P_13A	40003	40	2	0	7952	1	0	7953
155005239	STR_D_AS_PL_SHOES_D_N_C2_P_13A	40003	10	2	0	7954	1	0	7955
155005240	STR_D_AS_PL_GLOVE_D_N_C2_P_13A	40003	20	2	0	7956	1	0	7955
155005241	STR_D_AS_PL_PANTS_D_N_C2_P_13A	40003	30	2	0	7957	1	0	7958
155005242	STR_D_AS_PL_TORSO_D_N_C2_P_13A	40003	50	2	0	7959	1	0	7960
155005243	STR_D_AS_PL_HEAD_D_N_C2_P_13A	40003	40	2	0	7961	1	0	7962
155005244	STR_D_AS_SHIELD_D_N_C2_P_15A	40003	50	2	0	7963	1	0	7964
155005245	STR_D_AS_CH_SHOES_D_N_C2_P_18A	40003	60	2	0	7965	1	0	7966
155005246	STR_D_AS_CH_GLOVE_D_N_C2_P_18A	40003	70	2	0	7967	1	0	7966
155005247	STR_D_AS_CH_SHOUL_D_N_C2_P_18A	40003	80	2	0	7968	1	0	7966
155005248	STR_D_AS_CH_PANTS_D_N_C2_P_18A	40003	90	2	0	7969	1	0	7970
155005249	STR_D_AS_CH_TORSO_D_N_C2_P_18A	40003	99	2	0	7971	1	0	7972
155005250	STR_D_AS_CH_HEAD_D_N_C2_P_18A	40003	90	2	0	7973	1	0	7974
155005251	STR_D_AS_PL_SHOES_D_N_C2_P_18A	40003	60	2	0	7975	1	0	7976
155005252	STR_D_AS_PL_GLOVE_D_N_C2_P_18A	40003	70	2	0	7977	1	0	7976
155005253	STR_D_AS_PL_SHOUL_D_N_C2_P_18A	40003	80	2	0	7978	1	0	7976
155005254	STR_D_AS_PL_PANTS_D_N_C2_P_18A	40003	90	2	0	7979	1	0	7980
155005255	STR_D_AS_PL_TORSO_D_N_C2_P_18A	40003	99	2	0	7981	1	0	7982
155005256	STR_D_AS_PL_HEAD_D_N_C2_P_18A	40003	90	2	0	7983	1	0	7984
155005257	STR_D_AS_SHIELD_D_N_C2_P_20A	40003	99	2	0	7985	1	0	7986
155005258	STR_D_AS_WS_PART_D_TITAN_01A	40003	100	2	0	7710	1	0	1319
155005259	STR_D_AS_AS_PART_D_TITAN_01A	40003	105	2	0	7987	1	0	7712
155005260	STR_D_AS_AS_PART_D_TITAN_02A	40003	110	2	0	7988	1	0	7989
155005261	STR_D_AS_AS_PART_D_TITAN_03A	40003	110	2	0	7990	1	0	7989
155005262	STR_D_AS_AS_PART_D_TITAN_04A	40003	110	2	0	7991	1	0	7992
155005263	STR_D_AS_AS_PART_D_TITAN_05A	40003	110	2	0	7993	1	0	7714
155005264	STR_D_AS_CH_SHOES_D_N_C2_P_23A	40003	110	2	0	7994	1	0	7995
155005265	STR_D_AS_CH_GLOVE_D_N_C2_P_23A	40003	120	2	0	7996	1	0	7995
155005266	STR_D_AS_CH_SHOUL_D_N_C2_P_23A	40003	130	2	0	7997	1	0	7995
155005267	STR_D_AS_CH_PANTS_D_N_C2_P_23A	40003	140	2	0	7998	1	0	7999
155005268	STR_D_AS_CH_TORSO_D_N_C2_P_23A	40003	150	2	0	8000	1	0	8001
155005269	STR_D_AS_CH_HEAD_D_N_C2_P_23A	40003	140	2	0	8002	1	0	8003
155005270	STR_D_AS_PL_SHOES_D_N_C2_P_23A	40003	110	2	0	8004	1	0	8005
155005271	STR_D_AS_PL_GLOVE_D_N_C2_P_23A	40003	120	2	0	8006	1	0	8005
155005272	STR_D_AS_PL_SHOUL_D_N_C2_P_23A	40003	130	2	0	8007	1	0	8005
155005273	STR_D_AS_PL_PANTS_D_N_C2_P_23A	40003	140	2	0	8008	1	0	8009
155005274	STR_D_AS_PL_TORSO_D_N_C2_P_23A	40003	150	2	0	8010	1	0	8011
155005275	STR_D_AS_PL_HEAD_D_N_C2_P_23A	40003	140	2	0	8012	1	0	8013
155005276	STR_D_AS_SHIELD_D_N_C2_P_25A	40003	150	2	0	8014	1	0	8015
155005277	STR_D_AS_CH_SHOES_D_N_R2_P_23A	40003	110	2	0	8016	1	0	8017
155005278	STR_D_AS_CH_GLOVE_D_N_R2_P_23A	40003	120	2	0	8018	1	0	8017
155005279	STR_D_AS_CH_SHOUL_D_N_R2_P_23A	40003	130	2	0	8019	1	0	8017
155005280	STR_D_AS_CH_PANTS_D_N_R2_P_23A	40003	140	2	0	8020	1	0	8021
155005281	STR_D_AS_CH_TORSO_D_N_R2_P_23A	40003	150	2	0	8022	1	0	8023
155005282	STR_D_AS_CH_HEAD_D_N_R2_P_23A	40003	140	2	0	8024	1	0	8025
155005283	STR_D_AS_PL_SHOES_D_N_R2_P_23A	40003	110	2	0	8026	1	0	8027
155005284	STR_D_AS_PL_GLOVE_D_N_R2_P_23A	40003	120	2	0	8028	1	0	8027
155005285	STR_D_AS_PL_SHOUL_D_N_R2_P_23A	40003	130	2	0	8029	1	0	8027
155005286	STR_D_AS_PL_PANTS_D_N_R2_P_23A	40003	140	2	0	8030	1	0	8031
155005287	STR_D_AS_PL_TORSO_D_N_R2_P_23A	40003	150	2	0	8032	1	0	8033
155005288	STR_D_AS_PL_HEAD_D_N_R2_P_23A	40003	140	2	0	8034	1	0	8035
155005289	STR_D_AS_SHIELD_D_N_R2_P_25A	40003	150	2	0	8036	1	0	8037
155005290	STR_D_AS_CH_SHOES_D_N_C2_P_28A	40003	160	2	0	8038	1	0	8039
155005291	STR_D_AS_CH_GLOVE_D_N_C2_P_28A	40003	170	2	0	8040	1	0	8039
155005292	STR_D_AS_CH_SHOUL_D_N_C2_P_28A	40003	180	2	0	8041	1	0	8039
155005293	STR_D_AS_CH_PANTS_D_N_C2_P_28A	40003	190	2	0	8042	1	0	8043
155005294	STR_D_AS_CH_TORSO_D_N_C2_P_28A	40003	199	2	0	8044	1	0	8045
155005295	STR_D_AS_CH_HEAD_D_N_C2_P_28A	40003	190	2	0	8046	1	0	8047
155005296	STR_D_AS_PL_SHOES_D_N_C2_P_28A	40003	160	2	0	8048	1	0	8049
155005297	STR_D_AS_PL_GLOVE_D_N_C2_P_28A	40003	170	2	0	8050	1	0	8049
155005298	STR_D_AS_PL_SHOUL_D_N_C2_P_28A	40003	180	2	0	8051	1	0	8049
155005299	STR_D_AS_PL_PANTS_D_N_C2_P_28A	40003	190	2	0	8052	1	0	8053
155005300	STR_D_AS_PL_TORSO_D_N_C2_P_28A	40003	199	2	0	8054	1	0	8055
155005301	STR_D_AS_PL_HEAD_D_N_C2_P_28A	40003	190	2	0	8056	1	0	8057
155005302	STR_D_AS_SHIELD_D_N_C2_P_30A	40003	199	2	0	8058	1	0	8059
155005303	STR_D_AS_CH_SHOES_D_N_R2_P_28A	40003	160	2	0	8060	1	0	8061
155005304	STR_D_AS_CH_GLOVE_D_N_R2_P_28A	40003	170	2	0	8062	1	0	8061
155005305	STR_D_AS_CH_SHOUL_D_N_R2_P_28A	40003	180	2	0	8063	1	0	8061
155005306	STR_D_AS_CH_PANTS_D_N_R2_P_28A	40003	190	2	0	8064	1	0	8065
155005307	STR_D_AS_CH_TORSO_D_N_R2_P_28A	40003	199	2	0	8066	1	0	8067
155005308	STR_D_AS_CH_HEAD_D_N_R2_P_28A	40003	190	2	0	8068	1	0	8069
155005309	STR_D_AS_PL_SHOES_D_N_R2_P_28A	40003	160	2	0	8070	1	0	8071
155005310	STR_D_AS_PL_GLOVE_D_N_R2_P_28A	40003	170	2	0	8072	1	0	8071
155005311	STR_D_AS_PL_SHOUL_D_N_R2_P_28A	40003	180	2	0	8073	1	0	8071
155005312	STR_D_AS_PL_PANTS_D_N_R2_P_28A	40003	190	2	0	8074	1	0	8075
155005313	STR_D_AS_PL_TORSO_D_N_R2_P_28A	40003	199	2	0	8076	1	0	8077
155005314	STR_D_AS_PL_HEAD_D_N_R2_P_28A	40003	190	2	0	8078	1	0	8079
155005315	STR_D_AS_SHIELD_D_N_R2_P_30A	40003	199	2	0	8080	1	0	8081
155005316	STR_D_AS_CH_GLOVE_D_N_R1_S_26A	40003	145	2	0	8082	1	0	8083
155005317	STR_D_AS_PL_GLOVE_D_N_R1_S_26A	40003	145	2	0	8084	1	0	8085
155005318	STR_D_AS_CH_TORSO_D_N_R1_S_26A	40003	155	2	0	8086	1	0	8087
155005319	STR_D_AS_PL_TORSO_D_N_R1_S_26A	40003	155	2	0	8088	1	0	8089
155005320	STR_D_AS_SHIELD_D_N_R1_S_26A	40003	155	2	0	8090	1	0	8089
155005321	STR_D_AS_CH_SHOES_D_N_R1_S_27A	40003	165	2	0	8091	1	0	8092
155005322	STR_D_AS_PL_SHOES_D_N_R1_S_27A	40003	165	2	0	8093	1	0	8094
155005323	STR_D_AS_WS_PART_D_ADAMAN_01A	40003	200	2	0	7753	1	0	1363
155005324	STR_D_AS_AS_PART_D_ADAMAN_01A	40003	205	2	0	8095	1	0	7755
155005325	STR_D_AS_AS_PART_D_ADAMAN_02A	40003	210	2	0	8096	1	0	8097
155005326	STR_D_AS_AS_PART_D_ADAMAN_03A	40003	210	2	0	8098	1	0	8097
155005327	STR_D_AS_AS_PART_D_ADAMAN_04A	40003	210	2	0	8099	1	0	8100
155005328	STR_D_AS_AS_PART_D_ADAMAN_05A	40003	210	2	0	8101	1	0	7757
155005329	STR_D_AS_CH_SHOES_D_N_C2_P_33A	40003	210	2	0	8102	1	0	8103
155005330	STR_D_AS_CH_GLOVE_D_N_C2_P_33A	40003	220	2	0	8104	1	0	8103
155005331	STR_D_AS_CH_SHOUL_D_N_C2_P_33A	40003	230	2	0	8105	1	0	8103
155005332	STR_D_AS_CH_PANTS_D_N_C2_P_33A	40003	240	2	0	8106	1	0	8107
155005333	STR_D_AS_CH_TORSO_D_N_C2_P_33A	40003	250	2	0	8108	1	0	8109
155005334	STR_D_AS_CH_HEAD_D_N_C2_P_33A	40003	240	2	0	8110	1	0	8111
155005335	STR_D_AS_PL_SHOES_D_N_C2_P_33A	40003	210	2	0	8112	1	0	8113
155005336	STR_D_AS_PL_GLOVE_D_N_C2_P_33A	40003	220	2	0	8114	1	0	8113
155005337	STR_D_AS_PL_SHOUL_D_N_C2_P_33A	40003	230	2	0	8115	1	0	8113
155005338	STR_D_AS_PL_PANTS_D_N_C2_P_33A	40003	240	2	0	8116	1	0	8117
155005339	STR_D_AS_PL_TORSO_D_N_C2_P_33A	40003	250	2	0	8118	1	0	8119
155005340	STR_D_AS_PL_HEAD_D_N_C2_P_33A	40003	240	2	0	8120	1	0	8121
155005341	STR_D_AS_SHIELD_D_N_C2_P_35A	40003	250	2	0	8122	1	0	8123
155005342	STR_D_AS_CH_SHOES_D_N_R2_P_33A	40003	210	2	0	8124	1	0	8125
155005343	STR_D_AS_CH_GLOVE_D_N_R2_P_33A	40003	220	2	0	8126	1	0	8125
155005344	STR_D_AS_CH_SHOUL_D_N_R2_P_33A	40003	230	2	0	8127	1	0	8125
155005345	STR_D_AS_CH_PANTS_D_N_R2_P_33A	40003	240	2	0	8128	1	0	8129
155005346	STR_D_AS_CH_TORSO_D_N_R2_P_33A	40003	250	2	0	8130	1	0	8131
155005347	STR_D_AS_CH_HEAD_D_N_R2_P_33A	40003	240	2	0	8132	1	0	8133
155005348	STR_D_AS_PL_SHOES_D_N_R2_P_33A	40003	210	2	0	8134	1	0	8135
155005349	STR_D_AS_PL_GLOVE_D_N_R2_P_33A	40003	220	2	0	8136	1	0	8135
155005350	STR_D_AS_PL_SHOUL_D_N_R2_P_33A	40003	230	2	0	8137	1	0	8135
155005351	STR_D_AS_PL_PANTS_D_N_R2_P_33A	40003	240	2	0	8138	1	0	8139
155005352	STR_D_AS_PL_TORSO_D_N_R2_P_33A	40003	250	2	0	8140	1	0	8141
155005353	STR_D_AS_PL_HEAD_D_N_R2_P_33A	40003	240	2	0	8142	1	0	8143
155005354	STR_D_AS_SHIELD_D_N_R2_P_35A	40003	250	2	0	8144	1	0	8145
155005355	STR_D_AS_CH_SHOES_D_N_L2_P_33A	40003	400	2	0	8146	1	0	8147
155005356	STR_D_AS_CH_GLOVE_D_N_L2_P_33A	40003	400	2	0	8148	1	0	8147
155005357	STR_D_AS_CH_SHOUL_D_N_L2_P_33A	40003	400	2	0	8149	1	0	8147
155005358	STR_D_AS_CH_PANTS_D_N_L2_P_33A	40003	400	2	0	8150	1	0	8151
155005359	STR_D_AS_CH_TORSO_D_N_L2_P_33A	40003	400	2	0	8152	1	0	8153
155005360	STR_D_AS_CH_HEAD_D_N_L2_P_33A	40003	400	2	0	8154	1	0	8155
155005361	STR_D_AS_PL_SHOES_D_N_L2_P_33A	40003	400	2	0	8156	1	0	8157
155005362	STR_D_AS_PL_GLOVE_D_N_L2_P_33A	40003	400	2	0	8158	1	0	8157
155005363	STR_D_AS_PL_SHOUL_D_N_L2_P_33A	40003	400	2	0	8159	1	0	8157
155005364	STR_D_AS_PL_PANTS_D_N_L2_P_33A	40003	400	2	0	8160	1	0	8161
155005365	STR_D_AS_PL_TORSO_D_N_L2_P_33A	40003	400	2	0	8162	1	0	8163
155005366	STR_D_AS_PL_HEAD_D_N_L2_P_33A	40003	400	2	0	8164	1	0	8165
155005367	STR_D_AS_SHIELD_D_N_L2_P_35A	40003	400	2	0	8166	1	0	8167
155005368	STR_D_AS_CH_SHOES_D_N_C2_P_38A	40003	260	2	0	8168	1	0	8169
155005369	STR_D_AS_CH_GLOVE_D_N_C2_P_38A	40003	270	2	0	8170	1	0	8169
155005370	STR_D_AS_CH_SHOUL_D_N_C2_P_38A	40003	280	2	0	8171	1	0	8169
155005371	STR_D_AS_CH_PANTS_D_N_C2_P_38A	40003	290	2	0	8172	1	0	8173
155005372	STR_D_AS_CH_TORSO_D_N_C2_P_38A	40003	299	2	0	8174	1	0	8175
155005373	STR_D_AS_CH_HEAD_D_N_C2_P_38A	40003	290	2	0	8176	1	0	8177
155005374	STR_D_AS_PL_SHOES_D_N_C2_P_38A	40003	260	2	0	8178	1	0	8179
155005375	STR_D_AS_PL_GLOVE_D_N_C2_P_38A	40003	270	2	0	8180	1	0	8179
155005376	STR_D_AS_PL_SHOUL_D_N_C2_P_38A	40003	280	2	0	8181	1	0	8179
155005377	STR_D_AS_PL_PANTS_D_N_C2_P_38A	40003	290	2	0	8182	1	0	8183
155005378	STR_D_AS_PL_TORSO_D_N_C2_P_38A	40003	299	2	0	8184	1	0	8185
155005379	STR_D_AS_PL_HEAD_D_N_C2_P_38A	40003	290	2	0	8186	1	0	8187
155005380	STR_D_AS_SHIELD_D_N_C2_P_40A	40003	299	2	0	8188	1	0	8189
155005381	STR_D_AS_CH_SHOES_D_N_R2_P_38A	40003	260	2	0	8190	1	0	8191
155005382	STR_D_AS_CH_GLOVE_D_N_R2_P_38A	40003	270	2	0	8192	1	0	8191
155005383	STR_D_AS_CH_SHOUL_D_N_R2_P_38A	40003	280	2	0	8193	1	0	8191
155005384	STR_D_AS_CH_PANTS_D_N_R2_P_38A	40003	290	2	0	8194	1	0	8195
155005385	STR_D_AS_CH_TORSO_D_N_R2_P_38A	40003	299	2	0	8196	1	0	8197
155005386	STR_D_AS_CH_HEAD_D_N_R2_P_38A	40003	290	2	0	8198	1	0	8199
155005387	STR_D_AS_PL_SHOES_D_N_R2_P_38A	40003	260	2	0	8200	1	0	8201
155005388	STR_D_AS_PL_GLOVE_D_N_R2_P_38A	40003	270	2	0	8202	1	0	8201
155005389	STR_D_AS_PL_SHOUL_D_N_R2_P_38A	40003	280	2	0	8203	1	0	8201
155005390	STR_D_AS_PL_PANTS_D_N_R2_P_38A	40003	290	2	0	8204	1	0	8205
155005391	STR_D_AS_PL_TORSO_D_N_R2_P_38A	40003	299	2	0	8206	1	0	8207
155005392	STR_D_AS_PL_HEAD_D_N_R2_P_38A	40003	290	2	0	8208	1	0	8209
155005393	STR_D_AS_SHIELD_D_N_R2_P_40A	40003	299	2	0	8210	1	0	8211
155005394	STR_D_AS_CH_SHOES_D_N_L2_P_38A	40003	410	2	0	8212	1	0	8213
155005395	STR_D_AS_CH_GLOVE_D_N_L2_P_38A	40003	410	2	0	8214	1	0	8213
155005396	STR_D_AS_CH_SHOUL_D_N_L2_P_38A	40003	410	2	0	8215	1	0	8213
155005397	STR_D_AS_CH_PANTS_D_N_L2_P_38A	40003	410	2	0	8216	1	0	8217
155005398	STR_D_AS_CH_TORSO_D_N_L2_P_38A	40003	410	2	0	8218	1	0	8219
155005399	STR_D_AS_CH_HEAD_D_N_L2_P_38A	40003	410	2	0	8220	1	0	8221
155005400	STR_D_AS_PL_SHOES_D_N_L2_P_38A	40003	410	2	0	8222	1	0	8223
155005401	STR_D_AS_PL_GLOVE_D_N_L2_P_38A	40003	410	2	0	8224	1	0	8223
155005402	STR_D_AS_PL_SHOUL_D_N_L2_P_38A	40003	410	2	0	8225	1	0	8223
155005403	STR_D_AS_PL_PANTS_D_N_L2_P_38A	40003	410	2	0	8226	1	0	8227
155005404	STR_D_AS_PL_TORSO_D_N_L2_P_38A	40003	410	2	0	8228	1	0	8229
155005405	STR_D_AS_PL_HEAD_D_N_L2_P_38A	40003	410	2	0	8230	1	0	8231
155005406	STR_D_AS_SHIELD_D_N_L2_P_40A	40003	410	2	0	8232	1	0	8233
155005407	STR_D_AS_CH_SHOUL_D_N_R1_S_36A	40003	255	2	0	8234	1	0	8235
155005408	STR_D_AS_PL_SHOUL_D_N_R1_S_36A	40003	255	2	0	8236	1	0	8237
155005409	STR_D_AS_CH_HEAD_D_N_R1_S_36A	40003	265	2	0	8238	1	0	8239
155005410	STR_D_AS_PL_HEAD_D_N_R1_S_36A	40003	265	2	0	8240	1	0	8241
155005411	STR_D_AS_CH_GLOVE_D_N_L1_S_37A	40003	275	2	0	8242	1	0	8243
155005412	STR_D_AS_PL_GLOVE_D_N_L1_S_37A	40003	275	2	0	8244	1	0	8245
155005413	STR_D_AS_CH_TORSO_D_N_L1_S_39A	40003	285	2	0	8246	1	0	8247
155005414	STR_D_AS_PL_TORSO_D_N_L1_S_39A	40003	285	2	0	8248	1	0	8249
155005415	STR_D_AS_WS_PART_D_ORIHAR_01A	40003	300	2	0	7820	1	0	1437
155005416	STR_D_AS_AS_PART_D_ORIHAR_01A	40003	305	2	0	8250	1	0	7822
155005417	STR_D_AS_AS_PART_D_ORIHAR_02A	40003	310	2	0	8251	1	0	8252
155005418	STR_D_AS_AS_PART_D_ORIHAR_03A	40003	310	2	0	8253	1	0	8252
155005419	STR_D_AS_AS_PART_D_ORIHAR_04A	40003	310	2	0	8254	1	0	8255
155005420	STR_D_AS_AS_PART_D_ORIHAR_05A	40003	310	2	0	8256	1	0	7824
155005421	STR_D_AS_CH_SHOES_D_N_C2_P_43A	40003	310	2	0	8257	1	0	8258
155005422	STR_D_AS_CH_GLOVE_D_N_C2_P_43A	40003	320	2	0	8259	1	0	8258
155005423	STR_D_AS_CH_SHOUL_D_N_C2_P_43A	40003	330	2	0	8260	1	0	8258
155005424	STR_D_AS_CH_PANTS_D_N_C2_P_43A	40003	340	2	0	8261	1	0	8262
155005425	STR_D_AS_CH_TORSO_D_N_C2_P_43A	40003	350	2	0	8263	1	0	8264
155005426	STR_D_AS_CH_HEAD_D_N_C2_P_43A	40003	340	2	0	8265	1	0	8266
155005427	STR_D_AS_PL_SHOES_D_N_C2_P_43A	40003	310	2	0	8267	1	0	8268
155005428	STR_D_AS_PL_GLOVE_D_N_C2_P_43A	40003	320	2	0	8269	1	0	8268
155005429	STR_D_AS_PL_SHOUL_D_N_C2_P_43A	40003	330	2	0	8270	1	0	8268
155005430	STR_D_AS_PL_PANTS_D_N_C2_P_43A	40003	340	2	0	8271	1	0	8272
155005431	STR_D_AS_PL_TORSO_D_N_C2_P_43A	40003	350	2	0	8273	1	0	8274
155005432	STR_D_AS_PL_HEAD_D_N_C2_P_43A	40003	340	2	0	8275	1	0	8276
155005433	STR_D_AS_SHIELD_D_N_C2_P_45A	40003	350	2	0	8277	1	0	8278
155005434	STR_D_AS_CH_SHOES_D_N_R2_P_43A	40003	310	2	0	8279	1	0	8280
155005435	STR_D_AS_CH_GLOVE_D_N_R2_P_43A	40003	320	2	0	8281	1	0	8280
155005436	STR_D_AS_CH_SHOUL_D_N_R2_P_43A	40003	330	2	0	8282	1	0	8280
155005437	STR_D_AS_CH_PANTS_D_N_R2_P_43A	40003	340	2	0	8283	1	0	8284
155005438	STR_D_AS_CH_TORSO_D_N_R2_P_43A	40003	350	2	0	8285	1	0	8286
155005439	STR_D_AS_CH_HEAD_D_N_R2_P_43A	40003	340	2	0	8287	1	0	8288
155005440	STR_D_AS_PL_SHOES_D_N_R2_P_43A	40003	310	2	0	8289	1	0	8290
155005441	STR_D_AS_PL_GLOVE_D_N_R2_P_43A	40003	320	2	0	8291	1	0	8290
155005442	STR_D_AS_PL_SHOUL_D_N_R2_P_43A	40003	330	2	0	8292	1	0	8290
155005443	STR_D_AS_PL_PANTS_D_N_R2_P_43A	40003	340	2	0	8293	1	0	8294
155005444	STR_D_AS_PL_TORSO_D_N_R2_P_43A	40003	350	2	0	8295	1	0	8296
155005445	STR_D_AS_PL_HEAD_D_N_R2_P_43A	40003	340	2	0	8297	1	0	8298
155005446	STR_D_AS_SHIELD_D_N_R2_P_45A	40003	350	2	0	8299	1	0	8300
155005447	STR_D_AS_CH_SHOES_D_N_L2_P_43A	40003	420	2	0	8301	1	0	8302
155005448	STR_D_AS_CH_GLOVE_D_N_L2_P_43A	40003	420	2	0	8303	1	0	8302
155005449	STR_D_AS_CH_SHOUL_D_N_L2_P_43A	40003	420	2	0	8304	1	0	8302
155005450	STR_D_AS_CH_PANTS_D_N_L2_P_43A	40003	420	2	0	8305	1	0	8306
155005451	STR_D_AS_CH_TORSO_D_N_L2_P_43A	40003	420	2	0	8307	1	0	8308
155005452	STR_D_AS_CH_HEAD_D_N_L2_P_43A	40003	420	2	0	8309	1	0	8310
155005453	STR_D_AS_PL_SHOES_D_N_L2_P_43A	40003	420	2	0	8311	1	0	8312
155005454	STR_D_AS_PL_GLOVE_D_N_L2_P_43A	40003	420	2	0	8313	1	0	8312
155005455	STR_D_AS_PL_SHOUL_D_N_L2_P_43A	40003	420	2	0	8314	1	0	8312
155005456	STR_D_AS_PL_PANTS_D_N_L2_P_43A	40003	420	2	0	8315	1	0	8316
155005457	STR_D_AS_PL_TORSO_D_N_L2_P_43A	40003	420	2	0	8317	1	0	8318
155005458	STR_D_AS_PL_HEAD_D_N_L2_P_43A	40003	420	2	0	8319	1	0	8320
155005459	STR_D_AS_SHIELD_D_N_L2_P_45A	40003	420	2	0	8321	1	0	8322
155005460	STR_D_AS_CH_SHOES_D_N_C2_P_48A	40003	360	2	0	8323	1	0	8324
155005461	STR_D_AS_CH_GLOVE_D_N_C2_P_48A	40003	370	2	0	8325	1	0	8324
155005462	STR_D_AS_CH_SHOUL_D_N_C2_P_48A	40003	380	2	0	8326	1	0	8324
155005463	STR_D_AS_CH_PANTS_D_N_C2_P_48A	40003	390	2	0	8327	1	0	8328
155005464	STR_D_AS_CH_TORSO_D_N_C2_P_48A	40003	399	2	0	8329	1	0	8330
155005465	STR_D_AS_CH_HEAD_D_N_C2_P_48A	40003	390	2	0	8331	1	0	8332
155005466	STR_D_AS_PL_SHOES_D_N_C2_P_48A	40003	360	2	0	8333	1	0	8334
155005467	STR_D_AS_PL_GLOVE_D_N_C2_P_48A	40003	370	2	0	8335	1	0	8334
155005468	STR_D_AS_PL_SHOUL_D_N_C2_P_48A	40003	380	2	0	8336	1	0	8334
155005469	STR_D_AS_PL_PANTS_D_N_C2_P_48A	40003	390	2	0	8337	1	0	8338
155005470	STR_D_AS_PL_TORSO_D_N_C2_P_48A	40003	399	2	0	8339	1	0	8340
155005471	STR_D_AS_PL_HEAD_D_N_C2_P_48A	40003	390	2	0	8341	1	0	8342
155005472	STR_D_AS_SHIELD_D_N_C2_P_50A	40003	399	2	0	8343	1	0	8344
155005473	STR_D_AS_CH_SHOES_D_N_R2_P_48A	40003	360	2	0	8345	1	0	8346
155005474	STR_D_AS_CH_GLOVE_D_N_R2_P_48A	40003	370	2	0	8347	1	0	8346
155005475	STR_D_AS_CH_SHOUL_D_N_R2_P_48A	40003	380	2	0	8348	1	0	8346
155005476	STR_D_AS_CH_PANTS_D_N_R2_P_48A	40003	390	2	0	8349	1	0	8350
155005477	STR_D_AS_CH_TORSO_D_N_R2_P_48A	40003	399	2	0	8351	1	0	8352
155005478	STR_D_AS_CH_HEAD_D_N_R2_P_48A	40003	390	2	0	8353	1	0	8354
155005479	STR_D_AS_PL_SHOES_D_N_R2_P_48A	40003	360	2	0	8355	1	0	8356
155005480	STR_D_AS_PL_GLOVE_D_N_R2_P_48A	40003	370	2	0	8357	1	0	8356
155005481	STR_D_AS_PL_SHOUL_D_N_R2_P_48A	40003	380	2	0	8358	1	0	8356
155005482	STR_D_AS_PL_PANTS_D_N_R2_P_48A	40003	390	2	0	8359	1	0	8360
155005483	STR_D_AS_PL_TORSO_D_N_R2_P_48A	40003	399	2	0	8361	1	0	8362
155005484	STR_D_AS_PL_HEAD_D_N_R2_P_48A	40003	390	2	0	8363	1	0	8364
155005485	STR_D_AS_SHIELD_D_N_R2_P_50A	40003	399	2	0	8365	1	0	8366
155005486	STR_D_AS_CH_SHOES_D_N_L2_P_48A	40003	430	2	0	8367	1	0	8368
155005487	STR_D_AS_CH_GLOVE_D_N_L2_P_48A	40003	430	2	0	8369	1	0	8368
155005488	STR_D_AS_CH_SHOUL_D_N_L2_P_48A	40003	430	2	0	8370	1	0	8368
155005489	STR_D_AS_CH_PANTS_D_N_L2_P_48A	40003	430	2	0	8371	1	0	8372
155005490	STR_D_AS_CH_TORSO_D_N_L2_P_48A	40003	430	2	0	8373	1	0	8374
155005491	STR_D_AS_CH_HEAD_D_N_L2_P_48A	40003	430	2	0	8375	1	0	8376
155005492	STR_D_AS_PL_SHOES_D_N_L2_P_48A	40003	430	2	0	8377	1	0	8378
155005493	STR_D_AS_PL_GLOVE_D_N_L2_P_48A	40003	430	2	0	8379	1	0	8378
155005494	STR_D_AS_PL_SHOUL_D_N_L2_P_48A	40003	430	2	0	8380	1	0	8378
155005495	STR_D_AS_PL_PANTS_D_N_L2_P_48A	40003	430	2	0	8381	1	0	8382
155005496	STR_D_AS_PL_TORSO_D_N_L2_P_48A	40003	430	2	0	8383	1	0	8384
155005497	STR_D_AS_PL_HEAD_D_N_L2_P_48A	40003	430	2	0	8385	1	0	8386
155005498	STR_D_AS_SHIELD_D_N_L2_P_50A	40003	430	2	0	8387	1	0	8388
155005499	STR_D_AS_CH_PANTS_D_N_R1_S_41A	40003	315	2	0	8389	1	0	8390
155005500	STR_D_AS_PL_PANTS_D_N_R1_S_41A	40003	315	2	0	8391	1	0	8392
155005501	STR_D_AS_CH_GLOVE_D_N_R1_S_45A	40003	345	2	0	8393	1	0	8394
155005502	STR_D_AS_PL_GLOVE_D_N_R1_S_45A	40003	345	2	0	8395	1	0	8396
155005503	STR_D_AS_SHIELD_D_N_L1_S_42A	40003	325	2	0	8397	1	0	8398
155005504	STR_D_AS_PL_TORSO_D_N_L1_S_44A	40003	355	2	0	8399	1	0	8400
155005505	STR_D_AS_CH_HEAD_D_N_L1_S_45A	40003	365	2	0	8401	1	0	8402
155005506	STR_D_AS_AS_PART_D_SIEGE_01A	40003	299	2	0	8403	1	0	8404
155005507	STR_D_AS_ITEM_ABYSS_DARK_SIEGE01	40003	299	2	0	7889	1	0	7890
155005508	STR_D_AS_WS_PART_D_DRA_301A	40003	400	2	0	7891	1	0	1511
155005509	STR_D_AS_WS_PART_D_DRA_302A	40003	400	2	0	7892	1	0	1513
155005510	STR_D_AS_WS_PART_D_DRA_303A	40003	400	2	0	7893	1	0	1515
155005511	STR_D_AS_CH_SHOES_D_D_R2_P_30A	40003	410	2	0	8405	1	0	8406
155005512	STR_D_AS_CH_GLOVE_D_D_R2_P_30A	40003	410	2	0	8407	1	0	8406
155005513	STR_D_AS_CH_SHOUL_D_D_R2_P_30A	40003	410	2	0	8408	1	0	8406
155005514	STR_D_AS_CH_PANTS_D_D_R2_P_30A	40003	410	2	0	8409	1	0	8410
155005515	STR_D_AS_CH_TORSO_D_D_R2_P_30A	40003	410	2	0	8411	1	0	8412
155005516	STR_D_AS_CH_HEAD_D_D_R2_P_30A	40003	410	2	0	8413	1	0	8414
155005517	STR_D_AS_PL_SHOES_D_D_R2_P_30A	40003	410	2	0	8415	1	0	8416
155005518	STR_D_AS_PL_GLOVE_D_D_R2_P_30A	40003	410	2	0	8417	1	0	8416
155005519	STR_D_AS_PL_SHOUL_D_D_R2_P_30A	40003	410	2	0	8418	1	0	8416
155005520	STR_D_AS_PL_PANTS_D_D_R2_P_30A	40003	410	2	0	8419	1	0	8420
155005521	STR_D_AS_PL_TORSO_D_D_R2_P_30A	40003	410	2	0	8421	1	0	8422
155005522	STR_D_AS_PL_HEAD_D_D_R2_P_30A	40003	410	2	0	8423	1	0	8424
155005523	STR_D_AS_SHIELD_D_D_R2_P_30A	40003	410	2	0	8425	1	0	8426
155005524	STR_D_AS_WS_PART_D_DRA_401A	40003	420	2	0	7900	1	0	1523
155005525	STR_D_AS_WS_PART_D_DRA_402A	40003	420	2	0	7901	1	0	1525
155005526	STR_D_AS_WS_PART_D_DRA_403A	40003	420	2	0	7902	1	0	1527
155005527	STR_D_AS_CH_SHOES_D_D_R2_P_40A	40003	430	2	0	8427	1	0	8428
155005528	STR_D_AS_CH_GLOVE_D_D_R2_P_40A	40003	430	2	0	8429	1	0	8428
155005529	STR_D_AS_CH_SHOUL_D_D_R2_P_40A	40003	430	2	0	8430	1	0	8428
155005530	STR_D_AS_CH_PANTS_D_D_R2_P_40A	40003	430	2	0	8431	1	0	8432
155005531	STR_D_AS_CH_TORSO_D_D_R2_P_40A	40003	430	2	0	8433	1	0	8434
155005532	STR_D_AS_CH_HEAD_D_D_R2_P_40A	40003	430	2	0	8435	1	0	8436
155005533	STR_D_AS_PL_SHOES_D_D_R2_P_40A	40003	430	2	0	8437	1	0	8438
155005534	STR_D_AS_PL_GLOVE_D_D_R2_P_40A	40003	430	2	0	8439	1	0	8438
155005535	STR_D_AS_PL_SHOUL_D_D_R2_P_40A	40003	430	2	0	8440	1	0	8438
155005536	STR_D_AS_PL_PANTS_D_D_R2_P_40A	40003	430	2	0	8441	1	0	8442
155005537	STR_D_AS_PL_TORSO_D_D_R2_P_40A	40003	430	2	0	8443	1	0	8444
155005538	STR_D_AS_PL_HEAD_D_D_R2_P_40A	40003	430	2	0	8445	1	0	8446
155005539	STR_D_AS_SHIELD_D_D_R2_P_40A	40003	430	2	0	8447	1	0	8448
155005540	STR_D_AS_CH_SHOES_D_D_L2_P_40A	40003	430	2	0	8449	1	0	8450
155005541	STR_D_AS_CH_GLOVE_D_D_L2_P_40A	40003	430	2	0	8451	1	0	8450
155005542	STR_D_AS_CH_SHOUL_D_D_L2_P_40A	40003	430	2	0	8452	1	0	8450
155005543	STR_D_AS_CH_PANTS_D_D_L2_P_40A	40003	430	2	0	8453	1	0	8454
155005544	STR_D_AS_CH_TORSO_D_D_L2_P_40A	40003	430	2	0	8455	1	0	8456
155005545	STR_D_AS_CH_HEAD_D_D_L2_P_40A	40003	430	2	0	8457	1	0	8458
155005546	STR_D_AS_PL_SHOES_D_D_L2_P_40A	40003	430	2	0	8459	1	0	8460
155005547	STR_D_AS_PL_GLOVE_D_D_L2_P_40A	40003	430	2	0	8461	1	0	8460
155005548	STR_D_AS_PL_SHOUL_D_D_L2_P_40A	40003	430	2	0	8462	1	0	8460
155005549	STR_D_AS_PL_PANTS_D_D_L2_P_40A	40003	430	2	0	8463	1	0	8464
155005550	STR_D_AS_PL_TORSO_D_D_L2_P_40A	40003	430	2	0	8465	1	0	8466
155005551	STR_D_AS_PL_HEAD_D_D_L2_P_40A	40003	430	2	0	8467	1	0	8468
155005552	STR_D_AS_SHIELD_D_D_L2_P_40A	40003	430	2	0	8469	1	0	8470
155005553	STR_D_AS_WS_PART_D_DRA_501A	40003	440	2	0	7919	1	0	1545
155005554	STR_D_AS_WS_PART_D_DRA_502A	40003	440	2	0	7920	1	0	1547
155005555	STR_D_AS_WS_PART_D_DRA_503A	40003	440	2	0	7921	1	0	1549
155005556	STR_D_AS_CH_SHOES_D_D_R2_P_50A	40003	449	2	0	8471	1	0	8472
155005557	STR_D_AS_CH_GLOVE_D_D_R2_P_50A	40003	449	2	0	8473	1	0	8472
155005558	STR_D_AS_CH_SHOUL_D_D_R2_P_50A	40003	449	2	0	8474	1	0	8472
155005559	STR_D_AS_CH_PANTS_D_D_R2_P_50A	40003	449	2	0	8475	1	0	8476
155005560	STR_D_AS_CH_TORSO_D_D_R2_P_50A	40003	449	2	0	8477	1	0	8478
155005561	STR_D_AS_CH_HEAD_D_D_R2_P_50A	40003	449	2	0	8479	1	0	8480
155005562	STR_D_AS_PL_SHOES_D_D_R2_P_50A	40003	449	2	0	8481	1	0	8482
155005563	STR_D_AS_PL_GLOVE_D_D_R2_P_50A	40003	449	2	0	8483	1	0	8482
155005564	STR_D_AS_PL_SHOUL_D_D_R2_P_50A	40003	449	2	0	8484	1	0	8482
155005565	STR_D_AS_PL_PANTS_D_D_R2_P_50A	40003	449	2	0	8485	1	0	8486
155005566	STR_D_AS_PL_TORSO_D_D_R2_P_50A	40003	449	2	0	8487	1	0	8488
155005567	STR_D_AS_PL_HEAD_D_D_R2_P_50A	40003	449	2	0	8489	1	0	8490
155005568	STR_D_AS_SHIELD_D_D_R2_P_50A	40003	449	2	0	8491	1	0	8492
155005569	STR_D_AS_CH_SHOES_D_D_L2_P_50A	40003	449	2	0	8493	1	0	8494
155005570	STR_D_AS_CH_GLOVE_D_D_L2_P_50A	40003	449	2	0	8495	1	0	8494
155005571	STR_D_AS_CH_SHOUL_D_D_L2_P_50A	40003	449	2	0	8496	1	0	8494
155005572	STR_D_AS_CH_PANTS_D_D_L2_P_50A	40003	449	2	0	8497	1	0	8498
155005573	STR_D_AS_CH_TORSO_D_D_L2_P_50A	40003	449	2	0	8499	1	0	8500
155005574	STR_D_AS_CH_HEAD_D_D_L2_P_50A	40003	449	2	0	8501	1	0	8502
155005575	STR_D_AS_PL_SHOES_D_D_L2_P_50A	40003	449	2	0	8503	1	0	8504
155005576	STR_D_AS_PL_GLOVE_D_D_L2_P_50A	40003	449	2	0	8505	1	0	8504
155005577	STR_D_AS_PL_SHOUL_D_D_L2_P_50A	40003	449	2	0	8506	1	0	8504
155005578	STR_D_AS_PL_PANTS_D_D_L2_P_50A	40003	449	2	0	8507	1	0	8508
155005579	STR_D_AS_PL_TORSO_D_D_L2_P_50A	40003	449	2	0	8509	1	0	8510
155005580	STR_D_AS_PL_HEAD_D_D_L2_P_50A	40003	449	2	0	8511	1	0	8512
155005581	STR_D_AS_SHIELD_D_D_L2_P_50A	40003	449	2	0	8513	1	0	8514
155005582	STR_D_TA_TA_PART_D_LEA1_01A	40004	1	2	0	8515	1	0	2145
155005583	STR_D_TA_TA_PART_D_LEA1_02A	40004	5	2	0	8516	1	0	8517
155005584	STR_D_TA_TA_PART_D_LEA1_03A	40004	10	2	0	8518	1	0	8519
155005585	STR_D_TA_LT_SHOES_D_N_C2_P_13A	40004	10	2	0	8520	1	0	8521
155005586	STR_D_TA_LT_GLOVE_D_N_C2_P_13A	40004	20	2	0	8522	1	0	8521
155005587	STR_D_TA_LT_PANTS_D_N_C2_P_13A	40004	40	2	0	8523	1	0	8524
155005588	STR_D_TA_LT_TORSO_D_N_C2_P_13A	40004	50	2	0	8525	1	0	8526
155005589	STR_D_TA_BELT_D_N_C2_P_13A	40004	30	2	0	8527	1	0	8528
155005590	STR_D_TA_LT_HEAD_D_N_C2_P_13A	40004	40	2	0	8529	1	0	8530
155005591	STR_D_TA_LT_SHOES_D_N_C2_P_18A	40004	60	2	0	8531	1	0	8532
155005592	STR_D_TA_LT_GLOVE_D_N_C2_P_18A	40004	70	2	0	8533	1	0	8532
155005593	STR_D_TA_LT_SHOUL_D_N_C2_P_18A	40004	80	2	0	8534	1	0	8532
155005594	STR_D_TA_LT_PANTS_D_N_C2_P_18A	40004	90	2	0	8535	1	0	8536
155005595	STR_D_TA_LT_TORSO_D_N_C2_P_18A	40004	99	2	0	8537	1	0	8538
155005596	STR_D_TA_BELT_D_N_C2_P_18A	40004	80	2	0	8539	1	0	8540
155005597	STR_D_TA_LT_HEAD_D_N_C2_P_18A	40004	90	2	0	8541	1	0	8542
155005598	STR_D_TA_LT_SHOES_D_N_R1_S_16A	40004	45	2	0	8543	1	0	8544
155005599	STR_D_TA_LT_GLOVE_D_N_R1_S_16A	40004	45	2	0	8545	1	0	8544
155005600	STR_D_TA_LT_PANTS_D_N_R1_S_16A	40004	55	2	0	8546	1	0	8547
155005601	STR_D_TA_LT_TORSO_D_N_R1_S_16A	40004	55	2	0	8548	1	0	8549
155005602	STR_D_TA_BELT_D_N_R1_S_16A	40004	45	2	0	8550	1	0	8551
155005603	STR_D_TA_LT_HEAD_D_N_R1_S_16A	40004	55	2	0	8552	1	0	8553
155005604	STR_D_TA_TA_PART_D_LEA2_01A	40004	100	2	0	8554	1	0	2174
155005605	STR_D_TA_TA_PART_D_LEA2_02A	40004	105	2	0	8555	1	0	8556
155005606	STR_D_TA_TA_PART_D_LEA2_03A	40004	110	2	0	8557	1	0	8558
155005607	STR_D_TA_LT_SHOES_D_N_C2_P_23A	40004	110	2	0	8559	1	0	8560
155005608	STR_D_TA_LT_GLOVE_D_N_C2_P_23A	40004	120	2	0	8561	1	0	8560
155005609	STR_D_TA_LT_SHOUL_D_N_C2_P_23A	40004	130	2	0	8562	1	0	8560
155005610	STR_D_TA_LT_PANTS_D_N_C2_P_23A	40004	140	2	0	8563	1	0	8564
155005611	STR_D_TA_LT_TORSO_D_N_C2_P_23A	40004	150	2	0	8565	1	0	8566
155005612	STR_D_TA_BELT_D_N_C2_P_23A	40004	130	2	0	8567	1	0	8568
155005613	STR_D_TA_LT_HEAD_D_N_C2_P_23A	40004	140	2	0	8569	1	0	8570
155005614	STR_D_TA_LT_SHOES_D_N_R2_P_23A	40004	110	2	0	8571	1	0	8572
155005615	STR_D_TA_LT_GLOVE_D_N_R2_P_23A	40004	120	2	0	8573	1	0	8572
155005616	STR_D_TA_LT_SHOUL_D_N_R2_P_23A	40004	130	2	0	8574	1	0	8572
155005617	STR_D_TA_LT_PANTS_D_N_R2_P_23A	40004	140	2	0	8575	1	0	8576
155005618	STR_D_TA_LT_TORSO_D_N_R2_P_23A	40004	150	2	0	8577	1	0	8578
155005619	STR_D_TA_BELT_D_N_R2_P_23A	40004	130	2	0	8579	1	0	8580
155005620	STR_D_TA_LT_HEAD_D_N_R2_P_23A	40004	140	2	0	8581	1	0	8582
155005621	STR_D_TA_LT_SHOES_D_N_C2_P_28A	40004	160	2	0	8583	1	0	8584
155005622	STR_D_TA_LT_GLOVE_D_N_C2_P_28A	40004	170	2	0	8585	1	0	8584
155005623	STR_D_TA_LT_SHOUL_D_N_C2_P_28A	40004	180	2	0	8586	1	0	8584
155005624	STR_D_TA_LT_PANTS_D_N_C2_P_28A	40004	190	2	0	8587	1	0	8588
155005625	STR_D_TA_LT_TORSO_D_N_C2_P_28A	40004	199	2	0	8589	1	0	8590
155005626	STR_D_TA_BELT_D_N_C2_P_28A	40004	180	2	0	8591	1	0	8592
155005627	STR_D_TA_LT_HEAD_D_N_C2_P_28A	40004	190	2	0	8593	1	0	8594
155005628	STR_D_TA_LT_SHOES_D_N_R2_P_28A	40004	160	2	0	8595	1	0	8596
155005629	STR_D_TA_LT_GLOVE_D_N_R2_P_28A	40004	170	2	0	8597	1	0	8596
155005630	STR_D_TA_LT_SHOUL_D_N_R2_P_28A	40004	180	2	0	8598	1	0	8596
155005631	STR_D_TA_LT_PANTS_D_N_R2_P_28A	40004	190	2	0	8599	1	0	8600
155005632	STR_D_TA_LT_TORSO_D_N_R2_P_28A	40004	199	2	0	8601	1	0	8602
155005633	STR_D_TA_BELT_D_N_R2_P_28A	40004	180	2	0	8603	1	0	8604
155005634	STR_D_TA_LT_HEAD_D_N_R2_P_28A	40004	190	2	0	8605	1	0	8606
155005635	STR_D_TA_LT_GLOVE_D_N_R1_S_24A	40004	135	2	0	8607	1	0	8608
155005636	STR_D_TA_LT_SHOES_D_N_R1_S_26A	40004	155	2	0	8609	1	0	8610
155005637	STR_D_TA_LT_PANTS_D_N_R1_S_26A	40004	155	2	0	8611	1	0	8612
155005638	STR_D_TA_TA_PART_D_LEA3_01A	40004	200	2	0	8613	1	0	2236
155005639	STR_D_TA_TA_PART_D_LEA3_02A	40004	205	2	0	8614	1	0	8615
155005640	STR_D_TA_TA_PART_D_LEA3_03A	40004	210	2	0	8616	1	0	8617
155005641	STR_D_TA_LT_SHOES_D_N_C2_P_33A	40004	210	2	0	8618	1	0	8619
155005642	STR_D_TA_LT_GLOVE_D_N_C2_P_33A	40004	220	2	0	8620	1	0	8619
155005643	STR_D_TA_LT_SHOUL_D_N_C2_P_33A	40004	230	2	0	8621	1	0	8619
155005644	STR_D_TA_LT_PANTS_D_N_C2_P_33A	40004	240	2	0	8622	1	0	8623
155005645	STR_D_TA_LT_TORSO_D_N_C2_P_33A	40004	250	2	0	8624	1	0	8625
155005646	STR_D_TA_BELT_D_N_C2_P_33A	40004	230	2	0	8626	1	0	8627
155005647	STR_D_TA_LT_HEAD_D_N_C2_P_33A	40004	240	2	0	8628	1	0	8629
155005648	STR_D_TA_LT_SHOES_D_N_R2_P_33A	40004	210	2	0	8630	1	0	8631
155005649	STR_D_TA_LT_GLOVE_D_N_R2_P_33A	40004	220	2	0	8632	1	0	8631
155005650	STR_D_TA_LT_SHOUL_D_N_R2_P_33A	40004	230	2	0	8633	1	0	8631
155005651	STR_D_TA_LT_PANTS_D_N_R2_P_33A	40004	240	2	0	8634	1	0	8635
155005652	STR_D_TA_LT_TORSO_D_N_R2_P_33A	40004	250	2	0	8636	1	0	8637
155005653	STR_D_TA_BELT_D_N_R2_P_33A	40004	230	2	0	8638	1	0	8639
155005654	STR_D_TA_LT_HEAD_D_N_R2_P_33A	40004	240	2	0	8640	1	0	8641
155005655	STR_D_TA_LT_SHOES_D_N_L2_P_33A	40004	400	2	0	8642	1	0	8643
155005656	STR_D_TA_LT_GLOVE_D_N_L2_P_33A	40004	400	2	0	8644	1	0	8643
155005657	STR_D_TA_LT_SHOUL_D_N_L2_P_33A	40004	400	2	0	8645	1	0	8643
155005658	STR_D_TA_LT_PANTS_D_N_L2_P_33A	40004	400	2	0	8646	1	0	8647
155005659	STR_D_TA_LT_TORSO_D_N_L2_P_33A	40004	400	2	0	8648	1	0	8649
155005660	STR_D_TA_BELT_D_N_L2_P_33A	40004	400	2	0	8650	1	0	8651
155005661	STR_D_TA_LT_HEAD_D_N_L2_P_33A	40004	400	2	0	8652	1	0	8653
155005662	STR_D_TA_LT_SHOES_D_N_C2_P_38A	40004	260	2	0	8654	1	0	8655
155005663	STR_D_TA_LT_GLOVE_D_N_C2_P_38A	40004	270	2	0	8656	1	0	8655
155005664	STR_D_TA_LT_SHOUL_D_N_C2_P_38A	40004	280	2	0	8657	1	0	8655
155005665	STR_D_TA_LT_PANTS_D_N_C2_P_38A	40004	290	2	0	8658	1	0	8659
155005666	STR_D_TA_LT_TORSO_D_N_C2_P_38A	40004	299	2	0	8660	1	0	8661
155005667	STR_D_TA_BELT_D_N_C2_P_38A	40004	280	2	0	8662	1	0	8663
155005668	STR_D_TA_LT_HEAD_D_N_C2_P_38A	40004	290	2	0	8664	1	0	8665
155005669	STR_D_TA_LT_SHOES_D_N_R2_P_38A	40004	260	2	0	8666	1	0	8667
155005670	STR_D_TA_LT_GLOVE_D_N_R2_P_38A	40004	270	2	0	8668	1	0	8667
155005671	STR_D_TA_LT_SHOUL_D_N_R2_P_38A	40004	280	2	0	8669	1	0	8667
155005672	STR_D_TA_LT_PANTS_D_N_R2_P_38A	40004	290	2	0	8670	1	0	8671
155005673	STR_D_TA_LT_TORSO_D_N_R2_P_38A	40004	299	2	0	8672	1	0	8673
155005674	STR_D_TA_BELT_D_N_R2_P_38A	40004	280	2	0	8674	1	0	8675
155005675	STR_D_TA_LT_HEAD_D_N_R2_P_38A	40004	290	2	0	8676	1	0	8677
155005676	STR_D_TA_LT_SHOES_D_N_L2_P_38A	40004	410	2	0	8678	1	0	8679
155005677	STR_D_TA_LT_GLOVE_D_N_L2_P_38A	40004	410	2	0	8680	1	0	8679
155005678	STR_D_TA_LT_SHOUL_D_N_L2_P_38A	40004	410	2	0	8681	1	0	8679
155005679	STR_D_TA_LT_PANTS_D_N_L2_P_38A	40004	410	2	0	8682	1	0	8683
155005680	STR_D_TA_LT_TORSO_D_N_L2_P_38A	40004	410	2	0	8684	1	0	8685
155005681	STR_D_TA_BELT_D_N_L2_P_38A	40004	410	2	0	8686	1	0	8687
155005682	STR_D_TA_LT_HEAD_D_N_L2_P_38A	40004	410	2	0	8688	1	0	8689
155005683	STR_D_TA_LT_GLOVE_D_N_R1_S_31A	40004	215	2	0	8690	1	0	8691
155005684	STR_D_TA_BELT_D_N_R1_S_31A	40004	215	2	0	8692	1	0	8693
155005685	STR_D_TA_LT_SHOUL_D_N_R1_S_37A	40004	265	2	0	8694	1	0	8695
155005686	STR_D_TA_LT_TORSO_D_N_R1_S_37A	40004	265	2	0	8696	1	0	8697
155005687	STR_D_TA_LT_SHOUL_D_N_L1_S_34A	40004	345	2	0	8698	1	0	8699
155005688	STR_D_TA_LT_TORSO_D_N_L1_S_34A	40004	345	2	0	8700	1	0	8701
155005689	STR_D_TA_LT_HEAD_D_N_L1_S_39A	40004	385	2	0	8702	1	0	8703
155005690	STR_D_TA_TA_PART_D_LEA4_01A	40004	300	2	0	8704	1	0	2324
155005691	STR_D_TA_TA_PART_D_LEA4_02A	40004	305	2	0	8705	1	0	8706
155005692	STR_D_TA_TA_PART_D_LEA4_03A	40004	310	2	0	8707	1	0	8708
155005693	STR_D_TA_LT_SHOES_D_N_C2_P_43A	40004	310	2	0	8709	1	0	8710
155005694	STR_D_TA_LT_GLOVE_D_N_C2_P_43A	40004	320	2	0	8711	1	0	8710
155005695	STR_D_TA_LT_SHOUL_D_N_C2_P_43A	40004	330	2	0	8712	1	0	8710
155005696	STR_D_TA_LT_PANTS_D_N_C2_P_43A	40004	340	2	0	8713	1	0	8714
155005697	STR_D_TA_LT_TORSO_D_N_C2_P_43A	40004	350	2	0	8715	1	0	8716
155005698	STR_D_TA_BELT_D_N_C2_P_43A	40004	330	2	0	8717	1	0	8718
155005699	STR_D_TA_LT_HEAD_D_N_C2_P_43A	40004	340	2	0	8719	1	0	8720
155005700	STR_D_TA_LT_SHOES_D_N_R2_P_43A	40004	310	2	0	8721	1	0	8722
155005701	STR_D_TA_LT_GLOVE_D_N_R2_P_43A	40004	320	2	0	8723	1	0	8722
155005702	STR_D_TA_LT_SHOUL_D_N_R2_P_43A	40004	330	2	0	8724	1	0	8722
155005703	STR_D_TA_LT_PANTS_D_N_R2_P_43A	40004	340	2	0	8725	1	0	8726
155005704	STR_D_TA_LT_TORSO_D_N_R2_P_43A	40004	350	2	0	8727	1	0	8728
155005705	STR_D_TA_BELT_D_N_R2_P_43A	40004	330	2	0	8729	1	0	8730
155005706	STR_D_TA_LT_HEAD_D_N_R2_P_43A	40004	340	2	0	8731	1	0	8732
155005707	STR_D_TA_LT_SHOES_D_N_L2_P_43A	40004	420	2	0	8733	1	0	8734
155005708	STR_D_TA_LT_GLOVE_D_N_L2_P_43A	40004	420	2	0	8735	1	0	8734
155005709	STR_D_TA_LT_SHOUL_D_N_L2_P_43A	40004	420	2	0	8736	1	0	8734
155005710	STR_D_TA_LT_PANTS_D_N_L2_P_43A	40004	420	2	0	8737	1	0	8738
155005711	STR_D_TA_LT_TORSO_D_N_L2_P_43A	40004	420	2	0	8739	1	0	8740
155005712	STR_D_TA_BELT_D_N_L2_P_43A	40004	420	2	0	8741	1	0	8742
155005713	STR_D_TA_LT_HEAD_D_N_L2_P_43A	40004	420	2	0	8743	1	0	8744
155005714	STR_D_TA_LT_SHOES_D_N_C2_P_48A	40004	360	2	0	8745	1	0	8746
155005715	STR_D_TA_LT_GLOVE_D_N_C2_P_48A	40004	370	2	0	8747	1	0	8746
155005716	STR_D_TA_LT_SHOUL_D_N_C2_P_48A	40004	380	2	0	8748	1	0	8746
155005717	STR_D_TA_LT_PANTS_D_N_C2_P_48A	40004	390	2	0	8749	1	0	8750
155005718	STR_D_TA_LT_TORSO_D_N_C2_P_48A	40004	399	2	0	8751	1	0	8752
155005719	STR_D_TA_BELT_D_N_C2_P_48A	40004	380	2	0	8753	1	0	8754
155005720	STR_D_TA_LT_HEAD_D_N_C2_P_48A	40004	390	2	0	8755	1	0	8756
155005721	STR_D_TA_LT_SHOES_D_N_R2_P_48A	40004	360	2	0	8757	1	0	8758
155005722	STR_D_TA_LT_GLOVE_D_N_R2_P_48A	40004	370	2	0	8759	1	0	8758
155005723	STR_D_TA_LT_SHOUL_D_N_R2_P_48A	40004	380	2	0	8760	1	0	8758
155005724	STR_D_TA_LT_PANTS_D_N_R2_P_48A	40004	390	2	0	8761	1	0	8762
155005725	STR_D_TA_LT_TORSO_D_N_R2_P_48A	40004	399	2	0	8763	1	0	8764
155005726	STR_D_TA_BELT_D_N_R2_P_48A	40004	380	2	0	8765	1	0	8766
155005727	STR_D_TA_LT_HEAD_D_N_R2_P_48A	40004	390	2	0	8767	1	0	8768
155005728	STR_D_TA_LT_SHOES_D_N_L2_P_48A	40004	430	2	0	8769	1	0	8770
155005729	STR_D_TA_LT_GLOVE_D_N_L2_P_48A	40004	430	2	0	8771	1	0	8770
155005730	STR_D_TA_LT_SHOUL_D_N_L2_P_48A	40004	430	2	0	8772	1	0	8770
155005731	STR_D_TA_LT_PANTS_D_N_L2_P_48A	40004	430	2	0	8773	1	0	8774
155005732	STR_D_TA_LT_TORSO_D_N_L2_P_48A	40004	430	2	0	8775	1	0	8776
155005733	STR_D_TA_BELT_D_N_L2_P_48A	40004	430	2	0	8777	1	0	8778
155005734	STR_D_TA_LT_HEAD_D_N_L2_P_48A	40004	430	2	0	8779	1	0	8780
155005735	STR_D_TA_LT_GLOVE_D_N_R1_S_42A	40004	315	2	0	8781	1	0	8782
155005736	STR_D_TA_LT_HEAD_D_N_R1_S_42A	40004	315	2	0	8783	1	0	8784
155005737	STR_D_TA_LT_SHOES_D_N_R1_S_42A	40004	325	2	0	8785	1	0	8786
155005738	STR_D_TA_LT_PANTS_D_N_R1_S_42A	40004	325	2	0	8787	1	0	8788
155005739	STR_D_TA_BELT_D_N_L1_S_42A	40004	335	2	0	8789	1	0	8790
155005740	STR_D_TA_LT_TORSO_D_N_L1_S_44A	40004	345	2	0	8791	1	0	8792
155005741	STR_D_TA_TA_PART_D_DRA_LT_301A	40004	400	2	0	8793	1	0	1515
155005742	STR_D_TA_TA_PART_D_DRA_LT_302A	40004	400	2	0	8794	1	0	2415
155005743	STR_D_TA_LT_SHOES_D_D_R2_P_30A	40004	410	2	0	8795	1	0	8796
155005744	STR_D_TA_LT_GLOVE_D_D_R2_P_30A	40004	410	2	0	8797	1	0	8796
155005745	STR_D_TA_LT_SHOUL_D_D_R2_P_30A	40004	410	2	0	8798	1	0	8796
155005746	STR_D_TA_LT_PANTS_D_D_R2_P_30A	40004	410	2	0	8799	1	0	8800
155005747	STR_D_TA_LT_TORSO_D_D_R2_P_30A	40004	410	2	0	8801	1	0	8802
155005748	STR_D_TA_BELT_D_D_R2_P_30A	40004	410	2	0	8803	1	0	8804
155005749	STR_D_TA_LT_HEAD_D_D_R2_P_30A	40004	410	2	0	8805	1	0	8806
155005750	STR_D_TA_TA_PART_D_DRA_LT_401A	40004	420	2	0	8807	1	0	1527
155005751	STR_D_TA_TA_PART_D_DRA_LT_402A	40004	420	2	0	8808	1	0	2430
155005752	STR_D_TA_LT_SHOES_D_D_R2_P_40A	40004	430	2	0	8809	1	0	8810
155005753	STR_D_TA_LT_GLOVE_D_D_R2_P_40A	40004	430	2	0	8811	1	0	8810
155005754	STR_D_TA_LT_SHOUL_D_D_R2_P_40A	40004	430	2	0	8812	1	0	8810
155005755	STR_D_TA_LT_PANTS_D_D_R2_P_40A	40004	430	2	0	8813	1	0	8814
155005756	STR_D_TA_LT_TORSO_D_D_R2_P_40A	40004	430	2	0	8815	1	0	8816
155005757	STR_D_TA_BELT_D_D_R2_P_40A	40004	430	2	0	8817	1	0	8818
155005758	STR_D_TA_LT_HEAD_D_D_R2_P_40A	40004	430	2	0	8819	1	0	8820
155005759	STR_D_TA_LT_SHOES_D_D_L2_P_40A	40004	430	2	0	8821	1	0	8822
155005760	STR_D_TA_LT_GLOVE_D_D_L2_P_40A	40004	430	2	0	8823	1	0	8822
155005761	STR_D_TA_LT_SHOUL_D_D_L2_P_40A	40004	430	2	0	8824	1	0	8822
155005762	STR_D_TA_LT_PANTS_D_D_L2_P_40A	40004	430	2	0	8825	1	0	8826
155005763	STR_D_TA_LT_TORSO_D_D_L2_P_40A	40004	430	2	0	8827	1	0	8828
155005764	STR_D_TA_BELT_D_D_L2_P_40A	40004	430	2	0	8829	1	0	8830
155005765	STR_D_TA_LT_HEAD_D_D_L2_P_40A	40004	430	2	0	8831	1	0	8832
155005766	STR_D_TA_TA_PART_D_DRA_LT_501A	40004	440	2	0	8833	1	0	1549
155005767	STR_D_TA_TA_PART_D_DRA_LT_502A	40004	440	2	0	8834	1	0	2457
155005768	STR_D_TA_LT_SHOES_D_D_R2_P_50A	40004	449	2	0	8835	1	0	8836
155005769	STR_D_TA_LT_GLOVE_D_D_R2_P_50A	40004	449	2	0	8837	1	0	8836
155005770	STR_D_TA_LT_SHOUL_D_D_R2_P_50A	40004	449	2	0	8838	1	0	8836
155005771	STR_D_TA_LT_PANTS_D_D_R2_P_50A	40004	449	2	0	8839	1	0	8840
155005772	STR_D_TA_LT_TORSO_D_D_R2_P_50A	40004	449	2	0	8841	1	0	8842
155005773	STR_D_TA_BELT_D_D_R2_P_50A	40004	449	2	0	8843	1	0	8844
155005774	STR_D_TA_LT_HEAD_D_D_R2_P_50A	40004	449	2	0	8845	1	0	8846
155005775	STR_D_TA_LT_SHOES_D_D_L2_P_50A	40004	449	2	0	8847	1	0	8848
155005776	STR_D_TA_LT_GLOVE_D_D_L2_P_50A	40004	449	2	0	8849	1	0	8848
155005777	STR_D_TA_LT_SHOUL_D_D_L2_P_50A	40004	449	2	0	8850	1	0	8848
155005778	STR_D_TA_LT_PANTS_D_D_L2_P_50A	40004	449	2	0	8851	1	0	8852
155005779	STR_D_TA_LT_TORSO_D_D_L2_P_50A	40004	449	2	0	8853	1	0	8854
155005780	STR_D_TA_BELT_D_D_L2_P_50A	40004	449	2	0	8855	1	0	8856
155005781	STR_D_TA_LT_HEAD_D_D_L2_P_50A	40004	449	2	0	8857	1	0	8858
155005782	STR_D_TA_TA_PART_D_CLOTH1_01A	40004	1	2	0	8859	1	0	8860
155005783	STR_D_TA_TA_PART_D_CLOTH1_02A	40004	5	2	0	8861	1	0	8862
155005784	STR_D_TA_TA_PART_D_CLOTH1_03A	40004	10	2	0	8863	1	0	8864
155005785	STR_D_TA_RB_SHOES_D_N_C2_P_13A	40004	10	2	0	8865	1	0	8866
155005786	STR_D_TA_RB_GLOVE_D_N_C2_P_13A	40004	20	2	0	8867	1	0	8866
155005787	STR_D_TA_RB_PANTS_D_N_C2_P_13A	40004	40	2	0	8868	1	0	8869
155005788	STR_D_TA_RB_TORSO_D_N_C2_P_13A	40004	50	2	0	8870	1	0	8871
155005789	STR_D_TA_BELT_D_N_C2_P_13B	40004	30	2	0	8872	1	0	8873
155005790	STR_D_TA_RB_HEAD_D_N_C2_P_13A	40004	40	2	0	8874	1	0	8875
155005791	STR_D_TA_RB_SHOES_D_N_C2_P_18A	40004	60	2	0	8876	1	0	8877
155005792	STR_D_TA_RB_GLOVE_D_N_C2_P_18A	40004	70	2	0	8878	1	0	8877
155005793	STR_D_TA_RB_SHOUL_D_N_C2_P_18A	40004	80	2	0	8879	1	0	8877
155005794	STR_D_TA_RB_PANTS_D_N_C2_P_18A	40004	90	2	0	8880	1	0	8881
155005795	STR_D_TA_RB_TORSO_D_N_C2_P_18A	40004	99	2	0	8882	1	0	8883
155005796	STR_D_TA_BELT_D_N_C2_P_18B	40004	80	2	0	8884	1	0	8885
155005797	STR_D_TA_RB_HEAD_D_N_C2_P_18A	40004	90	2	0	8886	1	0	8887
155005798	STR_D_TA_TA_PART_D_CLOTH2_01A	40004	100	2	0	8888	1	0	8889
155005799	STR_D_TA_TA_PART_D_CLOTH2_02A	40004	105	2	0	8890	1	0	8891
155005800	STR_D_TA_TA_PART_D_CLOTH2_03A	40004	110	2	0	8892	1	0	8893
155005801	STR_D_TA_RB_SHOES_D_N_C2_P_23A	40004	110	2	0	8894	1	0	8895
155005802	STR_D_TA_RB_GLOVE_D_N_C2_P_23A	40004	120	2	0	8896	1	0	8895
155005803	STR_D_TA_RB_SHOUL_D_N_C2_P_23A	40004	130	2	0	8897	1	0	8895
155005804	STR_D_TA_RB_PANTS_D_N_C2_P_23A	40004	140	2	0	8898	1	0	8899
155005805	STR_D_TA_RB_TORSO_D_N_C2_P_23A	40004	150	2	0	8900	1	0	8901
155005806	STR_D_TA_BELT_D_N_C2_P_23B	40004	130	2	0	8902	1	0	8903
155005807	STR_D_TA_RB_HEAD_D_N_C2_P_23A	40004	140	2	0	8904	1	0	8905
155005808	STR_D_TA_RB_SHOES_D_N_R2_P_23A	40004	110	2	0	8906	1	0	8907
155005809	STR_D_TA_RB_GLOVE_D_N_R2_P_23A	40004	120	2	0	8908	1	0	8907
155005810	STR_D_TA_RB_SHOUL_D_N_R2_P_23A	40004	130	2	0	8909	1	0	8907
155005811	STR_D_TA_RB_PANTS_D_N_R2_P_23A	40004	140	2	0	8910	1	0	8911
155005812	STR_D_TA_RB_TORSO_D_N_R2_P_23A	40004	150	2	0	8912	1	0	8913
155005813	STR_D_TA_BELT_D_N_R2_P_23B	40004	130	2	0	8914	1	0	8915
155005814	STR_D_TA_RB_HEAD_D_N_R2_P_23A	40004	140	2	0	8916	1	0	8917
155005815	STR_D_TA_RB_SHOES_D_N_C2_P_28A	40004	160	2	0	8918	1	0	8919
155005816	STR_D_TA_RB_GLOVE_D_N_C2_P_28A	40004	170	2	0	8920	1	0	8919
155005817	STR_D_TA_RB_SHOUL_D_N_C2_P_28A	40004	180	2	0	8921	1	0	8919
155005818	STR_D_TA_RB_PANTS_D_N_C2_P_28A	40004	190	2	0	8922	1	0	8923
155005819	STR_D_TA_RB_TORSO_D_N_C2_P_28A	40004	199	2	0	8924	1	0	8925
155005820	STR_D_TA_BELT_D_N_C2_P_28B	40004	180	2	0	8926	1	0	8927
155005821	STR_D_TA_RB_HEAD_D_N_C2_P_28A	40004	190	2	0	8928	1	0	8929
155005822	STR_D_TA_RB_SHOES_D_N_R2_P_28A	40004	160	2	0	8930	1	0	8931
155005823	STR_D_TA_RB_GLOVE_D_N_R2_P_28A	40004	170	2	0	8932	1	0	8931
155005824	STR_D_TA_RB_SHOUL_D_N_R2_P_28A	40004	180	2	0	8933	1	0	8931
155005825	STR_D_TA_RB_PANTS_D_N_R2_P_28A	40004	190	2	0	8934	1	0	8935
155005826	STR_D_TA_RB_TORSO_D_N_R2_P_28A	40004	199	2	0	8936	1	0	8937
155005827	STR_D_TA_BELT_D_N_R2_P_28B	40004	180	2	0	8938	1	0	8939
155005828	STR_D_TA_RB_HEAD_D_N_R2_P_28A	40004	190	2	0	8940	1	0	8941
155005829	STR_D_TA_RB_SHOUL_D_N_R1_S_22A	40004	125	2	0	8942	1	0	8943
155005830	STR_D_TA_RB_TORSO_D_N_R1_S_22A	40004	125	2	0	8944	1	0	8945
155005831	STR_D_TA_BELT_D_N_R1_S_26B	40004	155	2	0	8946	1	0	8947
155005832	STR_D_TA_RB_HEAD_D_N_R1_S_26A	40004	155	2	0	8948	1	0	8949
155005833	STR_D_TA_TA_PART_D_CLOTH3_01A	40004	200	2	0	8950	1	0	8951
155005834	STR_D_TA_TA_PART_D_CLOTH3_02A	40004	205	2	0	8952	1	0	8953
155005835	STR_D_TA_TA_PART_D_CLOTH3_03A	40004	210	2	0	8954	1	0	8955
155005836	STR_D_TA_RB_SHOES_D_N_C2_P_33A	40004	210	2	0	8956	1	0	8957
155005837	STR_D_TA_RB_GLOVE_D_N_C2_P_33A	40004	220	2	0	8958	1	0	8957
155005838	STR_D_TA_RB_SHOUL_D_N_C2_P_33A	40004	230	2	0	8959	1	0	8957
155005839	STR_D_TA_RB_PANTS_D_N_C2_P_33A	40004	240	2	0	8960	1	0	8961
155005840	STR_D_TA_RB_TORSO_D_N_C2_P_33A	40004	250	2	0	8962	1	0	8963
155005841	STR_D_TA_BELT_D_N_C2_P_33B	40004	230	2	0	8964	1	0	8965
155005842	STR_D_TA_RB_HEAD_D_N_C2_P_33A	40004	240	2	0	8966	1	0	8967
155005843	STR_D_TA_RB_SHOES_D_N_R2_P_33A	40004	210	2	0	8968	1	0	8969
155005844	STR_D_TA_RB_GLOVE_D_N_R2_P_33A	40004	220	2	0	8970	1	0	8969
155005845	STR_D_TA_RB_SHOUL_D_N_R2_P_33A	40004	230	2	0	8971	1	0	8969
155005846	STR_D_TA_RB_PANTS_D_N_R2_P_33A	40004	240	2	0	8972	1	0	8973
155005847	STR_D_TA_RB_TORSO_D_N_R2_P_33A	40004	250	2	0	8974	1	0	8975
155005848	STR_D_TA_BELT_D_N_R2_P_33B	40004	230	2	0	8976	1	0	8977
155005849	STR_D_TA_RB_HEAD_D_N_R2_P_33A	40004	240	2	0	8978	1	0	8979
155005850	STR_D_TA_RB_SHOES_D_N_L2_P_33A	40004	400	2	0	8980	1	0	8981
155005851	STR_D_TA_RB_GLOVE_D_N_L2_P_33A	40004	400	2	0	8982	1	0	8981
155005852	STR_D_TA_RB_SHOUL_D_N_L2_P_33A	40004	400	2	0	8983	1	0	8981
155005853	STR_D_TA_RB_PANTS_D_N_L2_P_33A	40004	400	2	0	8984	1	0	8985
155005854	STR_D_TA_RB_TORSO_D_N_L2_P_33A	40004	400	2	0	8986	1	0	8987
155005855	STR_D_TA_BELT_D_N_L2_P_33B	40004	400	2	0	8988	1	0	8989
155005856	STR_D_TA_RB_HEAD_D_N_L2_P_33A	40004	400	2	0	8990	1	0	8991
155005857	STR_D_TA_RB_SHOES_D_N_C2_P_38A	40004	260	2	0	8992	1	0	8993
155005858	STR_D_TA_RB_GLOVE_D_N_C2_P_38A	40004	270	2	0	8994	1	0	8993
155005859	STR_D_TA_RB_SHOUL_D_N_C2_P_38A	40004	280	2	0	8995	1	0	8993
155005860	STR_D_TA_RB_PANTS_D_N_C2_P_38A	40004	290	2	0	8996	1	0	8997
155005861	STR_D_TA_RB_TORSO_D_N_C2_P_38A	40004	299	2	0	8998	1	0	8999
155005862	STR_D_TA_BELT_D_N_C2_P_38B	40004	280	2	0	9000	1	0	9001
155005863	STR_D_TA_RB_HEAD_D_N_C2_P_38A	40004	290	2	0	9002	1	0	9003
155005864	STR_D_TA_RB_SHOES_D_N_R2_P_38A	40004	260	2	0	9004	1	0	9005
155005865	STR_D_TA_RB_GLOVE_D_N_R2_P_38A	40004	270	2	0	9006	1	0	9005
155005866	STR_D_TA_RB_SHOUL_D_N_R2_P_38A	40004	280	2	0	9007	1	0	9005
155005867	STR_D_TA_RB_PANTS_D_N_R2_P_38A	40004	290	2	0	9008	1	0	9009
155005868	STR_D_TA_RB_TORSO_D_N_R2_P_38A	40004	299	2	0	9010	1	0	9011
155005869	STR_D_TA_BELT_D_N_R2_P_38B	40004	280	2	0	9012	1	0	9013
155005870	STR_D_TA_RB_HEAD_D_N_R2_P_38A	40004	290	2	0	9014	1	0	9015
155005871	STR_D_TA_RB_SHOES_D_N_L2_P_38A	40004	410	2	0	9016	1	0	9017
155005872	STR_D_TA_RB_GLOVE_D_N_L2_P_38A	40004	410	2	0	9018	1	0	9017
155005873	STR_D_TA_RB_SHOUL_D_N_L2_P_38A	40004	410	2	0	9019	1	0	9017
155005874	STR_D_TA_RB_PANTS_D_N_L2_P_38A	40004	410	2	0	9020	1	0	9021
155005875	STR_D_TA_RB_TORSO_D_N_L2_P_38A	40004	410	2	0	9022	1	0	9023
155005876	STR_D_TA_BELT_D_N_L2_P_38B	40004	410	2	0	9024	1	0	9025
155005877	STR_D_TA_RB_HEAD_D_N_L2_P_38A	40004	410	2	0	9026	1	0	9027
155005878	STR_D_TA_RB_SHOUL_D_N_R1_S_33A	40004	225	2	0	9028	1	0	9029
155005879	STR_D_TA_RB_GLOVE_D_N_R1_S_33A	40004	225	2	0	9030	1	0	9029
155005880	STR_D_TA_RB_SHOES_D_N_R1_S_37A	40004	265	2	0	9031	1	0	9032
155005881	STR_D_TA_RB_PANTS_D_N_R1_S_37A	40004	265	2	0	9033	1	0	9034
155005882	STR_D_TA_RB_SHOES_D_N_L1_S_40A	40004	295	2	0	9035	1	0	9036
155005883	STR_D_TA_RB_HEAD_D_N_L1_S_40A	40004	295	2	0	9037	1	0	9038
155005884	STR_D_TA_TA_PART_D_CLOTH4_01A	40004	300	2	0	9039	1	0	9040
155005885	STR_D_TA_TA_PART_D_CLOTH4_02A	40004	305	2	0	9041	1	0	9042
155005886	STR_D_TA_TA_PART_D_CLOTH4_03A	40004	310	2	0	9043	1	0	9044
155005887	STR_D_TA_RB_SHOES_D_N_C2_P_43A	40004	310	2	0	9045	1	0	9046
155005888	STR_D_TA_RB_GLOVE_D_N_C2_P_43A	40004	320	2	0	9047	1	0	9046
155005889	STR_D_TA_RB_SHOUL_D_N_C2_P_43A	40004	330	2	0	9048	1	0	9046
155005890	STR_D_TA_RB_PANTS_D_N_C2_P_43A	40004	340	2	0	9049	1	0	9050
155005891	STR_D_TA_RB_TORSO_D_N_C2_P_43A	40004	350	2	0	9051	1	0	9052
155005892	STR_D_TA_BELT_D_N_C2_P_43B	40004	330	2	0	9053	1	0	9054
155005893	STR_D_TA_RB_HEAD_D_N_C2_P_43A	40004	340	2	0	9055	1	0	9056
155005894	STR_D_TA_RB_SHOES_D_N_R2_P_43A	40004	310	2	0	9057	1	0	9058
155005895	STR_D_TA_RB_GLOVE_D_N_R2_P_43A	40004	320	2	0	9059	1	0	9058
155005896	STR_D_TA_RB_SHOUL_D_N_R2_P_43A	40004	330	2	0	9060	1	0	9058
155005897	STR_D_TA_RB_PANTS_D_N_R2_P_43A	40004	340	2	0	9061	1	0	9062
155005898	STR_D_TA_RB_TORSO_D_N_R2_P_43A	40004	350	2	0	9063	1	0	9064
155005899	STR_D_TA_BELT_D_N_R2_P_43B	40004	330	2	0	9065	1	0	9066
155005900	STR_D_TA_RB_HEAD_D_N_R2_P_43A	40004	340	2	0	9067	1	0	9068
155005901	STR_D_TA_RB_SHOES_D_N_L2_P_43A	40004	420	2	0	9069	1	0	9070
155005902	STR_D_TA_RB_GLOVE_D_N_L2_P_43A	40004	420	2	0	9071	1	0	9070
155005903	STR_D_TA_RB_SHOUL_D_N_L2_P_43A	40004	420	2	0	9072	1	0	9070
155005904	STR_D_TA_RB_PANTS_D_N_L2_P_43A	40004	420	2	0	9073	1	0	9074
155005905	STR_D_TA_RB_TORSO_D_N_L2_P_43A	40004	420	2	0	9075	1	0	9076
155005906	STR_D_TA_BELT_D_N_L2_P_43B	40004	420	2	0	9077	1	0	9078
155005907	STR_D_TA_RB_HEAD_D_N_L2_P_43A	40004	420	2	0	9079	1	0	9080
155005908	STR_D_TA_RB_SHOES_D_N_C2_P_48A	40004	360	2	0	9081	1	0	9082
155005909	STR_D_TA_RB_GLOVE_D_N_C2_P_48A	40004	370	2	0	9083	1	0	9082
155005910	STR_D_TA_RB_SHOUL_D_N_C2_P_48A	40004	380	2	0	9084	1	0	9082
155005911	STR_D_TA_RB_PANTS_D_N_C2_P_48A	40004	390	2	0	9085	1	0	9086
155005912	STR_D_TA_RB_TORSO_D_N_C2_P_48A	40004	399	2	0	9087	1	0	9088
155005913	STR_D_TA_BELT_D_N_C2_P_48B	40004	380	2	0	9089	1	0	9090
155005914	STR_D_TA_RB_HEAD_D_N_C2_P_48A	40004	390	2	0	9091	1	0	9092
155005915	STR_D_TA_RB_SHOES_D_N_R2_P_48A	40004	360	2	0	9093	1	0	9094
155005916	STR_D_TA_RB_GLOVE_D_N_R2_P_48A	40004	370	2	0	9095	1	0	9094
155005917	STR_D_TA_RB_SHOUL_D_N_R2_P_48A	40004	380	2	0	9096	1	0	9094
155005918	STR_D_TA_RB_PANTS_D_N_R2_P_48A	40004	390	2	0	9097	1	0	9098
155005919	STR_D_TA_RB_TORSO_D_N_R2_P_48A	40004	399	2	0	9099	1	0	9100
155005920	STR_D_TA_BELT_D_N_R2_P_48B	40004	380	2	0	9101	1	0	9102
155005921	STR_D_TA_RB_HEAD_D_N_R2_P_48A	40004	390	2	0	9103	1	0	9104
155005922	STR_D_TA_RB_SHOES_D_N_L2_P_48A	40004	430	2	0	9105	1	0	9106
155005923	STR_D_TA_RB_GLOVE_D_N_L2_P_48A	40004	430	2	0	9107	1	0	9106
155005924	STR_D_TA_RB_SHOUL_D_N_L2_P_48A	40004	430	2	0	9108	1	0	9106
155005925	STR_D_TA_RB_PANTS_D_N_L2_P_48A	40004	430	2	0	9109	1	0	9110
155005926	STR_D_TA_RB_TORSO_D_N_L2_P_48A	40004	430	2	0	9111	1	0	9112
155005927	STR_D_TA_BELT_D_N_L2_P_48B	40004	430	2	0	9113	1	0	9114
155005928	STR_D_TA_RB_HEAD_D_N_L2_P_48A	40004	430	2	0	9115	1	0	9116
155005929	STR_D_TA_BELT_D_N_R1_S_42B	40004	325	2	0	9117	1	0	9118
155005930	STR_D_TA_RB_TORSO_D_N_R1_S_42A	40004	325	2	0	9119	1	0	9120
155005931	STR_D_TA_RB_SHOUL_D_N_R1_S_45A	40004	345	2	0	9121	1	0	9122
155005932	STR_D_TA_RB_GLOVE_D_N_R1_S_45A	40004	345	2	0	9123	1	0	9122
155005933	STR_D_TA_RB_PANTS_D_N_L1_S_46A	40004	365	2	0	9124	1	0	9125
155005934	STR_D_TA_RB_TORSO_D_N_L1_S_46A	40004	365	2	0	9126	1	0	9127
155005935	STR_D_TA_LT_PART_D_SIEGE_01A	40004	299	2	0	9128	1	0	9129
155005936	STR_D_TA_ITEM_ABYSS_DARK_SIEGE01	40004	299	2	0	7889	1	0	7890
155005937	STR_D_TA_TA_PART_D_DRA_RB_301A	40004	400	2	0	9130	1	0	2751
155005938	STR_D_TA_RB_SHOES_D_D_R2_P_30A	40004	410	2	0	9131	1	0	9132
155005939	STR_D_TA_RB_GLOVE_D_D_R2_P_30A	40004	410	2	0	9133	1	0	9132
155005940	STR_D_TA_RB_SHOUL_D_D_R2_P_30A	40004	410	2	0	9134	1	0	9132
155005941	STR_D_TA_RB_PANTS_D_D_R2_P_30A	40004	410	2	0	9135	1	0	9136
155005942	STR_D_TA_RB_TORSO_D_D_R2_P_30A	40004	410	2	0	9137	1	0	9138
155005943	STR_D_TA_BELT_D_D_R2_P_30B	40004	410	2	0	9139	1	0	9140
155005944	STR_D_TA_RB_HEAD_D_D_R2_P_30A	40004	410	2	0	9141	1	0	9142
155005945	STR_D_TA_TA_PART_D_DRA_RB_401A	40004	420	2	0	9143	1	0	2765
155005946	STR_D_TA_RB_SHOES_D_D_R2_P_40A	40004	430	2	0	9144	1	0	9145
155005947	STR_D_TA_RB_GLOVE_D_D_R2_P_40A	40004	430	2	0	9146	1	0	9145
155005948	STR_D_TA_RB_SHOUL_D_D_R2_P_40A	40004	430	2	0	9147	1	0	9145
155005949	STR_D_TA_RB_PANTS_D_D_R2_P_40A	40004	430	2	0	9148	1	0	9149
155005950	STR_D_TA_RB_TORSO_D_D_R2_P_40A	40004	430	2	0	9150	1	0	9151
155005951	STR_D_TA_BELT_D_D_R2_P_40B	40004	430	2	0	9152	1	0	9153
155005952	STR_D_TA_RB_HEAD_D_D_R2_P_40A	40004	430	2	0	9154	1	0	9155
155005953	STR_D_TA_RB_SHOES_D_D_L2_P_40A	40004	430	2	0	9156	1	0	9157
155005954	STR_D_TA_RB_GLOVE_D_D_L2_P_40A	40004	430	2	0	9158	1	0	9157
155005955	STR_D_TA_RB_SHOUL_D_D_L2_P_40A	40004	430	2	0	9159	1	0	9157
155005956	STR_D_TA_RB_PANTS_D_D_L2_P_40A	40004	430	2	0	9160	1	0	9161
155005957	STR_D_TA_RB_TORSO_D_D_L2_P_40A	40004	430	2	0	9162	1	0	9163
155005958	STR_D_TA_BELT_D_D_L2_P_40B	40004	430	2	0	9164	1	0	9165
155005959	STR_D_TA_RB_HEAD_D_D_L2_P_40A	40004	430	2	0	9166	1	0	9167
155005960	STR_D_TA_TA_PART_D_DRA_RB_501A	40004	440	2	0	9168	1	0	2791
155005961	STR_D_TA_RB_SHOES_D_D_R2_P_50A	40004	449	2	0	9169	1	0	9170
155005962	STR_D_TA_RB_GLOVE_D_D_R2_P_50A	40004	449	2	0	9171	1	0	9170
155005963	STR_D_TA_RB_SHOUL_D_D_R2_P_50A	40004	449	2	0	9172	1	0	9170
155005964	STR_D_TA_RB_PANTS_D_D_R2_P_50A	40004	449	2	0	9173	1	0	9174
155005965	STR_D_TA_RB_TORSO_D_D_R2_P_50A	40004	449	2	0	9175	1	0	9176
155005966	STR_D_TA_BELT_D_D_R2_P_50B	40004	449	2	0	9177	1	0	9178
155005967	STR_D_TA_RB_HEAD_D_D_R2_P_50A	40004	449	2	0	9179	1	0	9180
155005968	STR_D_TA_RB_SHOES_D_D_L2_P_50A	40004	449	2	0	9181	1	0	9182
155005969	STR_D_TA_RB_GLOVE_D_D_L2_P_50A	40004	449	2	0	9183	1	0	9182
155005970	STR_D_TA_RB_SHOUL_D_D_L2_P_50A	40004	449	2	0	9184	1	0	9182
155005971	STR_D_TA_RB_PANTS_D_D_L2_P_50A	40004	449	2	0	9185	1	0	9186
155005972	STR_D_TA_RB_TORSO_D_D_L2_P_50A	40004	449	2	0	9187	1	0	9188
155005973	STR_D_TA_BELT_D_D_L2_P_50B	40004	449	2	0	9189	1	0	9190
155005974	STR_D_TA_RB_HEAD_D_D_L2_P_50A	40004	449	2	0	9191	1	0	9192
155005975	STR_D_HA_JR_PART_D_SILVER_01A	40008	1	2	0	9193	1	0	2817
155005976	STR_D_HA_JR_PART_D_SILVER_02A	40008	10	2	0	9194	1	0	9195
155005977	STR_D_HA_RING_D_N_C2_P_18A	40008	70	2	0	9196	1	0	9197
155005978	STR_D_HA_EARRING_D_N_C2_P_18A	40008	80	2	0	9198	1	0	9199
155005979	STR_D_HA_JR_PART_D_GOLD_01A	40008	100	2	0	9200	1	0	2825
155005980	STR_D_HA_JR_PART_D_GOLD_02A	40008	110	2	0	9201	1	0	9202
155005981	STR_D_HA_NECKLACE_D_N_C2_P_23A	40008	120	2	0	9203	1	0	9204
155005982	STR_D_HA_AC_HEAD_D_N_C2_P_23A	40008	130	2	0	9205	1	0	9204
155005983	STR_D_HA_RING_D_N_C2_P_28A	40008	170	2	0	9206	1	0	9207
155005984	STR_D_HA_EARRING_D_N_C2_P_28A	40008	180	2	0	9208	1	0	9209
155005985	STR_D_HA_JR_PART_D_WGOLD_01A	40008	200	2	0	9210	1	0	2836
155005986	STR_D_HA_JR_PART_D_WGOLD_02A	40008	210	2	0	9211	1	0	9212
155005987	STR_D_HA_NECKLACE_D_N_C2_P_33A	40008	220	2	0	9213	1	0	9214
155005988	STR_D_HA_AC_HEAD_D_N_C2_P_33A	40008	230	2	0	9215	1	0	9214
155005989	STR_D_HA_RING_D_N_C2_P_38A	40008	270	2	0	9216	1	0	9217
155005990	STR_D_HA_EARRING_D_N_C2_P_38A	40008	280	2	0	9218	1	0	9219
155005991	STR_D_HA_JR_PART_D_MYTHRIL_01A	40008	300	2	0	9220	1	0	2847
155005992	STR_D_HA_JR_PART_D_MYTHRIL_02A	40008	310	2	0	9221	1	0	9222
155005993	STR_D_HA_NECKLACE_D_N_C2_P_43A	40008	320	2	0	9223	1	0	9224
155005994	STR_D_HA_AC_HEAD_D_N_C2_P_43A	40008	330	2	0	9225	1	0	9224
155005995	STR_D_HA_RING_D_N_C2_P_48A	40008	370	2	0	9226	1	0	9227
155005996	STR_D_HA_EARRING_D_N_C2_P_48A	40008	380	2	0	9228	1	0	9229
155005997	STR_D_HA_JR_PART_D_ROSE_02A	40008	10	2	0	9230	1	0	2858
155005998	STR_D_HA_RING_D_N_R2_P_18A	40008	80	2	0	9231	1	0	9232
155005999	STR_D_HA_EARRING_D_N_R2_P_18A	40008	90	2	0	9233	1	0	9234
155006000	STR_D_HA_JR_PART_D_AMETH_02A	40008	10	2	0	9235	1	0	2864
155006001	STR_D_HA_RING_D_N_R2_P_18B	40008	80	2	0	9236	1	0	9237
155006002	STR_D_HA_EARRING_D_N_R2_P_18B	40008	90	2	0	9238	1	0	9239
155006003	STR_D_HA_JR_PART_D_CRISTAL_02A	40008	10	2	0	9240	1	0	2870
155006004	STR_D_HA_RING_D_N_R2_P_18C	40008	80	2	0	9241	1	0	9242
155006005	STR_D_HA_EARRING_D_N_R2_P_18C	40008	90	2	0	9243	1	0	9244
155006006	STR_D_HA_JR_PART_D_TOPAZ_02A	40008	110	2	0	9245	1	0	2876
155006007	STR_D_HA_NECKLACE_D_N_R2_P_23A	40008	130	2	0	9246	1	0	9247
155006008	STR_D_HA_AC_HEAD_D_N_R2_P_23A	40008	140	2	0	9248	1	0	9249
155006009	STR_D_HA_RING_D_N_R2_P_28A	40008	180	2	0	9250	1	0	9251
155006010	STR_D_HA_EARRING_D_N_R2_P_28A	40008	190	2	0	9252	1	0	9253
155006011	STR_D_HA_JR_PART_D_AQUA_02A	40008	110	2	0	9254	1	0	2886
155006012	STR_D_HA_NECKLACE_D_N_R2_P_23B	40008	130	2	0	9255	1	0	9256
155006013	STR_D_HA_AC_HEAD_D_N_R2_P_23B	40008	140	2	0	9257	1	0	9258
155006014	STR_D_HA_RING_D_N_R2_P_28B	40008	180	2	0	9259	1	0	9260
155006015	STR_D_HA_EARRING_D_N_R2_P_28B	40008	190	2	0	9261	1	0	9262
155006016	STR_D_HA_JR_PART_D_ZIRCON_02A	40008	110	2	0	9263	1	0	2896
155006017	STR_D_HA_NECKLACE_D_N_R2_P_23C	40008	130	2	0	9264	1	0	9265
155006018	STR_D_HA_AC_HEAD_D_N_R2_P_23C	40008	140	2	0	9266	1	0	9267
155006019	STR_D_HA_RING_D_N_R2_P_28C	40008	180	2	0	9268	1	0	9269
155006020	STR_D_HA_EARRING_D_N_R2_P_28C	40008	190	2	0	9270	1	0	9271
155006021	STR_D_HA_RING_D_N_R1_S_26A	40008	155	2	0	9272	1	0	9273
155006022	STR_D_HA_EARRING_D_N_R1_S_26A	40008	165	2	0	9274	1	0	9275
155006023	STR_D_HA_NECKLACE_D_N_R1_S_27A	40008	175	2	0	9276	1	0	9277
155006024	STR_D_HA_JR_PART_D_GARNET_02A	40008	210	2	0	9278	1	0	2910
155006025	STR_D_HA_NECKLACE_D_N_R2_P_33A	40008	230	2	0	9279	1	0	9280
155006026	STR_D_HA_AC_HEAD_D_N_R2_P_33A	40008	240	2	0	9281	1	0	9282
155006027	STR_D_HA_RING_D_N_R2_P_38A	40008	280	2	0	9283	1	0	9284
155006028	STR_D_HA_EARRING_D_N_R2_P_38A	40008	290	2	0	9285	1	0	9286
155006029	STR_D_HA_NECKLACE_D_N_L2_P_33A	40008	400	2	0	9287	1	0	9288
155006030	STR_D_HA_AC_HEAD_D_N_L2_P_33A	40008	400	2	0	9289	1	0	9290
155006031	STR_D_HA_RING_D_N_L2_P_38A	40008	410	2	0	9291	1	0	9292
155006032	STR_D_HA_EARRING_D_N_L2_P_38A	40008	410	2	0	9293	1	0	9294
155006033	STR_D_HA_JR_PART_D_LAZULI_02A	40008	210	2	0	9295	1	0	2928
155006034	STR_D_HA_NECKLACE_D_N_R2_P_33B	40008	230	2	0	9296	1	0	9297
155006035	STR_D_HA_AC_HEAD_D_N_R2_P_33B	40008	240	2	0	9298	1	0	9299
155006036	STR_D_HA_RING_D_N_R2_P_38B	40008	280	2	0	9300	1	0	9301
155006037	STR_D_HA_EARRING_D_N_R2_P_38B	40008	290	2	0	9302	1	0	9303
155006038	STR_D_HA_NECKLACE_D_N_L2_P_33B	40008	400	2	0	9304	1	0	9305
155006039	STR_D_HA_AC_HEAD_D_N_L2_P_33B	40008	400	2	0	9306	1	0	9307
155006040	STR_D_HA_RING_D_N_L2_P_38B	40008	410	2	0	9308	1	0	9309
155006041	STR_D_HA_EARRING_D_N_L2_P_38B	40008	410	2	0	9310	1	0	9311
155006042	STR_D_HA_JR_PART_D_MOON_02A	40008	210	2	0	9312	1	0	2946
155006043	STR_D_HA_NECKLACE_D_N_R2_P_33C	40008	230	2	0	9313	1	0	9314
155006044	STR_D_HA_AC_HEAD_D_N_R2_P_33C	40008	240	2	0	9315	1	0	9316
155006045	STR_D_HA_RING_D_N_R2_P_38C	40008	280	2	0	9317	1	0	9318
155006046	STR_D_HA_EARRING_D_N_R2_P_38C	40008	290	2	0	9319	1	0	9320
155006047	STR_D_HA_NECKLACE_D_N_L2_P_33C	40008	400	2	0	9321	1	0	9322
155006048	STR_D_HA_AC_HEAD_D_N_L2_P_33C	40008	400	2	0	9323	1	0	9324
155006049	STR_D_HA_RING_D_N_L2_P_38C	40008	410	2	0	9325	1	0	9326
155006050	STR_D_HA_EARRING_D_N_L2_P_38C	40008	410	2	0	9327	1	0	9328
155006051	STR_D_HA_EARRING_D_N_R1_S_34A	40008	235	2	0	9329	1	0	9330
155006052	STR_D_HA_RING_D_N_R1_S_36A	40008	245	2	0	9331	1	0	9332
155006053	STR_D_HA_NECKLACE_D_N_R1_S_36A	40008	255	2	0	9333	1	0	9334
155006054	STR_D_HA_NECKLACE_D_N_L1_S_37A	40008	265	2	0	9335	1	0	9336
155006055	STR_D_HA_EARRING_D_N_L1_S_39A	40008	285	2	0	9337	1	0	9338
155006056	STR_D_HA_JR_PART_D_RUBY_02A	40008	310	2	0	9339	1	0	2974
155006057	STR_D_HA_NECKLACE_D_N_R2_P_43A	40008	330	2	0	9340	1	0	9341
155006058	STR_D_HA_AC_HEAD_D_N_R2_P_43A	40008	340	2	0	9342	1	0	9343
155006059	STR_D_HA_RING_D_N_R2_P_48A	40008	380	2	0	9344	1	0	9345
155006060	STR_D_HA_EARRING_D_N_R2_P_48A	40008	390	2	0	9346	1	0	9347
155006061	STR_D_HA_NECKLACE_D_N_L2_P_43A	40008	420	2	0	9348	1	0	9349
155006062	STR_D_HA_AC_HEAD_D_N_L2_P_43A	40008	420	2	0	9350	1	0	9351
155006063	STR_D_HA_RING_D_N_L2_P_48A	40008	430	2	0	9352	1	0	9353
155006064	STR_D_HA_EARRING_D_N_L2_P_48A	40008	430	2	0	9354	1	0	9355
155006065	STR_D_HA_JR_PART_D_SAPPH_02A	40008	310	2	0	9356	1	0	2992
155006066	STR_D_HA_NECKLACE_D_N_R2_P_43B	40008	330	2	0	9357	1	0	9358
155006067	STR_D_HA_AC_HEAD_D_N_R2_P_43B	40008	340	2	0	9359	1	0	9360
155006068	STR_D_HA_RING_D_N_R2_P_48B	40008	380	2	0	9361	1	0	9362
155006069	STR_D_HA_EARRING_D_N_R2_P_48B	40008	390	2	0	9363	1	0	9364
155006070	STR_D_HA_NECKLACE_D_N_L2_P_43B	40008	420	2	0	9365	1	0	9366
155006071	STR_D_HA_AC_HEAD_D_N_L2_P_43B	40008	420	2	0	9367	1	0	9368
155006072	STR_D_HA_RING_D_N_L2_P_48B	40008	430	2	0	9369	1	0	9370
155006073	STR_D_HA_EARRING_D_N_L2_P_48B	40008	430	2	0	9371	1	0	9372
155006074	STR_D_HA_JR_PART_D_DIA_02A	40008	310	2	0	9373	1	0	3010
155006075	STR_D_HA_NECKLACE_D_N_R2_P_43C	40008	330	2	0	9374	1	0	9375
155006076	STR_D_HA_AC_HEAD_D_N_R2_P_43C	40008	340	2	0	9376	1	0	9377
155006077	STR_D_HA_RING_D_N_R2_P_48C	40008	380	2	0	9378	1	0	9379
155006078	STR_D_HA_EARRING_D_N_R2_P_48C	40008	390	2	0	9380	1	0	9381
155006079	STR_D_HA_NECKLACE_D_N_L2_P_43C	40008	420	2	0	9382	1	0	9383
155006080	STR_D_HA_AC_HEAD_D_N_L2_P_43C	40008	420	2	0	9384	1	0	9385
155006081	STR_D_HA_RING_D_N_L2_P_48C	40008	430	2	0	9386	1	0	9387
155006082	STR_D_HA_EARRING_D_N_L2_P_48C	40008	430	2	0	9388	1	0	9389
155006083	STR_D_HA_NECKLACE_D_N_R1_S_42A	40008	315	2	0	9390	1	0	9391
155006084	STR_D_HA_RING_D_N_R1_S_42A	40008	335	2	0	9392	1	0	9393
155006085	STR_D_HA_EARRING_D_N_R1_S_44A	40008	345	2	0	9394	1	0	9395
155006086	STR_D_HA_RING_D_N_L1_S_42A	40008	325	2	0	9396	1	0	9397
155006087	STR_D_HA_NECKLACE_D_N_L1_S_46A	40008	355	2	0	9398	1	0	9399
155006088	STR_D_HA_JR_PART_D_DRA_JEW_301A	40008	400	2	0	9400	1	0	3038
155006089	STR_D_HA_RING_D_D_R2_P_30A	40008	410	2	0	9401	1	0	9402
155006090	STR_D_HA_EARRING_D_D_R2_P_30A	40008	410	2	0	9403	1	0	9404
155006091	STR_D_HA_NECKLACE_D_D_R2_P_30A	40008	410	2	0	9405	1	0	9406
155006092	STR_D_HA_AC_HEAD_D_D_R2_P_30A	40008	410	2	0	9407	1	0	9406
155006093	STR_D_HA_RING_D_D_R2_P_30B	40008	410	2	0	9408	1	0	9409
155006094	STR_D_HA_EARRING_D_D_R2_P_30B	40008	410	2	0	9410	1	0	9411
155006095	STR_D_HA_NECKLACE_D_D_R2_P_30B	40008	410	2	0	9412	1	0	9413
155006096	STR_D_HA_JR_PART_D_DRA_JEW_401A	40008	420	2	0	9414	1	0	3053
155006097	STR_D_HA_RING_D_D_R2_P_40A	40008	430	2	0	9415	1	0	9416
155006098	STR_D_HA_EARRING_D_D_R2_P_40A	40008	430	2	0	9417	1	0	9418
155006099	STR_D_HA_NECKLACE_D_D_R2_P_40A	40008	430	2	0	9419	1	0	9420
155006100	STR_D_HA_AC_HEAD_D_D_R2_P_40A	40008	430	2	0	9421	1	0	9420
155006101	STR_D_HA_RING_D_D_R2_P_40B	40008	430	2	0	9422	1	0	9423
155006102	STR_D_HA_EARRING_D_D_R2_P_40B	40008	430	2	0	9424	1	0	9425
155006103	STR_D_HA_NECKLACE_D_D_R2_P_40B	40008	430	2	0	9426	1	0	9427
155006104	STR_D_HA_RING_D_D_L2_P_40A	40008	430	2	0	9428	1	0	9429
155006105	STR_D_HA_EARRING_D_D_L2_P_40A	40008	430	2	0	9430	1	0	9431
155006106	STR_D_HA_NECKLACE_D_D_L2_P_40A	40008	430	2	0	9432	1	0	9433
155006107	STR_D_HA_AC_HEAD_D_D_L2_P_40A	40008	430	2	0	9434	1	0	9435
155006108	STR_D_HA_RING_D_D_L2_P_40B	40008	430	2	0	9436	1	0	9437
155006109	STR_D_HA_EARRING_D_D_L2_P_40B	40008	430	2	0	9438	1	0	9439
155006110	STR_D_HA_NECKLACE_D_D_L2_P_40B	40008	430	2	0	9440	1	0	9441
155006111	STR_D_HA_JR_PART_D_DRA_JEW_501A	40008	440	2	0	9442	1	0	3082
155006112	STR_D_HA_RING_D_D_R2_P_50A	40008	449	2	0	9443	1	0	9444
155006113	STR_D_HA_EARRING_D_D_R2_P_50A	40008	449	2	0	9445	1	0	9446
155006114	STR_D_HA_NECKLACE_D_D_R2_P_50A	40008	449	2	0	9447	1	0	9448
155006115	STR_D_HA_AC_HEAD_D_D_R2_P_50A	40008	449	2	0	9449	1	0	9448
155006116	STR_D_HA_RING_D_D_R2_P_50B	40008	449	2	0	9450	1	0	9451
155006117	STR_D_HA_EARRING_D_D_R2_P_50B	40008	449	2	0	9452	1	0	9453
155006118	STR_D_HA_NECKLACE_D_D_R2_P_50B	40008	449	2	0	9454	1	0	9455
155006119	STR_D_HA_RING_D_D_L2_P_50A	40008	449	2	0	9456	1	0	9457
155006120	STR_D_HA_EARRING_D_D_L2_P_50A	40008	449	2	0	9458	1	0	9459
155006121	STR_D_HA_NECKLACE_D_D_L2_P_50A	40008	449	2	0	9460	1	0	9461
155006122	STR_D_HA_AC_HEAD_D_D_L2_P_50A	40008	449	2	0	9462	1	0	9463
155006123	STR_D_HA_RING_D_D_L2_P_50B	40008	449	2	0	9464	1	0	9465
155006124	STR_D_HA_EARRING_D_D_L2_P_50B	40008	449	2	0	9466	1	0	9467
155006125	STR_D_HA_NECKLACE_D_D_L2_P_50B	40008	449	2	0	9468	1	0	9469
155006126	STR_D_HA_JR_PART_D_BIRKE_01A	40008	1	2	0	9470	1	0	9471
155006127	STR_D_HA_JR_PART_D_BIRKE_02A	40008	10	2	0	9472	1	0	9473
155006128	STR_D_HA_JR_PART_D_BIRKE_03A	40008	20	2	0	9474	1	0	9475
155006129	STR_D_HA_BOW_D_N_C2_P_15A	40008	40	2	0	9476	1	0	9477
155006130	STR_D_HA_STAFF_D_N_C2_P_15A	40008	50	2	0	9478	1	0	9477
155006131	STR_D_HA_BOW_D_N_C2_P_20A	40008	90	2	0	9479	1	0	9480
155006132	STR_D_HA_STAFF_D_N_C2_P_20A	40008	99	2	0	9481	1	0	9480
155006133	STR_D_HA_BOW_D_N_R1_S_18A	40008	75	2	0	9482	1	0	9483
155006134	STR_D_HA_JR_PART_D_YORK_01A	40008	100	2	0	9484	1	0	9485
155006135	STR_D_HA_JR_PART_D_YORK_02A	40008	110	2	0	9486	1	0	9487
155006136	STR_D_HA_JR_PART_D_YORK_03A	40008	120	2	0	9488	1	0	9489
155006137	STR_D_HA_BOW_D_N_C2_P_25A	40008	140	2	0	9490	1	0	9491
155006138	STR_D_HA_STAFF_D_N_C2_P_25A	40008	150	2	0	9492	1	0	9491
155006139	STR_D_HA_BOW_D_N_R2_P_25A	40008	140	2	0	9493	1	0	9494
155006140	STR_D_HA_STAFF_D_N_R2_P_25A	40008	150	2	0	9495	1	0	9496
155006141	STR_D_HA_BOW_D_N_C2_P_30A	40008	190	2	0	9497	1	0	9498
155006142	STR_D_HA_STAFF_D_N_C2_P_30A	40008	199	2	0	9499	1	0	9498
155006143	STR_D_HA_BOW_D_N_R2_P_30A	40008	190	2	0	9500	1	0	9501
155006144	STR_D_HA_STAFF_D_N_R2_P_30A	40008	199	2	0	9502	1	0	9503
155006145	STR_D_HA_STAFF_D_N_R1_S_27A	40008	165	2	0	9504	1	0	9505
155006146	STR_D_HA_BOW_D_N_R1_S_29A	40008	185	2	0	9506	1	0	9507
155006147	STR_D_HA_JR_PART_D_ELM_01A	40008	200	2	0	9508	1	0	9509
155006148	STR_D_HA_JR_PART_D_ELM_02A	40008	210	2	0	9510	1	0	9511
155006149	STR_D_HA_JR_PART_D_ELM_03A	40008	220	2	0	9512	1	0	9513
155006150	STR_D_HA_BOW_D_N_C2_P_35A	40008	240	2	0	9514	1	0	9515
155006151	STR_D_HA_STAFF_D_N_C2_P_35A	40008	250	2	0	9516	1	0	9515
155006152	STR_D_HA_BOW_D_N_R2_P_35A	40008	240	2	0	9517	1	0	9518
155006153	STR_D_HA_STAFF_D_N_R2_P_35A	40008	250	2	0	9519	1	0	9520
155006154	STR_D_HA_BOW_D_N_L2_P_35A	40008	400	2	0	9521	1	0	9522
155006155	STR_D_HA_STAFF_D_N_L2_P_35A	40008	400	2	0	9523	1	0	9524
155006156	STR_D_HA_BOW_D_N_C2_P_40A	40008	290	2	0	9525	1	0	9526
155006157	STR_D_HA_STAFF_D_N_C2_P_40A	40008	299	2	0	9527	1	0	9526
155006158	STR_D_HA_BOW_D_N_R2_P_40A	40008	290	2	0	9528	1	0	9529
155006159	STR_D_HA_STAFF_D_N_R2_P_40A	40008	299	2	0	9530	1	0	9531
155006160	STR_D_HA_BOW_D_N_L2_P_40A	40008	410	2	0	9532	1	0	9533
155006161	STR_D_HA_STAFF_D_N_L2_P_40A	40008	410	2	0	9534	1	0	9535
155006162	STR_D_HA_BOW_D_N_R1_S_34A	40008	235	2	0	9536	1	0	9537
155006163	STR_D_HA_STAFF_D_N_R1_S_34A	40008	245	2	0	9538	1	0	9539
155006164	STR_D_HA_BOW_D_N_L1_S_40A	40008	285	2	0	9540	1	0	9541
155006165	STR_D_HA_JR_PART_D_IGDRA_01A	40008	300	2	0	9542	1	0	9543
155006166	STR_D_HA_JR_PART_D_IGDRA_02A	40008	310	2	0	9544	1	0	9545
155006167	STR_D_HA_JR_PART_D_IGDRA_03A	40008	320	2	0	9546	1	0	9547
155006168	STR_D_HA_BOW_D_N_C2_P_45A	40008	340	2	0	9548	1	0	9549
155006169	STR_D_HA_STAFF_D_N_C2_P_45A	40008	350	2	0	9550	1	0	9549
155006170	STR_D_HA_BOW_D_N_R2_P_45A	40008	340	2	0	9551	1	0	9552
155006171	STR_D_HA_STAFF_D_N_R2_P_45A	40008	350	2	0	9553	1	0	9554
155006172	STR_D_HA_BOW_D_N_L2_P_45A	40008	420	2	0	9555	1	0	9556
155006173	STR_D_HA_STAFF_D_N_L2_P_45A	40008	420	2	0	9557	1	0	9558
155006174	STR_D_HA_BOW_D_N_C2_P_50A	40008	390	2	0	9559	1	0	9560
155006175	STR_D_HA_STAFF_D_N_C2_P_50A	40008	399	2	0	9561	1	0	9560
155006176	STR_D_HA_BOW_D_N_R2_P_50A	40008	390	2	0	9562	1	0	9563
155006177	STR_D_HA_STAFF_D_N_R2_P_50A	40008	399	2	0	9564	1	0	9565
155006178	STR_D_HA_BOW_D_N_L2_P_50A	40008	430	2	0	9566	1	0	9567
155006179	STR_D_HA_STAFF_D_N_L2_P_50A	40008	430	2	0	9568	1	0	9569
155006180	STR_D_HA_BOW_D_N_R1_S_41A	40008	325	2	0	9570	1	0	9571
155006181	STR_D_HA_STAFF_D_N_R1_S_44A	40008	345	2	0	9572	1	0	9573
155006182	STR_D_HA_STAFF_D_N_L1_S_45A	40008	355	2	0	9574	1	0	9575
155006183	STR_D_HA_HA_PART_D_SIEGE_01A	40008	299	2	0	9576	1	0	9577
155006184	STR_D_HA_ITEM_ABYSS_DARK_SIEGE01	40008	299	2	0	7889	1	0	7890
155006185	STR_D_HA_HW_PART_D_DRA_TREE_301A	40008	400	2	0	9578	1	0	1511
155006186	STR_D_HA_HW_PART_D_DRA_TREE_302A	40008	400	2	0	9579	1	0	1513
155006187	STR_D_HA_BOW_D_D_R2_P_30A	40008	410	2	0	9580	1	0	9581
155006188	STR_D_HA_STAFF_D_D_R2_P_30A	40008	410	2	0	9582	1	0	9583
155006189	STR_D_HA_HW_PART_D_DRA_TREE_401A	40008	420	2	0	9584	1	0	1523
155006190	STR_D_HA_HW_PART_D_DRA_TREE_402A	40008	420	2	0	9585	1	0	1525
155006191	STR_D_HA_BOW_D_D_R2_P_40A	40008	430	2	0	9586	1	0	9587
155006192	STR_D_HA_STAFF_D_D_R2_P_40A	40008	430	2	0	9588	1	0	9589
155006193	STR_D_HA_BOW_D_D_L2_P_40A	40008	430	2	0	9590	1	0	9591
155006194	STR_D_HA_STAFF_D_D_L2_P_40A	40008	430	2	0	9592	1	0	9593
155006195	STR_D_HA_HW_PART_D_DRA_TREE_501A	40008	440	2	0	9594	1	0	1545
155006196	STR_D_HA_HW_PART_D_DRA_TREE_502A	40008	440	2	0	9595	1	0	1547
155006197	STR_D_HA_BOW_D_D_R2_P_50A	40008	449	2	0	9596	1	0	9597
155006198	STR_D_HA_STAFF_D_D_R2_P_50A	40008	449	2	0	9598	1	0	9599
155006199	STR_D_HA_BOW_D_D_L2_P_50A	40008	449	2	0	9600	1	0	9601
155006200	STR_D_HA_STAFF_D_D_L2_P_50A	40008	449	2	0	9602	1	0	9603
155006201	STR_D_AL_JR_PART_D_ROSE_01A	40007	20	2	0	9604	10	0	3245
155006202	STR_D_AL_JR_PART_D_AMETH_01A	40007	20	2	0	9605	10	0	3247
155006203	STR_D_AL_JR_PART_D_CRISTAL_01A	40007	20	2	0	9606	10	0	3249
155006204	STR_D_AL_JR_PART_D_TOPAZ_01A	40007	120	2	0	9607	10	0	3251
155006205	STR_D_AL_JR_PART_D_AQUA_01A	40007	120	2	0	9608	10	0	3253
155006206	STR_D_AL_JR_PART_D_ZIRCON_01A	40007	120	2	0	9609	10	0	3255
155006207	STR_D_AL_JR_PART_D_GARNET_01A	40007	220	2	0	9610	10	0	3257
155006208	STR_D_AL_JR_PART_D_LAZULI_01A	40007	220	2	0	9611	10	0	3259
155006209	STR_D_AL_JR_PART_D_MOON_01A	40007	220	2	0	9612	10	0	3261
155006210	STR_D_AL_JR_PART_D_RUBY_01A	40007	320	2	0	9613	10	0	3263
155006211	STR_D_AL_JR_PART_D_SAPPH_01A	40007	320	2	0	9614	10	0	3265
155006212	STR_D_AL_JR_PART_D_DIA_01A	40007	320	2	0	9615	10	0	3267
155006213	STR_D_AL_SCROLL_REGIST_EARTH_20A	40007	40	2	0	3268	5	0	9616
155006214	STR_D_AL_SCROLL_REGIST_EARTH_30A	40007	140	2	0	3270	5	0	9617
155006215	STR_D_AL_SCROLL_REGIST_EARTH_40A	40007	240	2	0	3272	5	0	9618
155006216	STR_D_AL_SCROLL_REGIST_EARTH_50A	40007	340	2	0	3274	5	0	9619
155006217	STR_D_AL_SCROLL_REGIST_FIRE_20A	40007	40	2	0	3276	5	0	9620
155006218	STR_D_AL_SCROLL_REGIST_FIRE_30A	40007	140	2	0	3278	5	0	9621
155006219	STR_D_AL_SCROLL_REGIST_FIRE_40A	40007	240	2	0	3280	5	0	9622
155006220	STR_D_AL_SCROLL_REGIST_FIRE_50A	40007	340	2	0	3282	5	0	9623
155006221	STR_D_AL_SCROLL_REGIST_WATER_20A	40007	40	2	0	3284	5	0	9624
155006222	STR_D_AL_SCROLL_REGIST_WATER_30A	40007	140	2	0	3286	5	0	9625
155006223	STR_D_AL_SCROLL_REGIST_WATER_40A	40007	240	2	0	3288	5	0	9626
155006224	STR_D_AL_SCROLL_REGIST_WATER_50A	40007	340	2	0	3290	5	0	9627
155006225	STR_D_AL_SCROLL_REGIST_WIND_20A	40007	40	2	0	3292	5	0	9628
155006226	STR_D_AL_SCROLL_REGIST_WIND_30A	40007	140	2	0	3294	5	0	9629
155006227	STR_D_AL_SCROLL_REGIST_WIND_40A	40007	240	2	0	3296	5	0	9630
155006228	STR_D_AL_SCROLL_REGIST_WIND_50A	40007	340	2	0	3298	5	0	9631
155006229	STR_D_AL_SCROLL_SHIELD_ALL_20A	40007	60	2	0	3300	5	0	9632
155006230	STR_D_AL_SCROLL_SHIELD_ALL_30A	40007	160	2	0	3302	5	0	9633
155006231	STR_D_AL_SCROLL_SHIELD_ALL_40A	40007	260	2	0	3304	5	0	9634
155006232	STR_D_AL_SCROLL_SHIELD_ALL_50A	40007	360	2	0	3306	5	0	9635
155006233	STR_D_AL_SCROLL_CRITICAL_PHY_30A	40007	170	2	0	3308	5	0	9636
155006234	STR_D_AL_SCROLL_CRITICAL_PHY_40A	40007	270	2	0	3310	5	0	9637
155006235	STR_D_AL_SCROLL_CRITICAL_PHY_50A	40007	370	2	0	3312	5	0	9638
155006236	STR_D_AL_SCROLL_SPEED_ATK_30A	40007	180	2	0	3314	5	0	9639
155006237	STR_D_AL_SCROLL_SPEED_ATK_40A	40007	280	2	0	3316	5	0	9640
155006238	STR_D_AL_SCROLL_SPEED_ATK_50A	40007	380	2	0	3318	5	0	9641
155006239	STR_D_AL_SCROLL_SPEED_RUN_30A	40007	180	2	0	3320	5	0	9642
155006240	STR_D_AL_SCROLL_SPEED_RUN_40A	40007	280	2	0	3322	5	0	9643
155006241	STR_D_AL_SCROLL_SPEED_RUN_50A	40007	380	2	0	3324	5	0	9644
155006242	STR_D_AL_SCROLL_SPEED_FLY_30A	40007	180	2	0	3326	5	0	9645
155006243	STR_D_AL_SCROLL_SPEED_FLY_40A	40007	280	2	0	3328	5	0	9646
155006244	STR_D_AL_SCROLL_SPEED_FLY_50A	40007	380	2	0	3330	5	0	9647
155006245	STR_D_AL_REMEDY_HP_20A	40007	5	2	0	3332	3	0	9648
155006246	STR_D_AL_REMEDY_HP_30A	40007	105	2	0	3334	3	0	9649
155006247	STR_D_AL_REMEDY_HP_40A	40007	205	2	0	3336	3	0	9650
155006248	STR_D_AL_REMEDY_HP_50A	40007	305	2	0	3338	3	0	9651
155006249	STR_D_AL_REMEDY_MP_20A	40007	5	2	0	3340	3	0	9652
155006250	STR_D_AL_REMEDY_MP_30A	40007	105	2	0	3342	3	0	9653
155006251	STR_D_AL_REMEDY_MP_40A	40007	205	2	0	3344	3	0	9654
155006252	STR_D_AL_REMEDY_MP_50A	40007	305	2	0	3346	3	0	9655
155006253	STR_D_AL_POTION_HP_20A	40007	10	2	0	3348	3	0	9656
155006254	STR_D_AL_POTION_HP_30A	40007	110	2	0	3350	3	0	9657
155006255	STR_D_AL_POTION_HP_40A	40007	210	2	0	3352	3	0	9658
155006256	STR_D_AL_POTION_HP_50A	40007	310	2	0	3354	3	0	9659
155006257	STR_D_AL_POTION_MP_20A	40007	10	2	0	3356	3	0	9660
155006258	STR_D_AL_POTION_MP_30A	40007	110	2	0	3358	3	0	9661
155006259	STR_D_AL_POTION_MP_40A	40007	210	2	0	3360	3	0	9662
155006260	STR_D_AL_POTION_MP_50A	40007	310	2	0	3362	3	0	9663
155006261	STR_D_AL_POTION_CURE_PHY_10A	40007	20	2	0	3364	3	0	9664
155006262	STR_D_AL_POTION_CURE_PHY_30A	40007	220	2	0	3366	3	0	9665
155006263	STR_D_AL_POTION_FLYTIME_20A	40007	30	2	0	3368	3	0	9666
155006264	STR_D_AL_POTION_FLYTIME_30A	40007	130	2	0	3370	3	0	9667
155006265	STR_D_AL_POTION_FLYTIME_40A	40007	230	2	0	3372	3	0	9668
155006266	STR_D_AL_POTION_FLYTIME_50A	40007	330	2	0	3374	3	0	9669
155006267	STR_D_AL_AL_PART_D_STONE1_01A	40007	1	2	0	9670	2	0	3377
155006268	STR_D_AL_AL_PART_D_STONE1_02A	40007	1	2	0	9671	5	0	3377
155006269	STR_D_AL_AL_PART_D_STONE1_03A	40007	10	2	0	9672	1	0	9673
155006270	STR_D_AL_AL_PART_D_STONE1_04A	40007	10	2	0	9674	1	0	9675
155006271	STR_D_AL_BOOK_D_N_C2_P_15A	40007	40	2	0	9676	1	0	9677
155006272	STR_D_AL_ORB_D_N_C2_P_15A	40007	50	2	0	9678	1	0	9679
155006273	STR_D_AL_BOOK_D_N_C2_P_20A	40007	90	2	0	9680	1	0	9681
155006274	STR_D_AL_ORB_D_N_C2_P_20A	40007	99	2	0	9682	1	0	9683
155006275	STR_D_AL_ORB_D_N_R1_S_18A	40007	75	2	0	9684	1	0	9685
155006276	STR_D_AL_AL_PART_D_STONE2_01A	40007	100	2	0	9686	2	0	3394
155006277	STR_D_AL_AL_PART_D_STONE2_02A	40007	100	2	0	9687	5	0	3394
155006278	STR_D_AL_AL_PART_D_STONE2_03A	40007	110	2	0	9688	1	0	9689
155006279	STR_D_AL_AL_PART_D_STONE2_04A	40007	110	2	0	9690	1	0	9691
155006280	STR_D_AL_BOOK_D_N_C2_P_25A	40007	140	2	0	9692	1	0	9693
155006281	STR_D_AL_ORB_D_N_C2_P_25A	40007	150	2	0	9694	1	0	9695
155006282	STR_D_AL_BOOK_D_N_R2_P_25A	40007	140	2	0	9696	1	0	9697
155006283	STR_D_AL_ORB_D_N_R2_P_25A	40007	150	2	0	9698	1	0	9699
155006284	STR_D_AL_BOOK_D_N_C2_P_30A	40007	190	2	0	9700	1	0	9701
155006285	STR_D_AL_ORB_D_N_C2_P_30A	40007	199	2	0	9702	1	0	9703
155006286	STR_D_AL_BOOK_D_N_R2_P_30A	40007	190	2	0	9704	1	0	9705
155006287	STR_D_AL_ORB_D_N_R2_P_30A	40007	199	2	0	9706	1	0	9707
155006288	STR_D_AL_BOOK_D_N_R1_S_27A	40007	165	2	0	9708	1	0	9709
155006289	STR_D_AL_ORB_D_N_R1_S_30A	40007	185	2	0	9710	1	0	9711
155006290	STR_D_AL_AL_PART_D_STONE3_01A	40007	200	2	0	9712	2	0	3421
155006291	STR_D_AL_AL_PART_D_STONE3_02A	40007	200	2	0	9713	5	0	3421
155006292	STR_D_AL_AL_PART_D_STONE3_03A	40007	210	2	0	9714	1	0	9715
155006293	STR_D_AL_AL_PART_D_STONE3_04A	40007	210	2	0	9716	1	0	9717
155006294	STR_D_AL_BOOK_D_N_C2_P_35A	40007	240	2	0	9718	1	0	9719
155006295	STR_D_AL_ORB_D_N_C2_P_35A	40007	250	2	0	9720	1	0	9721
155006296	STR_D_AL_BOOK_D_N_R2_P_35A	40007	240	2	0	9722	1	0	9723
155006297	STR_D_AL_ORB_D_N_R2_P_35A	40007	250	2	0	9724	1	0	9725
155006298	STR_D_AL_BOOK_D_N_L2_P_35A	40007	400	2	0	9726	1	0	9727
155006299	STR_D_AL_ORB_D_N_L2_P_35A	40007	400	2	0	9728	1	0	9729
155006300	STR_D_AL_BOOK_D_N_C2_P_40A	40007	290	2	0	9730	1	0	9731
155006301	STR_D_AL_ORB_D_N_C2_P_40A	40007	299	2	0	9732	1	0	9733
155006302	STR_D_AL_BOOK_D_N_R2_P_40A	40007	290	2	0	9734	1	0	9735
155006303	STR_D_AL_ORB_D_N_R2_P_40A	40007	299	2	0	9736	1	0	9737
155006304	STR_D_AL_BOOK_D_N_L2_P_40A	40007	410	2	0	9738	1	0	9739
155006305	STR_D_AL_ORB_D_N_L2_P_40A	40007	410	2	0	9740	1	0	9741
155006306	STR_D_AL_ORB_D_N_R1_S_36A	40007	255	2	0	9742	1	0	9743
155006307	STR_D_AL_BOOK_D_N_R1_S_37A	40007	265	2	0	9744	1	0	9745
155006308	STR_D_AL_ORB_D_N_L1_S_34A	40007	245	2	0	9746	1	0	9747
155006309	STR_D_AL_AL_PART_D_STONE4_01A	40007	300	2	0	9748	2	0	3458
155006310	STR_D_AL_AL_PART_D_STONE4_02A	40007	300	2	0	9749	5	0	3458
155006311	STR_D_AL_AL_PART_D_STONE4_03A	40007	310	2	0	9750	1	0	9751
155006312	STR_D_AL_AL_PART_D_STONE4_04A	40007	310	2	0	9752	1	0	9753
155006313	STR_D_AL_BOOK_D_N_C2_P_45A	40007	340	2	0	9754	1	0	9755
155006314	STR_D_AL_ORB_D_N_C2_P_45A	40007	350	2	0	9756	1	0	9757
155006315	STR_D_AL_BOOK_D_N_R2_P_45A	40007	340	2	0	9758	1	0	9759
155006316	STR_D_AL_ORB_D_N_R2_P_45A	40007	350	2	0	9760	1	0	9761
155006317	STR_D_AL_BOOK_D_N_L2_P_45A	40007	420	2	0	9762	1	0	9763
155006318	STR_D_AL_ORB_D_N_L2_P_45A	40007	420	2	0	9764	1	0	9765
155006319	STR_D_AL_BOOK_D_N_C2_P_50A	40007	390	2	0	9766	1	0	9767
155006320	STR_D_AL_ORB_D_N_C2_P_50A	40007	399	2	0	9768	1	0	9769
155006321	STR_D_AL_BOOK_D_N_R2_P_50A	40007	390	2	0	9770	1	0	9771
155006322	STR_D_AL_ORB_D_N_R2_P_50A	40007	399	2	0	9772	1	0	9773
155006323	STR_D_AL_BOOK_D_N_L2_P_50A	40007	430	2	0	9774	1	0	9775
155006324	STR_D_AL_ORB_D_N_L2_P_50A	40007	430	2	0	9776	1	0	9777
155006325	STR_D_AL_BOOK_D_N_R1_S_42A	40007	325	2	0	9778	1	0	9779
155006326	STR_D_AL_ORB_D_N_R1_S_45A	40007	345	2	0	9780	1	0	9781
155006327	STR_D_AL_BOOK_D_N_L1_S_46A	40007	365	2	0	9782	1	0	9783
155006328	STR_D_AL_ITEM_DRIVE_ARTIFACT_G1	40007	199	2	0	3496	1	0	9784
155006329	STR_D_AL_AL_PART_D_SIEGE_01A	40007	299	2	0	9785	1	0	9786
155006330	STR_D_AL_ITEM_ABYSS_DARK_SIEGE01	40007	299	2	0	7889	1	0	7890
155006331	STR_D_AL_REMEDY_HP_MP_30A	40007	400	2	0	3500	3	0	9787
155006332	STR_D_AL_REMEDY_HP_MP_40A	40007	420	2	0	3502	3	0	9788
155006333	STR_D_AL_REMEDY_HP_MP_50A	40007	440	2	0	3504	3	0	9789
155006334	STR_D_AL_POTION_HP_MP_40A	40007	400	2	0	3506	3	0	9790
155006335	STR_D_AL_POTION_HP_MP_50A	40007	420	2	0	3508	3	0	9791
155006336	STR_D_AL_AL_PART_D_DRA_SOUL_301A	40007	400	2	0	9792	1	0	1511
155006337	STR_D_AL_AL_PART_D_DRA_SOUL_302A	40007	400	2	0	9793	1	0	3512
155006338	STR_D_AL_BOOK_D_D_R2_P_30A	40007	410	2	0	9794	1	0	9795
155006339	STR_D_AL_ORB_D_D_R2_P_30A	40007	410	2	0	9796	1	0	9797
155006340	STR_D_AL_AL_PART_D_DRA_SOUL_401A	40007	420	2	0	9798	1	0	1523
155006341	STR_D_AL_AL_PART_D_DRA_SOUL_402A	40007	420	2	0	9799	1	0	3519
155006342	STR_D_AL_BOOK_D_D_R2_P_40A	40007	430	2	0	9800	1	0	9801
155006343	STR_D_AL_ORB_D_D_R2_P_40A	40007	430	2	0	9802	1	0	9803
155006344	STR_D_AL_BOOK_D_D_L2_P_40A	40007	430	2	0	9804	1	0	9805
155006345	STR_D_AL_ORB_D_D_L2_P_40A	40007	430	2	0	9806	1	0	9807
155006346	STR_D_AL_AL_PART_D_DRA_SOUL_501A	40007	440	2	0	9808	1	0	1545
155006347	STR_D_AL_AL_PART_D_DRA_SOUL_502A	40007	440	2	0	9809	1	0	3530
155006348	STR_D_AL_BOOK_D_D_R2_P_50A	40007	449	2	0	9810	1	0	9811
155006349	STR_D_AL_ORB_D_D_R2_P_50A	40007	449	2	0	9812	1	0	9813
155006350	STR_D_AL_BOOK_D_D_L2_P_50A	40007	449	2	0	9814	1	0	9815
155006351	STR_D_AL_ORB_D_D_L2_P_50A	40007	449	2	0	9816	1	0	9817
155006352	STR_D_AL_OPTION_C_HP_20	40007	90	2	0	3539	1	0	3540
155006353	STR_D_AL_OPTION_C_MP_20	40007	90	2	0	3541	1	0	3542
155006354	STR_D_AL_OPTION_C_ACCURACY_20	40007	90	2	0	3543	1	0	3544
155006355	STR_D_AL_OPTION_C_DODGE_20	40007	90	2	0	3545	1	0	3546
155006356	STR_D_AL_OPTION_C_MSBOOST_20	40007	90	2	0	3547	1	0	3548
155006357	STR_D_AL_OPTION_C_PARRY_20	40007	90	2	0	3549	1	0	3550
155006358	STR_D_AL_OPTION_C_BLOCK_20	40007	90	2	0	3551	1	0	3552
155006359	STR_D_AL_OPTION_C_PHYCRITICAL_20	40007	90	2	0	3553	1	0	3554
155006360	STR_D_AL_OPTION_C_HP_30	40007	190	2	0	3555	1	0	3556
155006361	STR_D_AL_OPTION_C_MP_30	40007	190	2	0	3557	1	0	3558
155006362	STR_D_AL_OPTION_C_ACCURACY_30	40007	190	2	0	3559	1	0	3560
155006363	STR_D_AL_OPTION_C_DODGE_30	40007	190	2	0	3561	1	0	3562
155006364	STR_D_AL_OPTION_C_PHYATTACK_30	40007	190	2	0	3563	1	0	3564
155006365	STR_D_AL_OPTION_C_MSBOOST_30	40007	190	2	0	3565	1	0	3566
155006366	STR_D_AL_OPTION_C_PARRY_30	40007	190	2	0	3567	1	0	3568
155006367	STR_D_AL_OPTION_C_BLOCK_30	40007	190	2	0	3569	1	0	3570
155006368	STR_D_AL_OPTION_C_PHYCRITICAL_30	40007	190	2	0	3571	1	0	3572
155006369	STR_D_AL_OPTION_C_HP_40	40007	290	2	0	3573	1	0	3574
155006370	STR_D_AL_OPTION_C_MP_40	40007	290	2	0	3575	1	0	3576
155006371	STR_D_AL_OPTION_C_ACCURACY_40	40007	290	2	0	3577	1	0	3578
155006372	STR_D_AL_OPTION_C_DODGE_40	40007	290	2	0	3579	1	0	3580
155006373	STR_D_AL_OPTION_C_MSBOOST_40	40007	290	2	0	3581	1	0	3582
155006374	STR_D_AL_OPTION_C_PARRY_40	40007	290	2	0	3583	1	0	3584
155006375	STR_D_AL_OPTION_C_BLOCK_40	40007	290	2	0	3585	1	0	3586
155006376	STR_D_AL_OPTION_C_PHYCRITICAL_40	40007	290	2	0	3587	1	0	3588
155006377	STR_D_AL_OPTION_C_HP_50	40007	390	2	0	3589	1	0	3590
155006378	STR_D_AL_OPTION_C_MP_50	40007	390	2	0	3591	1	0	3592
155006379	STR_D_AL_OPTION_C_ACCURACY_50	40007	390	2	0	3593	1	0	3594
155006380	STR_D_AL_OPTION_C_DODGE_50	40007	390	2	0	3595	1	0	3596
155006381	STR_D_AL_OPTION_C_PHYATTACK_50	40007	390	2	0	3597	1	0	3598
155006382	STR_D_AL_OPTION_C_MSBOOST_50	40007	390	2	0	3599	1	0	3600
155006383	STR_D_AL_OPTION_C_PARRY_50	40007	390	2	0	3601	1	0	3602
155006384	STR_D_AL_OPTION_C_BLOCK_50	40007	390	2	0	3603	1	0	3604
155006385	STR_D_AL_OPTION_C_PHYCRITICAL_50	40007	390	2	0	3605	1	0	3606
155006386	STR_D_CO_FOOD_D_PHYATTACK_20A	40001	1	2	0	9818	2	0	9819
155006387	STR_D_CO_FOOD_D_MACCURACY_20A	40001	10	2	0	9820	2	0	9821
155006388	STR_D_CO_FOOD_D_ACCURACY_20A	40001	20	2	0	9822	2	0	9823
155006389	STR_D_CO_FOOD_D_MAXMP_20A	40001	30	2	0	9824	2	0	9825
155006390	STR_D_CO_FOOD_D_DODGE_20A	40001	40	2	0	9826	2	0	9827
155006391	STR_D_CO_FOOD_D_MSBOOST_20A	40001	50	2	0	9828	2	0	9829
155006392	STR_D_CO_FOOD_D_MRESIST_20A	40001	60	2	0	9830	2	0	9831
155006393	STR_D_CO_FOOD_D_MAXHP_20A	40001	70	2	0	9832	2	0	9833
155006394	STR_D_CO_FOOD_D_HPREGEN_20A	40001	80	2	0	9834	2	0	9835
155006395	STR_D_CO_FOOD_D_MPREGEN_20A	40001	90	2	0	9836	2	0	9837
155006396	STR_D_CO_FOOD_D_MACCURACY_30A	40001	100	2	0	9838	2	0	9839
155006397	STR_D_CO_FOOD_D_MAXHP_30A	40001	110	2	0	9840	2	0	9841
155006398	STR_D_CO_FOOD_D_MRESIST_30A	40001	120	2	0	9842	2	0	9843
155006399	STR_D_CO_FOOD_D_MAXMP_30A	40001	130	2	0	9844	2	0	9845
155006400	STR_D_CO_FOOD_D_PHYATTACK_30A	40001	140	2	0	9846	2	0	9847
155006401	STR_D_CO_FOOD_D_ACCURACY_30A	40001	150	2	0	9848	2	0	9849
155006402	STR_D_CO_FOOD_D_HPREGEN_30A	40001	160	2	0	9850	2	0	9851
155006403	STR_D_CO_FOOD_D_MSBOOST_30A	40001	170	2	0	9852	2	0	9853
155006404	STR_D_CO_FOOD_D_MPREGEN_30A	40001	180	2	0	9854	2	0	9855
155006405	STR_D_CO_FOOD_D_DODGE_30A	40001	190	2	0	9856	2	0	9857
155006406	STR_D_CO_FOOD_D_2STATS_30A	40001	185	2	0	9858	2	0	9859
155006407	STR_D_CO_FOOD_D_2STATS_30B	40001	195	2	0	9860	2	0	9861
155006408	STR_D_CO_FOOD_D_2STATS_30C	40001	155	2	0	9862	2	0	9863
155006409	STR_D_CO_FOOD_D_2STATS_30D	40001	175	2	0	9864	2	0	9865
155006410	STR_D_CO_FOOD_D_2STATS_30E	40001	175	2	0	9866	2	0	9867
155006411	STR_D_CO_FOOD_D_2STATS_30F	40001	145	2	0	9868	2	0	9869
155006412	STR_D_CO_FOOD_D_2STATS_30G	40001	135	2	0	9870	2	0	9871
155006413	STR_D_CO_FOOD_D_2STATS_30H	40001	175	2	0	9872	2	0	9873
155006414	STR_D_CO_FOOD_D_PHYATTACK_40A	40001	200	2	0	9874	2	0	9875
155006415	STR_D_CO_FOOD_D_DODGE_40A	40001	210	2	0	9876	2	0	9877
155006416	STR_D_CO_FOOD_D_MSBOOST_40A	40001	220	2	0	9878	2	0	9879
155006417	STR_D_CO_FOOD_D_ACCURACY_40A	40001	230	2	0	9880	2	0	9881
155006418	STR_D_CO_FOOD_D_MRESIST_40A	40001	240	2	0	9882	2	0	9883
155006419	STR_D_CO_FOOD_D_MAXHP_40A	40001	250	2	0	9884	2	0	9885
155006420	STR_D_CO_FOOD_D_MPREGEN_40A	40001	260	2	0	9886	2	0	9887
155006421	STR_D_CO_FOOD_D_MACCURACY_40A	40001	270	2	0	9888	2	0	9889
155006422	STR_D_CO_FOOD_D_MAXMP_40A	40001	280	2	0	9890	2	0	9891
155006423	STR_D_CO_FOOD_D_HPREGEN_40A	40001	290	2	0	9892	2	0	9893
155006424	STR_D_CO_FOOD_D_2STATS_40A	40001	295	2	0	9894	2	0	9895
155006425	STR_D_CO_FOOD_D_2STATS_40B	40001	245	2	0	9896	2	0	9897
155006426	STR_D_CO_FOOD_D_2STATS_40C	40001	235	2	0	9898	2	0	9899
155006427	STR_D_CO_FOOD_D_2STATS_40D	40001	275	2	0	9900	2	0	9901
155006428	STR_D_CO_FOOD_D_2STATS_40E	40001	285	2	0	9902	2	0	9903
155006429	STR_D_CO_FOOD_D_2STATS_40F	40001	255	2	0	9904	2	0	9905
155006430	STR_D_CO_FOOD_D_2STATS_40G	40001	285	2	0	9906	2	0	9907
155006431	STR_D_CO_FOOD_D_2STATS_40H	40001	225	2	0	9908	2	0	9909
155006432	STR_D_CO_FOOD_D_3STATS_40B	40001	400	2	0	9910	2	0	9911
155006433	STR_D_CO_FOOD_D_3STATS_40C	40001	400	2	0	9912	2	0	9913
155006434	STR_D_CO_FOOD_D_3STATS_40D	40001	400	2	0	9914	2	0	9915
155006435	STR_D_CO_FOOD_D_3STATS_40E	40001	400	2	0	9916	2	0	9917
155006436	STR_D_CO_FOOD_D_3STATS_40F	40001	400	2	0	9918	2	0	9919
155006437	STR_D_CO_FOOD_D_3STATS_40G	40001	400	2	0	9920	2	0	9921
155006438	STR_D_CO_FOOD_D_3STATS_40H	40001	400	2	0	9922	2	0	9923
155006439	STR_D_CO_FOOD_D_MAXHP_50A	40001	300	2	0	9924	2	0	9925
155006440	STR_D_CO_FOOD_D_MACCURACY_50A	40001	310	2	0	9926	2	0	9927
155006441	STR_D_CO_FOOD_D_ACCURACY_50A	40001	320	2	0	9928	2	0	9929
155006442	STR_D_CO_FOOD_D_MAXMP_50A	40001	330	2	0	9930	2	0	9931
155006443	STR_D_CO_FOOD_D_HPREGEN_50A	40001	340	2	0	9932	2	0	9933
155006444	STR_D_CO_FOOD_D_MRESIST_50A	40001	350	2	0	9934	2	0	9935
155006445	STR_D_CO_FOOD_D_DODGE_50A	40001	360	2	0	9936	2	0	9937
155006446	STR_D_CO_FOOD_D_PHYATTACK_50A	40001	370	2	0	9938	2	0	9939
155006447	STR_D_CO_FOOD_D_MSBOOST_50A	40001	380	2	0	9940	2	0	9941
155006448	STR_D_CO_FOOD_D_MPREGEN_50A	40001	390	2	0	9942	2	0	9943
155006449	STR_D_CO_FOOD_D_2STATS_50A	40001	395	2	0	9944	2	0	9945
155006450	STR_D_CO_FOOD_D_2STATS_50B	40001	365	2	0	9946	2	0	9947
155006451	STR_D_CO_FOOD_D_2STATS_50C	40001	375	2	0	9948	2	0	9949
155006452	STR_D_CO_FOOD_D_2STATS_50D	40001	385	2	0	9950	2	0	9951
155006453	STR_D_CO_FOOD_D_2STATS_50E	40001	385	2	0	9952	2	0	9953
155006454	STR_D_CO_FOOD_D_2STATS_50F	40001	375	2	0	9954	2	0	9955
155006455	STR_D_CO_FOOD_D_2STATS_50G	40001	335	2	0	9956	2	0	9957
155006456	STR_D_CO_FOOD_D_2STATS_50H	40001	385	2	0	9958	2	0	9959
155006457	STR_D_CO_FOOD_D_3STATS_50B	40001	420	2	0	9960	2	0	9961
155006458	STR_D_CO_FOOD_D_3STATS_50C	40001	420	2	0	9962	2	0	9963
155006459	STR_D_CO_FOOD_D_3STATS_50D	40001	420	2	0	9964	2	0	9965
155006460	STR_D_CO_FOOD_D_3STATS_50E	40001	420	2	0	9966	2	0	9967
155006461	STR_D_CO_FOOD_D_3STATS_50F	40001	420	2	0	9968	2	0	9969
155006462	STR_D_CO_FOOD_D_3STATS_50G	40001	420	2	0	9970	2	0	9971
155006463	STR_D_CO_FOOD_D_3STATS_50H	40001	420	2	0	9972	2	0	9973
155006464	STR_D_CO_CO_PART_D_SIEGE_01A	40001	299	2	0	9974	1	0	3764
155006465	STR_D_CO_ITEM_ABYSS_DARK_SIEGE01	40001	299	2	0	7889	1	0	7890
155006466	STR_D_CO_FOOD_DR_D_2STATS_30A	40001	400	2	0	9975	2	0	9976
155006467	STR_D_CO_FOOD_DR_D_2STATS_30B	40001	400	2	0	9977	2	0	9978
155006468	STR_D_CO_FOOD_DR_D_2STATS_30C	40001	400	2	0	9979	2	0	9980
155006469	STR_D_CO_FOOD_DR_D_2STATS_30D	40001	400	2	0	9981	2	0	9982
155006470	STR_D_CO_FOOD_DR_D_2STATS_30E	40001	400	2	0	9983	2	0	9984
155006471	STR_D_CO_FOOD_DR_D_2STATS_30F	40001	400	2	0	9985	2	0	9986
155006472	STR_D_CO_FOOD_DR_D_2STATS_30G	40001	400	2	0	9987	2	0	9988
155006473	STR_D_CO_FOOD_DR_D_2STATS_30H	40001	400	2	0	9989	2	0	9990
155006474	STR_D_CO_FOOD_DR_D_2STATS_40A	40001	420	2	0	9991	2	0	9992
155006475	STR_D_CO_FOOD_DR_D_2STATS_40B	40001	420	2	0	9993	2	0	9994
155006476	STR_D_CO_FOOD_DR_D_2STATS_40C	40001	420	2	0	9995	2	0	9996
155006477	STR_D_CO_FOOD_DR_D_2STATS_40D	40001	420	2	0	9997	2	0	9998
155006478	STR_D_CO_FOOD_DR_D_2STATS_40E	40001	420	2	0	9999	2	0	10000
155006479	STR_D_CO_FOOD_DR_D_2STATS_40F	40001	420	2	0	10001	2	0	10002
155006480	STR_D_CO_FOOD_DR_D_2STATS_40G	40001	420	2	0	10003	2	0	10004
155006481	STR_D_CO_FOOD_DR_D_2STATS_40H	40001	420	2	0	10005	2	0	10006
155006482	STR_D_CO_FOOD_DR_D_3STATS_40A	40001	420	2	0	10007	2	0	10008
155006483	STR_D_CO_FOOD_DR_D_3STATS_40B	40001	420	2	0	10009	2	0	10010
155006484	STR_D_CO_FOOD_DR_D_3STATS_40C	40001	420	2	0	10011	2	0	10012
155006485	STR_D_CO_FOOD_DR_D_3STATS_40D	40001	420	2	0	10013	2	0	10014
155006486	STR_D_CO_FOOD_DR_D_3STATS_40E	40001	420	2	0	10015	2	0	10016
155006487	STR_D_CO_FOOD_DR_D_3STATS_40F	40001	420	2	0	10017	2	0	10018
155006488	STR_D_CO_FOOD_DR_D_3STATS_40G	40001	420	2	0	10019	2	0	10020
155006489	STR_D_CO_FOOD_DR_D_3STATS_40H	40001	420	2	0	10021	2	0	10022
155006490	STR_D_CO_FOOD_DR_D_2STATS_50A	40001	440	2	0	10023	2	0	10024
155006491	STR_D_CO_FOOD_DR_D_2STATS_50B	40001	440	2	0	10025	2	0	10026
155006492	STR_D_CO_FOOD_DR_D_2STATS_50C	40001	440	2	0	10027	2	0	10028
155006493	STR_D_CO_FOOD_DR_D_2STATS_50D	40001	440	2	0	10029	2	0	10030
155006494	STR_D_CO_FOOD_DR_D_2STATS_50E	40001	440	2	0	10031	2	0	10032
155006495	STR_D_CO_FOOD_DR_D_2STATS_50F	40001	440	2	0	10033	2	0	10034
155006496	STR_D_CO_FOOD_DR_D_2STATS_50G	40001	440	2	0	10035	2	0	10036
155006497	STR_D_CO_FOOD_DR_D_2STATS_50H	40001	440	2	0	10037	2	0	10038
155006498	STR_D_CO_FOOD_DR_D_3STATS_50A	40001	440	2	0	10039	2	0	10040
155006499	STR_D_CO_FOOD_DR_D_3STATS_50B	40001	440	2	0	10041	2	0	10042
155006500	STR_D_CO_FOOD_DR_D_3STATS_50C	40001	440	2	0	10043	2	0	10044
155006501	STR_D_CO_FOOD_DR_D_3STATS_50D	40001	440	2	0	10045	2	0	10046
155006502	STR_D_CO_FOOD_DR_D_3STATS_50E	40001	440	2	0	10047	2	0	10048
155006503	STR_D_CO_FOOD_DR_D_3STATS_50F	40001	440	2	0	10049	2	0	10050
155006504	STR_D_CO_FOOD_DR_D_3STATS_50G	40001	440	2	0	10051	2	0	10052
155006505	STR_D_CO_FOOD_DR_D_3STATS_50H	40001	440	2	0	10053	2	0	10054
155006506	STR_D_CO_FOOD_D_DPHEAL_40A	40001	420	2	0	10055	2	0	10056
155006507	STR_D_CO_FOOD_D_DPHEAL_50A	40001	440	2	0	10057	2	0	10058
155006508	STR_D_CO_FOOD_D_LUPYLLINID_10_N	40001	95	2	0	10059	2	0	10060
155006509	STR_D_CO_FOOD_D_FUNGYRED_23_AN	40001	195	2	0	10061	2	0	10062
155006510	STR_D_CO_FOOD_D_3C_FLYINGEYE_29_AE	40001	195	2	0	10063	2	0	3852
155006511	STR_D_CO_FOOD_D_MAHISHADRAKYD_31_AN	40001	295	2	0	10064	2	0	10065
155006512	STR_D_CO_FOOD_D_AGRINTICED_36_AN	40001	295	2	0	10066	2	0	10067
155006513	STR_D_CV_WS_MATERIAL_N_C_25A	40009	1	2	0	3859	3	200	3860
155006514	STR_D_CV_WS_MATERIAL_N_C_30A	40009	1	2	0	3861	3	200	3862
155006515	STR_D_CV_WS_MATERIAL_N_C_35A	40009	1	2	0	3863	3	200	3864
155006516	STR_D_CV_WS_MATERIAL_N_C_40A	40009	1	2	0	3865	3	200	3866
155006517	STR_D_CV_WS_MATERIAL_N_C_45A	40009	1	2	0	3867	3	200	3868
155006518	STR_D_CV_WS_MATERIAL_N_C_50A	40009	1	2	0	3869	3	200	3870
155006519	STR_D_CV_WS_MATERIAL_N_R_35A	40009	1	2	0	3871	3	200	3872
155006520	STR_D_CV_WS_MATERIAL_N_R_40A	40009	1	2	0	3873	3	200	3874
155006521	STR_D_CV_WS_MATERIAL_N_R_45A	40009	1	2	0	3875	3	200	3876
155006522	STR_D_CV_WS_MATERIAL_N_R_50A	40009	1	2	0	3877	3	200	3878
155006523	STR_D_CV_AS_MATERIAL_N_C_23A	40009	1	2	0	3879	3	200	3880
155006524	STR_D_CV_AS_MATERIAL_N_C_28A	40009	1	2	0	3881	3	200	3882
155006525	STR_D_CV_AS_MATERIAL_N_C_33A	40009	1	2	0	3883	3	200	3884
155006526	STR_D_CV_AS_MATERIAL_N_C_38A	40009	1	2	0	3885	3	200	3886
155006527	STR_D_CV_AS_MATERIAL_N_C_43A	40009	1	2	0	3887	3	200	3888
155006528	STR_D_CV_AS_MATERIAL_N_C_48A	40009	1	2	0	3889	3	200	3890
155006529	STR_D_CV_AS_MATERIAL_N_R_33A	40009	1	2	0	3891	3	200	3892
155006530	STR_D_CV_AS_MATERIAL_N_R_38A	40009	1	2	0	3893	3	200	3894
155006531	STR_D_CV_AS_MATERIAL_N_R_43A	40009	1	2	0	3895	3	200	3896
155006532	STR_D_CV_AS_MATERIAL_N_R_48A	40009	1	2	0	3897	3	200	3898
155006533	STR_D_CV_AS_MATERIAL_N_C_23B	40009	1	2	0	3899	3	200	3900
155006534	STR_D_CV_AS_MATERIAL_N_C_28B	40009	1	2	0	3901	3	200	3902
155006535	STR_D_CV_AS_MATERIAL_N_C_33B	40009	1	2	0	3903	3	200	3904
155006536	STR_D_CV_AS_MATERIAL_N_C_38B	40009	1	2	0	3905	3	200	3906
155006537	STR_D_CV_AS_MATERIAL_N_C_43B	40009	1	2	0	3907	3	200	3908
155006538	STR_D_CV_AS_MATERIAL_N_C_48B	40009	1	2	0	3909	3	200	3910
155006539	STR_D_CV_AS_MATERIAL_N_R_33B	40009	1	2	0	3911	3	200	3912
155006540	STR_D_CV_AS_MATERIAL_N_R_38B	40009	1	2	0	3913	3	200	3914
155006541	STR_D_CV_AS_MATERIAL_N_R_43B	40009	1	2	0	3915	3	200	3916
155006542	STR_D_CV_AS_MATERIAL_N_R_48B	40009	1	2	0	3917	3	200	3918
155006543	STR_D_WS_MACE_D_N_R1_S_47A	40002	365	2	0	10068	1	0	10069
155006544	STR_D_WS_2HSWORD_D_N_L1_S_50A	40002	385	2	0	10070	1	0	10071
155006545	STR_D_WS_SWORD_D_N_L1_S_50A	40002	385	2	0	10072	1	0	10073
155006546	STR_D_AS_CH_SHOES_D_N_R1_S_46A	40003	355	2	0	10074	1	0	10075
155006547	STR_D_AS_PL_SHOES_D_N_R1_S_46A	40003	355	2	0	10076	1	0	10077
155006548	STR_D_AS_CH_SHOUL_D_N_L1_S_50A	40003	385	2	0	10078	1	0	10079
155006549	STR_D_AS_PL_SHOUL_D_N_L1_S_50A	40003	385	2	0	10080	1	0	10081
155006550	STR_D_TA_BELT_D_N_R1_S_47A	40004	365	2	0	10082	1	0	10083
155006551	STR_D_TA_LT_TORSO_D_N_R1_S_47A	40004	365	2	0	10084	1	0	10085
155006552	STR_D_TA_LT_PANTS_D_N_L1_S_46A	40004	355	2	0	10086	1	0	10087
155006553	STR_D_TA_LT_SHOES_D_N_L1_S_46A	40004	355	2	0	10088	1	0	10089
155006554	STR_D_TA_RB_SHOES_D_N_R1_S_47A	40004	365	2	0	10090	1	0	10091
155006555	STR_D_TA_RB_PANTS_D_N_R1_S_47A	40004	365	2	0	10092	1	0	10093
155006556	STR_D_TA_AC_HEAD_D_N_R1_GB_45A	40004	350	2	0	10094	1	0	10095
155006557	STR_D_TA_BELT_D_N_L1_S_47B	40004	375	2	0	10096	1	0	10097
155006558	STR_D_TA_RB_SHOUL_D_N_L1_S_50A	40004	385	2	0	10098	1	0	10099
155006559	STR_D_HA_NECKLACE_D_N_R1_S_47A	40008	365	2	0	10100	1	0	10101
155006560	STR_D_HA_AC_HEAD_D_N_R1_AG_45A	40008	350	2	0	10102	1	0	10103
155006561	STR_D_HA_EARRING_D_N_L1_S_47A	40008	375	2	0	10104	1	0	10105
155006562	STR_D_HA_NECKLACE_D_N_L1_S_50A	40008	385	2	0	10106	1	0	10107
155006563	STR_D_HA_BOW_D_N_R1_S_47A	40008	365	2	0	10108	1	0	10109
155006564	STR_D_HA_BOW_D_N_L1_S_50A	40008	385	2	0	10110	1	0	10111
155006565	STR_D_AL_ORB_D_N_R1_S_47A	40007	375	2	0	10112	1	0	10113
155006566	STR_D_AL_ORB_D_N_L1_S_50A	40007	385	2	0	10114	1	0	10115
155006567	STR_D_CO_FOOD_D_2STATS_S_50I	40001	385	2	0	10116	2	0	10117
155006568	STR_D_CO_FOOD_D_2STATS_S_50J	40001	365	2	0	10118	2	0	10119
155006569	STR_D_CO_FOOD_D_SKELETOND	40001	395	2	0	10120	2	0	10121
155006570	STR_D_CO_FOOD_D_GRAVEKNIGHTD	40001	395	2	0	10122	2	0	10123
155006571	STR_D_AS_CH_GLOVE_D_N_L1_S_50A	40003	385	2	0	10124	1	0	10079
155006572	STR_D_AS_PL_SHOES_D_N_L1_S_50A	40003	375	2	0	10125	1	0	10126
155006573	STR_D_AS_PL_PANTS_D_N_L1_S_50A	40003	375	2	0	10127	1	0	10128
155006574	STR_D_TA_RB_GLOVE_D_N_L1_S_50A	40004	385	2	0	10129	1	0	10099
155006575	STR_D_HA_AC_HEAD_D_N_L1_S_50A	40008	385	2	0	10130	1	0	10107
155006576	STR_D_WS_SWORD_D_N_R2_H_44A	40002	340	2	0	10131	1	0	3990
155006577	STR_D_WS_POLEARM_D_N_R2_H_44A	40002	340	2	0	10132	1	0	3992
155006578	STR_D_HA_BOW_D_N_R2_H_44A	40008	340	2	0	10133	1	0	3994
155006579	STR_D_HA_SHIELD_D_N_R2_H_44A	40008	340	2	0	10134	1	0	3996
155006580	STR_D_HA_ORB_D_N_R2_H_44A	40008	340	2	0	10135	1	0	3998
155006581	STR_D_AL_BOOK_D_N_R2_H_44A	40007	340	2	0	10136	1	0	4000
155006582	STR_D_AL_STAFF_D_N_R2_H_44A	40007	340	2	0	10137	1	0	4002
155006583	STR_D_CO_DAGGER_D_N_R2_H_44A	40001	340	2	0	10138	1	0	4004
155006584	STR_D_CO_MACE_D_N_R2_H_44A	40001	340	2	0	10139	1	0	4006
155006585	STR_D_CO_2HSWORD_D_N_R2_H_44A	40001	340	2	0	10140	1	0	4008
155006586	STR_D_CV_WS_MATERIAL_N_L_45A	40009	1	2	0	4009	3	200	4010
155006587	STR_D_CV_WS_MATERIAL_N_L_50A	40009	1	2	0	4011	3	200	4012
155006588	STR_D_CV_AS_MATERIAL_N_L_43A	40009	1	2	0	4013	3	200	4014
155006589	STR_D_CV_AS_MATERIAL_N_L_48A	40009	1	2	0	4015	3	200	4016
155006590	STR_D_CV_AS_MATERIAL_N_L_43B	40009	1	2	0	4017	3	200	4018
155006591	STR_D_CV_AS_MATERIAL_N_L_48B	40009	1	2	0	4019	3	200	4020
155006592	STR_D_CV_CV_METAL_N_U_S_40A	40009	1	2	0	4021	1	4000	4022
155006593	STR_D_WS_MACE_D_N_U1_S_44A	40002	440	2	0	10141	1	0	10142
155006594	STR_D_WS_DAGGER_D_N_U1_S_50A	40002	449	2	0	10143	1	0	10144
155006595	STR_D_WS_POLEARM_D_N_U1_S_50A	40002	449	2	0	10145	1	0	10144
155006596	STR_D_WS_2HSWORD_D_N_U1_S_50A	40002	449	2	0	10146	1	0	10147
155006597	STR_D_WS_SWORD_D_N_U1_S_50A	40002	449	2	0	10148	1	0	10149
155006598	STR_D_WS_DEVANION_MASTER_01A	40002	449	2	0	4032	1	0	4033
155006599	STR_D_AS_SHIELD_D_N_U1_S_43A	40003	440	2	0	10150	1	0	10151
155006600	STR_D_AS_CH_PANTS_D_N_U1_S_50A	40003	449	2	0	10152	1	0	10153
155006601	STR_D_AS_CH_HEAD_D_N_U1_S_50A	40003	449	2	0	10154	1	0	10155
155006602	STR_D_AS_PL_GLOVE_D_N_U1_S_50A	40003	449	2	0	10156	1	0	10157
155006603	STR_D_AS_PL_HEAD_D_N_U1_S_50A	40003	449	2	0	10158	1	0	10159
155006604	STR_D_AS_CH_TORSO_D_N_U1_S_50A	40003	449	2	0	10160	1	0	10161
155006605	STR_D_AS_PL_SHOUL_D_N_U1_S_50A	40003	449	2	0	10162	1	0	10163
155006606	STR_D_AS_SHIELD_D_N_U1_S_50A	40003	449	2	0	10164	1	0	10165
155006607	STR_D_AS_CH_SHOES_D_N_L2_S_50A	40003	430	2	0	10166	1	0	10167
155006608	STR_D_AS_CH_GLOVE_D_N_L2_S_50B	40003	430	2	0	10168	1	0	10167
155006609	STR_D_AS_CH_SHOUL_D_N_L2_S_50B	40003	430	2	0	10169	1	0	10167
155006610	STR_D_AS_CH_PANTS_D_N_L2_S_50A	40003	430	2	0	10170	1	0	10171
155006611	STR_D_AS_CH_TORSO_D_N_L2_S_50A	40003	430	2	0	10172	1	0	10173
155006612	STR_D_AS_PL_SHOES_D_N_L2_S_50B	40003	430	2	0	10174	1	0	10175
155006613	STR_D_AS_PL_GLOVE_D_N_L2_S_50A	40003	430	2	0	10176	1	0	10175
155006614	STR_D_AS_PL_SHOUL_D_N_L2_S_50B	40003	430	2	0	10177	1	0	10175
155006615	STR_D_AS_PL_PANTS_D_N_L2_S_50B	40003	430	2	0	10178	1	0	10179
155006616	STR_D_AS_PL_TORSO_D_N_L2_S_50A	40003	430	2	0	10180	1	0	10181
155006617	STR_D_AS_DEVANION_MASTER_01A	40003	449	2	0	4032	1	0	4033
155006618	STR_D_TA_LT_SHOUL_D_N_U1_S_50A	40004	449	2	0	10182	1	0	10183
155006619	STR_D_TA_LT_TORSO_D_N_U1_S_50A	40004	449	2	0	10184	1	0	10185
155006620	STR_D_TA_LT_GLOVE_D_N_U1_S_50A	40004	449	2	0	10186	1	0	10187
155006621	STR_D_TA_LT_SHOES_D_N_L2_S_50A	40004	430	2	0	10188	1	0	10189
155006622	STR_D_TA_LT_GLOVE_D_N_L2_S_50B	40004	430	2	0	10190	1	0	10189
155006623	STR_D_TA_LT_SHOUL_D_N_L2_S_50B	40004	430	2	0	10191	1	0	10189
155006624	STR_D_TA_LT_PANTS_D_N_L2_S_50A	40004	430	2	0	10192	1	0	10193
155006625	STR_D_TA_LT_TORSO_D_N_L2_S_50A	40004	430	2	0	10194	1	0	10195
155006626	STR_D_TA_RB_SHOES_D_N_U1_S_50A	40004	449	2	0	10196	1	0	10197
155006627	STR_D_TA_RB_PANTS_D_N_U1_S_50A	40004	449	2	0	10198	1	0	10199
155006628	STR_D_TA_RB_HEAD_D_N_U1_S_50A	40004	449	2	0	10200	1	0	10201
155006629	STR_D_TA_RB_SHOES_D_N_L2_S_50A	40004	430	2	0	10202	1	0	10203
155006630	STR_D_TA_RB_GLOVE_D_N_L2_S_50B	40004	430	2	0	10204	1	0	10203
155006631	STR_D_TA_RB_SHOUL_D_N_L2_S_50B	40004	430	2	0	10205	1	0	10203
155006632	STR_D_TA_RB_PANTS_D_N_L2_S_50A	40004	430	2	0	10206	1	0	10207
155006633	STR_D_TA_RB_TORSO_D_N_L2_S_50A	40004	430	2	0	10208	1	0	10209
155006634	STR_D_TA_DEVANION_MASTER_01A	40004	449	2	0	4032	1	0	4033
155006635	STR_D_HA_NECKLACE_D_N_U1_S_44A	40008	440	2	0	10210	1	0	10211
155006636	STR_D_HA_RING_D_N_U1_S_50A	40008	449	2	0	10212	1	0	10213
155006637	STR_D_HA_EARRING_D_N_U1_S_50A	40008	449	2	0	10214	1	0	10215
155006638	STR_D_HA_BOW_D_N_U1_S_44A	40008	440	2	0	10216	1	0	10217
155006639	STR_D_HA_BOW_D_N_U1_S_50A	40008	449	2	0	10218	1	0	10219
155006640	STR_D_HA_STAFF_D_N_U1_S_50A	40008	449	2	0	10220	1	0	4105
155006641	STR_D_HA_DEVANION_MASTER_01A	40008	449	2	0	4032	1	0	4033
155006642	STR_D_AL_BOOK_D_N_U1_S_44A	40007	440	2	0	10221	1	0	10222
155006643	STR_D_AL_BOOK_D_N_U1_S_50A	40007	449	2	0	10223	1	0	10224
155006644	STR_D_AL_ORB_D_N_U1_S_50A	40007	449	2	0	10225	1	0	4105
155006645	STR_D_AL_DEVANION_MASTER_01A	40007	449	2	0	4032	1	0	4033
155006646	STR_D_CO_DEVANION_MASTER_01A	40001	449	2	0	4032	1	0	4033
155006647	STR_D_WS_MACE_D_N_U1_S_50A	40002	449	2	0	10226	1	0	10227
155006648	STR_D_CV_METAL_N_R_20A	40009	1	2	0	4113	2	200	4114
155006649	STR_D_CV_HERB_D_N_R_20A	40009	1	2	0	10228	3	200	4114
155006650	STR_D_CV_HERB_D_N_R_20B	40009	1	2	0	10229	3	200	4114
155006651	STR_D_CV_NOBLEMETAL_N_R_20A	40009	1	2	0	4116	1	200	4114
155006652	STR_D_CV_METAL_N_R_30A	40009	1	2	0	4118	2	200	4119
155006653	STR_D_CV_METAL_N_L_30A	40009	1	2	0	4120	2	200	4121
155006654	STR_D_CV_NOBLEMETAL_N_R_30A	40009	1	2	0	4122	1	200	4119
155006655	STR_D_CV_NOBLEMETAL_N_L_30A	40009	1	2	0	4123	1	200	4121
155006656	STR_D_CV_JEWELRY_N_R_30A	40009	1	2	0	4124	1	200	4125
155006657	STR_D_CV_HERB_D_N_R_30A	40009	1	2	0	10230	3	200	4119
155006658	STR_D_CV_JEWELRY_N_R_30B	40009	1	2	0	4127	1	200	4125
155006659	STR_D_CV_HERB_D_N_R_30B	40009	1	2	0	10231	3	200	4119
155006660	STR_D_CV_JEWELRY_N_R_30C	40009	1	2	0	4129	1	200	4125
155006661	STR_D_CV_HERB_D_N_R_40A	40009	1	2	0	10232	3	200	4131
155006662	STR_D_CV_METAL_N_R_40A	40009	1	2	0	4130	2	200	4131
155006663	STR_D_CV_METAL_N_L_40A	40009	1	2	0	4132	2	200	4133
155006664	STR_D_CV_METAL_N_U_40A	40009	1	2	0	4134	2	200	4135
155006665	STR_D_CV_JEWELRY_N_R_40A	40009	1	2	0	4137	1	200	4138
155006666	STR_D_CV_NOBLEMETAL_N_R_40A	40009	1	2	0	4139	1	200	4131
155006667	STR_D_CV_NOBLEMETAL_N_L_40A	40009	1	2	0	4140	1	200	4133
155006668	STR_D_CV_NOBLEMETAL_N_U_40A	40009	1	2	0	4141	1	200	4135
155006669	STR_D_CV_JEWELRY_N_R_40B	40009	1	2	0	4142	1	200	4138
155006670	STR_D_CV_HERB_D_N_R_40B	40009	1	2	0	10233	3	200	4131
155006671	STR_D_CV_JEWELRY_N_R_40C	40009	1	2	0	4144	1	200	4138
155006672	STR_D_CV_METAL_N_C_50A	40009	1	2	0	4145	2	200	4146
155006673	STR_D_CV_METAL_N_R_50A	40009	1	2	0	4147	2	200	4148
155006674	STR_D_CV_METAL_N_L_50A	40009	1	2	0	4149	2	200	4150
155006675	STR_D_CV_METAL_N_U_50A	40009	1	2	0	4151	2	200	4152
155006676	STR_D_CV_TREE_D_N_C_50A	40009	1	2	0	10234	2	200	4146
155006677	STR_D_CV_SHELL_D_N_C_50A	40009	1	2	0	10235	3	200	4146
155006678	STR_D_CV_JEWELRY_N_C_50B	40009	1	2	0	4155	1	200	4156
155006679	STR_D_CV_JEWELRY_N_R_50B	40009	1	2	0	4157	1	200	4158
155006680	STR_D_CV_JEWELRY_N_L_50B	40009	1	2	0	4159	1	200	4160
155006681	STR_D_CV_VEGETABLE_D_N_C_50A	40009	1	2	0	10236	3	200	4146
155006682	STR_D_CV_BERRY_D_N_C_50A	40009	1	2	0	10237	3	200	4146
155006683	STR_D_CV_VEGETABLE_D_N_C_50B	40009	1	2	0	10238	3	200	4146
155006684	STR_D_CV_HERB_D_N_C_50A	40009	1	2	0	10239	3	200	4146
155006685	STR_D_CV_HERB_D_N_R_50A	40009	1	2	0	10240	3	200	4148
155006686	STR_D_CV_JEWELRY_N_C_50A	40009	1	2	0	4166	1	200	4156
155006687	STR_D_CV_JEWELRY_N_R_50A	40009	1	2	0	4167	1	200	4158
155006688	STR_D_CV_JEWELRY_N_L_50A	40009	1	2	0	4168	1	200	4160
155006689	STR_D_CV_FISH_D_N_C_50A	40009	1	2	0	10241	3	200	4146
155006690	STR_D_CV_NOBLEMETAL_N_C_50A	40009	1	2	0	4170	1	200	4146
155006691	STR_D_CV_NOBLEMETAL_N_R_50A	40009	1	2	0	4171	1	200	4148
155006692	STR_D_CV_NOBLEMETAL_N_L_50A	40009	1	2	0	4172	1	200	4150
155006693	STR_D_CV_NOBLEMETAL_N_U_50A	40009	1	2	0	4173	1	200	4152
155006694	STR_D_CV_SHELL_D_N_C_50B	40009	1	2	0	10242	3	200	4146
155006695	STR_D_CV_PLANT_D_N_C_50A	40009	1	2	0	10243	2	200	4146
155006696	STR_D_CV_FISH_D_N_C_50B	40009	1	2	0	10244	3	200	4146
155006697	STR_D_CV_BERRY_D_N_C_50B	40009	1	2	0	10245	3	200	4146
155006698	STR_D_CV_HERB_D_N_C_50B	40009	1	2	0	10246	3	200	4146
155006699	STR_D_CV_HERB_D_N_R_50B	40009	1	2	0	10247	3	200	4148
155006700	STR_D_CV_VEGETABLE_D_N_C_50C	40009	1	2	0	10248	3	200	4146
155006701	STR_D_CV_JEWELRY_N_C_50C	40009	1	2	0	4181	1	200	4156
155006702	STR_D_CV_JEWELRY_N_R_50C	40009	1	2	0	4182	1	200	4158
155006703	STR_D_CV_JEWELRY_N_L_50C	40009	1	2	0	4183	1	200	4160
155006704	STR_D_CV_RAWHIDE_N_C_05A	40009	1	2	0	4184	2	200	4146
155006705	STR_D_CV_SOULSTONE_N_C_05A	40009	1	2	0	4185	2	200	4146
155006706	STR_D_CV_WS_MATERIAL_N_C_55A	40009	1	2	0	4186	3	200	4187
155006707	STR_D_CV_WS_MATERIAL_N_R_55A	40009	1	2	0	4188	3	200	4189
155006708	STR_D_CV_WS_MATERIAL_N_L_55A	40009	1	2	0	4190	3	200	4191
155006709	STR_D_CV_WS_MATERIAL_N_U_55A	40009	1	2	0	4192	3	200	4193
155006710	STR_D_CV_AS_MATERIAL_N_C_53A	40009	1	2	0	4194	3	200	4195
155006711	STR_D_CV_AS_MATERIAL_N_R_53A	40009	1	2	0	4196	3	200	4197
155006712	STR_D_CV_AS_MATERIAL_N_L_53A	40009	1	2	0	4198	3	200	4199
155006713	STR_D_CV_AS_MATERIAL_N_U_53A	40009	1	2	0	4200	3	200	4201
155006714	STR_D_CV_AS_MATERIAL_N_C_53B	40009	1	2	0	4202	3	200	4203
155006715	STR_D_CV_AS_MATERIAL_N_R_53B	40009	1	2	0	4204	3	200	4205
155006716	STR_D_CV_AS_MATERIAL_N_L_53B	40009	1	2	0	4206	3	200	4207
155006717	STR_D_CV_AS_MATERIAL_N_U_53B	40009	1	2	0	4208	3	200	4209
155006718	STR_D_WS_WS_PART_D_BAUXI_01A	40002	400	2	0	10249	1	0	4211
155006719	STR_D_WS_WS_PART_D_BAUXI_02A	40002	405	2	0	10250	1	0	10251
155006720	STR_D_WS_WS_PART_D_BAUXI_03A	40002	410	2	0	10252	1	0	10253
155006721	STR_D_WS_DAGGER_D_N_C2_P_55A	40002	410	2	0	10254	1	0	10255
155006722	STR_D_WS_SWORD_D_N_C2_P_55A	40002	420	2	0	10256	1	0	10255
155006723	STR_D_WS_MACE_D_N_C2_P_55A	40002	430	2	0	10257	1	0	10255
155006724	STR_D_WS_2HSWORD_D_N_C2_P_55A	40002	440	2	0	10258	1	0	10255
155006725	STR_D_WS_POLEARM_D_N_C2_P_55A	40002	449	2	0	10259	1	0	10255
155006726	STR_D_WS_DAGGER_D_N_R2_P_55A	40002	410	2	0	10260	1	0	10261
155006727	STR_D_WS_SWORD_D_N_R2_P_55A	40002	420	2	0	10262	1	0	10263
155006728	STR_D_WS_MACE_D_N_R2_P_55A	40002	430	2	0	10264	1	0	10265
155006729	STR_D_WS_2HSWORD_D_N_R2_P_55A	40002	440	2	0	10266	1	0	10267
155006730	STR_D_WS_POLEARM_D_N_R2_P_55A	40002	449	2	0	10268	1	0	10269
155006731	STR_D_WS_DAGGER_D_N_L2_P_55A	40002	410	2	0	10270	1	0	10271
155006732	STR_D_WS_SWORD_D_N_L2_P_55A	40002	420	2	0	10272	1	0	10273
155006733	STR_D_WS_MACE_D_N_L2_P_55A	40002	430	2	0	10274	1	0	10275
155006734	STR_D_WS_2HSWORD_D_N_L2_P_55A	40002	440	2	0	10276	1	0	10277
155006735	STR_D_WS_POLEARM_D_N_L2_P_55A	40002	449	2	0	10278	1	0	10279
155006736	STR_D_WS_DAGGER_D_N_U2_P_55A	40002	500	2	0	10280	1	0	10281
155006737	STR_D_WS_SWORD_D_N_U2_P_55A	40002	500	2	0	10282	1	0	10283
155006738	STR_D_WS_MACE_D_N_U2_P_55A	40002	500	2	0	10284	1	0	10285
155006739	STR_D_WS_2HSWORD_D_N_U2_P_55A	40002	500	2	0	10286	1	0	10287
155006740	STR_D_WS_POLEARM_D_N_U2_P_55A	40002	500	2	0	10288	1	0	10289
155006741	STR_D_WS_DAGGER_D_N_E2_M_55A	40002	500	2	1	10290	1	0	10291
155006742	STR_D_WS_SWORD_D_N_E2_M_55A	40002	500	2	1	10292	1	0	10293
155006743	STR_D_WS_MACE_D_N_E2_M_55A	40002	500	2	1	10294	1	0	10295
155006744	STR_D_WS_2HSWORD_D_N_E2_M_55A	40002	500	2	1	10296	1	0	10297
155006745	STR_D_WS_POLEARM_D_N_E2_M_55A	40002	500	2	1	10298	1	0	10299
155006746	STR_D_WS_QUEST_D_SKILL_WEAPON_450	40002	499	2	1	10300	1	0	10301
155006747	STR_D_WS_QUEST_D_SKILL_WEAPON_500	40002	499	2	1	10302	1	0	10303
155006748	STR_D_WS_SWORD_D_N_U1_S_52A	40002	440	2	0	10304	1	0	10305
155006749	STR_D_WS_MACE_D_N_U1_S_52A	40002	440	2	0	10306	1	0	10305
155006750	STR_D_WS_POLEARM_D_N_U1_S_52A	40002	440	2	0	10307	1	0	10308
155006751	STR_D_WS_WS_PART_D_DRA_551A	40002	450	2	0	10309	1	0	4272
155006752	STR_D_WS_WS_PART_D_DRA_552A	40002	460	2	0	10310	1	0	4274
155006753	STR_D_WS_WS_PART_D_DRA_553A	40002	470	2	0	10311	1	0	4276
155006754	STR_D_WS_COMBINESKILL_D_ALL_01A	40002	500	2	0	10312	1	0	4278
155006755	STR_D_WS_DAGGER_D_D_R2_P_55A	40002	480	2	0	10313	1	0	10314
155006756	STR_D_WS_SWORD_D_D_R2_P_55A	40002	480	2	0	10315	1	0	10314
155006757	STR_D_WS_MACE_D_D_R2_P_55A	40002	480	2	0	10316	1	0	10314
155006758	STR_D_WS_2HSWORD_D_D_R2_P_55A	40002	480	2	0	10317	1	0	10314
155006759	STR_D_WS_POLEARM_D_D_R2_P_55A	40002	480	2	0	10318	1	0	10314
155006760	STR_D_WS_DAGGER_D_D_L2_P_55A	40002	490	2	0	10319	1	0	10320
155006761	STR_D_WS_SWORD_D_D_L2_P_55A	40002	490	2	0	10321	1	0	10322
155006762	STR_D_WS_MACE_D_D_L2_P_55A	40002	490	2	0	10323	1	0	10324
155006763	STR_D_WS_2HSWORD_D_D_L2_P_55A	40002	490	2	0	10325	1	0	10326
155006764	STR_D_WS_POLEARM_D_D_L2_P_55A	40002	490	2	0	10327	1	0	10328
155006765	STR_D_WS_DAGGER_D_D_U2_P_55A	40002	500	2	0	10329	1	0	10330
155006766	STR_D_WS_SWORD_D_D_U2_P_55A	40002	500	2	0	10331	1	0	10332
155006767	STR_D_WS_MACE_D_D_U2_P_55A	40002	500	2	0	10333	1	0	10334
155006768	STR_D_WS_2HSWORD_D_D_U2_P_55A	40002	500	2	0	10335	1	0	10336
155006769	STR_D_WS_POLEARM_D_D_U2_P_55A	40002	500	2	0	10337	1	0	10338
155006770	STR_D_AS_WS_PART_D_BAUXI_01A	40003	400	2	0	10249	1	0	4211
155006771	STR_D_AS_AS_PART_D_BAUXI_01A	40003	405	2	0	10339	1	0	10251
155006772	STR_D_AS_AS_PART_D_BAUXI_02A	40003	405	2	0	10340	1	0	10341
155006773	STR_D_AS_AS_PART_D_BAUXI_01B	40003	410	2	0	10342	1	0	10343
155006774	STR_D_AS_AS_PART_D_BAUXI_02B	40003	410	2	0	10344	1	0	10345
155006775	STR_D_AS_AS_PART_D_BAUXI_03A	40003	405	2	0	10346	1	0	10341
155006776	STR_D_AS_AS_PART_D_BAUXI_04A	40003	405	2	0	10347	1	0	10348
155006777	STR_D_AS_AS_PART_D_BAUXI_05A	40003	405	2	0	10349	1	0	10253
155006778	STR_D_AS_AS_PART_D_BAUXI_03B	40003	410	2	0	10350	1	0	10351
155006779	STR_D_AS_AS_PART_D_BAUXI_04B	40003	410	2	0	10352	1	0	10353
155006780	STR_D_AS_AS_PART_D_BAUXI_05B	40003	410	2	0	10354	1	0	10355
155006781	STR_D_AS_CH_SHOES_D_N_C2_P_53A	40003	410	2	0	10356	1	0	10357
155006782	STR_D_AS_CH_GLOVE_D_N_C2_P_53A	40003	420	2	0	10358	1	0	10357
155006783	STR_D_AS_CH_SHOUL_D_N_C2_P_53A	40003	430	2	0	10359	1	0	10357
155006784	STR_D_AS_CH_PANTS_D_N_C2_P_53A	40003	440	2	0	10360	1	0	10361
155006785	STR_D_AS_CH_TORSO_D_N_C2_P_53A	40003	449	2	0	10362	1	0	10363
155006786	STR_D_AS_CH_HEAD_D_N_C2_P_53A	40003	440	2	0	10364	1	0	10365
155006787	STR_D_AS_PL_SHOES_D_N_C2_P_53A	40003	410	2	0	10366	1	0	10367
155006788	STR_D_AS_PL_GLOVE_D_N_C2_P_53A	40003	420	2	0	10368	1	0	10367
155006789	STR_D_AS_PL_SHOUL_D_N_C2_P_53A	40003	430	2	0	10369	1	0	10367
155006790	STR_D_AS_PL_PANTS_D_N_C2_P_53A	40003	440	2	0	10370	1	0	10371
155006791	STR_D_AS_PL_TORSO_D_N_C2_P_53A	40003	449	2	0	10372	1	0	10373
155006792	STR_D_AS_PL_HEAD_D_N_C2_P_53A	40003	440	2	0	10374	1	0	10375
155006793	STR_D_AS_SHIELD_D_N_C2_P_55A	40003	449	2	0	10376	1	0	10377
155006794	STR_D_AS_CH_SHOES_D_N_R2_P_53A	40003	410	2	0	10378	1	0	10379
155006795	STR_D_AS_CH_GLOVE_D_N_R2_P_53A	40003	420	2	0	10380	1	0	10379
155006796	STR_D_AS_CH_SHOUL_D_N_R2_P_53A	40003	430	2	0	10381	1	0	10379
155006797	STR_D_AS_CH_PANTS_D_N_R2_P_53A	40003	440	2	0	10382	1	0	10383
155006798	STR_D_AS_CH_TORSO_D_N_R2_P_53A	40003	449	2	0	10384	1	0	10385
155006799	STR_D_AS_CH_HEAD_D_N_R2_P_53A	40003	440	2	0	10386	1	0	10387
155006800	STR_D_AS_PL_SHOES_D_N_R2_P_53A	40003	410	2	0	10388	1	0	10389
155006801	STR_D_AS_PL_GLOVE_D_N_R2_P_53A	40003	420	2	0	10390	1	0	10389
155006802	STR_D_AS_PL_SHOUL_D_N_R2_P_53A	40003	430	2	0	10391	1	0	10389
155006803	STR_D_AS_PL_PANTS_D_N_R2_P_53A	40003	440	2	0	10392	1	0	10393
155006804	STR_D_AS_PL_TORSO_D_N_R2_P_53A	40003	449	2	0	10394	1	0	10395
155006805	STR_D_AS_PL_HEAD_D_N_R2_P_53A	40003	440	2	0	10396	1	0	10397
155006806	STR_D_AS_SHIELD_D_N_R2_P_55A	40003	449	2	0	10398	1	0	10399
155006807	STR_D_AS_CH_SHOES_D_N_L2_P_53A	40003	410	2	0	10400	1	0	10401
155006808	STR_D_AS_CH_GLOVE_D_N_L2_P_53A	40003	420	2	0	10402	1	0	10401
155006809	STR_D_AS_CH_SHOUL_D_N_L2_P_53A	40003	430	2	0	10403	1	0	10401
155006810	STR_D_AS_CH_PANTS_D_N_L2_P_53A	40003	440	2	0	10404	1	0	10405
155006811	STR_D_AS_CH_TORSO_D_N_L2_P_53A	40003	449	2	0	10406	1	0	10407
155006812	STR_D_AS_CH_HEAD_D_N_L2_P_53A	40003	440	2	0	10408	1	0	10409
155006813	STR_D_AS_PL_SHOES_D_N_L2_P_53A	40003	410	2	0	10410	1	0	10411
155006814	STR_D_AS_PL_GLOVE_D_N_L2_P_53A	40003	420	2	0	10412	1	0	10411
155006815	STR_D_AS_PL_SHOUL_D_N_L2_P_53A	40003	430	2	0	10413	1	0	10411
155006816	STR_D_AS_PL_PANTS_D_N_L2_P_53A	40003	440	2	0	10414	1	0	10415
155006817	STR_D_AS_PL_TORSO_D_N_L2_P_53A	40003	449	2	0	10416	1	0	10417
155006818	STR_D_AS_PL_HEAD_D_N_L2_P_53A	40003	440	2	0	10418	1	0	10419
155006819	STR_D_AS_SHIELD_D_N_L2_P_55A	40003	449	2	0	10420	1	0	10421
155006820	STR_D_AS_CH_SHOES_D_N_U2_P_53A	40003	500	2	0	10422	1	0	10423
155006821	STR_D_AS_CH_GLOVE_D_N_U2_P_53A	40003	500	2	0	10424	1	0	10423
155006822	STR_D_AS_CH_SHOUL_D_N_U2_P_53A	40003	500	2	0	10425	1	0	10423
155006823	STR_D_AS_CH_PANTS_D_N_U2_P_53A	40003	500	2	0	10426	1	0	10427
155006824	STR_D_AS_CH_TORSO_D_N_U2_P_53A	40003	500	2	0	10428	1	0	10429
155006825	STR_D_AS_CH_HEAD_D_N_U2_P_53A	40003	500	2	0	10430	1	0	10431
155006826	STR_D_AS_PL_SHOES_D_N_U2_P_53A	40003	500	2	0	10432	1	0	10433
155006827	STR_D_AS_PL_GLOVE_D_N_U2_P_53A	40003	500	2	0	10434	1	0	10433
155006828	STR_D_AS_PL_SHOUL_D_N_U2_P_53A	40003	500	2	0	10435	1	0	10433
155006829	STR_D_AS_PL_PANTS_D_N_U2_P_53A	40003	500	2	0	10436	1	0	10437
155006830	STR_D_AS_PL_TORSO_D_N_U2_P_53A	40003	500	2	0	10438	1	0	10439
155006831	STR_D_AS_PL_HEAD_D_N_U2_P_53A	40003	500	2	0	10440	1	0	10441
155006832	STR_D_AS_SHIELD_D_N_U2_P_55A	40003	500	2	0	10442	1	0	10443
155006833	STR_D_AS_CH_SHOES_D_N_E2_M_53A	40003	500	2	1	10444	1	0	10445
155006834	STR_D_AS_CH_GLOVE_D_N_E2_M_53A	40003	500	2	1	10446	1	0	10447
155006835	STR_D_AS_CH_SHOUL_D_N_E2_M_53A	40003	500	2	1	10448	1	0	10449
155006836	STR_D_AS_CH_PANTS_D_N_E2_M_53A	40003	500	2	1	10450	1	0	10451
155006837	STR_D_AS_CH_TORSO_D_N_E2_M_53A	40003	500	2	1	10452	1	0	10453
155006838	STR_D_AS_CH_HEAD_D_N_E2_M_53A	40003	500	2	1	10454	1	0	10455
155006839	STR_D_AS_PL_SHOES_D_N_E2_M_53A	40003	500	2	1	10456	1	0	10457
155006840	STR_D_AS_PL_GLOVE_D_N_E2_M_53A	40003	500	2	1	10458	1	0	10459
155006841	STR_D_AS_PL_SHOUL_D_N_E2_M_53A	40003	500	2	1	10460	1	0	10461
155006842	STR_D_AS_PL_PANTS_D_N_E2_M_53A	40003	500	2	1	10462	1	0	10463
155006843	STR_D_AS_PL_TORSO_D_N_E2_M_53A	40003	500	2	1	10464	1	0	10465
155006844	STR_D_AS_PL_HEAD_D_N_E2_M_53A	40003	500	2	1	10466	1	0	10467
155006845	STR_D_AS_SHIELD_D_N_E2_M_55A	40003	500	2	1	10468	1	0	10469
155006846	STR_D_AS_QUEST_D_SKILL_ARMOR_450	40003	499	2	1	10470	1	0	10471
155006847	STR_D_AS_QUEST_D_SKILL_ARMOR_500	40003	499	2	1	10472	1	0	10473
155006848	STR_D_AS_CH_HEAD_D_N_L1_S_51A	40003	420	2	0	10474	1	0	10475
155006849	STR_D_AS_PL_HEAD_D_N_L1_S_51A	40003	420	2	0	10476	1	0	10477
155006850	STR_D_AS_CH_SHOES_D_N_U1_S_54A	40003	480	2	0	10478	1	0	10479
155006851	STR_D_AS_CH_PANTS_D_N_U1_S_54A	40003	480	2	0	10480	1	0	10481
155006852	STR_D_AS_PL_TORSO_D_N_U1_S_54A	40003	480	2	0	10482	1	0	10483
155006853	STR_D_AS_SHIELD_D_N_U1_S_52A	40003	440	2	0	10484	1	0	10485
155006854	STR_D_AS_WS_PART_D_DRA_551A	40003	450	2	0	10309	1	0	4272
155006855	STR_D_AS_WS_PART_D_DRA_552A	40003	460	2	0	10310	1	0	4274
155006856	STR_D_AS_WS_PART_D_DRA_553A	40003	470	2	0	10311	1	0	4276
155006857	STR_D_AS_COMBINESKILL_D_ALL_02A	40003	500	2	0	10486	1	0	4453
155006858	STR_D_AS_COMBINESKILL_D_ALL_03A	40003	500	2	0	10487	1	0	4455
155006859	STR_D_AS_CH_SHOES_D_D_R2_P_55A	40003	480	2	0	10488	1	0	10489
155006860	STR_D_AS_CH_GLOVE_D_D_R2_P_55A	40003	480	2	0	10490	1	0	10489
155006861	STR_D_AS_CH_SHOUL_D_D_R2_P_55A	40003	480	2	0	10491	1	0	10489
155006862	STR_D_AS_CH_PANTS_D_D_R2_P_55A	40003	480	2	0	10492	1	0	10493
155006863	STR_D_AS_CH_TORSO_D_D_R2_P_55A	40003	480	2	0	10494	1	0	10495
155006864	STR_D_AS_CH_HEAD_D_D_R2_P_55A	40003	480	2	0	10496	1	0	10497
155006865	STR_D_AS_PL_SHOES_D_D_R2_P_55A	40003	480	2	0	10498	1	0	10499
155006866	STR_D_AS_PL_GLOVE_D_D_R2_P_55A	40003	480	2	0	10500	1	0	10499
155006867	STR_D_AS_PL_SHOUL_D_D_R2_P_55A	40003	480	2	0	10501	1	0	10499
155006868	STR_D_AS_PL_PANTS_D_D_R2_P_55A	40003	480	2	0	10502	1	0	10503
155006869	STR_D_AS_PL_TORSO_D_D_R2_P_55A	40003	480	2	0	10504	1	0	10505
155006870	STR_D_AS_PL_HEAD_D_D_R2_P_55A	40003	480	2	0	10506	1	0	10507
155006871	STR_D_AS_SHIELD_D_D_R2_P_55A	40003	480	2	0	10508	1	0	10509
155006872	STR_D_AS_CH_SHOES_D_D_L2_P_55A	40003	490	2	0	10510	1	0	10511
155006873	STR_D_AS_CH_GLOVE_D_D_L2_P_55A	40003	490	2	0	10512	1	0	10511
155006874	STR_D_AS_CH_SHOUL_D_D_L2_P_55A	40003	490	2	0	10513	1	0	10511
155006875	STR_D_AS_CH_PANTS_D_D_L2_P_55A	40003	490	2	0	10514	1	0	10515
155006876	STR_D_AS_CH_TORSO_D_D_L2_P_55A	40003	490	2	0	10516	1	0	10517
155006877	STR_D_AS_CH_HEAD_D_D_L2_P_55A	40003	490	2	0	10518	1	0	10519
155006878	STR_D_AS_PL_SHOES_D_D_L2_P_55A	40003	490	2	0	10520	1	0	10521
155006879	STR_D_AS_PL_GLOVE_D_D_L2_P_55A	40003	490	2	0	10522	1	0	10521
155006880	STR_D_AS_PL_SHOUL_D_D_L2_P_55A	40003	490	2	0	10523	1	0	10521
155006881	STR_D_AS_PL_PANTS_D_D_L2_P_55A	40003	490	2	0	10524	1	0	10525
155006882	STR_D_AS_PL_TORSO_D_D_L2_P_55A	40003	490	2	0	10526	1	0	10527
155006883	STR_D_AS_PL_HEAD_D_D_L2_P_55A	40003	490	2	0	10528	1	0	10529
155006884	STR_D_AS_SHIELD_D_D_L2_P_55A	40003	490	2	0	10530	1	0	10531
155006885	STR_D_AS_CH_SHOES_D_D_U2_P_55A	40003	500	2	0	10532	1	0	10533
155006886	STR_D_AS_CH_GLOVE_D_D_U2_P_55A	40003	500	2	0	10534	1	0	10533
155006887	STR_D_AS_CH_SHOUL_D_D_U2_P_55A	40003	500	2	0	10535	1	0	10533
155006888	STR_D_AS_CH_PANTS_D_D_U2_P_55A	40003	500	2	0	10536	1	0	10537
155006889	STR_D_AS_CH_TORSO_D_D_U2_P_55A	40003	500	2	0	10538	1	0	10539
155006890	STR_D_AS_CH_HEAD_D_D_U2_P_55A	40003	500	2	0	10540	1	0	10541
155006891	STR_D_AS_PL_SHOES_D_D_U2_P_55A	40003	500	2	0	10542	1	0	10543
155006892	STR_D_AS_PL_GLOVE_D_D_U2_P_55A	40003	500	2	0	10544	1	0	10543
155006893	STR_D_AS_PL_SHOUL_D_D_U2_P_55A	40003	500	2	0	10545	1	0	10543
155006894	STR_D_AS_PL_PANTS_D_D_U2_P_55A	40003	500	2	0	10546	1	0	10547
155006895	STR_D_AS_PL_TORSO_D_D_U2_P_55A	40003	500	2	0	10548	1	0	10549
155006896	STR_D_AS_PL_HEAD_D_D_U2_P_55A	40003	500	2	0	10550	1	0	10551
155006897	STR_D_AS_SHIELD_D_D_U2_P_55A	40003	500	2	0	10552	1	0	10553
155006898	STR_D_TA_TA_PART_D_LEA5_01A	40004	400	2	0	10554	1	0	4523
155006899	STR_D_TA_TA_PART_D_LEA5_02A	40004	405	2	0	10555	1	0	10556
155006900	STR_D_TA_TA_PART_D_LEA5_04A	40004	410	2	0	10557	1	0	10558
155006901	STR_D_TA_TA_PART_D_LEA5_03A	40004	405	2	0	10559	1	0	10560
155006902	STR_D_TA_TA_PART_D_LEA5_05A	40004	410	2	0	10561	1	0	10562
155006903	STR_D_TA_LT_SHOES_D_N_C2_P_53A	40004	410	2	0	10563	1	0	10564
155006904	STR_D_TA_LT_GLOVE_D_N_C2_P_53A	40004	420	2	0	10565	1	0	10564
155006905	STR_D_TA_LT_SHOUL_D_N_C2_P_53A	40004	430	2	0	10566	1	0	10564
155006906	STR_D_TA_LT_PANTS_D_N_C2_P_53A	40004	440	2	0	10567	1	0	10568
155006907	STR_D_TA_LT_TORSO_D_N_C2_P_53A	40004	449	2	0	10569	1	0	10570
155006908	STR_D_TA_BELT_D_N_C2_P_53A	40004	430	2	0	10571	1	0	10572
155006909	STR_D_TA_LT_HEAD_D_N_C2_P_53A	40004	440	2	0	10573	1	0	10574
155006910	STR_D_TA_LT_SHOES_D_N_R2_P_53A	40004	410	2	0	10575	1	0	10576
155006911	STR_D_TA_LT_GLOVE_D_N_R2_P_53A	40004	420	2	0	10577	1	0	10576
155006912	STR_D_TA_LT_SHOUL_D_N_R2_P_53A	40004	430	2	0	10578	1	0	10576
155006913	STR_D_TA_LT_PANTS_D_N_R2_P_53A	40004	440	2	0	10579	1	0	10580
155006914	STR_D_TA_LT_TORSO_D_N_R2_P_53A	40004	449	2	0	10581	1	0	10582
155006915	STR_D_TA_BELT_D_N_R2_P_53A	40004	430	2	0	10583	1	0	10584
155006916	STR_D_TA_LT_HEAD_D_N_R2_P_53A	40004	440	2	0	10585	1	0	10586
155006917	STR_D_TA_LT_SHOES_D_N_L2_P_53A	40004	410	2	0	10587	1	0	10588
155006918	STR_D_TA_LT_GLOVE_D_N_L2_P_53A	40004	420	2	0	10589	1	0	10588
155006919	STR_D_TA_LT_SHOUL_D_N_L2_P_53A	40004	430	2	0	10590	1	0	10588
155006920	STR_D_TA_LT_PANTS_D_N_L2_P_53A	40004	440	2	0	10591	1	0	10592
155006921	STR_D_TA_LT_TORSO_D_N_L2_P_53A	40004	449	2	0	10593	1	0	10594
155006922	STR_D_TA_BELT_D_N_L2_P_53A	40004	430	2	0	10595	1	0	10596
155006923	STR_D_TA_LT_HEAD_D_N_L2_P_53A	40004	440	2	0	10597	1	0	10598
155006924	STR_D_TA_LT_SHOES_D_N_U2_P_53A	40004	500	2	0	10599	1	0	10600
155006925	STR_D_TA_LT_GLOVE_D_N_U2_P_53A	40004	500	2	0	10601	1	0	10600
155006926	STR_D_TA_LT_SHOUL_D_N_U2_P_53A	40004	500	2	0	10602	1	0	10600
155006927	STR_D_TA_LT_PANTS_D_N_U2_P_53A	40004	500	2	0	10603	1	0	10604
155006928	STR_D_TA_LT_TORSO_D_N_U2_P_53A	40004	500	2	0	10605	1	0	10606
155006929	STR_D_TA_BELT_D_N_U2_P_53A	40004	500	2	0	10607	1	0	10608
155006930	STR_D_TA_LT_HEAD_D_N_U2_P_53A	40004	500	2	0	10609	1	0	10610
155006931	STR_D_TA_LT_SHOES_D_N_E2_M_53A	40004	500	2	1	10611	1	0	10612
155006932	STR_D_TA_LT_GLOVE_D_N_E2_M_53A	40004	500	2	1	10613	1	0	10614
155006933	STR_D_TA_LT_SHOUL_D_N_E2_M_53A	40004	500	2	1	10615	1	0	10616
155006934	STR_D_TA_LT_PANTS_D_N_E2_M_53A	40004	500	2	1	10617	1	0	10618
155006935	STR_D_TA_LT_TORSO_D_N_E2_M_53A	40004	500	2	1	10619	1	0	10620
155006936	STR_D_TA_BELT_D_N_L1_S_51A	40004	420	2	0	10621	1	0	10622
155006937	STR_D_TA_LT_HEAD_D_N_L1_S_51A	40004	420	2	0	10623	1	0	10624
155006938	STR_D_TA_LT_GLOVE_D_N_U1_S_54A	40004	480	2	0	10625	1	0	10626
155006939	STR_D_TA_TA_PART_D_DRA_LT_551A	40004	450	2	0	10627	1	0	4276
155006940	STR_D_TA_TA_PART_D_DRA_LT_552A	40004	460	2	0	10628	1	0	4598
155006941	STR_D_TA_COMBINESKILL_D_ALL_02A	40004	500	2	0	10486	1	0	4453
155006942	STR_D_TA_COMBINESKILL_D_ALL_03A	40004	500	2	0	10487	1	0	4455
155006943	STR_D_TA_LT_SHOES_D_D_R2_P_55A	40004	480	2	0	10629	1	0	10630
155006944	STR_D_TA_LT_GLOVE_D_D_R2_P_55A	40004	480	2	0	10631	1	0	10630
155006945	STR_D_TA_LT_SHOUL_D_D_R2_P_55A	40004	480	2	0	10632	1	0	10630
155006946	STR_D_TA_LT_PANTS_D_D_R2_P_55A	40004	480	2	0	10633	1	0	10634
155006947	STR_D_TA_LT_TORSO_D_D_R2_P_55A	40004	480	2	0	10635	1	0	10636
155006948	STR_D_TA_BELT_D_D_R2_P_55A	40004	480	2	0	10637	1	0	10638
155006949	STR_D_TA_LT_HEAD_D_D_R2_P_55A	40004	480	2	0	10639	1	0	10640
155006950	STR_D_TA_LT_SHOES_D_D_L2_P_55A	40004	490	2	0	10641	1	0	10642
155006951	STR_D_TA_LT_GLOVE_D_D_L2_P_55A	40004	490	2	0	10643	1	0	10642
155006952	STR_D_TA_LT_SHOUL_D_D_L2_P_55A	40004	490	2	0	10644	1	0	10642
155006953	STR_D_TA_LT_PANTS_D_D_L2_P_55A	40004	490	2	0	10645	1	0	10646
155006954	STR_D_TA_LT_TORSO_D_D_L2_P_55A	40004	490	2	0	10647	1	0	10648
155006955	STR_D_TA_BELT_D_D_L2_P_55A	40004	490	2	0	10649	1	0	10650
155006956	STR_D_TA_LT_HEAD_D_D_L2_P_55A	40004	490	2	0	10651	1	0	10652
155006957	STR_D_TA_LT_SHOES_D_D_U2_P_55A	40004	500	2	0	10653	1	0	10654
155006958	STR_D_TA_LT_GLOVE_D_D_U2_P_55A	40004	500	2	0	10655	1	0	10654
155006959	STR_D_TA_LT_SHOUL_D_D_U2_P_55A	40004	500	2	0	10656	1	0	10654
155006960	STR_D_TA_LT_PANTS_D_D_U2_P_55A	40004	500	2	0	10657	1	0	10658
155006961	STR_D_TA_LT_TORSO_D_D_U2_P_55A	40004	500	2	0	10659	1	0	10660
155006962	STR_D_TA_BELT_D_D_U2_P_55A	40004	500	2	0	10661	1	0	10662
155006963	STR_D_TA_LT_HEAD_D_D_U2_P_55A	40004	500	2	0	10663	1	0	10664
155006964	STR_D_TA_TA_PART_D_CLOTH5_01A	40004	400	2	0	10665	1	0	10666
155006965	STR_D_TA_TA_PART_D_CLOTH5_02A	40004	405	2	0	10667	1	0	10668
155006966	STR_D_TA_TA_PART_D_CLOTH5_04A	40004	410	2	0	10669	1	0	10670
155006967	STR_D_TA_TA_PART_D_CLOTH5_03A	40004	405	2	0	10671	1	0	10672
155006968	STR_D_TA_TA_PART_D_CLOTH5_05A	40004	410	2	0	10673	1	0	10674
155006969	STR_D_TA_RB_SHOES_D_N_C2_P_53A	40004	410	2	0	10675	1	0	10676
155006970	STR_D_TA_RB_GLOVE_D_N_C2_P_53A	40004	420	2	0	10677	1	0	10676
155006971	STR_D_TA_RB_SHOUL_D_N_C2_P_53A	40004	430	2	0	10678	1	0	10676
155006972	STR_D_TA_RB_PANTS_D_N_C2_P_53A	40004	440	2	0	10679	1	0	10680
155006973	STR_D_TA_RB_TORSO_D_N_C2_P_53A	40004	450	2	0	10681	1	0	10682
155006974	STR_D_TA_BELT_D_N_C2_P_53B	40004	430	2	0	10683	1	0	10684
155006975	STR_D_TA_RB_HEAD_D_N_C2_P_53A	40004	440	2	0	10685	1	0	10686
155006976	STR_D_TA_RB_SHOES_D_N_R2_P_53A	40004	410	2	0	10687	1	0	10688
155006977	STR_D_TA_RB_GLOVE_D_N_R2_P_53A	40004	420	2	0	10689	1	0	10688
155006978	STR_D_TA_RB_SHOUL_D_N_R2_P_53A	40004	430	2	0	10690	1	0	10688
155006979	STR_D_TA_RB_PANTS_D_N_R2_P_53A	40004	440	2	0	10691	1	0	10692
155006980	STR_D_TA_RB_TORSO_D_N_R2_P_53A	40004	449	2	0	10693	1	0	10694
155006981	STR_D_TA_BELT_D_N_R2_P_53B	40004	430	2	0	10695	1	0	10696
155006982	STR_D_TA_RB_HEAD_D_N_R2_P_53A	40004	440	2	0	10697	1	0	10698
155006983	STR_D_TA_RB_SHOES_D_N_L2_P_53A	40004	410	2	0	10699	1	0	10700
155006984	STR_D_TA_RB_GLOVE_D_N_L2_P_53A	40004	420	2	0	10701	1	0	10700
155006985	STR_D_TA_RB_SHOUL_D_N_L2_P_53A	40004	430	2	0	10702	1	0	10700
155006986	STR_D_TA_RB_PANTS_D_N_L2_P_53A	40004	440	2	0	10703	1	0	10704
155006987	STR_D_TA_RB_TORSO_D_N_L2_P_53A	40004	449	2	0	10705	1	0	10706
155006988	STR_D_TA_BELT_D_N_L2_P_53B	40004	430	2	0	10707	1	0	10708
155006989	STR_D_TA_RB_HEAD_D_N_L2_P_53A	40004	440	2	0	10709	1	0	10710
155006990	STR_D_TA_RB_SHOES_D_N_U2_P_53A	40004	500	2	0	10711	1	0	10712
155006991	STR_D_TA_RB_GLOVE_D_N_U2_P_53A	40004	500	2	0	10713	1	0	10712
155006992	STR_D_TA_RB_SHOUL_D_N_U2_P_53A	40004	500	2	0	10714	1	0	10712
155006993	STR_D_TA_RB_PANTS_D_N_U2_P_53A	40004	500	2	0	10715	1	0	10716
155006994	STR_D_TA_RB_TORSO_D_N_U2_P_53A	40004	500	2	0	10717	1	0	10718
155006995	STR_D_TA_BELT_D_N_U2_P_53B	40004	500	2	0	10719	1	0	10720
155006996	STR_D_TA_RB_HEAD_D_N_U2_P_53A	40004	500	2	0	10721	1	0	10722
155006997	STR_D_TA_RB_SHOES_D_N_E2_M_53A	40004	500	2	1	10723	1	0	10724
155006998	STR_D_TA_RB_GLOVE_D_N_E2_M_53A	40004	500	2	1	10725	1	0	10726
155006999	STR_D_TA_RB_SHOUL_D_N_E2_M_53A	40004	500	2	1	10727	1	0	10728
155007000	STR_D_TA_RB_PANTS_D_N_E2_M_53A	40004	500	2	1	10729	1	0	10730
155007001	STR_D_TA_RB_TORSO_D_N_E2_M_53A	40004	500	2	1	10731	1	0	10732
155007002	STR_D_TA_QUEST_D_SKILL_TAILO_450	40004	499	2	1	10733	1	0	10734
155007003	STR_D_TA_QUEST_D_SKILL_TAILO_500	40004	499	2	1	10735	1	0	10736
155007004	STR_D_TA_TA_D_PART_CLOTH6_01A	40004	400	2	0	10737	1	0	4708
155007005	STR_D_TA_TA_D_PART_CLOTH6_02A	40004	405	2	0	10738	1	0	10739
155007006	STR_D_TA_TA_D_PART_CLOTH6_03A	40004	410	2	0	10740	1	0	10741
155007007	STR_D_TA_RB_HEAD_D_N_L1_S_51A	40004	420	2	0	10742	1	0	10743
155007008	STR_D_TA_BELT_D_N_L1_S_51B	40004	420	2	0	10744	1	0	10745
155007009	STR_D_TA_RB_SHOUL_D_N_U1_S_54A	40004	480	2	0	10746	1	0	10747
155007010	STR_D_TA_TA_PART_D_DRA_RB_551A	40004	470	2	0	10748	1	0	4720
155007011	STR_D_TA_RB_SHOES_D_D_R2_P_55A	40004	480	2	0	10749	1	0	10750
155007012	STR_D_TA_RB_GLOVE_D_D_R2_P_55A	40004	480	2	0	10751	1	0	10750
155007013	STR_D_TA_RB_SHOUL_D_D_R2_P_55A	40004	480	2	0	10752	1	0	10750
155007014	STR_D_TA_RB_PANTS_D_D_R2_P_55A	40004	480	2	0	10753	1	0	10754
155007015	STR_D_TA_RB_TORSO_D_D_R2_P_55A	40004	480	2	0	10755	1	0	10756
155007016	STR_D_TA_BELT_D_D_R2_P_55B	40004	480	2	0	10757	1	0	10758
155007017	STR_D_TA_RB_HEAD_D_D_R2_P_55A	40004	480	2	0	10759	1	0	10760
155007018	STR_D_TA_RB_SHOES_D_D_L2_P_55A	40004	490	2	0	10761	1	0	10762
155007019	STR_D_TA_RB_GLOVE_D_D_L2_P_55A	40004	490	2	0	10763	1	0	10762
155007020	STR_D_TA_RB_SHOUL_D_D_L2_P_55A	40004	490	2	0	10764	1	0	10762
155007021	STR_D_TA_RB_PANTS_D_D_L2_P_55A	40004	490	2	0	10765	1	0	10766
155007022	STR_D_TA_RB_TORSO_D_D_L2_P_55A	40004	490	2	0	10767	1	0	10768
155007023	STR_D_TA_BELT_D_D_L2_P_55B	40004	490	2	0	10769	1	0	10770
155007024	STR_D_TA_RB_HEAD_D_D_L2_P_55A	40004	490	2	0	10771	1	0	10772
155007025	STR_D_TA_RB_SHOES_D_D_U2_P_55A	40004	500	2	0	10773	1	0	10774
155007026	STR_D_TA_RB_GLOVE_D_D_U2_P_55A	40004	500	2	0	10775	1	0	10774
155007027	STR_D_TA_RB_SHOUL_D_D_U2_P_55A	40004	500	2	0	10776	1	0	10774
155007028	STR_D_TA_RB_PANTS_D_D_U2_P_55A	40004	500	2	0	10777	1	0	10778
155007029	STR_D_TA_RB_TORSO_D_D_U2_P_55A	40004	500	2	0	10779	1	0	10780
155007030	STR_D_TA_BELT_D_D_U2_P_55B	40004	500	2	0	10781	1	0	10782
155007031	STR_D_TA_RB_HEAD_D_D_U2_P_55A	40004	500	2	0	10783	1	0	10784
155007032	STR_D_HA_JR_PART_D_CRYSTAL_01A	40008	400	2	0	10785	1	0	4758
155007033	STR_D_HA_JR_PART_D_CRYSTAL_02A	40008	410	2	0	10786	1	0	10787
155007034	STR_D_HA_NECKLACE_D_N_C2_P_53A	40008	420	2	0	10788	1	0	10789
155007035	STR_D_HA_AC_HEAD_D_N_C2_P_53A	40008	430	2	0	10790	1	0	10789
155007036	STR_D_HA_RING_D_N_C2_P_53A	40008	440	2	0	10791	1	0	10792
155007037	STR_D_HA_EARRING_D_N_C2_P_53A	40008	449	2	0	10793	1	0	10794
155007038	STR_D_HA_JR_PART_D_REDBE_02A	40008	410	2	0	10795	1	0	4769
155007039	STR_D_HA_NECKLACE_D_N_R2_P_53A	40008	420	2	0	10796	1	0	10797
155007040	STR_D_HA_AC_HEAD_D_N_R2_P_53A	40008	430	2	0	10798	1	0	10799
155007041	STR_D_HA_RING_D_N_R2_P_53A	40008	440	2	0	10800	1	0	10801
155007042	STR_D_HA_EARRING_D_N_R2_P_53A	40008	449	2	0	10802	1	0	10803
155007043	STR_D_HA_NECKLACE_D_N_L2_P_53A	40008	420	2	0	10804	1	0	10805
155007044	STR_D_HA_AC_HEAD_D_N_L2_P_53A	40008	430	2	0	10806	1	0	10807
155007045	STR_D_HA_RING_D_N_L2_P_53A	40008	440	2	0	10808	1	0	10809
155007046	STR_D_HA_EARRING_D_N_L2_P_53A	40008	449	2	0	10810	1	0	10811
155007047	STR_D_HA_NECKLACE_D_N_U2_P_53A	40008	500	2	0	10812	1	0	10813
155007048	STR_D_HA_AC_HEAD_D_N_U2_P_53A	40008	500	2	0	10814	1	0	10815
155007049	STR_D_HA_RING_D_N_U2_P_53A	40008	500	2	0	10816	1	0	10817
155007050	STR_D_HA_EARRING_D_N_U2_P_53A	40008	500	2	0	10818	1	0	10819
155007051	STR_D_HA_NECKLACE_D_N_E2_M_53A	40008	500	2	1	10820	1	0	10821
155007052	STR_D_HA_AC_HEAD_D_N_E2_M_53A	40008	500	2	1	10822	1	0	10823
155007053	STR_D_HA_RING_D_N_E2_M_53A	40008	500	2	1	10824	1	0	10825
155007054	STR_D_HA_EARRING_D_N_E2_M_53A	40008	500	2	1	10826	1	0	10827
155007055	STR_D_HA_JR_PART_D_TERQUER_02A	40008	410	2	0	10828	1	0	4803
155007056	STR_D_HA_NECKLACE_D_N_R2_P_53B	40008	420	2	0	10829	1	0	10830
155007057	STR_D_HA_AC_HEAD_D_N_R2_P_53B	40008	430	2	0	10831	1	0	10832
155007058	STR_D_HA_RING_D_N_R2_P_53B	40008	440	2	0	10833	1	0	10834
155007059	STR_D_HA_EARRING_D_N_R2_P_53B	40008	449	2	0	10835	1	0	10836
155007060	STR_D_HA_NECKLACE_D_N_L2_P_53B	40008	420	2	0	10837	1	0	10838
155007061	STR_D_HA_AC_HEAD_D_N_L2_P_53B	40008	430	2	0	10839	1	0	10840
155007062	STR_D_HA_RING_D_N_L2_P_53B	40008	440	2	0	10841	1	0	10842
155007063	STR_D_HA_EARRING_D_N_L2_P_53B	40008	449	2	0	10843	1	0	10844
155007064	STR_D_HA_NECKLACE_D_N_U2_P_53B	40008	500	2	0	10845	1	0	10846
155007065	STR_D_HA_AC_HEAD_D_N_U2_P_53B	40008	500	2	0	10847	1	0	10848
155007066	STR_D_HA_RING_D_N_U2_P_53B	40008	500	2	0	10849	1	0	10850
155007067	STR_D_HA_EARRING_D_N_U2_P_53B	40008	500	2	0	10851	1	0	10852
155007068	STR_D_HA_NECKLACE_D_N_E2_M_53B	40008	500	2	1	10853	1	0	10854
155007069	STR_D_HA_AC_HEAD_D_N_E2_M_53B	40008	500	2	1	10855	1	0	10856
155007070	STR_D_HA_RING_D_N_E2_M_53B	40008	500	2	1	10857	1	0	10858
155007071	STR_D_HA_EARRING_D_N_E2_M_53B	40008	500	2	1	10859	1	0	10860
155007072	STR_D_HA_JR_PART_D_KELPA_02A	40008	410	2	0	10861	1	0	4837
155007073	STR_D_HA_NECKLACE_D_N_R2_P_53C	40008	420	2	0	10862	1	0	10863
155007074	STR_D_HA_AC_HEAD_D_N_R2_P_53C	40008	430	2	0	10864	1	0	10865
155007075	STR_D_HA_RING_D_N_R2_P_53C	40008	440	2	0	10866	1	0	10867
155007076	STR_D_HA_EARRING_D_N_R2_P_53C	40008	449	2	0	10868	1	0	10869
155007077	STR_D_HA_NECKLACE_D_N_L2_P_53C	40008	420	2	0	10870	1	0	10871
155007078	STR_D_HA_AC_HEAD_D_N_L2_P_53C	40008	430	2	0	10872	1	0	10873
155007079	STR_D_HA_RING_D_N_L2_P_53C	40008	440	2	0	10874	1	0	10875
155007080	STR_D_HA_EARRING_D_N_L2_P_53C	40008	449	2	0	10876	1	0	10877
155007081	STR_D_HA_NECKLACE_D_N_U2_P_53C	40008	500	2	0	10878	1	0	10879
155007082	STR_D_HA_AC_HEAD_D_N_U2_P_53C	40008	500	2	0	10880	1	0	10881
155007083	STR_D_HA_RING_D_N_U2_P_53C	40008	500	2	0	10882	1	0	10883
155007084	STR_D_HA_EARRING_D_N_U2_P_53C	40008	500	2	0	10884	1	0	10885
155007085	STR_D_HA_NECKLACE_D_N_E2_M_53C	40008	500	2	1	10886	1	0	10887
155007086	STR_D_HA_AC_HEAD_D_N_E2_M_53C	40008	500	2	1	10888	1	0	10889
155007087	STR_D_HA_RING_D_N_E2_M_53C	40008	500	2	1	10890	1	0	10891
155007088	STR_D_HA_EARRING_D_N_E2_M_53C	40008	500	2	1	10892	1	0	10893
155007089	STR_D_HA_QUEST_D_SKILL_HANDI_450	40008	499	2	1	10894	1	0	10895
155007090	STR_D_HA_QUEST_D_SKILL_HANDI_500	40008	499	2	1	10896	1	0	10897
155007091	STR_D_HA_EAR_D_N_L1_S_54A	40008	480	2	0	10898	1	0	10899
155007092	STR_D_HA_NECK_D_N_L1_S_54A	40008	480	2	0	10900	1	0	10901
155007093	STR_D_HA_RING_D_N_L1_S_54A	40008	480	2	0	10902	1	0	10903
155007094	STR_D_HA_EAR_D_N_L1_S_54B	40008	480	2	0	10904	1	0	10899
155007095	STR_D_HA_NECK_D_N_L1_S_54B	40008	480	2	0	10905	1	0	10901
155007096	STR_D_HA_RING_D_N_L1_S_54B	40008	480	2	0	10906	1	0	10903
155007097	STR_D_HA_JR_PART_D_DRA_JEW_551A	40008	470	2	0	10907	1	0	4884
155007098	STR_D_HA_COMBINESKILL_D_ALL_03A	40008	500	2	0	10487	1	0	4455
155007099	STR_D_HA_RING_D_D_R2_P_55A	40008	480	2	0	10908	1	0	10909
155007100	STR_D_HA_EARRING_D_D_R2_P_55A	40008	480	2	0	10910	1	0	10911
155007101	STR_D_HA_NECKLACE_D_D_R2_P_55A	40008	480	2	0	10912	1	0	10913
155007102	STR_D_HA_AC_HEAD_D_D_R2_P_55A	40008	480	2	0	10914	1	0	10913
155007103	STR_D_HA_RING_D_D_R2_P_55B	40008	480	2	0	10915	1	0	10916
155007104	STR_D_HA_EARRING_D_D_R2_P_55B	40008	480	2	0	10917	1	0	10918
155007105	STR_D_HA_NECKLACE_D_D_R2_P_55B	40008	480	2	0	10919	1	0	10920
155007106	STR_D_HA_RING_D_D_L2_P_55A	40008	490	2	0	10921	1	0	10922
155007107	STR_D_HA_EARRING_D_D_L2_P_55A	40008	490	2	0	10923	1	0	10924
155007108	STR_D_HA_NECKLACE_D_D_L2_P_55A	40008	490	2	0	10925	1	0	10926
155007109	STR_D_HA_AC_HEAD_D_D_L2_P_55A	40008	490	2	0	10927	1	0	10928
155007110	STR_D_HA_RING_D_D_L2_P_55B	40008	490	2	0	10929	1	0	10930
155007111	STR_D_HA_EARRING_D_D_L2_P_55B	40008	490	2	0	10931	1	0	10932
155007112	STR_D_HA_NECKLACE_D_D_L2_P_55B	40008	490	2	0	10933	1	0	10934
155007113	STR_D_HA_RING_D_D_U2_P_55A	40008	500	2	0	10935	1	0	10936
155007114	STR_D_HA_EARRING_D_D_U2_P_55A	40008	500	2	0	10937	1	0	10938
155007115	STR_D_HA_NECKLACE_D_D_U2_P_55A	40008	500	2	0	10939	1	0	10940
155007116	STR_D_HA_AC_HEAD_D_D_U2_P_55A	40008	500	2	0	10941	1	0	10942
155007117	STR_D_HA_RING_D_D_U2_P_55B	40008	500	2	0	10943	1	0	10944
155007118	STR_D_HA_EARRING_D_D_U2_P_55B	40008	500	2	0	10945	1	0	10946
155007119	STR_D_HA_NECKLACE_D_D_U2_P_55B	40008	500	2	0	10947	1	0	10948
155007120	STR_D_HA_JR_PART_D_GARDE_01A	40008	400	2	0	10949	1	0	10950
155007121	STR_D_HA_JR_PART_D_GARDE_02A	40008	410	2	0	10951	1	0	10952
155007122	STR_D_HA_JR_PART_D_GARDE_03A	40008	420	2	0	10953	1	0	10954
155007123	STR_D_HA_BOW_D_N_C2_P_55A	40008	440	2	0	10955	1	0	10956
155007124	STR_D_HA_STAFF_D_N_C2_P_55A	40008	449	2	0	10957	1	0	10956
155007125	STR_D_HA_BOW_D_N_R2_P_55A	40008	440	2	0	10958	1	0	10959
155007126	STR_D_HA_STAFF_D_N_R2_P_55A	40008	449	2	0	10960	1	0	10961
155007127	STR_D_HA_BOW_D_N_L2_P_55A	40008	440	2	0	10962	1	0	10963
155007128	STR_D_HA_STAFF_D_N_L2_P_55A	40008	449	2	0	10964	1	0	10965
155007129	STR_D_HA_BOW_D_N_U2_P_55A	40008	500	2	0	10966	1	0	10967
155007130	STR_D_HA_STAFF_D_N_U2_P_55A	40008	500	2	0	10968	1	0	10969
155007131	STR_D_HA_BOW_D_N_E2_M_55A	40008	500	2	1	10970	1	0	10971
155007132	STR_D_HA_STAFF_D_N_E2_M_55A	40008	500	2	1	10972	1	0	10973
155007133	STR_D_HA_STAFF_D_N_U1_S_52A	40008	440	2	0	10974	1	0	10975
155007134	STR_D_HA_BOW_D_N_U1_S_52A	40008	440	2	0	10976	1	0	10975
155007135	STR_D_HA_HW_PART_D_DRA_TREE_551A	40008	450	2	0	10977	1	0	4272
155007136	STR_D_HA_HW_PART_D_DRA_TREE_552A	40008	460	2	0	10978	1	0	4274
155007137	STR_D_HA_COMBINESKILL_D_ALL_01A	40008	500	2	0	10312	1	0	4278
155007138	STR_D_HA_BOW_D_D_R2_P_55A	40008	480	2	0	10979	1	0	10980
155007139	STR_D_HA_STAFF_D_D_R2_P_55A	40008	480	2	0	10981	1	0	10982
155007140	STR_D_HA_BOW_D_D_L2_P_55A	40008	490	2	0	10983	1	0	10984
155007141	STR_D_HA_STAFF_D_D_L2_P_55A	40008	490	2	0	10985	1	0	10986
155007142	STR_D_HA_BOW_D_D_U2_P_55A	40008	500	2	0	10987	1	0	10988
155007143	STR_D_HA_STAFF_D_D_U2_P_55A	40008	500	2	0	10989	1	0	10990
155007144	STR_D_AL_JR_PART_D_REDBE_01A	40007	420	2	0	10991	10	0	4969
155007145	STR_D_AL_JR_PART_D_TERQUER_01A	40007	420	2	0	10992	10	0	4971
155007146	STR_D_AL_JR_PART_D_KELPA_01A	40007	420	2	0	10993	10	0	4973
155007147	STR_D_AL_SCROLL_REGIST_EARTH_60A	40007	440	2	0	4974	5	0	10994
155007148	STR_D_AL_SCROLL_REGIST_FIRE_60A	40007	440	2	0	4976	5	0	10995
155007149	STR_D_AL_SCROLL_REGIST_WATER_60A	40007	440	2	0	4978	5	0	10996
155007150	STR_D_AL_SCROLL_REGIST_WIND_60A	40007	440	2	0	4980	5	0	10997
155007151	STR_D_AL_SCROLL_SHIELD_ALL_60A	40007	460	2	0	4982	5	0	10998
155007152	STR_D_AL_SCROLL_CRITICAL_PHY_60A	40007	470	2	0	4984	5	0	10999
155007153	STR_D_AL_SCROLL_CRITICAL_MAG_30A	40007	170	2	0	4986	5	0	9636
155007154	STR_D_AL_SCROLL_CRITICAL_MAG_40A	40007	270	2	0	4987	5	0	9637
155007155	STR_D_AL_SCROLL_CRITICAL_MAG_50A	40007	370	2	0	4988	5	0	9638
155007156	STR_D_AL_SCROLL_CRITICAL_MAG_60A	40007	470	2	0	4989	5	0	10999
155007157	STR_D_AL_SCROLL_CRITICAL_PHYRESIST_30A	40007	170	2	0	4990	5	0	11000
155007158	STR_D_AL_SCROLL_CRITICAL_PHYRESIST_40A	40007	270	2	0	4992	5	0	11001
155007159	STR_D_AL_SCROLL_CRITICAL_PHYRESIST_50A	40007	370	2	0	4994	5	0	11002
155007160	STR_D_AL_SCROLL_CRITICAL_PHYRESIST_60A	40007	470	2	0	4996	5	0	11003
155007161	STR_D_AL_SCROLL_CRITICAL_MAGRESIST_30A	40007	170	2	0	4998	5	0	11004
155007162	STR_D_AL_SCROLL_CRITICAL_MAGRESIST_40A	40007	270	2	0	5000	5	0	11005
155007163	STR_D_AL_SCROLL_CRITICAL_MAGRESIST_50A	40007	370	2	0	5002	5	0	11006
155007164	STR_D_AL_SCROLL_CRITICAL_MAGRESIST_60A	40007	470	2	0	5004	5	0	11007
155007165	STR_D_AL_SCROLL_SPEED_CASTING_30A	40007	180	2	0	5006	5	0	9645
155007166	STR_D_AL_SCROLL_SPEED_CASTING_40A	40007	280	2	0	5007	5	0	9646
155007167	STR_D_AL_SCROLL_SPEED_CASTING_50A	40007	380	2	0	5008	5	0	9647
155007168	STR_D_AL_REMEDY_HP_60A	40007	405	2	0	5009	3	0	11008
155007169	STR_D_AL_REMEDY_MP_60A	40007	405	2	0	5011	3	0	11009
155007170	STR_D_AL_POTION_HP_60A	40007	410	2	0	5013	3	0	11010
155007171	STR_D_AL_POTION_MP_60A	40007	410	2	0	5015	3	0	11011
155007172	STR_D_AL_POTION_FLYTIME_60A	40007	430	2	0	5017	3	0	11012
155007173	STR_D_AL_AL_PART_D_STONE5_01A	40007	400	2	0	11013	2	0	5020
155007174	STR_D_AL_AL_PART_D_STONE5_02A	40007	400	2	0	11014	5	0	5020
155007175	STR_D_AL_AL_PART_D_STONE5_03A	40007	410	2	0	11015	1	0	11016
155007176	STR_D_AL_AL_PART_D_STONE5_04A	40007	410	2	0	11017	1	0	11018
155007177	STR_D_AL_BOOK_D_N_C2_P_55A	40007	440	2	0	11019	1	0	11020
155007178	STR_D_AL_ORB_D_N_C2_P_55A	40007	449	2	0	11021	1	0	11022
155007179	STR_D_AL_BOOK_D_N_R2_P_55A	40007	440	2	0	11023	1	0	11024
155007180	STR_D_AL_ORB_D_N_R2_P_55A	40007	449	2	0	11025	1	0	11026
155007181	STR_D_AL_BOOK_D_N_L2_P_55A	40007	440	2	0	11027	1	0	11028
155007182	STR_D_AL_ORB_D_N_L2_P_55A	40007	449	2	0	11029	1	0	11030
155007183	STR_D_AL_BOOK_D_N_U2_P_55A	40007	500	2	0	11031	1	0	11032
155007184	STR_D_AL_ORB_D_N_U2_P_55A	40007	500	2	0	11033	1	0	11034
155007185	STR_D_AL_BOOK_D_N_E2_M_55A	40007	500	2	1	11035	1	0	11036
155007186	STR_D_AL_ORB_D_N_E2_M_55A	40007	500	2	1	11037	1	0	11038
155007187	STR_D_AL_QUEST_D_SKILL_ALCHE_450	40007	499	2	1	11039	1	0	11040
155007188	STR_D_AL_QUEST_D_SKILL_ALCHE_500	40007	499	2	1	11041	1	0	11042
155007189	STR_D_AL_BOOK_D_N_U1_S_52A	40007	440	2	0	11043	1	0	11044
155007190	STR_D_AL_ORB_D_N_U1_S_52A	40007	440	2	0	11045	1	0	11044
155007191	STR_D_AL_REMEDY_HP_MP_60A	40007	460	2	0	5053	3	0	11046
155007192	STR_D_AL_POTION_HP_MP_60A	40007	460	2	0	5055	3	0	11047
155007193	STR_D_AL_AL_PART_D_DRA_SOUL_551A	40007	450	2	0	11048	1	0	4272
155007194	STR_D_AL_AL_PART_D_DRA_SOUL_552A	40007	460	2	0	11049	1	0	5059
155007195	STR_D_AL_COMBINESKILL_D_ALL_01A	40007	500	2	0	10312	1	0	4278
155007196	STR_D_AL_BOOK_D_D_R2_P_55A	40007	480	2	0	11050	1	0	11051
155007197	STR_D_AL_ORB_D_D_R2_P_55A	40007	480	2	0	11052	1	0	11053
155007198	STR_D_AL_BOOK_D_D_L2_P_55A	40007	490	2	0	11054	1	0	11055
155007199	STR_D_AL_ORB_D_D_L2_P_55A	40007	490	2	0	11056	1	0	11057
155007200	STR_D_AL_BOOK_D_D_U2_P_55A	40007	500	2	0	11058	1	0	11059
155007201	STR_D_AL_ORB_D_D_U2_P_55A	40007	500	2	0	11060	1	0	11061
155007202	STR_D_AL_OPTION_C_HP_60	40007	490	2	0	5072	1	0	5073
155007203	STR_D_AL_OPTION_C_MP_60	40007	490	2	0	5074	1	0	5075
155007204	STR_D_AL_OPTION_C_ACCURACY_60	40007	490	2	0	5076	1	0	5077
155007205	STR_D_AL_OPTION_C_DODGE_60	40007	490	2	0	5078	1	0	5079
155007206	STR_D_AL_OPTION_C_MSBOOST_60	40007	490	2	0	5080	1	0	5081
155007207	STR_D_AL_OPTION_C_PARRY_60	40007	490	2	0	5082	1	0	5083
155007208	STR_D_AL_OPTION_C_BLOCK_60	40007	490	2	0	5084	1	0	5085
155007209	STR_D_AL_OPTION_C_PHYCRITICAL_60	40007	490	2	0	5086	1	0	5087
155007210	STR_D_CO_FOOD_D_HPREGEN_60A	40001	400	2	0	11062	2	0	11063
155007211	STR_D_CO_FOOD_D_MAXMP_60A	40001	410	2	0	11064	2	0	11065
155007212	STR_D_CO_FOOD_D_ACCURACY_60A	40001	420	2	0	11066	2	0	11067
155007213	STR_D_CO_FOOD_D_MSBOOST_60A	40001	430	2	0	11068	2	0	11069
155007214	STR_D_CO_FOOD_D_MACCURACY_60A	40001	440	2	0	11070	2	0	11071
155007215	STR_D_CO_FOOD_D_PHYATTACK_60A	40001	450	2	0	11072	2	0	11073
155007216	STR_D_CO_FOOD_D_MRESIST_60A	40001	460	2	0	11074	2	0	11075
155007217	STR_D_CO_FOOD_D_MPREGEN_60A	40001	470	2	0	11076	2	0	11077
155007218	STR_D_CO_FOOD_D_DODGE_60A	40001	480	2	0	11078	2	0	11079
155007219	STR_D_CO_FOOD_D_MAXHP_60A	40001	490	2	0	11080	2	0	11081
155007220	STR_D_CO_FOOD_D_2STATS_60A	40001	470	2	0	11082	2	0	11083
155007221	STR_D_CO_FOOD_D_2STATS_60B	40001	490	2	0	11084	2	0	11085
155007222	STR_D_CO_FOOD_D_2STATS_60C	40001	450	2	0	11086	2	0	11087
155007223	STR_D_CO_FOOD_D_2STATS_60D	40001	440	2	0	11088	2	0	11089
155007224	STR_D_CO_FOOD_D_2STATS_60E	40001	430	2	0	11090	2	0	11091
155007225	STR_D_CO_FOOD_D_2STATS_60F	40001	480	2	0	11092	2	0	11093
155007226	STR_D_CO_FOOD_D_2STATS_60G	40001	495	2	0	11094	2	0	11095
155007227	STR_D_CO_FOOD_D_2STATS_60H	40001	460	2	0	11096	2	0	11097
155007228	STR_D_CO_FOOD_D_3STATS_60B	40001	490	2	0	11098	2	0	11099
155007229	STR_D_CO_FOOD_D_3STATS_60C	40001	450	2	0	11100	2	0	11101
155007230	STR_D_CO_FOOD_D_3STATS_60D	40001	440	2	0	11102	2	0	11103
155007231	STR_D_CO_FOOD_D_3STATS_60E	40001	430	2	0	11104	2	0	11105
155007232	STR_D_CO_FOOD_D_3STATS_60F	40001	480	2	0	11106	2	0	11107
155007233	STR_D_CO_FOOD_D_3STATS_60G	40001	495	2	0	11108	2	0	11109
155007234	STR_D_CO_FOOD_D_3STATS_60H	40001	460	2	0	11110	2	0	11111
155007235	STR_D_CO_FOOD_D_4STATS_60C	40001	500	2	0	11112	2	0	11113
155007236	STR_D_CO_FOOD_D_4STATS_60D	40001	500	2	0	11114	2	0	11115
155007237	STR_D_CO_FOOD_D_4STATS_60E	40001	500	2	0	11116	2	0	11117
155007238	STR_D_CO_FOOD_D_4STATS_60F	40001	500	2	0	11118	2	0	11119
155007239	STR_D_CO_FOOD_D_4STATS_60G	40001	500	2	0	11120	2	0	11121
155007240	STR_D_CO_FOOD_D_4STATS_60H	40001	500	2	0	11122	2	0	11123
155007241	STR_D_CO_QUEST_D_SKILL_COOK01_450	40001	499	2	1	11124	1	0	11125
155007242	STR_D_CO_QUEST_D_SKILL_COOK02_450	40001	499	2	1	11126	1	0	11127
155007243	STR_D_CO_QUEST_D_SKILL_COOK03_450	40001	499	2	1	11128	1	0	11129
155007244	STR_D_CO_QUEST_D_SKILL_COOK04_450	40001	499	2	1	11130	1	0	11131
155007245	STR_D_CO_FOOD_D_3STATS_60I	40001	420	2	0	11132	2	0	5159
155007246	STR_D_CO_FOOD_D_3STATS_60J	40001	420	2	0	11133	2	0	5161
155007247	STR_D_CO_FOOD_DR_D_2STATS_60A	40001	475	2	0	11134	2	0	11135
155007248	STR_D_CO_FOOD_DR_D_2STATS_60B	40001	495	2	0	11136	2	0	11137
155007249	STR_D_CO_FOOD_DR_D_2STATS_60C	40001	470	2	0	11138	2	0	11139
155007250	STR_D_CO_FOOD_DR_D_2STATS_60D	40001	480	2	0	11140	2	0	11141
155007251	STR_D_CO_FOOD_DR_D_2STATS_60E	40001	490	2	0	11142	2	0	11143
155007252	STR_D_CO_FOOD_DR_D_2STATS_60F	40001	460	2	0	11144	2	0	11145
155007253	STR_D_CO_FOOD_DR_D_2STATS_60G	40001	450	2	0	11146	2	0	11147
155007254	STR_D_CO_FOOD_DR_D_2STATS_60H	40001	450	2	0	11148	2	0	11149
155007255	STR_D_CO_FOOD_DR_D_3STATS_60A	40001	475	2	0	11150	2	0	11151
155007256	STR_D_CO_FOOD_DR_D_3STATS_60B	40001	495	2	0	11152	2	0	11153
155007257	STR_D_CO_FOOD_DR_D_3STATS_60C	40001	470	2	0	11154	2	0	11155
155007258	STR_D_CO_FOOD_DR_D_3STATS_60D	40001	480	2	0	11156	2	0	11157
155007259	STR_D_CO_FOOD_DR_D_3STATS_60E	40001	490	2	0	11158	2	0	11159
155007260	STR_D_CO_FOOD_DR_D_3STATS_60F	40001	460	2	0	11160	2	0	11161
155007261	STR_D_CO_FOOD_DR_D_3STATS_60G	40001	450	2	0	11162	2	0	11163
155007262	STR_D_CO_FOOD_DR_D_3STATS_60H	40001	450	2	0	11164	2	0	11165
155007263	STR_D_CO_FOOD_DR_D_4STATS_60B	40001	500	2	0	11166	2	0	11167
155007264	STR_D_CO_FOOD_DR_D_4STATS_60C	40001	500	2	0	11168	2	0	11169
155007265	STR_D_CO_FOOD_DR_D_4STATS_60D	40001	500	2	0	11170	2	0	11171
155007266	STR_D_CO_FOOD_DR_D_4STATS_60E	40001	500	2	0	11172	2	0	11173
155007267	STR_D_CO_FOOD_DR_D_4STATS_60F	40001	500	2	0	11174	2	0	11175
155007268	STR_D_CO_FOOD_DR_D_4STATS_60G	40001	500	2	0	11176	2	0	11177
155007269	STR_D_CO_FOOD_DR_D_4STATS_60H	40001	500	2	0	11178	2	0	11179
155007270	STR_D_CO_COMBINESKILL_D_ALL_01A	40001	500	2	0	10312	1	0	4278
155007271	STR_D_CO_COMBINESKILL_D_ALL_02A	40001	500	2	0	10487	1	0	4455
155007272	STR_D_CO_MACE_D_N_L1_S_55A	40001	500	2	1	11180	1	0	11181
155007273	STR_D_CO_AC_HEAD_D_N_L1_S_55A	40001	500	2	1	11182	1	0	11183
155007274	STR_D_CO_FOOD_D_NEWCANDY_55_AN	40001	395	2	0	11184	2	0	11185
155007275	STR_D_WS_WS_PART_D_SIEGE_02A	40002	449	2	0	11186	1	0	11187
155007276	STR_D_WS_ITEM_ABYSS_DARK_SIEGE02	40002	449	2	0	11188	1	0	11189
155007277	STR_D_AS_AS_PART_D_SIEGE_02A	40003	449	2	0	11190	1	0	11191
155007278	STR_D_AS_ITEM_ABYSS_DARK_SIEGE02	40003	449	2	0	11188	1	0	11189
155007279	STR_D_TA_LT_PART_D_SIEGE_02A	40004	449	2	0	11192	1	0	11193
155007280	STR_D_TA_ITEM_ABYSS_DARK_SIEGE02	40004	449	2	0	11188	1	0	11189
155007281	STR_D_HA_HA_PART_D_SIEGE_02A	40008	449	2	0	11194	1	0	11195
155007282	STR_D_HA_ITEM_ABYSS_DARK_SIEGE02	40008	449	2	0	11188	1	0	11189
155007283	STR_D_AL_ITEM_DRIVE_ARTIFACT_G2	40007	399	2	0	5224	1	0	11196
155007284	STR_D_AL_AL_PART_D_SIEGE_02A	40007	449	2	0	11197	1	0	11198
155007285	STR_D_AL_ITEM_ABYSS_DARK_SIEGE02	40007	449	2	0	11188	1	0	11189
155007286	STR_D_CO_CO_PART_D_SIEGE_02A	40001	449	2	0	11199	1	0	5229
155007287	STR_D_CO_ITEM_ABYSS_DARK_SIEGE02	40001	449	2	0	11188	1	0	11189
155007288	STR_D_WS_WS_PART_MASS_D_STEEL_01A	40002	1	2	0	7690	10	0	5230
155007289	STR_D_WS_WS_PART_MASS_D_STEEL_02A	40002	5	2	0	7691	10	0	11200
155007290	STR_D_WS_WS_PART_MASS_D_STEEL_03A	40002	10	2	0	7693	10	0	11201
155007291	STR_D_WS_WS_PART_MASS_D_TITAN_01A	40002	100	2	0	7710	10	0	5233
155007292	STR_D_WS_WS_PART_MASS_D_TITAN_02A	40002	105	2	0	7711	10	0	11202
155007293	STR_D_WS_WS_PART_MASS_D_TITAN_03A	40002	110	2	0	7713	10	0	11203
155007294	STR_D_WS_WS_PART_MASS_D_ADAMAN_01A	40002	200	2	0	7753	10	0	5236
155007295	STR_D_WS_WS_PART_MASS_D_ADAMAN_02A	40002	205	2	0	7754	10	0	11204
155007296	STR_D_WS_WS_PART_MASS_D_ADAMAN_03A	40002	210	2	0	7756	10	0	11205
155007297	STR_D_WS_WS_PART_MASS_D_ORIHAR_01A	40002	300	2	0	7820	10	0	5239
155007298	STR_D_WS_WS_PART_MASS_D_ORIHAR_02A	40002	305	2	0	7821	10	0	11206
155007299	STR_D_WS_WS_PART_MASS_D_ORIHAR_03A	40002	310	2	0	7823	10	0	11207
155007300	STR_D_WS_WS_PART_MASS_D_BAUXI_01A	40002	400	2	0	10249	10	0	5242
155007301	STR_D_WS_WS_PART_MASS_D_BAUXI_02A	40002	405	2	0	10250	10	0	11208
155007302	STR_D_WS_WS_PART_MASS_D_BAUXI_03A	40002	410	2	0	10252	10	0	11209
155007303	STR_D_WS_WS_PART_MASS_D_DRA_301A	40002	400	2	0	7891	10	0	5245
155007304	STR_D_WS_WS_PART_MASS_D_DRA_302A	40002	400	2	0	7892	10	0	5246
155007305	STR_D_WS_WS_PART_MASS_D_DRA_303A	40002	400	2	0	7893	10	0	5247
155007306	STR_D_WS_WS_PART_MASS_D_DRA_401A	40002	420	2	0	7900	10	0	5248
155007307	STR_D_WS_WS_PART_MASS_D_DRA_402A	40002	420	2	0	7901	10	0	5249
155007308	STR_D_WS_WS_PART_MASS_D_DRA_403A	40002	420	2	0	7902	10	0	5250
155007309	STR_D_WS_WS_PART_MASS_D_DRA_501A	40002	440	2	0	7919	10	0	5251
155007310	STR_D_WS_WS_PART_MASS_D_DRA_502A	40002	440	2	0	7920	10	0	5252
155007311	STR_D_WS_WS_PART_MASS_D_DRA_503A	40002	440	2	0	7921	10	0	5253
155007312	STR_D_WS_WS_PART_MASS_D_DRA_551A	40002	450	2	0	10309	10	0	5254
155007313	STR_D_WS_WS_PART_MASS_D_DRA_552A	40002	460	2	0	10310	10	0	5255
155007314	STR_D_WS_WS_PART_MASS_D_DRA_553A	40002	470	2	0	10311	10	0	5256
155007315	STR_D_AS_WS_PART_MASS_D_STEEL_01A	40003	1	2	0	7690	10	0	5230
155007316	STR_D_AS_AS_PART_MASS_D_STEEL_01A	40003	5	2	0	7938	10	0	11200
155007317	STR_D_AS_AS_PART_MASS_D_STEEL_02A	40003	10	2	0	7939	10	0	11210
155007318	STR_D_AS_AS_PART_MASS_D_STEEL_03A	40003	10	2	0	7941	10	0	11210
155007319	STR_D_AS_AS_PART_MASS_D_STEEL_04A	40003	10	2	0	7942	10	0	11211
155007320	STR_D_AS_AS_PART_MASS_D_STEEL_05A	40003	10	2	0	7944	10	0	11212
155007321	STR_D_AS_WS_PART_MASS_D_TITAN_01A	40003	100	2	0	7710	10	0	5233
155007322	STR_D_AS_AS_PART_MASS_D_TITAN_01A	40003	105	2	0	7987	10	0	11202
155007323	STR_D_AS_AS_PART_MASS_D_TITAN_02A	40003	110	2	0	7988	10	0	11213
155007324	STR_D_AS_AS_PART_MASS_D_TITAN_03A	40003	110	2	0	7990	10	0	11213
155007325	STR_D_AS_AS_PART_MASS_D_TITAN_04A	40003	110	2	0	7991	10	0	11214
155007326	STR_D_AS_AS_PART_MASS_D_TITAN_05A	40003	110	2	0	7993	10	0	11203
155007327	STR_D_AS_WS_PART_MASS_D_ADAMAN_01A	40003	200	2	0	7753	10	0	5236
155007328	STR_D_AS_AS_PART_MASS_D_ADAMAN_01A	40003	205	2	0	8095	10	0	11204
155007329	STR_D_AS_AS_PART_MASS_D_ADAMAN_02A	40003	210	2	0	8096	10	0	11215
155007330	STR_D_AS_AS_PART_MASS_D_ADAMAN_03A	40003	210	2	0	8098	10	0	11215
155007331	STR_D_AS_AS_PART_MASS_D_ADAMAN_04A	40003	210	2	0	8099	10	0	11216
155007332	STR_D_AS_AS_PART_MASS_D_ADAMAN_05A	40003	210	2	0	8101	10	0	11205
155007333	STR_D_AS_WS_PART_MASS_D_ORIHAR_01A	40003	300	2	0	7820	10	0	5239
155007334	STR_D_AS_AS_PART_MASS_D_ORIHAR_01A	40003	305	2	0	8250	10	0	11206
155007335	STR_D_AS_AS_PART_MASS_D_ORIHAR_02A	40003	310	2	0	8251	10	0	11217
155007336	STR_D_AS_AS_PART_MASS_D_ORIHAR_03A	40003	310	2	0	8253	10	0	11217
155007337	STR_D_AS_AS_PART_MASS_D_ORIHAR_04A	40003	310	2	0	8254	10	0	11218
155007338	STR_D_AS_AS_PART_MASS_D_ORIHAR_05A	40003	310	2	0	8256	10	0	11207
155007339	STR_D_AS_WS_PART_MASS_D_BAUXI_01A	40003	400	2	0	10249	10	0	5242
155007340	STR_D_AS_AS_PART_MASS_D_BAUXI_01A	40003	405	2	0	10339	10	0	11208
155007341	STR_D_AS_AS_PART_MASS_D_BAUXI_02A	40003	405	2	0	10340	10	0	11219
155007342	STR_D_AS_AS_PART_MASS_D_BAUXI_01B	40003	410	2	0	10342	10	0	11220
155007343	STR_D_AS_AS_PART_MASS_D_BAUXI_02B	40003	410	2	0	10344	10	0	11221
155007344	STR_D_AS_AS_PART_MASS_D_BAUXI_03A	40003	405	2	0	10346	10	0	11219
155007345	STR_D_AS_AS_PART_MASS_D_BAUXI_04A	40003	405	2	0	10347	10	0	11222
155007346	STR_D_AS_AS_PART_MASS_D_BAUXI_05A	40003	405	2	0	10349	10	0	11209
155007347	STR_D_AS_AS_PART_MASS_D_BAUXI_03B	40003	410	2	0	10350	10	0	11223
155007348	STR_D_AS_AS_PART_MASS_D_BAUXI_04B	40003	410	2	0	10352	10	0	11224
155007349	STR_D_AS_AS_PART_MASS_D_BAUXI_05B	40003	410	2	0	10354	10	0	11225
155007350	STR_D_AS_WS_PART_MASS_D_DRA_301A	40003	400	2	0	7891	10	0	5245
155007351	STR_D_AS_WS_PART_MASS_D_DRA_302A	40003	400	2	0	7892	10	0	5246
155007352	STR_D_AS_WS_PART_MASS_D_DRA_303A	40003	400	2	0	7893	10	0	5247
155007353	STR_D_AS_WS_PART_MASS_D_DRA_401A	40003	420	2	0	7900	10	0	5248
155007354	STR_D_AS_WS_PART_MASS_D_DRA_402A	40003	420	2	0	7901	10	0	5249
155007355	STR_D_AS_WS_PART_MASS_D_DRA_403A	40003	420	2	0	7902	10	0	5250
155007356	STR_D_AS_WS_PART_MASS_D_DRA_501A	40003	440	2	0	7919	10	0	5251
155007357	STR_D_AS_WS_PART_MASS_D_DRA_502A	40003	440	2	0	7920	10	0	5252
155007358	STR_D_AS_WS_PART_MASS_D_DRA_503A	40003	440	2	0	7921	10	0	5253
155007359	STR_D_AS_WS_PART_MASS_D_DRA_551A	40003	450	2	0	10309	10	0	5254
155007360	STR_D_AS_WS_PART_MASS_D_DRA_552A	40003	460	2	0	10310	10	0	5255
155007361	STR_D_AS_WS_PART_MASS_D_DRA_553A	40003	470	2	0	10311	10	0	5256
155007362	STR_D_TA_TA_PART_MASS_D_LEA1_01A	40004	1	2	0	8515	10	0	5272
155007363	STR_D_TA_TA_PART_MASS_D_LEA1_02A	40004	5	2	0	8516	10	0	11226
155007364	STR_D_TA_TA_PART_MASS_D_LEA1_03A	40004	10	2	0	8518	10	0	11227
155007365	STR_D_TA_TA_PART_MASS_D_LEA2_01A	40004	100	2	0	8554	10	0	5275
155007366	STR_D_TA_TA_PART_MASS_D_LEA2_02A	40004	105	2	0	8555	10	0	11228
155007367	STR_D_TA_TA_PART_MASS_D_LEA2_03A	40004	110	2	0	8557	10	0	11229
155007368	STR_D_TA_TA_PART_MASS_D_LEA3_01A	40004	200	2	0	8613	10	0	5278
155007369	STR_D_TA_TA_PART_MASS_D_LEA3_02A	40004	205	2	0	8614	10	0	11230
155007370	STR_D_TA_TA_PART_MASS_D_LEA3_03A	40004	210	2	0	8616	10	0	11231
155007371	STR_D_TA_TA_PART_MASS_D_LEA4_01A	40004	300	2	0	8704	10	0	5281
155007372	STR_D_TA_TA_PART_MASS_D_LEA4_02A	40004	305	2	0	8705	10	0	11232
155007373	STR_D_TA_TA_PART_MASS_D_LEA4_03A	40004	310	2	0	8707	10	0	11233
155007374	STR_D_TA_TA_PART_MASS_D_LEA5_01A	40004	400	2	0	10554	10	0	5284
155007375	STR_D_TA_TA_PART_MASS_D_LEA5_02A	40004	405	2	0	10555	10	0	11234
155007376	STR_D_TA_TA_PART_MASS_D_LEA5_04A	40004	410	2	0	10557	10	0	11235
155007377	STR_D_TA_TA_PART_MASS_D_LEA5_03A	40004	405	2	0	10559	10	0	11236
155007378	STR_D_TA_TA_PART_MASS_D_LEA5_05A	40004	410	2	0	10561	10	0	11237
155007379	STR_D_TA_TA_PART_MASS_D_DRA_LT_301A	40004	400	2	0	8793	10	0	5247
155007380	STR_D_TA_TA_PART_MASS_D_DRA_LT_302A	40004	400	2	0	8794	10	0	5289
155007381	STR_D_TA_TA_PART_MASS_D_DRA_LT_401A	40004	420	2	0	8807	10	0	5250
155007382	STR_D_TA_TA_PART_MASS_D_DRA_LT_402A	40004	420	2	0	8808	10	0	5290
155007383	STR_D_TA_TA_PART_MASS_D_DRA_LT_501A	40004	440	2	0	8833	10	0	5253
155007384	STR_D_TA_TA_PART_MASS_D_DRA_LT_502A	40004	440	2	0	8834	10	0	5291
155007385	STR_D_TA_TA_PART_MASS_D_DRA_LT_551A	40004	450	2	0	10627	10	0	5256
155007386	STR_D_TA_TA_PART_MASS_D_DRA_LT_552A	40004	460	2	0	10628	10	0	5292
155007387	STR_D_TA_TA_PART_MASS_D_CLOTH1_01A	40004	1	2	0	8859	10	0	11238
155007388	STR_D_TA_TA_PART_MASS_D_CLOTH1_02A	40004	5	2	0	8861	10	0	11239
155007389	STR_D_TA_TA_PART_MASS_D_CLOTH1_03A	40004	10	2	0	8863	10	0	11240
155007390	STR_D_TA_TA_PART_MASS_D_CLOTH2_01A	40004	100	2	0	8888	10	0	11241
155007391	STR_D_TA_TA_PART_MASS_D_CLOTH2_02A	40004	105	2	0	8890	10	0	11242
155007392	STR_D_TA_TA_PART_MASS_D_CLOTH2_03A	40004	110	2	0	8892	10	0	11243
155007393	STR_D_TA_TA_PART_MASS_D_CLOTH3_01A	40004	200	2	0	8950	10	0	11244
155007394	STR_D_TA_TA_PART_MASS_D_CLOTH3_02A	40004	205	2	0	8952	10	0	11245
155007395	STR_D_TA_TA_PART_MASS_D_CLOTH3_03A	40004	210	2	0	8954	10	0	11246
155007396	STR_D_TA_TA_PART_MASS_D_CLOTH4_01A	40004	300	2	0	9039	10	0	11247
155007397	STR_D_TA_TA_PART_MASS_D_CLOTH4_02A	40004	305	2	0	9041	10	0	11248
155007398	STR_D_TA_TA_PART_MASS_D_CLOTH4_03A	40004	310	2	0	9043	10	0	11249
155007399	STR_D_TA_TA_PART_MASS_D_CLOTH5_01A	40004	400	2	0	10665	10	0	11250
155007400	STR_D_TA_TA_PART_MASS_D_CLOTH5_02A	40004	405	2	0	10667	10	0	11251
155007401	STR_D_TA_TA_PART_MASS_D_CLOTH5_04A	40004	410	2	0	10669	10	0	11252
155007402	STR_D_TA_TA_PART_MASS_D_CLOTH5_03A	40004	405	2	0	10671	10	0	11253
155007403	STR_D_TA_TA_PART_MASS_D_CLOTH5_05A	40004	410	2	0	10673	10	0	11254
155007404	STR_D_TA_TA_PART_MASS_D_DRA_RB_301A	40004	400	2	0	9130	10	0	5310
155007405	STR_D_TA_TA_PART_MASS_D_DRA_RB_401A	40004	420	2	0	9143	10	0	5311
155007406	STR_D_TA_TA_PART_MASS_D_DRA_RB_501A	40004	440	2	0	9168	10	0	5312
155007407	STR_D_TA_TA_PART_MASS_D_DRA_RB_551A	40004	470	2	0	10748	10	0	5313
155007408	STR_D_HA_JR_PART_MASS_D_SILVER_01A	40008	1	2	0	9193	10	0	5314
155007409	STR_D_HA_JR_PART_MASS_D_SILVER_02A	40008	10	2	0	9194	10	0	11255
155007410	STR_D_HA_JR_PART_MASS_D_GOLD_01A	40008	100	2	0	9200	10	0	5316
155007411	STR_D_HA_JR_PART_MASS_D_GOLD_02A	40008	110	2	0	9201	10	0	11256
155007412	STR_D_HA_JR_PART_MASS_D_WGOLD_01A	40008	200	2	0	9210	10	0	5318
155007413	STR_D_HA_JR_PART_MASS_D_WGOLD_02A	40008	210	2	0	9211	10	0	11257
155007414	STR_D_HA_JR_PART_MASS_D_MYTHRIL_01A	40008	300	2	0	9220	10	0	5320
155007415	STR_D_HA_JR_PART_MASS_D_MYTHRIL_02A	40008	310	2	0	9221	10	0	11258
155007416	STR_D_HA_JR_PART_MASS_D_CRYSTAL_01A	40008	400	2	0	10785	10	0	5322
155007417	STR_D_HA_JR_PART_MASS_D_CRYSTAL_02A	40008	410	2	0	10786	10	0	11259
155007418	STR_D_HA_JR_PART_MASS_D_ROSE_02A	40008	10	2	0	9230	10	0	5324
155007419	STR_D_HA_JR_PART_MASS_D_AMETH_02A	40008	10	2	0	9235	10	0	5325
155007420	STR_D_HA_JR_PART_MASS_D_CRISTAL_02A	40008	10	2	0	9240	10	0	5326
155007421	STR_D_HA_JR_PART_MASS_D_TOPAZ_02A	40008	110	2	0	9245	10	0	5327
155007422	STR_D_HA_JR_PART_MASS_D_AQUA_02A	40008	110	2	0	9254	10	0	5328
155007423	STR_D_HA_JR_PART_MASS_D_ZIRCON_02A	40008	110	2	0	9263	10	0	5329
155007424	STR_D_HA_JR_PART_MASS_D_GARNET_02A	40008	210	2	0	9278	10	0	5330
155007425	STR_D_HA_JR_PART_MASS_D_LAZULI_02A	40008	210	2	0	9295	10	0	5331
155007426	STR_D_HA_JR_PART_MASS_D_MOON_02A	40008	210	2	0	9312	10	0	5332
155007427	STR_D_HA_JR_PART_MASS_D_RUBY_02A	40008	310	2	0	9339	10	0	5333
155007428	STR_D_HA_JR_PART_MASS_D_SAPPH_02A	40008	310	2	0	9356	10	0	5334
155007429	STR_D_HA_JR_PART_MASS_D_DIA_02A	40008	310	2	0	9373	10	0	5335
155007430	STR_D_HA_JR_PART_MASS_D_REDBE_02A	40008	410	2	0	10795	10	0	5336
155007431	STR_D_HA_JR_PART_MASS_D_TERQUER_02A	40008	410	2	0	10828	10	0	5337
155007432	STR_D_HA_JR_PART_MASS_D_KELPA_02A	40008	410	2	0	10861	10	0	5338
155007433	STR_D_HA_JR_PART_MASS_D_DRA_JEW_301A	40008	400	2	0	9400	10	0	5339
155007434	STR_D_HA_JR_PART_MASS_D_DRA_JEW_401A	40008	420	2	0	9414	10	0	5340
155007435	STR_D_HA_JR_PART_MASS_D_DRA_JEW_501A	40008	440	2	0	9442	10	0	5341
155007436	STR_D_HA_JR_PART_MASS_D_DRA_JEW_551A	40008	470	2	0	10907	10	0	5342
155007437	STR_D_HA_JR_PART_MASS_D_BIRKE_01A	40008	1	2	0	9470	10	0	11260
155007438	STR_D_HA_JR_PART_MASS_D_BIRKE_02A	40008	10	2	0	9472	10	0	11261
155007439	STR_D_HA_JR_PART_MASS_D_BIRKE_03A	40008	20	2	0	9474	10	0	11262
155007440	STR_D_HA_JR_PART_MASS_D_YORK_01A	40008	100	2	0	9484	10	0	11263
155007441	STR_D_HA_JR_PART_MASS_D_YORK_02A	40008	110	2	0	9486	10	0	11264
155007442	STR_D_HA_JR_PART_MASS_D_YORK_03A	40008	120	2	0	9488	10	0	11265
155007443	STR_D_HA_JR_PART_MASS_D_ELM_01A	40008	200	2	0	9508	10	0	11266
155007444	STR_D_HA_JR_PART_MASS_D_ELM_02A	40008	210	2	0	9510	10	0	11267
155007445	STR_D_HA_JR_PART_MASS_D_ELM_03A	40008	220	2	0	9512	10	0	11268
155007446	STR_D_HA_JR_PART_MASS_D_IGDRA_01A	40008	300	2	0	9542	10	0	11269
155007447	STR_D_HA_JR_PART_MASS_D_IGDRA_02A	40008	310	2	0	9544	10	0	11270
155007448	STR_D_HA_JR_PART_MASS_D_IGDRA_03A	40008	320	2	0	9546	10	0	11271
155007449	STR_D_HA_JR_PART_MASS_D_GARDE_01A	40008	400	2	0	10949	10	0	11272
155007450	STR_D_HA_JR_PART_MASS_D_GARDE_02A	40008	410	2	0	10951	10	0	11273
155007451	STR_D_HA_JR_PART_MASS_D_GARDE_03A	40008	420	2	0	10953	10	0	11274
155007452	STR_D_HA_HW_PART_MASS_D_DRA_TREE_301A	40008	400	2	0	9578	10	0	5245
155007453	STR_D_HA_HW_PART_MASS_D_DRA_TREE_302A	40008	400	2	0	9579	10	0	5246
155007454	STR_D_HA_HW_PART_MASS_D_DRA_TREE_401A	40008	420	2	0	9584	10	0	5248
155007455	STR_D_HA_HW_PART_MASS_D_DRA_TREE_402A	40008	420	2	0	9585	10	0	5249
155007456	STR_D_HA_HW_PART_MASS_D_DRA_TREE_501A	40008	440	2	0	9594	10	0	5251
155007457	STR_D_HA_HW_PART_MASS_D_DRA_TREE_502A	40008	440	2	0	9595	10	0	5252
155007458	STR_D_HA_HW_PART_MASS_D_DRA_TREE_551A	40008	450	2	0	10977	10	0	5254
155007459	STR_D_HA_HW_PART_MASS_D_DRA_TREE_552A	40008	460	2	0	10978	10	0	5255
155007460	STR_D_AL_AL_PART_MASS_D_STONE1_03A	40007	10	2	0	9672	10	0	11275
155007461	STR_D_AL_AL_PART_MASS_D_STONE1_04A	40007	10	2	0	9674	10	0	11276
155007462	STR_D_AL_AL_PART_MASS_D_STONE2_03A	40007	110	2	0	9688	10	0	11277
155007463	STR_D_AL_AL_PART_MASS_D_STONE2_04A	40007	110	2	0	9690	10	0	11278
155007464	STR_D_AL_AL_PART_MASS_D_STONE3_03A	40007	210	2	0	9714	10	0	11279
155007465	STR_D_AL_AL_PART_MASS_D_STONE3_04A	40007	210	2	0	9716	10	0	11280
155007466	STR_D_AL_AL_PART_MASS_D_STONE4_03A	40007	310	2	0	9750	10	0	11281
155007467	STR_D_AL_AL_PART_MASS_D_STONE4_04A	40007	310	2	0	9752	10	0	11282
155007468	STR_D_AL_AL_PART_MASS_D_STONE5_03A	40007	410	2	0	11015	10	0	11283
155007469	STR_D_AL_AL_PART_MASS_D_STONE5_04A	40007	410	2	0	11017	10	0	11284
155007470	STR_D_AL_AL_PART_MASS_D_DRA_SOUL_301A	40007	400	2	0	9792	10	0	5245
155007471	STR_D_AL_AL_PART_MASS_D_DRA_SOUL_302A	40007	400	2	0	9793	10	0	5368
155007472	STR_D_AL_AL_PART_MASS_D_DRA_SOUL_401A	40007	420	2	0	9798	10	0	5248
155007473	STR_D_AL_AL_PART_MASS_D_DRA_SOUL_402A	40007	420	2	0	9799	10	0	5369
155007474	STR_D_AL_AL_PART_MASS_D_DRA_SOUL_501A	40007	440	2	0	9808	10	0	5251
155007475	STR_D_AL_AL_PART_MASS_D_DRA_SOUL_502A	40007	440	2	0	9809	10	0	5370
155007476	STR_D_AL_AL_PART_MASS_D_DRA_SOUL_551A	40007	450	2	0	11048	10	0	5254
155007477	STR_D_AL_AL_PART_MASS_D_DRA_SOUL_552A	40007	460	2	0	11049	10	0	5371
155007478	STR_D_AL_AL_PART_MASS_D_STONE1_01A	40007	1	2	0	9670	20	0	5372
155007479	STR_D_AL_AL_PART_MASS_D_STONE1_02A	40007	1	2	0	9671	50	0	5372
155007480	STR_D_AL_AL_PART_MASS_D_STONE2_01A	40007	100	2	0	9686	20	0	5373
155007481	STR_D_AL_AL_PART_MASS_D_STONE2_02A	40007	100	2	0	9687	50	0	5373
155007482	STR_D_AL_AL_PART_MASS_D_STONE3_01A	40007	200	2	0	9712	20	0	5374
155007483	STR_D_AL_AL_PART_MASS_D_STONE3_02A	40007	200	2	0	9713	50	0	5374
155007484	STR_D_AL_AL_PART_MASS_D_STONE4_01A	40007	300	2	0	9748	20	0	5375
155007485	STR_D_AL_AL_PART_MASS_D_STONE4_02A	40007	300	2	0	9749	50	0	5375
155007486	STR_D_AL_AL_PART_MASS_D_STONE5_01A	40007	400	2	0	11013	20	0	5376
155007487	STR_D_AL_AL_PART_MASS_D_STONE5_02A	40007	400	2	0	11014	50	0	5376
155007488	STR_D_TA_LT_HEAD_D_N_E2_M_53A	40004	500	2	1	11285	1	0	11286
155007489	STR_D_TA_RB_HEAD_D_N_E2_M_53A	40004	500	2	1	11287	1	0	11288
155007490	STR_D_WS_QUEST_D_SKILL_WEAPON_299A	40002	299	2	1	11289	1	0	11290
155007491	STR_D_WS_QUEST_D_SKILL_WEAPON_299B	40002	299	2	1	11291	1	0	11292
155007492	STR_D_AS_QUEST_D_SKILL_ARMOR_299A	40003	299	2	1	11293	1	0	11294
155007493	STR_D_AS_QUEST_D_SKILL_ARMOR_299B	40003	299	2	1	11295	1	0	11296
155007494	STR_D_TA_QUEST_D_SKILL_TAILO_299A	40004	299	2	1	11297	1	0	11298
155007495	STR_D_TA_QUEST_D_SKILL_TAILO_299B	40004	299	2	1	11299	1	0	11300
155007496	STR_D_HA_QUEST_D_SKILL_HANDI_299A	40008	299	2	1	11301	1	0	11302
155007497	STR_D_HA_QUEST_D_SKILL_HANDI_299B	40008	299	2	1	11303	1	0	11304
155007498	STR_D_AL_QUEST_D_SKILL_ALCHE_299A	40007	299	2	1	11305	1	0	11306
155007499	STR_D_AL_QUEST_D_SKILL_ALCHE_299B	40007	299	2	1	11307	1	0	11308
155007500	STR_D_CO_QUEST_D_SKILL_COOK01_299A	40001	299	2	1	11309	1	0	11310
155007501	STR_D_CO_QUEST_D_SKILL_COOK02_299A	40001	299	2	1	11311	1	0	11312
155007502	STR_D_CO_QUEST_D_SKILL_COOK03_299A	40001	299	2	1	11313	1	0	11314
155007503	STR_D_WS_QUEST_D_SKILL_WEAPON_399A	40002	399	2	1	11315	1	0	11316
155007504	STR_D_WS_QUEST_D_SKILL_WEAPON_399B	40002	399	2	1	11317	1	0	11318
155007505	STR_D_AS_QUEST_D_SKILL_ARMOR_399A	40003	399	2	1	11319	1	0	11320
155007506	STR_D_AS_QUEST_D_SKILL_ARMOR_399B	40003	399	2	1	11321	1	0	11322
155007507	STR_D_TA_QUEST_D_SKILL_TAILO_399A	40004	399	2	1	11323	1	0	11324
155007508	STR_D_TA_QUEST_D_SKILL_TAILO_399B	40004	399	2	1	11325	1	0	11326
155007509	STR_D_HA_QUEST_D_SKILL_HANDI_399A	40008	399	2	1	11327	1	0	11328
155007510	STR_D_HA_QUEST_D_SKILL_HANDI_399B	40008	399	2	1	11329	1	0	11330
155007511	STR_D_AL_QUEST_D_SKILL_ALCHE_399A	40007	399	2	1	11331	1	0	11332
155007512	STR_D_AL_QUEST_D_SKILL_ALCHE_399B	40007	399	2	1	11333	1	0	11334
155007513	STR_D_CO_QUEST_D_SKILL_COOK01_399A	40001	399	2	1	11335	1	0	11336
155007514	STR_D_CO_QUEST_D_SKILL_COOK02_399A	40001	399	2	1	11337	1	0	11338
155007515	STR_D_CO_QUEST_D_SKILL_COOK03_399A	40001	399	2	1	11339	1	0	11340
155007516	STR_D_CO_QUEST_D_SKILL_COOK04_399A	40001	399	2	1	11341	1	0	11342
155007517	STR_D_WS_DAGGER_D_N_R1_P_15A	40002	10	2	0	11343	1	0	11344
155007518	STR_D_WS_SWORD_D_N_R1_P_15A	40002	20	2	0	11345	1	0	11346
155007519	STR_D_WS_MACE_D_N_R1_P_15A	40002	30	2	0	11347	1	0	11348
155007520	STR_D_WS_2HSWORD_D_N_R1_P_15A	40002	40	2	0	11349	1	0	11350
155007521	STR_D_WS_POLEARM_D_N_R1_P_15A	40002	50	2	0	11351	1	0	11352
155007522	STR_D_WS_DAGGER_D_N_R1_P_20A	40002	60	2	0	11353	1	0	11354
155007523	STR_D_WS_SWORD_D_N_R1_P_20A	40002	70	2	0	11355	1	0	11356
155007524	STR_D_WS_MACE_D_N_R1_P_20A	40002	80	2	0	11357	1	0	11358
155007525	STR_D_WS_2HSWORD_D_N_R1_P_20A	40002	90	2	0	11359	1	0	11360
155007526	STR_D_WS_POLEARM_D_N_R1_P_20A	40002	99	2	0	11361	1	0	11362
155007527	STR_D_WS_DAGGER_D_N_R1_P_25A	40002	110	2	0	11363	1	0	11364
155007528	STR_D_WS_SWORD_D_N_R1_P_25A	40002	120	2	0	11365	1	0	11366
155007529	STR_D_WS_MACE_D_N_R1_P_25A	40002	130	2	0	11367	1	0	11368
155007530	STR_D_WS_2HSWORD_D_N_R1_P_25A	40002	140	2	0	11369	1	0	11370
155007531	STR_D_WS_POLEARM_D_N_R1_P_25A	40002	150	2	0	11371	1	0	11372
155007532	STR_D_WS_DAGGER_D_N_R1_P_30A	40002	160	2	0	11373	1	0	11374
155007533	STR_D_WS_SWORD_D_N_R1_P_30A	40002	170	2	0	11375	1	0	11376
155007534	STR_D_WS_MACE_D_N_R1_P_30A	40002	180	2	0	11377	1	0	11378
155007535	STR_D_WS_2HSWORD_D_N_R1_P_30A	40002	190	2	0	11379	1	0	11380
155007536	STR_D_WS_POLEARM_D_N_R1_P_30A	40002	199	2	0	11381	1	0	11382
155007537	STR_D_WS_DAGGER_D_N_R1_P_35A	40002	210	2	0	11383	1	0	11384
155007538	STR_D_WS_SWORD_D_N_R1_P_35A	40002	220	2	0	11385	1	0	11386
155007539	STR_D_WS_MACE_D_N_R1_P_35A	40002	230	2	0	11387	1	0	11388
155007540	STR_D_WS_2HSWORD_D_N_R1_P_35A	40002	240	2	0	11389	1	0	11390
155007541	STR_D_WS_POLEARM_D_N_R1_P_35A	40002	250	2	0	11391	1	0	11392
155007542	STR_D_WS_DAGGER_D_N_R1_P_40A	40002	260	2	0	11393	1	0	11394
155007543	STR_D_WS_SWORD_D_N_R1_P_40A	40002	270	2	0	11395	1	0	11396
155007544	STR_D_WS_MACE_D_N_R1_P_40A	40002	280	2	0	11397	1	0	11398
155007545	STR_D_WS_2HSWORD_D_N_R1_P_40A	40002	290	2	0	11399	1	0	11400
155007546	STR_D_WS_POLEARM_D_N_R1_P_40A	40002	299	2	0	11401	1	0	11402
155007547	STR_D_WS_DAGGER_D_N_R1_P_45A	40002	310	2	0	11403	1	0	11404
155007548	STR_D_WS_SWORD_D_N_R1_P_45A	40002	320	2	0	11405	1	0	11406
155007549	STR_D_WS_MACE_D_N_R1_P_45A	40002	330	2	0	11407	1	0	11408
155007550	STR_D_WS_2HSWORD_D_N_R1_P_45A	40002	340	2	0	11409	1	0	11410
155007551	STR_D_WS_POLEARM_D_N_R1_P_45A	40002	350	2	0	11411	1	0	11412
155007552	STR_D_WS_DAGGER_D_N_R1_P_50A	40002	360	2	0	11413	1	0	11414
155007553	STR_D_WS_SWORD_D_N_R1_P_50A	40002	370	2	0	11415	1	0	11416
155007554	STR_D_WS_MACE_D_N_R1_P_50A	40002	380	2	0	11417	1	0	11418
155007555	STR_D_WS_2HSWORD_D_N_R1_P_50A	40002	390	2	0	11419	1	0	11420
155007556	STR_D_WS_POLEARM_D_N_R1_P_50A	40002	399	2	0	11421	1	0	11422
155007557	STR_D_WS_DAGGER_D_N_R1_P_55A	40002	410	2	0	11423	1	0	11424
155007558	STR_D_WS_SWORD_D_N_R1_P_55A	40002	420	2	0	11425	1	0	11426
155007559	STR_D_WS_MACE_D_N_R1_P_55A	40002	430	2	0	11427	1	0	11428
155007560	STR_D_WS_2HSWORD_D_N_R1_P_55A	40002	440	2	0	11429	1	0	11430
155007561	STR_D_WS_POLEARM_D_N_R1_P_55A	40002	449	2	0	11431	1	0	11432
155007562	STR_D_AS_CH_SHOES_D_N_R1_P_13A	40003	10	2	0	11433	1	0	11434
155007563	STR_D_AS_CH_GLOVE_D_N_R1_P_13A	40003	20	2	0	11435	1	0	11436
155007564	STR_D_AS_CH_PANTS_D_N_R1_P_13A	40003	30	2	0	11437	1	0	11438
155007565	STR_D_AS_CH_TORSO_D_N_R1_P_13A	40003	50	2	0	11439	1	0	11440
155007566	STR_D_AS_CH_HEAD_D_N_R1_P_13A	40003	40	2	0	11441	1	0	11442
155007567	STR_D_AS_CH_SHOES_D_N_R1_P_18A	40003	60	2	0	11443	1	0	11444
155007568	STR_D_AS_CH_GLOVE_D_N_R1_P_18A	40003	70	2	0	11445	1	0	11446
155007569	STR_D_AS_CH_SHOUL_D_N_R1_P_18A	40003	80	2	0	11447	1	0	11448
155007570	STR_D_AS_CH_PANTS_D_N_R1_P_18A	40003	90	2	0	11449	1	0	11450
155007571	STR_D_AS_CH_TORSO_D_N_R1_P_18A	40003	99	2	0	11451	1	0	11452
155007572	STR_D_AS_CH_HEAD_D_N_R1_P_18A	40003	90	2	0	11453	1	0	11454
155007573	STR_D_AS_CH_SHOES_D_N_R1_P_23A	40003	110	2	0	11455	1	0	11456
155007574	STR_D_AS_CH_GLOVE_D_N_R1_P_23A	40003	120	2	0	11457	1	0	11458
155007575	STR_D_AS_CH_SHOUL_D_N_R1_P_23A	40003	130	2	0	11459	1	0	11460
155007576	STR_D_AS_CH_PANTS_D_N_R1_P_23A	40003	140	2	0	11461	1	0	11462
155007577	STR_D_AS_CH_TORSO_D_N_R1_P_23A	40003	150	2	0	11463	1	0	11464
155007578	STR_D_AS_CH_HEAD_D_N_R1_P_23A	40003	140	2	0	11465	1	0	11466
155007579	STR_D_AS_CH_SHOES_D_N_R1_P_28A	40003	160	2	0	11467	1	0	11468
155007580	STR_D_AS_CH_GLOVE_D_N_R1_P_28A	40003	170	2	0	11469	1	0	11470
155007581	STR_D_AS_CH_SHOUL_D_N_R1_P_28A	40003	180	2	0	11471	1	0	11472
155007582	STR_D_AS_CH_PANTS_D_N_R1_P_28A	40003	190	2	0	11473	1	0	11474
155007583	STR_D_AS_CH_TORSO_D_N_R1_P_28A	40003	199	2	0	11475	1	0	11476
155007584	STR_D_AS_CH_HEAD_D_N_R1_P_28A	40003	190	2	0	11477	1	0	11478
155007585	STR_D_AS_CH_SHOES_D_N_R1_P_33A	40003	210	2	0	11479	1	0	11480
155007586	STR_D_AS_CH_GLOVE_D_N_R1_P_33A	40003	220	2	0	11481	1	0	11482
155007587	STR_D_AS_CH_SHOUL_D_N_R1_P_33A	40003	230	2	0	11483	1	0	11484
155007588	STR_D_AS_CH_PANTS_D_N_R1_P_33A	40003	240	2	0	11485	1	0	11486
155007589	STR_D_AS_CH_TORSO_D_N_R1_P_33A	40003	250	2	0	11487	1	0	11488
155007590	STR_D_AS_CH_HEAD_D_N_R1_P_33A	40003	240	2	0	11489	1	0	11490
155007591	STR_D_AS_CH_SHOES_D_N_R1_P_38A	40003	260	2	0	11491	1	0	11492
155007592	STR_D_AS_CH_GLOVE_D_N_R1_P_38A	40003	270	2	0	11493	1	0	11494
155007593	STR_D_AS_CH_SHOUL_D_N_R1_P_38A	40003	280	2	0	11495	1	0	11496
155007594	STR_D_AS_CH_PANTS_D_N_R1_P_38A	40003	290	2	0	11497	1	0	11498
155007595	STR_D_AS_CH_TORSO_D_N_R1_P_38A	40003	299	2	0	11499	1	0	11500
155007596	STR_D_AS_CH_HEAD_D_N_R1_P_38A	40003	290	2	0	11501	1	0	11502
155007597	STR_D_AS_CH_SHOES_D_N_R1_P_43A	40003	310	2	0	11503	1	0	11504
155007598	STR_D_AS_CH_GLOVE_D_N_R1_P_43A	40003	320	2	0	11505	1	0	11506
155007599	STR_D_AS_CH_SHOUL_D_N_R1_P_43A	40003	330	2	0	11507	1	0	11508
155007600	STR_D_AS_CH_PANTS_D_N_R1_P_43A	40003	340	2	0	11509	1	0	11510
155007601	STR_D_AS_CH_TORSO_D_N_R1_P_43A	40003	350	2	0	11511	1	0	11512
155007602	STR_D_AS_CH_HEAD_D_N_R1_P_43A	40003	340	2	0	11513	1	0	11514
155007603	STR_D_AS_CH_SHOES_D_N_R1_P_48A	40003	360	2	0	11515	1	0	11516
155007604	STR_D_AS_CH_GLOVE_D_N_R1_P_48A	40003	370	2	0	11517	1	0	11518
155007605	STR_D_AS_CH_SHOUL_D_N_R1_P_48A	40003	380	2	0	11519	1	0	11520
155007606	STR_D_AS_CH_PANTS_D_N_R1_P_48A	40003	390	2	0	11521	1	0	11522
155007607	STR_D_AS_CH_TORSO_D_N_R1_P_48A	40003	399	2	0	11523	1	0	11524
155007608	STR_D_AS_CH_HEAD_D_N_R1_P_48A	40003	390	2	0	11525	1	0	11526
155007609	STR_D_AS_CH_SHOES_D_N_R1_P_53A	40003	410	2	0	11527	1	0	11528
155007610	STR_D_AS_CH_GLOVE_D_N_R1_P_53A	40003	420	2	0	11529	1	0	11530
155007611	STR_D_AS_CH_SHOUL_D_N_R1_P_53A	40003	430	2	0	11531	1	0	11532
155007612	STR_D_AS_CH_PANTS_D_N_R1_P_53A	40003	440	2	0	11533	1	0	11534
155007613	STR_D_AS_CH_TORSO_D_N_R1_P_53A	40003	449	2	0	11535	1	0	11536
155007614	STR_D_AS_CH_HEAD_D_N_R1_P_53A	40003	440	2	0	11537	1	0	11538
155007615	STR_D_AS_PL_SHOES_D_N_R1_P_13A	40003	10	2	0	11539	1	0	11540
155007616	STR_D_AS_PL_GLOVE_D_N_R1_P_13A	40003	20	2	0	11541	1	0	11542
155007617	STR_D_AS_PL_PANTS_D_N_R1_P_13A	40003	30	2	0	11543	1	0	11544
155007618	STR_D_AS_PL_TORSO_D_N_R1_P_13A	40003	50	2	0	11545	1	0	11546
155007619	STR_D_AS_PL_HEAD_D_N_R1_P_13A	40003	40	2	0	11547	1	0	11548
155007620	STR_D_AS_SHIELD_D_N_R1_P_15A	40003	50	2	0	11549	1	0	11550
155007621	STR_D_AS_PL_SHOES_D_N_R1_P_18A	40003	60	2	0	11551	1	0	11552
155007622	STR_D_AS_PL_GLOVE_D_N_R1_P_18A	40003	70	2	0	11553	1	0	11554
155007623	STR_D_AS_PL_SHOUL_D_N_R1_P_18A	40003	80	2	0	11555	1	0	11556
155007624	STR_D_AS_PL_PANTS_D_N_R1_P_18A	40003	90	2	0	11557	1	0	11558
155007625	STR_D_AS_PL_TORSO_D_N_R1_P_18A	40003	99	2	0	11559	1	0	11560
155007626	STR_D_AS_PL_HEAD_D_N_R1_P_18A	40003	90	2	0	11561	1	0	11562
155007627	STR_D_AS_SHIELD_D_N_R1_P_20A	40003	99	2	0	11563	1	0	11564
155007628	STR_D_AS_PL_SHOES_D_N_R1_P_23A	40003	110	2	0	11565	1	0	11566
155007629	STR_D_AS_PL_GLOVE_D_N_R1_P_23A	40003	120	2	0	11567	1	0	11568
155007630	STR_D_AS_PL_SHOUL_D_N_R1_P_23A	40003	130	2	0	11569	1	0	11570
155007631	STR_D_AS_PL_PANTS_D_N_R1_P_23A	40003	140	2	0	11571	1	0	11572
155007632	STR_D_AS_PL_TORSO_D_N_R1_P_23A	40003	150	2	0	11573	1	0	11574
155007633	STR_D_AS_PL_HEAD_D_N_R1_P_23A	40003	140	2	0	11575	1	0	11576
155007634	STR_D_AS_SHIELD_D_N_R1_P_25A	40003	150	2	0	11577	1	0	11578
155007635	STR_D_AS_PL_SHOES_D_N_R1_P_28A	40003	160	2	0	11579	1	0	11580
155007636	STR_D_AS_PL_GLOVE_D_N_R1_P_28A	40003	170	2	0	11581	1	0	11582
155007637	STR_D_AS_PL_SHOUL_D_N_R1_P_28A	40003	180	2	0	11583	1	0	11584
155007638	STR_D_AS_PL_PANTS_D_N_R1_P_28A	40003	190	2	0	11585	1	0	11586
155007639	STR_D_AS_PL_TORSO_D_N_R1_P_28A	40003	199	2	0	11587	1	0	11588
155007640	STR_D_AS_PL_HEAD_D_N_R1_P_28A	40003	190	2	0	11589	1	0	11590
155007641	STR_D_AS_SHIELD_D_N_R1_P_30A	40003	199	2	0	11591	1	0	11592
155007642	STR_D_AS_PL_SHOES_D_N_R1_P_33A	40003	210	2	0	11593	1	0	11594
155007643	STR_D_AS_PL_GLOVE_D_N_R1_P_33A	40003	220	2	0	11595	1	0	11596
155007644	STR_D_AS_PL_SHOUL_D_N_R1_P_33A	40003	230	2	0	11597	1	0	11598
155007645	STR_D_AS_PL_PANTS_D_N_R1_P_33A	40003	240	2	0	11599	1	0	11600
155007646	STR_D_AS_PL_TORSO_D_N_R1_P_33A	40003	250	2	0	11601	1	0	11602
155007647	STR_D_AS_PL_HEAD_D_N_R1_P_33A	40003	240	2	0	11603	1	0	11604
155007648	STR_D_AS_SHIELD_D_N_R1_P_35A	40003	250	2	0	11605	1	0	11606
155007649	STR_D_AS_PL_SHOES_D_N_R1_P_38A	40003	260	2	0	11607	1	0	11608
155007650	STR_D_AS_PL_GLOVE_D_N_R1_P_38A	40003	270	2	0	11609	1	0	11610
155007651	STR_D_AS_PL_SHOUL_D_N_R1_P_38A	40003	280	2	0	11611	1	0	11612
155007652	STR_D_AS_PL_PANTS_D_N_R1_P_38A	40003	290	2	0	11613	1	0	11614
155007653	STR_D_AS_PL_TORSO_D_N_R1_P_38A	40003	299	2	0	11615	1	0	11616
155007654	STR_D_AS_PL_HEAD_D_N_R1_P_38A	40003	290	2	0	11617	1	0	11618
155007655	STR_D_AS_SHIELD_D_N_R1_P_40A	40003	299	2	0	11619	1	0	11620
155007656	STR_D_AS_PL_SHOES_D_N_R1_P_43A	40003	310	2	0	11621	1	0	11622
155007657	STR_D_AS_PL_GLOVE_D_N_R1_P_43A	40003	320	2	0	11623	1	0	11624
155007658	STR_D_AS_PL_SHOUL_D_N_R1_P_43A	40003	330	2	0	11625	1	0	11626
155007659	STR_D_AS_PL_PANTS_D_N_R1_P_43A	40003	340	2	0	11627	1	0	11628
155007660	STR_D_AS_PL_TORSO_D_N_R1_P_43A	40003	350	2	0	11629	1	0	11630
155007661	STR_D_AS_PL_HEAD_D_N_R1_P_43A	40003	340	2	0	11631	1	0	11632
155007662	STR_D_AS_SHIELD_D_N_R1_P_45A	40003	350	2	0	11633	1	0	11634
155007663	STR_D_AS_PL_SHOES_D_N_R1_P_48A	40003	360	2	0	11635	1	0	11636
155007664	STR_D_AS_PL_GLOVE_D_N_R1_P_48A	40003	370	2	0	11637	1	0	11638
155007665	STR_D_AS_PL_SHOUL_D_N_R1_P_48A	40003	380	2	0	11639	1	0	11640
155007666	STR_D_AS_PL_PANTS_D_N_R1_P_48A	40003	390	2	0	11641	1	0	11642
155007667	STR_D_AS_PL_TORSO_D_N_R1_P_48A	40003	399	2	0	11643	1	0	11644
155007668	STR_D_AS_PL_HEAD_D_N_R1_P_48A	40003	390	2	0	11645	1	0	11646
155007669	STR_D_AS_SHIELD_D_N_R1_P_50A	40003	399	2	0	11647	1	0	11648
155007670	STR_D_AS_PL_SHOES_D_N_R1_P_53A	40003	410	2	0	11649	1	0	11650
155007671	STR_D_AS_PL_GLOVE_D_N_R1_P_53A	40003	420	2	0	11651	1	0	11652
155007672	STR_D_AS_PL_SHOUL_D_N_R1_P_53A	40003	430	2	0	11653	1	0	11654
155007673	STR_D_AS_PL_PANTS_D_N_R1_P_53A	40003	440	2	0	11655	1	0	11656
155007674	STR_D_AS_PL_TORSO_D_N_R1_P_53A	40003	449	2	0	11657	1	0	11658
155007675	STR_D_AS_PL_HEAD_D_N_R1_P_53A	40003	440	2	0	11659	1	0	11660
155007676	STR_D_AS_SHIELD_D_N_R1_P_55A	40003	449	2	0	11661	1	0	11662
155007677	STR_D_TA_LT_SHOES_D_N_R1_P_13A	40004	10	2	0	11663	1	0	11664
155007678	STR_D_TA_LT_GLOVE_D_N_R1_P_13A	40004	20	2	0	11665	1	0	11666
155007679	STR_D_TA_LT_PANTS_D_N_R1_P_13A	40004	40	2	0	11667	1	0	11668
155007680	STR_D_TA_LT_TORSO_D_N_R1_P_13A	40004	50	2	0	11669	1	0	11670
155007681	STR_D_TA_BELT_D_N_R1_P_13A	40004	30	2	0	11671	1	0	11672
155007682	STR_D_TA_LT_HEAD_D_N_R1_P_13A	40004	40	2	0	11673	1	0	11674
155007683	STR_D_TA_LT_SHOES_D_N_R1_P_18A	40004	60	2	0	11675	1	0	11676
155007684	STR_D_TA_LT_GLOVE_D_N_R1_P_18A	40004	70	2	0	11677	1	0	11678
155007685	STR_D_TA_LT_SHOUL_D_N_R1_P_18A	40004	80	2	0	11679	1	0	11680
155007686	STR_D_TA_LT_PANTS_D_N_R1_P_18A	40004	90	2	0	11681	1	0	11682
155007687	STR_D_TA_LT_TORSO_D_N_R1_P_18A	40004	99	2	0	11683	1	0	11684
155007688	STR_D_TA_BELT_D_N_R1_P_18A	40004	80	2	0	11685	1	0	11686
155007689	STR_D_TA_LT_HEAD_D_N_R1_P_18A	40004	90	2	0	11687	1	0	11688
155007690	STR_D_TA_LT_SHOES_D_N_R1_P_23A	40004	110	2	0	11689	1	0	11690
155007691	STR_D_TA_LT_GLOVE_D_N_R1_P_23A	40004	120	2	0	11691	1	0	11692
155007692	STR_D_TA_LT_SHOUL_D_N_R1_P_23A	40004	130	2	0	11693	1	0	11694
155007693	STR_D_TA_LT_PANTS_D_N_R1_P_23A	40004	140	2	0	11695	1	0	11696
155007694	STR_D_TA_LT_TORSO_D_N_R1_P_23A	40004	150	2	0	11697	1	0	11698
155007695	STR_D_TA_BELT_D_N_R1_P_23A	40004	130	2	0	11699	1	0	11700
155007696	STR_D_TA_LT_HEAD_D_N_R1_P_23A	40004	140	2	0	11701	1	0	11702
155007697	STR_D_TA_LT_SHOES_D_N_R1_P_28A	40004	160	2	0	11703	1	0	11704
155007698	STR_D_TA_LT_GLOVE_D_N_R1_P_28A	40004	170	2	0	11705	1	0	11706
155007699	STR_D_TA_LT_SHOUL_D_N_R1_P_28A	40004	180	2	0	11707	1	0	11708
155007700	STR_D_TA_LT_PANTS_D_N_R1_P_28A	40004	190	2	0	11709	1	0	11710
155007701	STR_D_TA_LT_TORSO_D_N_R1_P_28A	40004	199	2	0	11711	1	0	11712
155007702	STR_D_TA_BELT_D_N_R1_P_28A	40004	180	2	0	11713	1	0	11714
155007703	STR_D_TA_LT_HEAD_D_N_R1_P_28A	40004	190	2	0	11715	1	0	11716
155007704	STR_D_TA_LT_SHOES_D_N_R1_P_33A	40004	210	2	0	11717	1	0	11718
155007705	STR_D_TA_LT_GLOVE_D_N_R1_P_33A	40004	220	2	0	11719	1	0	11720
155007706	STR_D_TA_LT_SHOUL_D_N_R1_P_33A	40004	230	2	0	11721	1	0	11722
155007707	STR_D_TA_LT_PANTS_D_N_R1_P_33A	40004	240	2	0	11723	1	0	11724
155007708	STR_D_TA_LT_TORSO_D_N_R1_P_33A	40004	250	2	0	11725	1	0	11726
155007709	STR_D_TA_BELT_D_N_R1_P_33A	40004	230	2	0	11727	1	0	11728
155007710	STR_D_TA_LT_HEAD_D_N_R1_P_33A	40004	240	2	0	11729	1	0	11730
155007711	STR_D_TA_LT_SHOES_D_N_R1_P_38A	40004	260	2	0	11731	1	0	11732
155007712	STR_D_TA_LT_GLOVE_D_N_R1_P_38A	40004	270	2	0	11733	1	0	11734
155007713	STR_D_TA_LT_SHOUL_D_N_R1_P_38A	40004	280	2	0	11735	1	0	11736
155007714	STR_D_TA_LT_PANTS_D_N_R1_P_38A	40004	290	2	0	11737	1	0	11738
155007715	STR_D_TA_LT_TORSO_D_N_R1_P_38A	40004	299	2	0	11739	1	0	11740
155007716	STR_D_TA_BELT_D_N_R1_P_38A	40004	280	2	0	11741	1	0	11742
155007717	STR_D_TA_LT_HEAD_D_N_R1_P_38A	40004	290	2	0	11743	1	0	11744
155007718	STR_D_TA_LT_SHOES_D_N_R1_P_43A	40004	310	2	0	11745	1	0	11746
155007719	STR_D_TA_LT_GLOVE_D_N_R1_P_43A	40004	320	2	0	11747	1	0	11748
155007720	STR_D_TA_LT_SHOUL_D_N_R1_P_43A	40004	330	2	0	11749	1	0	11750
155007721	STR_D_TA_LT_PANTS_D_N_R1_P_43A	40004	340	2	0	11751	1	0	11752
155007722	STR_D_TA_LT_TORSO_D_N_R1_P_43A	40004	350	2	0	11753	1	0	11754
155007723	STR_D_TA_BELT_D_N_R1_P_43A	40004	330	2	0	11755	1	0	11756
155007724	STR_D_TA_LT_HEAD_D_N_R1_P_43A	40004	340	2	0	11757	1	0	11758
155007725	STR_D_TA_LT_SHOES_D_N_R1_P_48A	40004	360	2	0	11759	1	0	11760
155007726	STR_D_TA_LT_GLOVE_D_N_R1_P_48A	40004	370	2	0	11761	1	0	11762
155007727	STR_D_TA_LT_SHOUL_D_N_R1_P_48A	40004	380	2	0	11763	1	0	11764
155007728	STR_D_TA_LT_PANTS_D_N_R1_P_48A	40004	390	2	0	11765	1	0	11766
155007729	STR_D_TA_LT_TORSO_D_N_R1_P_48A	40004	399	2	0	11767	1	0	11768
155007730	STR_D_TA_BELT_D_N_R1_P_48A	40004	380	2	0	11769	1	0	11770
155007731	STR_D_TA_LT_HEAD_D_N_R1_P_48A	40004	390	2	0	11771	1	0	11772
155007732	STR_D_TA_LT_SHOES_D_N_R1_P_53A	40004	410	2	0	11773	1	0	11774
155007733	STR_D_TA_LT_GLOVE_D_N_R1_P_53A	40004	420	2	0	11775	1	0	11776
155007734	STR_D_TA_LT_SHOUL_D_N_R1_P_53A	40004	430	2	0	11777	1	0	11778
155007735	STR_D_TA_LT_PANTS_D_N_R1_P_53A	40004	440	2	0	11779	1	0	11780
155007736	STR_D_TA_LT_TORSO_D_N_R1_P_53A	40004	449	2	0	11781	1	0	11782
155007737	STR_D_TA_BELT_D_N_R1_P_53A	40004	430	2	0	11783	1	0	11784
155007738	STR_D_TA_LT_HEAD_D_N_R1_P_53A	40004	440	2	0	11785	1	0	11786
155007739	STR_D_TA_RB_SHOES_D_N_R1_P_13A	40004	10	2	0	11787	1	0	11788
155007740	STR_D_TA_RB_GLOVE_D_N_R1_P_13A	40004	20	2	0	11789	1	0	11790
155007741	STR_D_TA_RB_PANTS_D_N_R1_P_13A	40004	40	2	0	11791	1	0	11792
155007742	STR_D_TA_RB_TORSO_D_N_R1_P_13A	40004	50	2	0	11793	1	0	11794
155007743	STR_D_TA_BELT_D_N_R1_P_13B	40004	30	2	0	11795	1	0	11796
155007744	STR_D_TA_RB_HEAD_D_N_R1_P_13A	40004	40	2	0	11797	1	0	11798
155007745	STR_D_TA_RB_SHOES_D_N_R1_P_18A	40004	60	2	0	11799	1	0	11800
155007746	STR_D_TA_RB_GLOVE_D_N_R1_P_18A	40004	70	2	0	11801	1	0	11802
155007747	STR_D_TA_RB_SHOUL_D_N_R1_P_18A	40004	80	2	0	11803	1	0	11804
155007748	STR_D_TA_RB_PANTS_D_N_R1_P_18A	40004	90	2	0	11805	1	0	11806
155007749	STR_D_TA_RB_TORSO_D_N_R1_P_18A	40004	99	2	0	11807	1	0	11808
155007750	STR_D_TA_BELT_D_N_R1_P_18B	40004	80	2	0	11809	1	0	11810
155007751	STR_D_TA_RB_HEAD_D_N_R1_P_18A	40004	90	2	0	11811	1	0	11812
155007752	STR_D_TA_RB_SHOES_D_N_R1_P_23A	40004	110	2	0	11813	1	0	11814
155007753	STR_D_TA_RB_GLOVE_D_N_R1_P_23A	40004	120	2	0	11815	1	0	11816
155007754	STR_D_TA_RB_SHOUL_D_N_R1_P_23A	40004	130	2	0	11817	1	0	11818
155007755	STR_D_TA_RB_PANTS_D_N_R1_P_23A	40004	140	2	0	11819	1	0	11820
155007756	STR_D_TA_RB_TORSO_D_N_R1_P_23A	40004	150	2	0	11821	1	0	11822
155007757	STR_D_TA_BELT_D_N_R1_P_23B	40004	130	2	0	11823	1	0	11824
155007758	STR_D_TA_RB_HEAD_D_N_R1_P_23A	40004	140	2	0	11825	1	0	11826
155007759	STR_D_TA_RB_SHOES_D_N_R1_P_28A	40004	160	2	0	11827	1	0	11828
155007760	STR_D_TA_RB_GLOVE_D_N_R1_P_28A	40004	170	2	0	11829	1	0	11830
155007761	STR_D_TA_RB_SHOUL_D_N_R1_P_28A	40004	180	2	0	11831	1	0	11832
155007762	STR_D_TA_RB_PANTS_D_N_R1_P_28A	40004	190	2	0	11833	1	0	11834
155007763	STR_D_TA_RB_TORSO_D_N_R1_P_28A	40004	199	2	0	11835	1	0	11836
155007764	STR_D_TA_BELT_D_N_R1_P_28B	40004	180	2	0	11837	1	0	11838
155007765	STR_D_TA_RB_HEAD_D_N_R1_P_28A	40004	190	2	0	11839	1	0	11840
155007766	STR_D_TA_RB_SHOES_D_N_R1_P_33A	40004	210	2	0	11841	1	0	11842
155007767	STR_D_TA_RB_GLOVE_D_N_R1_P_33A	40004	220	2	0	11843	1	0	11844
155007768	STR_D_TA_RB_SHOUL_D_N_R1_P_33A	40004	230	2	0	11845	1	0	11846
155007769	STR_D_TA_RB_PANTS_D_N_R1_P_33A	40004	240	2	0	11847	1	0	11848
155007770	STR_D_TA_RB_TORSO_D_N_R1_P_33A	40004	250	2	0	11849	1	0	11850
155007771	STR_D_TA_BELT_D_N_R1_P_33B	40004	230	2	0	11851	1	0	11852
155007772	STR_D_TA_RB_HEAD_D_N_R1_P_33A	40004	240	2	0	11853	1	0	11854
155007773	STR_D_TA_RB_SHOES_D_N_R1_P_38A	40004	260	2	0	11855	1	0	11856
155007774	STR_D_TA_RB_GLOVE_D_N_R1_P_38A	40004	270	2	0	11857	1	0	11858
155007775	STR_D_TA_RB_SHOUL_D_N_R1_P_38A	40004	280	2	0	11859	1	0	11860
155007776	STR_D_TA_RB_PANTS_D_N_R1_P_38A	40004	290	2	0	11861	1	0	11862
155007777	STR_D_TA_RB_TORSO_D_N_R1_P_38A	40004	299	2	0	11863	1	0	11864
155007778	STR_D_TA_BELT_D_N_R1_P_38B	40004	280	2	0	11865	1	0	11866
155007779	STR_D_TA_RB_HEAD_D_N_R1_P_38A	40004	290	2	0	11867	1	0	11868
155007780	STR_D_TA_RB_SHOES_D_N_R1_P_43A	40004	310	2	0	11869	1	0	11870
155007781	STR_D_TA_RB_GLOVE_D_N_R1_P_43A	40004	320	2	0	11871	1	0	11872
155007782	STR_D_TA_RB_SHOUL_D_N_R1_P_43A	40004	330	2	0	11873	1	0	11874
155007783	STR_D_TA_RB_PANTS_D_N_R1_P_43A	40004	340	2	0	11875	1	0	11876
155007784	STR_D_TA_RB_TORSO_D_N_R1_P_43A	40004	350	2	0	11877	1	0	11878
155007785	STR_D_TA_BELT_D_N_R1_P_43B	40004	330	2	0	11879	1	0	11880
155007786	STR_D_TA_RB_HEAD_D_N_R1_P_43A	40004	340	2	0	11881	1	0	11882
155007787	STR_D_TA_RB_SHOES_D_N_R1_P_48A	40004	360	2	0	11883	1	0	11884
155007788	STR_D_TA_RB_GLOVE_D_N_R1_P_48A	40004	370	2	0	11885	1	0	11886
155007789	STR_D_TA_RB_SHOUL_D_N_R1_P_48A	40004	380	2	0	11887	1	0	11888
155007790	STR_D_TA_RB_PANTS_D_N_R1_P_48A	40004	390	2	0	11889	1	0	11890
155007791	STR_D_TA_RB_TORSO_D_N_R1_P_48A	40004	399	2	0	11891	1	0	11892
155007792	STR_D_TA_BELT_D_N_R1_P_48B	40004	380	2	0	11893	1	0	11894
155007793	STR_D_TA_RB_HEAD_D_N_R1_P_48A	40004	390	2	0	11895	1	0	11896
155007794	STR_D_TA_RB_SHOES_D_N_R1_P_53A	40004	410	2	0	11897	1	0	11898
155007795	STR_D_TA_RB_GLOVE_D_N_R1_P_53A	40004	420	2	0	11899	1	0	11900
155007796	STR_D_TA_RB_SHOUL_D_N_R1_P_53A	40004	430	2	0	11901	1	0	11902
155007797	STR_D_TA_RB_PANTS_D_N_R1_P_53A	40004	440	2	0	11903	1	0	11904
155007798	STR_D_TA_RB_TORSO_D_N_R1_P_53A	40004	449	2	0	11905	1	0	11906
155007799	STR_D_TA_BELT_D_N_R1_P_53B	40004	430	2	0	11907	1	0	11908
155007800	STR_D_TA_RB_HEAD_D_N_R1_P_53A	40004	440	2	0	11909	1	0	11910
155007801	STR_D_HA_RING_D_N_R1_P_18A	40008	70	2	0	11911	1	0	11912
155007802	STR_D_HA_EARRING_D_N_R1_P_18A	40008	80	2	0	11913	1	0	11914
155007803	STR_D_HA_NECKLACE_D_N_R1_P_23A	40008	120	2	0	11915	1	0	11916
155007804	STR_D_HA_AC_HEAD_D_N_R1_P_23A	40008	130	2	0	11917	1	0	11918
155007805	STR_D_HA_RING_D_N_R1_P_28A	40008	170	2	0	11919	1	0	11920
155007806	STR_D_HA_EARRING_D_N_R1_P_28A	40008	180	2	0	11921	1	0	11922
155007807	STR_D_HA_NECKLACE_D_N_R1_P_33A	40008	220	2	0	11923	1	0	11924
155007808	STR_D_HA_AC_HEAD_D_N_R1_P_33A	40008	230	2	0	11925	1	0	11926
155007809	STR_D_HA_RING_D_N_R1_P_38A	40008	270	2	0	11927	1	0	11928
155007810	STR_D_HA_EARRING_D_N_R1_P_38A	40008	280	2	0	11929	1	0	11930
155007811	STR_D_HA_NECKLACE_D_N_R1_P_43A	40008	320	2	0	11931	1	0	11932
155007812	STR_D_HA_AC_HEAD_D_N_R1_P_43A	40008	330	2	0	11933	1	0	11934
155007813	STR_D_HA_RING_D_N_R1_P_48A	40008	370	2	0	11935	1	0	11936
155007814	STR_D_HA_EARRING_D_N_R1_P_48A	40008	380	2	0	11937	1	0	11938
155007815	STR_D_HA_NECKLACE_D_N_R1_P_53A	40008	420	2	0	11939	1	0	11940
155007816	STR_D_HA_AC_HEAD_D_N_R1_P_53A	40008	430	2	0	11941	1	0	11942
155007817	STR_D_HA_RING_D_N_R1_P_53A	40008	440	2	0	11943	1	0	11944
155007818	STR_D_HA_EARRING_D_N_R1_P_53A	40008	449	2	0	11945	1	0	11946
155007819	STR_D_HA_BOW_D_N_R1_P_15A	40008	40	2	0	11947	1	0	11948
155007820	STR_D_HA_STAFF_D_N_R1_P_15A	40008	50	2	0	11949	1	0	11950
155007821	STR_D_HA_BOW_D_N_R1_P_20A	40008	90	2	0	11951	1	0	11952
155007822	STR_D_HA_STAFF_D_N_R1_P_20A	40008	99	2	0	11953	1	0	11954
155007823	STR_D_HA_BOW_D_N_R1_P_25A	40008	140	2	0	11955	1	0	11956
155007824	STR_D_HA_STAFF_D_N_R1_P_25A	40008	150	2	0	11957	1	0	11958
155007825	STR_D_HA_BOW_D_N_R1_P_30A	40008	190	2	0	11959	1	0	11960
155007826	STR_D_HA_STAFF_D_N_R1_P_30A	40008	199	2	0	11961	1	0	11962
155007827	STR_D_HA_BOW_D_N_R1_P_35A	40008	240	2	0	11963	1	0	11964
155007828	STR_D_HA_STAFF_D_N_R1_P_35A	40008	250	2	0	11965	1	0	11966
155007829	STR_D_HA_BOW_D_N_R1_P_40A	40008	290	2	0	11967	1	0	11968
155007830	STR_D_HA_STAFF_D_N_R1_P_40A	40008	299	2	0	11969	1	0	11970
155007831	STR_D_HA_BOW_D_N_R1_P_45A	40008	340	2	0	11971	1	0	11972
155007832	STR_D_HA_STAFF_D_N_R1_P_45A	40008	350	2	0	11973	1	0	11974
155007833	STR_D_HA_BOW_D_N_R1_P_50A	40008	390	2	0	11975	1	0	11976
155007834	STR_D_HA_STAFF_D_N_R1_P_50A	40008	399	2	0	11977	1	0	11978
155007835	STR_D_HA_BOW_D_N_R1_P_55A	40008	440	2	0	11979	1	0	11980
155007836	STR_D_HA_STAFF_D_N_R1_P_55A	40008	449	2	0	11981	1	0	11982
155007837	STR_D_AL_BOOK_D_N_R1_P_15A	40007	40	2	0	11983	1	0	11984
155007838	STR_D_AL_ORB_D_N_R1_P_15A	40007	50	2	0	11985	1	0	11986
155007839	STR_D_AL_BOOK_D_N_R1_P_20A	40007	90	2	0	11987	1	0	11988
155007840	STR_D_AL_ORB_D_N_R1_P_20A	40007	99	2	0	11989	1	0	11990
155007841	STR_D_AL_BOOK_D_N_R1_P_25A	40007	140	2	0	11991	1	0	11992
155007842	STR_D_AL_ORB_D_N_R1_P_25A	40007	150	2	0	11993	1	0	11994
155007843	STR_D_AL_BOOK_D_N_R1_P_30A	40007	190	2	0	11995	1	0	11996
155007844	STR_D_AL_ORB_D_N_R1_P_30A	40007	199	2	0	11997	1	0	11998
155007845	STR_D_AL_BOOK_D_N_R1_P_35A	40007	240	2	0	11999	1	0	12000
155007846	STR_D_AL_ORB_D_N_R1_P_35A	40007	250	2	0	12001	1	0	12002
155007847	STR_D_AL_BOOK_D_N_R1_P_40A	40007	290	2	0	12003	1	0	12004
155007848	STR_D_AL_ORB_D_N_R1_P_40A	40007	299	2	0	12005	1	0	12006
155007849	STR_D_AL_BOOK_D_N_R1_P_45A	40007	340	2	0	12007	1	0	12008
155007850	STR_D_AL_ORB_D_N_R1_P_45A	40007	350	2	0	12009	1	0	12010
155007851	STR_D_AL_BOOK_D_N_R1_P_50A	40007	390	2	0	12011	1	0	12012
155007852	STR_D_AL_ORB_D_N_R1_P_50A	40007	399	2	0	12013	1	0	12014
155007853	STR_D_AL_BOOK_D_N_R1_P_55A	40007	440	2	0	12015	1	0	12016
155007854	STR_D_AL_ORB_D_N_R1_P_55A	40007	449	2	0	12017	1	0	12018
155007855	STR_D_TA_TA_PART_D_LEA2_03B	40004	110	2	0	12019	1	0	12020
155007856	STR_D_TA_TA_PART_MASS_D_LEA2_03B	40004	110	2	0	12019	10	0	12021
155007857	STR_D_TA_TA_PART_D_LEA3_03B	40004	210	2	0	12022	1	0	12023
155007858	STR_D_TA_TA_PART_D_LEA3_03C	40004	210	2	0	12024	1	0	12025
155007859	STR_D_TA_TA_PART_MASS_D_LEA3_03B	40004	210	2	0	12022	10	0	12026
155007860	STR_D_TA_TA_PART_MASS_D_LEA3_03C	40004	210	2	0	12024	10	0	12027
155007861	STR_D_TA_TA_PART_D_LEA4_03B	40004	310	2	0	12028	1	0	12029
155007862	STR_D_TA_TA_PART_D_LEA4_03C	40004	310	2	0	12030	1	0	12031
155007863	STR_D_TA_TA_PART_MASS_D_LEA4_03B	40004	310	2	0	12028	10	0	12032
155007864	STR_D_TA_TA_PART_MASS_D_LEA4_03C	40004	310	2	0	12030	10	0	12033
155007865	STR_D_TA_TA_PART_D_LEA5_03B	40004	405	2	0	12034	1	0	12035
155007866	STR_D_TA_TA_PART_D_LEA5_03C	40004	405	2	0	12036	1	0	12037
155007867	STR_D_TA_TA_PART_MASS_D_LEA5_03B	40004	405	2	0	12034	10	0	12038
155007868	STR_D_TA_TA_PART_MASS_D_LEA5_03C	40004	405	2	0	12036	10	0	12039
155007869	STR_D_TA_TA_PART_D_CLOTH2_03B	40004	110	2	0	12040	1	0	12041
155007870	STR_D_TA_TA_PART_MASS_D_CLOTH2_03B	40004	110	2	0	12040	10	0	12042
155007871	STR_D_TA_TA_PART_D_CLOTH3_03B	40004	210	2	0	12043	1	0	12044
155007872	STR_D_TA_TA_PART_D_CLOTH3_03C	40004	210	2	0	12045	1	0	12046
155007873	STR_D_TA_TA_PART_MASS_D_CLOTH3_03B	40004	210	2	0	12043	10	0	12047
155007874	STR_D_TA_TA_PART_MASS_D_CLOTH3_03C	40004	210	2	0	12045	10	0	12048
155007875	STR_D_TA_TA_PART_D_CLOTH4_03B	40004	310	2	0	12049	1	0	12050
155007876	STR_D_TA_TA_PART_D_CLOTH4_03C	40004	310	2	0	12051	1	0	12052
155007877	STR_D_TA_TA_PART_MASS_D_CLOTH4_03B	40004	310	2	0	12049	10	0	12053
155007878	STR_D_TA_TA_PART_MASS_D_CLOTH4_03C	40004	310	2	0	12051	10	0	12054
155007879	STR_D_TA_TA_PART_D_CLOTH5_03B	40004	405	2	0	12055	1	0	12056
155007880	STR_D_TA_TA_PART_D_CLOTH5_03C	40004	405	2	0	12057	1	0	12058
155007881	STR_D_TA_TA_PART_MASS_D_CLOTH5_03B	40004	405	2	0	12055	10	0	12059
155007882	STR_D_TA_TA_PART_MASS_D_CLOTH5_03C	40004	405	2	0	12057	10	0	12060
155007883	STR_D_WS_DAGGER_D_N_L1_P_25A	40002	110	2	0	12061	1	0	12062
155007884	STR_D_WS_SWORD_D_N_L1_P_25A	40002	120	2	0	12063	1	0	12064
155007885	STR_D_WS_MACE_D_N_L1_P_25A	40002	130	2	0	12065	1	0	12066
155007886	STR_D_WS_2HSWORD_D_N_L1_P_25A	40002	140	2	0	12067	1	0	12068
155007887	STR_D_WS_POLEARM_D_N_L1_P_25A	40002	150	2	0	12069	1	0	12070
155007888	STR_D_WS_DAGGER_D_N_L1_P_30A	40002	160	2	0	12071	1	0	12072
155007889	STR_D_WS_SWORD_D_N_L1_P_30A	40002	170	2	0	12073	1	0	12074
155007890	STR_D_WS_MACE_D_N_L1_P_30A	40002	180	2	0	12075	1	0	12076
155007891	STR_D_WS_2HSWORD_D_N_L1_P_30A	40002	190	2	0	12077	1	0	12078
155007892	STR_D_WS_POLEARM_D_N_L1_P_30A	40002	199	2	0	12079	1	0	12080
155007893	STR_D_WS_DAGGER_D_N_L1_P_35A	40002	210	2	0	12081	1	0	12082
155007894	STR_D_WS_SWORD_D_N_L1_P_35A	40002	220	2	0	12083	1	0	12084
155007895	STR_D_WS_MACE_D_N_L1_P_35A	40002	230	2	0	12085	1	0	12086
155007896	STR_D_WS_2HSWORD_D_N_L1_P_35A	40002	240	2	0	12087	1	0	12088
155007897	STR_D_WS_POLEARM_D_N_L1_P_35A	40002	250	2	0	12089	1	0	12090
155007898	STR_D_WS_DAGGER_D_N_L1_P_40A	40002	260	2	0	12091	1	0	12092
155007899	STR_D_WS_SWORD_D_N_L1_P_40A	40002	270	2	0	12093	1	0	12094
155007900	STR_D_WS_MACE_D_N_L1_P_40A	40002	280	2	0	12095	1	0	12096
155007901	STR_D_WS_2HSWORD_D_N_L1_P_40A	40002	290	2	0	12097	1	0	12098
155007902	STR_D_WS_POLEARM_D_N_L1_P_40A	40002	299	2	0	12099	1	0	12100
155007903	STR_D_WS_DAGGER_D_N_L1_P_45A	40002	310	2	0	12101	1	0	12102
155007904	STR_D_WS_SWORD_D_N_L1_P_45A	40002	320	2	0	12103	1	0	12104
155007905	STR_D_WS_MACE_D_N_L1_P_45A	40002	330	2	0	12105	1	0	12106
155007906	STR_D_WS_2HSWORD_D_N_L1_P_45A	40002	340	2	0	12107	1	0	12108
155007907	STR_D_WS_POLEARM_D_N_L1_P_45A	40002	350	2	0	12109	1	0	12110
155007908	STR_D_WS_DAGGER_D_N_L1_P_50A	40002	360	2	0	12111	1	0	12112
155007909	STR_D_WS_SWORD_D_N_L1_P_50A	40002	370	2	0	12113	1	0	12114
155007910	STR_D_WS_MACE_D_N_L1_P_50A	40002	380	2	0	12115	1	0	12116
155007911	STR_D_WS_2HSWORD_D_N_L1_P_50A	40002	390	2	0	12117	1	0	12118
155007912	STR_D_WS_POLEARM_D_N_L1_P_50A	40002	399	2	0	12119	1	0	12120
155007913	STR_D_WS_DAGGER_D_N_L1_P_55A	40002	410	2	0	12121	1	0	12122
155007914	STR_D_WS_SWORD_D_N_L1_P_55A	40002	420	2	0	12123	1	0	12124
155007915	STR_D_WS_MACE_D_N_L1_P_55A	40002	430	2	0	12125	1	0	12126
155007916	STR_D_WS_2HSWORD_D_N_L1_P_55A	40002	440	2	0	12127	1	0	12128
155007917	STR_D_WS_POLEARM_D_N_L1_P_55A	40002	449	2	0	12129	1	0	12130
155007918	STR_D_AS_CH_SHOES_D_N_L1_P_23A	40003	110	2	0	12131	1	0	12132
155007919	STR_D_AS_CH_GLOVE_D_N_L1_P_23A	40003	120	2	0	12133	1	0	12134
155007920	STR_D_AS_CH_SHOUL_D_N_L1_P_23A	40003	130	2	0	12135	1	0	12136
155007921	STR_D_AS_CH_PANTS_D_N_L1_P_23A	40003	140	2	0	12137	1	0	12138
155007922	STR_D_AS_CH_TORSO_D_N_L1_P_23A	40003	150	2	0	12139	1	0	12140
155007923	STR_D_AS_CH_HEAD_D_N_L1_P_23A	40003	140	2	0	12141	1	0	12142
155007924	STR_D_AS_CH_SHOES_D_N_L1_P_28A	40003	160	2	0	12143	1	0	12144
155007925	STR_D_AS_CH_GLOVE_D_N_L1_P_28A	40003	170	2	0	12145	1	0	12146
155007926	STR_D_AS_CH_SHOUL_D_N_L1_P_28A	40003	180	2	0	12147	1	0	12148
155007927	STR_D_AS_CH_PANTS_D_N_L1_P_28A	40003	190	2	0	12149	1	0	12150
155007928	STR_D_AS_CH_TORSO_D_N_L1_P_28A	40003	199	2	0	12151	1	0	12152
155007929	STR_D_AS_CH_HEAD_D_N_L1_P_28A	40003	190	2	0	12153	1	0	12154
155007930	STR_D_AS_CH_SHOES_D_N_L1_P_33A	40003	210	2	0	12155	1	0	12156
155007931	STR_D_AS_CH_GLOVE_D_N_L1_P_33A	40003	220	2	0	12157	1	0	12158
155007932	STR_D_AS_CH_SHOUL_D_N_L1_P_33A	40003	230	2	0	12159	1	0	12160
155007933	STR_D_AS_CH_PANTS_D_N_L1_P_33A	40003	240	2	0	12161	1	0	12162
155007934	STR_D_AS_CH_TORSO_D_N_L1_P_33A	40003	250	2	0	12163	1	0	12164
155007935	STR_D_AS_CH_HEAD_D_N_L1_P_33A	40003	240	2	0	12165	1	0	12166
155007936	STR_D_AS_CH_SHOES_D_N_L1_P_38A	40003	260	2	0	12167	1	0	12168
155007937	STR_D_AS_CH_GLOVE_D_N_L1_P_38A	40003	270	2	0	12169	1	0	12170
155007938	STR_D_AS_CH_SHOUL_D_N_L1_P_38A	40003	280	2	0	12171	1	0	12172
155007939	STR_D_AS_CH_PANTS_D_N_L1_P_38A	40003	290	2	0	12173	1	0	12174
155007940	STR_D_AS_CH_TORSO_D_N_L1_P_38A	40003	299	2	0	12175	1	0	12176
155007941	STR_D_AS_CH_HEAD_D_N_L1_P_38A	40003	290	2	0	12177	1	0	12178
155007942	STR_D_AS_CH_SHOES_D_N_L1_P_43A	40003	310	2	0	12179	1	0	12180
155007943	STR_D_AS_CH_GLOVE_D_N_L1_P_43A	40003	320	2	0	12181	1	0	12182
155007944	STR_D_AS_CH_SHOUL_D_N_L1_P_43A	40003	330	2	0	12183	1	0	12184
155007945	STR_D_AS_CH_PANTS_D_N_L1_P_43A	40003	340	2	0	12185	1	0	12186
155007946	STR_D_AS_CH_TORSO_D_N_L1_P_43A	40003	350	2	0	12187	1	0	12188
155007947	STR_D_AS_CH_HEAD_D_N_L1_P_43A	40003	340	2	0	12189	1	0	12190
155007948	STR_D_AS_CH_SHOES_D_N_L1_P_48A	40003	360	2	0	12191	1	0	12192
155007949	STR_D_AS_CH_GLOVE_D_N_L1_P_48A	40003	370	2	0	12193	1	0	12194
155007950	STR_D_AS_CH_SHOUL_D_N_L1_P_48A	40003	380	2	0	12195	1	0	12196
155007951	STR_D_AS_CH_PANTS_D_N_L1_P_48A	40003	390	2	0	12197	1	0	12198
155007952	STR_D_AS_CH_TORSO_D_N_L1_P_48A	40003	399	2	0	12199	1	0	12200
155007953	STR_D_AS_CH_HEAD_D_N_L1_P_48A	40003	390	2	0	12201	1	0	12202
155007954	STR_D_AS_CH_SHOES_D_N_L1_P_53A	40003	410	2	0	12203	1	0	12204
155007955	STR_D_AS_CH_GLOVE_D_N_L1_P_53A	40003	420	2	0	12205	1	0	12206
155007956	STR_D_AS_CH_SHOUL_D_N_L1_P_53A	40003	430	2	0	12207	1	0	12208
155007957	STR_D_AS_CH_PANTS_D_N_L1_P_53A	40003	440	2	0	12209	1	0	12210
155007958	STR_D_AS_CH_TORSO_D_N_L1_P_53A	40003	449	2	0	12211	1	0	12212
155007959	STR_D_AS_CH_HEAD_D_N_L1_P_53A	40003	440	2	0	12213	1	0	12214
155007960	STR_D_AS_PL_SHOES_D_N_L1_P_23A	40003	110	2	0	12215	1	0	12216
155007961	STR_D_AS_PL_GLOVE_D_N_L1_P_23A	40003	120	2	0	12217	1	0	12218
155007962	STR_D_AS_PL_SHOUL_D_N_L1_P_23A	40003	130	2	0	12219	1	0	12220
155007963	STR_D_AS_PL_PANTS_D_N_L1_P_23A	40003	140	2	0	12221	1	0	12222
155007964	STR_D_AS_PL_TORSO_D_N_L1_P_23A	40003	150	2	0	12223	1	0	12224
155007965	STR_D_AS_PL_HEAD_D_N_L1_P_23A	40003	140	2	0	12225	1	0	12226
155007966	STR_D_AS_SHIELD_D_N_L1_P_25A	40003	150	2	0	12227	1	0	12228
155007967	STR_D_AS_PL_SHOES_D_N_L1_P_28A	40003	160	2	0	12229	1	0	12230
155007968	STR_D_AS_PL_GLOVE_D_N_L1_P_28A	40003	170	2	0	12231	1	0	12232
155007969	STR_D_AS_PL_SHOUL_D_N_L1_P_28A	40003	180	2	0	12233	1	0	12234
155007970	STR_D_AS_PL_PANTS_D_N_L1_P_28A	40003	190	2	0	12235	1	0	12236
155007971	STR_D_AS_PL_TORSO_D_N_L1_P_28A	40003	199	2	0	12237	1	0	12238
155007972	STR_D_AS_PL_HEAD_D_N_L1_P_28A	40003	190	2	0	12239	1	0	12240
155007973	STR_D_AS_SHIELD_D_N_L1_P_30A	40003	199	2	0	12241	1	0	12242
155007974	STR_D_AS_PL_SHOES_D_N_L1_P_33A	40003	210	2	0	12243	1	0	12244
155007975	STR_D_AS_PL_GLOVE_D_N_L1_P_33A	40003	220	2	0	12245	1	0	12246
155007976	STR_D_AS_PL_SHOUL_D_N_L1_P_33A	40003	230	2	0	12247	1	0	12248
155007977	STR_D_AS_PL_PANTS_D_N_L1_P_33A	40003	240	2	0	12249	1	0	12250
155007978	STR_D_AS_PL_TORSO_D_N_L1_P_33A	40003	250	2	0	12251	1	0	12252
155007979	STR_D_AS_PL_HEAD_D_N_L1_P_33A	40003	240	2	0	12253	1	0	12254
155007980	STR_D_AS_SHIELD_D_N_L1_P_35A	40003	250	2	0	12255	1	0	12256
155007981	STR_D_AS_PL_SHOES_D_N_L1_P_38A	40003	260	2	0	12257	1	0	12258
155007982	STR_D_AS_PL_GLOVE_D_N_L1_P_38A	40003	270	2	0	12259	1	0	12260
155007983	STR_D_AS_PL_SHOUL_D_N_L1_P_38A	40003	280	2	0	12261	1	0	12262
155007984	STR_D_AS_PL_PANTS_D_N_L1_P_38A	40003	290	2	0	12263	1	0	12264
155007985	STR_D_AS_PL_TORSO_D_N_L1_P_38A	40003	299	2	0	12265	1	0	12266
155007986	STR_D_AS_PL_HEAD_D_N_L1_P_38A	40003	290	2	0	12267	1	0	12268
155007987	STR_D_AS_SHIELD_D_N_L1_P_40A	40003	299	2	0	12269	1	0	12270
155007988	STR_D_AS_PL_SHOES_D_N_L1_P_43A	40003	310	2	0	12271	1	0	12272
155007989	STR_D_AS_PL_GLOVE_D_N_L1_P_43A	40003	320	2	0	12273	1	0	12274
155007990	STR_D_AS_PL_SHOUL_D_N_L1_P_43A	40003	330	2	0	12275	1	0	12276
155007991	STR_D_AS_PL_PANTS_D_N_L1_P_43A	40003	340	2	0	12277	1	0	12278
155007992	STR_D_AS_PL_TORSO_D_N_L1_P_43A	40003	350	2	0	12279	1	0	12280
155007993	STR_D_AS_PL_HEAD_D_N_L1_P_43A	40003	340	2	0	12281	1	0	12282
155007994	STR_D_AS_SHIELD_D_N_L1_P_45A	40003	350	2	0	12283	1	0	12284
155007995	STR_D_AS_PL_SHOES_D_N_L1_P_48A	40003	360	2	0	12285	1	0	12286
155007996	STR_D_AS_PL_GLOVE_D_N_L1_P_48A	40003	370	2	0	12287	1	0	12288
155007997	STR_D_AS_PL_SHOUL_D_N_L1_P_48A	40003	380	2	0	12289	1	0	12290
155007998	STR_D_AS_PL_PANTS_D_N_L1_P_48A	40003	390	2	0	12291	1	0	12292
155007999	STR_D_AS_PL_TORSO_D_N_L1_P_48A	40003	399	2	0	12293	1	0	12294
155008000	STR_D_AS_PL_HEAD_D_N_L1_P_48A	40003	390	2	0	12295	1	0	12296
155008001	STR_D_AS_SHIELD_D_N_L1_P_50A	40003	399	2	0	12297	1	0	12298
155008002	STR_D_AS_PL_SHOES_D_N_L1_P_53A	40003	410	2	0	12299	1	0	12300
155008003	STR_D_AS_PL_GLOVE_D_N_L1_P_53A	40003	420	2	0	12301	1	0	12302
155008004	STR_D_AS_PL_SHOUL_D_N_L1_P_53A	40003	430	2	0	12303	1	0	12304
155008005	STR_D_AS_PL_PANTS_D_N_L1_P_53A	40003	440	2	0	12305	1	0	12306
155008006	STR_D_AS_PL_TORSO_D_N_L1_P_53A	40003	449	2	0	12307	1	0	12308
155008007	STR_D_AS_PL_HEAD_D_N_L1_P_53A	40003	440	2	0	12309	1	0	12310
155008008	STR_D_AS_SHIELD_D_N_L1_P_55A	40003	449	2	0	12311	1	0	12312
155008009	STR_D_TA_LT_SHOES_D_N_L1_P_23A	40004	110	2	0	12313	1	0	12314
155008010	STR_D_TA_LT_GLOVE_D_N_L1_P_23A	40004	120	2	0	12315	1	0	12316
155008011	STR_D_TA_LT_SHOUL_D_N_L1_P_23A	40004	130	2	0	12317	1	0	12318
155008012	STR_D_TA_LT_PANTS_D_N_L1_P_23A	40004	140	2	0	12319	1	0	12320
155008013	STR_D_TA_LT_TORSO_D_N_L1_P_23A	40004	150	2	0	12321	1	0	12322
155008014	STR_D_TA_BELT_D_N_L1_P_23A	40004	130	2	0	12323	1	0	12324
155008015	STR_D_TA_LT_HEAD_D_N_L1_P_23A	40004	140	2	0	12325	1	0	12326
155008016	STR_D_TA_LT_SHOES_D_N_L1_P_28A	40004	160	2	0	12327	1	0	12328
155008017	STR_D_TA_LT_GLOVE_D_N_L1_P_28A	40004	170	2	0	12329	1	0	12330
155008018	STR_D_TA_LT_SHOUL_D_N_L1_P_28A	40004	180	2	0	12331	1	0	12332
155008019	STR_D_TA_LT_PANTS_D_N_L1_P_28A	40004	190	2	0	12333	1	0	12334
155008020	STR_D_TA_LT_TORSO_D_N_L1_P_28A	40004	199	2	0	12335	1	0	12336
155008021	STR_D_TA_BELT_D_N_L1_P_28A	40004	180	2	0	12337	1	0	12338
155008022	STR_D_TA_LT_HEAD_D_N_L1_P_28A	40004	190	2	0	12339	1	0	12340
155008023	STR_D_TA_LT_SHOES_D_N_L1_P_33A	40004	210	2	0	12341	1	0	12342
155008024	STR_D_TA_LT_GLOVE_D_N_L1_P_33A	40004	220	2	0	12343	1	0	12344
155008025	STR_D_TA_LT_SHOUL_D_N_L1_P_33A	40004	230	2	0	12345	1	0	12346
155008026	STR_D_TA_LT_PANTS_D_N_L1_P_33A	40004	240	2	0	12347	1	0	12348
155008027	STR_D_TA_LT_TORSO_D_N_L1_P_33A	40004	250	2	0	12349	1	0	12350
155008028	STR_D_TA_BELT_D_N_L1_P_33A	40004	230	2	0	12351	1	0	12352
155008029	STR_D_TA_LT_HEAD_D_N_L1_P_33A	40004	240	2	0	12353	1	0	12354
155008030	STR_D_TA_LT_SHOES_D_N_L1_P_38A	40004	260	2	0	12355	1	0	12356
155008031	STR_D_TA_LT_GLOVE_D_N_L1_P_38A	40004	270	2	0	12357	1	0	12358
155008032	STR_D_TA_LT_SHOUL_D_N_L1_P_38A	40004	280	2	0	12359	1	0	12360
155008033	STR_D_TA_LT_PANTS_D_N_L1_P_38A	40004	290	2	0	12361	1	0	12362
155008034	STR_D_TA_LT_TORSO_D_N_L1_P_38A	40004	299	2	0	12363	1	0	12364
155008035	STR_D_TA_BELT_D_N_L1_P_38A	40004	280	2	0	12365	1	0	12366
155008036	STR_D_TA_LT_HEAD_D_N_L1_P_38A	40004	290	2	0	12367	1	0	12368
155008037	STR_D_TA_LT_SHOES_D_N_L1_P_43A	40004	310	2	0	12369	1	0	12370
155008038	STR_D_TA_LT_GLOVE_D_N_L1_P_43A	40004	320	2	0	12371	1	0	12372
155008039	STR_D_TA_LT_SHOUL_D_N_L1_P_43A	40004	330	2	0	12373	1	0	12374
155008040	STR_D_TA_LT_PANTS_D_N_L1_P_43A	40004	340	2	0	12375	1	0	12376
155008041	STR_D_TA_LT_TORSO_D_N_L1_P_43A	40004	350	2	0	12377	1	0	12378
155008042	STR_D_TA_BELT_D_N_L1_P_43A	40004	330	2	0	12379	1	0	12380
155008043	STR_D_TA_LT_HEAD_D_N_L1_P_43A	40004	340	2	0	12381	1	0	12382
155008044	STR_D_TA_LT_SHOES_D_N_L1_P_48A	40004	360	2	0	12383	1	0	12384
155008045	STR_D_TA_LT_GLOVE_D_N_L1_P_48A	40004	370	2	0	12385	1	0	12386
155008046	STR_D_TA_LT_SHOUL_D_N_L1_P_48A	40004	380	2	0	12387	1	0	12388
155008047	STR_D_TA_LT_PANTS_D_N_L1_P_48A	40004	390	2	0	12389	1	0	12390
155008048	STR_D_TA_LT_TORSO_D_N_L1_P_48A	40004	399	2	0	12391	1	0	12392
155008049	STR_D_TA_BELT_D_N_L1_P_48A	40004	380	2	0	12393	1	0	12394
155008050	STR_D_TA_LT_HEAD_D_N_L1_P_48A	40004	390	2	0	12395	1	0	12396
155008051	STR_D_TA_LT_SHOES_D_N_L1_P_53A	40004	410	2	0	12397	1	0	12398
155008052	STR_D_TA_LT_GLOVE_D_N_L1_P_53A	40004	420	2	0	12399	1	0	12400
155008053	STR_D_TA_LT_SHOUL_D_N_L1_P_53A	40004	430	2	0	12401	1	0	12402
155008054	STR_D_TA_LT_PANTS_D_N_L1_P_53A	40004	440	2	0	12403	1	0	12404
155008055	STR_D_TA_LT_TORSO_D_N_L1_P_53A	40004	449	2	0	12405	1	0	12406
155008056	STR_D_TA_BELT_D_N_L1_P_53A	40004	430	2	0	12407	1	0	12408
155008057	STR_D_TA_LT_HEAD_D_N_L1_P_53A	40004	440	2	0	12409	1	0	12410
155008058	STR_D_TA_RB_SHOES_D_N_L1_P_23A	40004	110	2	0	12411	1	0	12412
155008059	STR_D_TA_RB_GLOVE_D_N_L1_P_23A	40004	120	2	0	12413	1	0	12414
155008060	STR_D_TA_RB_SHOUL_D_N_L1_P_23A	40004	130	2	0	12415	1	0	12416
155008061	STR_D_TA_RB_PANTS_D_N_L1_P_23A	40004	140	2	0	12417	1	0	12418
155008062	STR_D_TA_RB_TORSO_D_N_L1_P_23A	40004	150	2	0	12419	1	0	12420
155008063	STR_D_TA_BELT_D_N_L1_P_23B	40004	130	2	0	12421	1	0	12422
155008064	STR_D_TA_RB_HEAD_D_N_L1_P_23A	40004	140	2	0	12423	1	0	12424
155008065	STR_D_TA_RB_SHOES_D_N_L1_P_28A	40004	160	2	0	12425	1	0	12426
155008066	STR_D_TA_RB_GLOVE_D_N_L1_P_28A	40004	170	2	0	12427	1	0	12428
155008067	STR_D_TA_RB_SHOUL_D_N_L1_P_28A	40004	180	2	0	12429	1	0	12430
155008068	STR_D_TA_RB_PANTS_D_N_L1_P_28A	40004	190	2	0	12431	1	0	12432
155008069	STR_D_TA_RB_TORSO_D_N_L1_P_28A	40004	199	2	0	12433	1	0	12434
155008070	STR_D_TA_BELT_D_N_L1_P_28B	40004	180	2	0	12435	1	0	12436
155008071	STR_D_TA_RB_HEAD_D_N_L1_P_28A	40004	190	2	0	12437	1	0	12438
155008072	STR_D_TA_RB_SHOES_D_N_L1_P_33A	40004	210	2	0	12439	1	0	12440
155008073	STR_D_TA_RB_GLOVE_D_N_L1_P_33A	40004	220	2	0	12441	1	0	12442
155008074	STR_D_TA_RB_SHOUL_D_N_L1_P_33A	40004	230	2	0	12443	1	0	12444
155008075	STR_D_TA_RB_PANTS_D_N_L1_P_33A	40004	240	2	0	12445	1	0	12446
155008076	STR_D_TA_RB_TORSO_D_N_L1_P_33A	40004	250	2	0	12447	1	0	12448
155008077	STR_D_TA_BELT_D_N_L1_P_33B	40004	230	2	0	12449	1	0	12450
155008078	STR_D_TA_RB_HEAD_D_N_L1_P_33A	40004	240	2	0	12451	1	0	12452
155008079	STR_D_TA_RB_SHOES_D_N_L1_P_38A	40004	260	2	0	12453	1	0	12454
155008080	STR_D_TA_RB_GLOVE_D_N_L1_P_38A	40004	270	2	0	12455	1	0	12456
155008081	STR_D_TA_RB_SHOUL_D_N_L1_P_38A	40004	280	2	0	12457	1	0	12458
155008082	STR_D_TA_RB_PANTS_D_N_L1_P_38A	40004	290	2	0	12459	1	0	12460
155008083	STR_D_TA_RB_TORSO_D_N_L1_P_38A	40004	299	2	0	12461	1	0	12462
155008084	STR_D_TA_BELT_D_N_L1_P_38B	40004	280	2	0	12463	1	0	12464
155008085	STR_D_TA_RB_HEAD_D_N_L1_P_38A	40004	290	2	0	12465	1	0	12466
155008086	STR_D_TA_RB_SHOES_D_N_L1_P_43A	40004	310	2	0	12467	1	0	12468
155008087	STR_D_TA_RB_GLOVE_D_N_L1_P_43A	40004	320	2	0	12469	1	0	12470
155008088	STR_D_TA_RB_SHOUL_D_N_L1_P_43A	40004	330	2	0	12471	1	0	12472
155008089	STR_D_TA_RB_PANTS_D_N_L1_P_43A	40004	340	2	0	12473	1	0	12474
155008090	STR_D_TA_RB_TORSO_D_N_L1_P_43A	40004	350	2	0	12475	1	0	12476
155008091	STR_D_TA_BELT_D_N_L1_P_43B	40004	330	2	0	12477	1	0	12478
155008092	STR_D_TA_RB_HEAD_D_N_L1_P_43A	40004	340	2	0	12479	1	0	12480
155008093	STR_D_TA_RB_SHOES_D_N_L1_P_48A	40004	360	2	0	12481	1	0	12482
155008094	STR_D_TA_RB_GLOVE_D_N_L1_P_48A	40004	370	2	0	12483	1	0	12484
155008095	STR_D_TA_RB_SHOUL_D_N_L1_P_48A	40004	380	2	0	12485	1	0	12486
155008096	STR_D_TA_RB_PANTS_D_N_L1_P_48A	40004	390	2	0	12487	1	0	12488
155008097	STR_D_TA_RB_TORSO_D_N_L1_P_48A	40004	399	2	0	12489	1	0	12490
155008098	STR_D_TA_BELT_D_N_L1_P_48B	40004	380	2	0	12491	1	0	12492
155008099	STR_D_TA_RB_HEAD_D_N_L1_P_48A	40004	390	2	0	12493	1	0	12494
155008100	STR_D_TA_RB_SHOES_D_N_L1_P_53A	40004	410	2	0	12495	1	0	12496
155008101	STR_D_TA_RB_GLOVE_D_N_L1_P_53A	40004	420	2	0	12497	1	0	12498
155008102	STR_D_TA_RB_SHOUL_D_N_L1_P_53A	40004	430	2	0	12499	1	0	12500
155008103	STR_D_TA_RB_PANTS_D_N_L1_P_53A	40004	440	2	0	12501	1	0	12502
155008104	STR_D_TA_RB_TORSO_D_N_L1_P_53A	40004	449	2	0	12503	1	0	12504
155008105	STR_D_TA_BELT_D_N_L1_P_53B	40004	430	2	0	12505	1	0	12506
155008106	STR_D_TA_RB_HEAD_D_N_L1_P_53A	40004	440	2	0	12507	1	0	12508
155008107	STR_D_HA_RING_D_N_L1_P_18A	40008	80	2	0	12509	1	0	12510
155008108	STR_D_HA_EARRING_D_N_L1_P_18A	40008	90	2	0	12511	1	0	12512
155008109	STR_D_HA_RING_D_N_L1_P_18B	40008	80	2	0	12513	1	0	12514
155008110	STR_D_HA_EARRING_D_N_L1_P_18B	40008	90	2	0	12515	1	0	12516
155008111	STR_D_HA_RING_D_N_L1_P_18C	40008	80	2	0	12517	1	0	12518
155008112	STR_D_HA_EARRING_D_N_L1_P_18C	40008	90	2	0	12519	1	0	12520
155008113	STR_D_HA_NECKLACE_D_N_L1_P_23A	40008	130	2	0	12521	1	0	12522
155008114	STR_D_HA_AC_HEAD_D_N_L1_P_23A	40008	140	2	0	12523	1	0	12524
155008115	STR_D_HA_RING_D_N_L1_P_28A	40008	180	2	0	12525	1	0	12526
155008116	STR_D_HA_EARRING_D_N_L1_P_28A	40008	190	2	0	12527	1	0	12528
155008117	STR_D_HA_NECKLACE_D_N_L1_P_23B	40008	130	2	0	12529	1	0	12530
155008118	STR_D_HA_AC_HEAD_D_N_L1_P_23B	40008	140	2	0	12531	1	0	12532
155008119	STR_D_HA_RING_D_N_L1_P_28B	40008	180	2	0	12533	1	0	12534
155008120	STR_D_HA_EARRING_D_N_L1_P_28B	40008	190	2	0	12535	1	0	12536
155008121	STR_D_HA_NECKLACE_D_N_L1_P_23C	40008	130	2	0	12537	1	0	12538
155008122	STR_D_HA_AC_HEAD_D_N_L1_P_23C	40008	140	2	0	12539	1	0	12540
155008123	STR_D_HA_RING_D_N_L1_P_28C	40008	180	2	0	12541	1	0	12542
155008124	STR_D_HA_EARRING_D_N_L1_P_28C	40008	190	2	0	12543	1	0	12544
155008125	STR_D_HA_NECKLACE_D_N_L1_P_33A	40008	230	2	0	12545	1	0	12546
155008126	STR_D_HA_AC_HEAD_D_N_L1_P_33A	40008	240	2	0	12547	1	0	12548
155008127	STR_D_HA_RING_D_N_L1_P_38A	40008	280	2	0	12549	1	0	12550
155008128	STR_D_HA_EARRING_D_N_L1_P_38A	40008	290	2	0	12551	1	0	12552
155008129	STR_D_HA_NECKLACE_D_N_L1_P_33B	40008	230	2	0	12553	1	0	12554
155008130	STR_D_HA_AC_HEAD_D_N_L1_P_33B	40008	240	2	0	12555	1	0	12556
155008131	STR_D_HA_RING_D_N_L1_P_38B	40008	280	2	0	12557	1	0	12558
155008132	STR_D_HA_EARRING_D_N_L1_P_38B	40008	290	2	0	12559	1	0	12560
155008133	STR_D_HA_NECKLACE_D_N_L1_P_33C	40008	230	2	0	12561	1	0	12562
155008134	STR_D_HA_AC_HEAD_D_N_L1_P_33C	40008	240	2	0	12563	1	0	12564
155008135	STR_D_HA_RING_D_N_L1_P_38C	40008	280	2	0	12565	1	0	12566
155008136	STR_D_HA_EARRING_D_N_L1_P_38C	40008	290	2	0	12567	1	0	12568
155008137	STR_D_HA_NECKLACE_D_N_L1_P_43A	40008	330	2	0	12569	1	0	12570
155008138	STR_D_HA_AC_HEAD_D_N_L1_P_43A	40008	340	2	0	12571	1	0	12572
155008139	STR_D_HA_RING_D_N_L1_P_48A	40008	380	2	0	12573	1	0	12574
155008140	STR_D_HA_EARRING_D_N_L1_P_48A	40008	390	2	0	12575	1	0	12576
155008141	STR_D_HA_NECKLACE_D_N_L1_P_43B	40008	330	2	0	12577	1	0	12578
155008142	STR_D_HA_AC_HEAD_D_N_L1_P_43B	40008	340	2	0	12579	1	0	12580
155008143	STR_D_HA_RING_D_N_L1_P_48B	40008	380	2	0	12581	1	0	12582
155008144	STR_D_HA_EARRING_D_N_L1_P_48B	40008	390	2	0	12583	1	0	12584
155008145	STR_D_HA_NECKLACE_D_N_L1_P_43C	40008	330	2	0	12585	1	0	12586
155008146	STR_D_HA_AC_HEAD_D_N_L1_P_43C	40008	340	2	0	12587	1	0	12588
155008147	STR_D_HA_RING_D_N_L1_P_48C	40008	380	2	0	12589	1	0	12590
155008148	STR_D_HA_EARRING_D_N_L1_P_48C	40008	390	2	0	12591	1	0	12592
155008149	STR_D_HA_NECKLACE_D_N_L1_P_53A	40008	420	2	0	12593	1	0	12594
155008150	STR_D_HA_AC_HEAD_D_N_L1_P_53A	40008	430	2	0	12595	1	0	12596
155008151	STR_D_HA_RING_D_N_L1_P_53A	40008	440	2	0	12597	1	0	12598
155008152	STR_D_HA_EARRING_D_N_L1_P_53A	40008	449	2	0	12599	1	0	12600
155008153	STR_D_HA_NECKLACE_D_N_L1_P_53B	40008	420	2	0	12601	1	0	12602
155008154	STR_D_HA_AC_HEAD_D_N_L1_P_53B	40008	430	2	0	12603	1	0	12604
155008155	STR_D_HA_RING_D_N_L1_P_53B	40008	440	2	0	12605	1	0	12606
155008156	STR_D_HA_EARRING_D_N_L1_P_53B	40008	449	2	0	12607	1	0	12608
155008157	STR_D_HA_NECKLACE_D_N_L1_P_53C	40008	420	2	0	12609	1	0	12610
155008158	STR_D_HA_AC_HEAD_D_N_L1_P_53C	40008	430	2	0	12611	1	0	12612
155008159	STR_D_HA_RING_D_N_L1_P_53C	40008	440	2	0	12613	1	0	12614
155008160	STR_D_HA_EARRING_D_N_L1_P_53C	40008	449	2	0	12615	1	0	12616
155008161	STR_D_HA_BOW_D_N_L1_P_25A	40008	140	2	0	12617	1	0	12618
155008162	STR_D_HA_STAFF_D_N_L1_P_25A	40008	150	2	0	12619	1	0	12620
155008163	STR_D_HA_BOW_D_N_L1_P_30A	40008	190	2	0	12621	1	0	12622
155008164	STR_D_HA_STAFF_D_N_L1_P_30A	40008	199	2	0	12623	1	0	12624
155008165	STR_D_HA_BOW_D_N_L1_P_35A	40008	240	2	0	12625	1	0	12626
155008166	STR_D_HA_STAFF_D_N_L1_P_35A	40008	250	2	0	12627	1	0	12628
155008167	STR_D_HA_BOW_D_N_L1_P_40A	40008	290	2	0	12629	1	0	12630
155008168	STR_D_HA_STAFF_D_N_L1_P_40A	40008	299	2	0	12631	1	0	12632
155008169	STR_D_HA_BOW_D_N_L1_P_45A	40008	340	2	0	12633	1	0	12634
155008170	STR_D_HA_STAFF_D_N_L1_P_45A	40008	350	2	0	12635	1	0	12636
155008171	STR_D_HA_BOW_D_N_L1_P_50A	40008	390	2	0	12637	1	0	12638
155008172	STR_D_HA_STAFF_D_N_L1_P_50A	40008	399	2	0	12639	1	0	12640
155008173	STR_D_HA_BOW_D_N_L1_P_55A	40008	440	2	0	12641	1	0	12642
155008174	STR_D_HA_STAFF_D_N_L1_P_55A	40008	449	2	0	12643	1	0	12644
155008175	STR_D_AL_BOOK_D_N_L1_P_25A	40007	140	2	0	12645	1	0	12646
155008176	STR_D_AL_ORB_D_N_L1_P_25A	40007	150	2	0	12647	1	0	12648
155008177	STR_D_AL_BOOK_D_N_L1_P_30A	40007	190	2	0	12649	1	0	12650
155008178	STR_D_AL_ORB_D_N_L1_P_30A	40007	199	2	0	12651	1	0	12652
155008179	STR_D_AL_BOOK_D_N_L1_P_35A	40007	240	2	0	12653	1	0	12654
155008180	STR_D_AL_ORB_D_N_L1_P_35A	40007	250	2	0	12655	1	0	12656
155008181	STR_D_AL_BOOK_D_N_L1_P_40A	40007	290	2	0	12657	1	0	12658
155008182	STR_D_AL_ORB_D_N_L1_P_40A	40007	299	2	0	12659	1	0	12660
155008183	STR_D_AL_BOOK_D_N_L1_P_45A	40007	340	2	0	12661	1	0	12662
155008184	STR_D_AL_ORB_D_N_L1_P_45A	40007	350	2	0	12663	1	0	12664
155008185	STR_D_AL_BOOK_D_N_L1_P_50A	40007	390	2	0	12665	1	0	12666
155008186	STR_D_AL_ORB_D_N_L1_P_50A	40007	399	2	0	12667	1	0	12668
155008187	STR_D_AL_BOOK_D_N_L1_P_55A	40007	440	2	0	12669	1	0	12670
155008188	STR_D_AL_ORB_D_N_L1_P_55A	40007	449	2	0	12671	1	0	12672
155008189	STR_D_TA_TA_PART_D_DRA_LT_402B	40004	420	2	0	12673	1	0	12674
155008190	STR_D_TA_TA_PART_MASS_D_DRA_LT_402B	40004	420	2	0	12673	10	0	12675
155008191	STR_D_TA_TA_PART_D_DRA_LT_502B	40004	440	2	0	12676	1	0	12677
155008192	STR_D_TA_TA_PART_MASS_D_DRA_LT_502B	40004	440	2	0	12676	10	0	12678
155008193	STR_D_TA_TA_PART_D_DRA_LT_552B	40004	460	2	0	12679	1	0	12680
155008194	STR_D_TA_TA_PART_D_DRA_LT_552C	40004	460	2	0	12681	1	0	12682
155008195	STR_D_TA_TA_PART_MASS_D_DRA_LT_552B	40004	460	2	0	12679	10	0	12683
155008196	STR_D_TA_TA_PART_MASS_D_DRA_LT_552C	40004	460	2	0	12681	10	0	12684
155008197	STR_D_TA_TA_PART_D_DRA_RB_401B	40004	420	2	0	12685	1	0	12686
155008198	STR_D_TA_TA_PART_MASS_D_DRA_RB_401B	40004	420	2	0	12685	10	0	12687
155008199	STR_D_TA_TA_PART_D_DRA_RB_501B	40004	440	2	0	12688	1	0	12689
155008200	STR_D_TA_TA_PART_MASS_D_DRA_RB_501B	40004	440	2	0	12688	10	0	12690
155008201	STR_D_TA_TA_PART_D_DRA_RB_551B	40004	470	2	0	12691	1	0	12692
155008202	STR_D_TA_TA_PART_D_DRA_RB_551C	40004	470	2	0	12693	1	0	12694
155008203	STR_D_TA_TA_PART_MASS_D_DRA_RB_551B	40004	470	2	0	12691	10	0	12695
155008204	STR_D_TA_TA_PART_MASS_D_DRA_RB_551C	40004	470	2	0	12693	10	0	12696
155008205	STR_D_WS_DAGGER_D_D_L1_P_30A	40002	410	2	0	12697	1	0	12698
155008206	STR_D_WS_SWORD_D_D_L1_P_30A	40002	410	2	0	12699	1	0	12700
155008207	STR_D_WS_MACE_D_D_L1_P_30A	40002	410	2	0	12701	1	0	12702
155008208	STR_D_WS_2HSWORD_D_D_L1_P_30A	40002	410	2	0	12703	1	0	12704
155008209	STR_D_WS_POLEARM_D_D_L1_P_30A	40002	410	2	0	12705	1	0	12706
155008210	STR_D_WS_DAGGER_D_D_L1_P_40A	40002	430	2	0	12707	1	0	12708
155008211	STR_D_WS_SWORD_D_D_L1_P_40A	40002	430	2	0	12709	1	0	12710
155008212	STR_D_WS_MACE_D_D_L1_P_40A	40002	430	2	0	12711	1	0	12712
155008213	STR_D_WS_2HSWORD_D_D_L1_P_40A	40002	430	2	0	12713	1	0	12714
155008214	STR_D_WS_POLEARM_D_D_L1_P_40A	40002	430	2	0	12715	1	0	12716
155008215	STR_D_WS_DAGGER_D_D_L1_P_50A	40002	449	2	0	12717	1	0	12718
155008216	STR_D_WS_SWORD_D_D_L1_P_50A	40002	449	2	0	12719	1	0	12720
155008217	STR_D_WS_MACE_D_D_L1_P_50A	40002	449	2	0	12721	1	0	12722
155008218	STR_D_WS_2HSWORD_D_D_L1_P_50A	40002	449	2	0	12723	1	0	12724
155008219	STR_D_WS_POLEARM_D_D_L1_P_50A	40002	449	2	0	12725	1	0	12726
155008220	STR_D_WS_DAGGER_D_D_L1_P_55A	40002	480	2	0	12727	1	0	12728
155008221	STR_D_WS_SWORD_D_D_L1_P_55A	40002	480	2	0	12729	1	0	12730
155008222	STR_D_WS_MACE_D_D_L1_P_55A	40002	480	2	0	12731	1	0	12732
155008223	STR_D_WS_2HSWORD_D_D_L1_P_55A	40002	480	2	0	12733	1	0	12734
155008224	STR_D_WS_POLEARM_D_D_L1_P_55A	40002	480	2	0	12735	1	0	12736
155008225	STR_D_AL_BOOK_D_D_L1_P_30A	40007	410	2	0	12737	1	0	12738
155008226	STR_D_AL_ORB_D_D_L1_P_30A	40007	410	2	0	12739	1	0	12740
155008227	STR_D_AL_BOOK_D_D_L1_P_40A	40007	430	2	0	12741	1	0	12742
155008228	STR_D_AL_ORB_D_D_L1_P_40A	40007	430	2	0	12743	1	0	12744
155008229	STR_D_AL_BOOK_D_D_L1_P_50A	40007	449	2	0	12745	1	0	12746
155008230	STR_D_AL_ORB_D_D_L1_P_50A	40007	449	2	0	12747	1	0	12748
155008231	STR_D_AL_BOOK_D_D_L1_P_55A	40007	480	2	0	12749	1	0	12750
155008232	STR_D_AL_ORB_D_D_L1_P_55A	40007	480	2	0	12751	1	0	12752
155008233	STR_D_HA_BOW_D_D_L1_P_30A	40008	410	2	0	12753	1	0	12754
155008234	STR_D_HA_STAFF_D_D_L1_P_30A	40008	410	2	0	12755	1	0	12756
155008235	STR_D_HA_BOW_D_D_L1_P_40A	40008	430	2	0	12757	1	0	12758
155008236	STR_D_HA_STAFF_D_D_L1_P_40A	40008	430	2	0	12759	1	0	12760
155008237	STR_D_HA_BOW_D_D_L1_P_50A	40008	449	2	0	12761	1	0	12762
155008238	STR_D_HA_STAFF_D_D_L1_P_50A	40008	449	2	0	12763	1	0	12764
155008239	STR_D_HA_BOW_D_D_L1_P_55A	40008	480	2	0	12765	1	0	12766
155008240	STR_D_HA_STAFF_D_D_L1_P_55A	40008	480	2	0	12767	1	0	12768
155008241	STR_D_HA_RING_D_D_L1_P_30A	40008	410	2	0	12769	1	0	12770
155008242	STR_D_HA_EARRING_D_D_L1_P_30A	40008	410	2	0	12771	1	0	12772
155008243	STR_D_HA_NECKLACE_D_D_L1_P_30A	40008	410	2	0	12773	1	0	12774
155008244	STR_D_HA_AC_HEAD_D_D_L1_P_30A	40008	410	2	0	12775	1	0	12776
155008245	STR_D_HA_RING_D_D_L1_P_30B	40008	410	2	0	12777	1	0	12778
155008246	STR_D_HA_EARRING_D_D_L1_P_30B	40008	410	2	0	12779	1	0	12780
155008247	STR_D_HA_NECKLACE_D_D_L1_P_30B	40008	410	2	0	12781	1	0	12782
155008248	STR_D_HA_RING_D_D_L1_P_40A	40008	430	2	0	12783	1	0	12784
155008249	STR_D_HA_EARRING_D_D_L1_P_40A	40008	430	2	0	12785	1	0	12786
155008250	STR_D_HA_NECKLACE_D_D_L1_P_40A	40008	430	2	0	12787	1	0	12788
155008251	STR_D_HA_AC_HEAD_D_D_L1_P_40A	40008	430	2	0	12789	1	0	12790
155008252	STR_D_HA_RING_D_D_L1_P_40B	40008	430	2	0	12791	1	0	12792
155008253	STR_D_HA_EARRING_D_D_L1_P_40B	40008	430	2	0	12793	1	0	12794
155008254	STR_D_HA_NECKLACE_D_D_L1_P_40B	40008	430	2	0	12795	1	0	12796
155008255	STR_D_HA_RING_D_D_L1_P_50A	40008	449	2	0	12797	1	0	12798
155008256	STR_D_HA_EARRING_D_D_L1_P_50A	40008	449	2	0	12799	1	0	12800
155008257	STR_D_HA_NECKLACE_D_D_L1_P_50A	40008	449	2	0	12801	1	0	12802
155008258	STR_D_HA_AC_HEAD_D_D_L1_P_50A	40008	449	2	0	12803	1	0	12804
155008259	STR_D_HA_RING_D_D_L1_P_50B	40008	449	2	0	12805	1	0	12806
155008260	STR_D_HA_EARRING_D_D_L1_P_50B	40008	449	2	0	12807	1	0	12808
155008261	STR_D_HA_NECKLACE_D_D_L1_P_50B	40008	449	2	0	12809	1	0	12810
155008262	STR_D_HA_RING_D_D_L1_P_55A	40008	480	2	0	12811	1	0	12812
155008263	STR_D_HA_EARRING_D_D_L1_P_55A	40008	480	2	0	12813	1	0	12814
155008264	STR_D_HA_NECKLACE_D_D_L1_P_55A	40008	480	2	0	12815	1	0	12816
155008265	STR_D_HA_AC_HEAD_D_D_L1_P_55A	40008	480	2	0	12817	1	0	12818
155008266	STR_D_HA_RING_D_D_L1_P_55B	40008	480	2	0	12819	1	0	12820
155008267	STR_D_HA_EARRING_D_D_L1_P_55B	40008	480	2	0	12821	1	0	12822
155008268	STR_D_HA_NECKLACE_D_D_L1_P_55B	40008	480	2	0	12823	1	0	12824
155008269	STR_D_AS_CH_SHOES_D_D_L1_P_30A	40003	410	2	0	12825	1	0	12826
155008270	STR_D_AS_CH_GLOVE_D_D_L1_P_30A	40003	410	2	0	12827	1	0	12828
155008271	STR_D_AS_CH_SHOUL_D_D_L1_P_30A	40003	410	2	0	12829	1	0	12830
155008272	STR_D_AS_CH_PANTS_D_D_L1_P_30A	40003	410	2	0	12831	1	0	12832
155008273	STR_D_AS_CH_TORSO_D_D_L1_P_30A	40003	410	2	0	12833	1	0	12834
155008274	STR_D_AS_CH_HEAD_D_D_L1_P_30A	40003	410	2	0	12835	1	0	12836
155008275	STR_D_AS_CH_SHOES_D_D_L1_P_40A	40003	430	2	0	12837	1	0	12838
155008276	STR_D_AS_CH_GLOVE_D_D_L1_P_40A	40003	430	2	0	12839	1	0	12840
155008277	STR_D_AS_CH_SHOUL_D_D_L1_P_40A	40003	430	2	0	12841	1	0	12842
155008278	STR_D_AS_CH_PANTS_D_D_L1_P_40A	40003	430	2	0	12843	1	0	12844
155008279	STR_D_AS_CH_TORSO_D_D_L1_P_40A	40003	430	2	0	12845	1	0	12846
155008280	STR_D_AS_CH_HEAD_D_D_L1_P_40A	40003	430	2	0	12847	1	0	12848
155008281	STR_D_AS_CH_SHOES_D_D_L1_P_50A	40003	449	2	0	12849	1	0	12850
155008282	STR_D_AS_CH_GLOVE_D_D_L1_P_50A	40003	449	2	0	12851	1	0	12852
155008283	STR_D_AS_CH_SHOUL_D_D_L1_P_50A	40003	449	2	0	12853	1	0	12854
155008284	STR_D_AS_CH_PANTS_D_D_L1_P_50A	40003	449	2	0	12855	1	0	12856
155008285	STR_D_AS_CH_TORSO_D_D_L1_P_50A	40003	449	2	0	12857	1	0	12858
155008286	STR_D_AS_CH_HEAD_D_D_L1_P_50A	40003	449	2	0	12859	1	0	12860
155008287	STR_D_AS_CH_SHOES_D_D_L1_P_55A	40003	480	2	0	12861	1	0	12862
155008288	STR_D_AS_CH_GLOVE_D_D_L1_P_55A	40003	480	2	0	12863	1	0	12864
155008289	STR_D_AS_CH_SHOUL_D_D_L1_P_55A	40003	480	2	0	12865	1	0	12866
155008290	STR_D_AS_CH_PANTS_D_D_L1_P_55A	40003	480	2	0	12867	1	0	12868
155008291	STR_D_AS_CH_TORSO_D_D_L1_P_55A	40003	480	2	0	12869	1	0	12870
155008292	STR_D_AS_CH_HEAD_D_D_L1_P_55A	40003	480	2	0	12871	1	0	12872
155008293	STR_D_AS_PL_SHOES_D_D_L1_P_30A	40003	410	2	0	12873	1	0	12874
155008294	STR_D_AS_PL_GLOVE_D_D_L1_P_30A	40003	410	2	0	12875	1	0	12876
155008295	STR_D_AS_PL_SHOUL_D_D_L1_P_30A	40003	410	2	0	12877	1	0	12878
155008296	STR_D_AS_PL_PANTS_D_D_L1_P_30A	40003	410	2	0	12879	1	0	12880
155008297	STR_D_AS_PL_TORSO_D_D_L1_P_30A	40003	410	2	0	12881	1	0	12882
155008298	STR_D_AS_PL_HEAD_D_D_L1_P_30A	40003	410	2	0	12883	1	0	12884
155008299	STR_D_AS_SHIELD_D_D_L1_P_30A	40003	410	2	0	12885	1	0	12886
155008300	STR_D_AS_PL_SHOES_D_D_L1_P_40A	40003	430	2	0	12887	1	0	12888
155008301	STR_D_AS_PL_GLOVE_D_D_L1_P_40A	40003	430	2	0	12889	1	0	12890
155008302	STR_D_AS_PL_SHOUL_D_D_L1_P_40A	40003	430	2	0	12891	1	0	12892
155008303	STR_D_AS_PL_PANTS_D_D_L1_P_40A	40003	430	2	0	12893	1	0	12894
155008304	STR_D_AS_PL_TORSO_D_D_L1_P_40A	40003	430	2	0	12895	1	0	12896
155008305	STR_D_AS_PL_HEAD_D_D_L1_P_40A	40003	430	2	0	12897	1	0	12898
155008306	STR_D_AS_SHIELD_D_D_L1_P_40A	40003	430	2	0	12899	1	0	12900
155008307	STR_D_AS_PL_SHOES_D_D_L1_P_50A	40003	449	2	0	12901	1	0	12902
155008308	STR_D_AS_PL_GLOVE_D_D_L1_P_50A	40003	449	2	0	12903	1	0	12904
155008309	STR_D_AS_PL_SHOUL_D_D_L1_P_50A	40003	449	2	0	12905	1	0	12906
155008310	STR_D_AS_PL_PANTS_D_D_L1_P_50A	40003	449	2	0	12907	1	0	12908
155008311	STR_D_AS_PL_TORSO_D_D_L1_P_50A	40003	449	2	0	12909	1	0	12910
155008312	STR_D_AS_PL_HEAD_D_D_L1_P_50A	40003	449	2	0	12911	1	0	12912
155008313	STR_D_AS_SHIELD_D_D_L1_P_50A	40003	449	2	0	12913	1	0	12914
155008314	STR_D_AS_PL_SHOES_D_D_L1_P_55A	40003	480	2	0	12915	1	0	12916
155008315	STR_D_AS_PL_GLOVE_D_D_L1_P_55A	40003	480	2	0	12917	1	0	12918
155008316	STR_D_AS_PL_SHOUL_D_D_L1_P_55A	40003	480	2	0	12919	1	0	12920
155008317	STR_D_AS_PL_PANTS_D_D_L1_P_55A	40003	480	2	0	12921	1	0	12922
155008318	STR_D_AS_PL_TORSO_D_D_L1_P_55A	40003	480	2	0	12923	1	0	12924
155008319	STR_D_AS_PL_HEAD_D_D_L1_P_55A	40003	480	2	0	12925	1	0	12926
155008320	STR_D_AS_SHIELD_D_D_L1_P_55A	40003	480	2	0	12927	1	0	12928
155008321	STR_D_TA_LT_SHOES_D_D_L1_P_30A	40004	410	2	0	12929	1	0	12930
155008322	STR_D_TA_LT_GLOVE_D_D_L1_P_30A	40004	410	2	0	12931	1	0	12932
155008323	STR_D_TA_LT_SHOUL_D_D_L1_P_30A	40004	410	2	0	12933	1	0	12934
155008324	STR_D_TA_LT_PANTS_D_D_L1_P_30A	40004	410	2	0	12935	1	0	12936
155008325	STR_D_TA_LT_TORSO_D_D_L1_P_30A	40004	410	2	0	12937	1	0	12938
155008326	STR_D_TA_BELT_D_D_L1_P_30A	40004	410	2	0	12939	1	0	12940
155008327	STR_D_TA_LT_HEAD_D_D_L1_P_30A	40004	410	2	0	12941	1	0	12942
155008328	STR_D_TA_LT_SHOES_D_D_L1_P_40A	40004	430	2	0	12943	1	0	12944
155008329	STR_D_TA_LT_GLOVE_D_D_L1_P_40A	40004	430	2	0	12945	1	0	12946
155008330	STR_D_TA_LT_SHOUL_D_D_L1_P_40A	40004	430	2	0	12947	1	0	12948
155008331	STR_D_TA_LT_PANTS_D_D_L1_P_40A	40004	430	2	0	12949	1	0	12950
155008332	STR_D_TA_LT_TORSO_D_D_L1_P_40A	40004	430	2	0	12951	1	0	12952
155008333	STR_D_TA_BELT_D_D_L1_P_40A	40004	430	2	0	12953	1	0	12954
155008334	STR_D_TA_LT_HEAD_D_D_L1_P_40A	40004	430	2	0	12955	1	0	12956
155008335	STR_D_TA_LT_SHOES_D_D_L1_P_50A	40004	449	2	0	12957	1	0	12958
155008336	STR_D_TA_LT_GLOVE_D_D_L1_P_50A	40004	449	2	0	12959	1	0	12960
155008337	STR_D_TA_LT_SHOUL_D_D_L1_P_50A	40004	449	2	0	12961	1	0	12962
155008338	STR_D_TA_LT_PANTS_D_D_L1_P_50A	40004	449	2	0	12963	1	0	12964
155008339	STR_D_TA_LT_TORSO_D_D_L1_P_50A	40004	449	2	0	12965	1	0	12966
155008340	STR_D_TA_BELT_D_D_L1_P_50A	40004	449	2	0	12967	1	0	12968
155008341	STR_D_TA_LT_HEAD_D_D_L1_P_50A	40004	449	2	0	12969	1	0	12970
155008342	STR_D_TA_LT_SHOES_D_D_L1_P_55A	40004	480	2	0	12971	1	0	12972
155008343	STR_D_TA_LT_GLOVE_D_D_L1_P_55A	40004	480	2	0	12973	1	0	12974
155008344	STR_D_TA_LT_SHOUL_D_D_L1_P_55A	40004	480	2	0	12975	1	0	12976
155008345	STR_D_TA_LT_PANTS_D_D_L1_P_55A	40004	480	2	0	12977	1	0	12978
155008346	STR_D_TA_LT_TORSO_D_D_L1_P_55A	40004	480	2	0	12979	1	0	12980
155008347	STR_D_TA_BELT_D_D_L1_P_55A	40004	480	2	0	12981	1	0	12982
155008348	STR_D_TA_LT_HEAD_D_D_L1_P_55A	40004	480	2	0	12983	1	0	12984
155008349	STR_D_TA_RB_SHOES_D_D_L1_P_30A	40004	410	2	0	12985	1	0	12986
155008350	STR_D_TA_RB_GLOVE_D_D_L1_P_30A	40004	410	2	0	12987	1	0	12988
155008351	STR_D_TA_RB_SHOUL_D_D_L1_P_30A	40004	410	2	0	12989	1	0	12990
155008352	STR_D_TA_RB_PANTS_D_D_L1_P_30A	40004	410	2	0	12991	1	0	12992
155008353	STR_D_TA_RB_TORSO_D_D_L1_P_30A	40004	410	2	0	12993	1	0	12994
155008354	STR_D_TA_BELT_D_D_L1_P_30B	40004	410	2	0	12995	1	0	12996
155008355	STR_D_TA_RB_HEAD_D_D_L1_P_30A	40004	410	2	0	12997	1	0	12998
155008356	STR_D_TA_RB_SHOES_D_D_L1_P_40A	40004	430	2	0	12999	1	0	13000
155008357	STR_D_TA_RB_GLOVE_D_D_L1_P_40A	40004	430	2	0	13001	1	0	13002
155008358	STR_D_TA_RB_SHOUL_D_D_L1_P_40A	40004	430	2	0	13003	1	0	13004
155008359	STR_D_TA_RB_PANTS_D_D_L1_P_40A	40004	430	2	0	13005	1	0	13006
155008360	STR_D_TA_RB_TORSO_D_D_L1_P_40A	40004	430	2	0	13007	1	0	13008
155008361	STR_D_TA_BELT_D_D_L1_P_40B	40004	430	2	0	13009	1	0	13010
155008362	STR_D_TA_RB_HEAD_D_D_L1_P_40A	40004	430	2	0	13011	1	0	13012
155008363	STR_D_TA_RB_SHOES_D_D_L1_P_50A	40004	449	2	0	13013	1	0	13014
155008364	STR_D_TA_RB_GLOVE_D_D_L1_P_50A	40004	449	2	0	13015	1	0	13016
155008365	STR_D_TA_RB_SHOUL_D_D_L1_P_50A	40004	449	2	0	13017	1	0	13018
155008366	STR_D_TA_RB_PANTS_D_D_L1_P_50A	40004	449	2	0	13019	1	0	13020
155008367	STR_D_TA_RB_TORSO_D_D_L1_P_50A	40004	449	2	0	13021	1	0	13022
155008368	STR_D_TA_BELT_D_D_L1_P_50B	40004	449	2	0	13023	1	0	13024
155008369	STR_D_TA_RB_HEAD_D_D_L1_P_50A	40004	449	2	0	13025	1	0	13026
155008370	STR_D_TA_RB_SHOES_D_D_L1_P_55A	40004	480	2	0	13027	1	0	13028
155008371	STR_D_TA_RB_GLOVE_D_D_L1_P_55A	40004	480	2	0	13029	1	0	13030
155008372	STR_D_TA_RB_SHOUL_D_D_L1_P_55A	40004	480	2	0	13031	1	0	13032
155008373	STR_D_TA_RB_PANTS_D_D_L1_P_55A	40004	480	2	0	13033	1	0	13034
155008374	STR_D_TA_RB_TORSO_D_D_L1_P_55A	40004	480	2	0	13035	1	0	13036
155008375	STR_D_TA_BELT_D_D_L1_P_55B	40004	480	2	0	13037	1	0	13038
155008376	STR_D_TA_RB_HEAD_D_D_L1_P_55A	40004	480	2	0	13039	1	0	13040
155008377	STR_D_TA_TA_PART_D_DRA_LT_401B	40004	420	2	0	13041	1	0	13042
155008378	STR_D_TA_TA_PART_MASS_D_DRA_LT_401B	40004	420	2	0	13041	10	0	13043
155008379	STR_D_TA_TA_PART_D_DRA_LT_501B	40004	440	2	0	13044	1	0	13045
155008380	STR_D_TA_TA_PART_MASS_D_DRA_LT_501B	40004	440	2	0	13044	10	0	13046
155008381	STR_D_TA_TA_PART_D_DRA_LT_551B	40004	460	2	0	13047	1	0	13048
155008382	STR_D_TA_TA_PART_D_DRA_LT_551C	40004	460	2	0	13049	1	0	13050
155008383	STR_D_TA_TA_PART_MASS_D_DRA_LT_551B	40004	460	2	0	13047	10	0	13051
155008384	STR_D_TA_TA_PART_MASS_D_DRA_LT_551C	40004	460	2	0	13049	10	0	13052
155008529	STR_D_AL_SOULSTONE_N_C_01A	40007	100	2	0	1293	3	0	7145
155008530	STR_D_AL_SOULSTONE_N_C_02A	40007	200	2	0	1294	5	0	7146
155008531	STR_D_AL_SOULSTONE_N_C_03A	40007	300	2	0	1295	10	0	7147
155008532	STR_D_AL_SOULSTONE_N_C_04A	40007	400	2	0	1296	50	0	7148
155008533	STR_D_AL_SCROLL_SPEED_ATK_50B	40007	480	2	0	3318	5	0	13053
155008534	STR_D_AL_SCROLL_SPEED_CASTING_50B	40007	480	2	0	5008	5	0	13054
155008535	STR_D_AL_SCROLL_SPEED_RUN_50B	40007	480	2	0	3324	5	0	13055
155008536	STR_D_AL_SCROLL_SPEED_FLY_50B	40007	480	2	0	3330	5	0	13054
155009001	STR_RD_WS_Q6000	40002	1	2	0	13056	1	0	13057
155009002	STR_RD_WS_Q6001	40002	10	2	0	13058	1	0	13059
155009003	STR_RD_WS_Q6002	40002	20	2	0	13060	1	0	13061
155009004	STR_RD_WS_Q6003	40002	30	2	0	13062	1	0	13063
155009005	STR_RD_WS_Q6004	40002	40	2	0	13064	1	0	13065
155009006	STR_RD_WS_Q6005	40002	50	2	0	13066	1	0	13067
155009007	STR_RD_WS_Q6006	40002	60	2	0	13068	1	0	13069
155009008	STR_RD_WS_Q6007	40002	70	2	0	13070	1	0	13071
155009009	STR_RD_WS_Q6008	40002	80	2	0	13072	1	0	13073
155009010	STR_RD_WS_Q6009	40002	90	2	0	13074	1	0	13075
155009011	STR_RD_WS_Q6010	40002	100	2	0	13076	1	0	13077
155009012	STR_RD_WS_Q6011	40002	110	2	0	13078	1	0	13079
155009013	STR_RD_WS_Q6012	40002	120	2	0	13080	1	0	13081
155009014	STR_RD_WS_Q6013	40002	130	2	0	13082	1	0	13083
155009015	STR_RD_WS_Q6014	40002	140	2	0	13084	1	0	13085
155009016	STR_RD_WS_Q6015	40002	150	2	0	13086	1	0	13087
155009017	STR_RD_WS_Q6016	40002	160	2	0	13088	1	0	13089
155009018	STR_RD_WS_Q6017	40002	170	2	0	13090	1	0	13091
155009019	STR_RD_WS_Q6018	40002	180	2	0	13092	1	0	13093
155009020	STR_RD_WS_Q6019	40002	190	2	0	13094	1	0	13095
155009021	STR_RD_WS_Q6020	40002	200	2	0	13096	1	0	13097
155009022	STR_RD_WS_Q6021	40002	210	2	0	13098	1	0	13099
155009023	STR_RD_WS_Q6022	40002	220	2	0	13100	1	0	13101
155009024	STR_RD_WS_Q6023	40002	230	2	0	13102	1	0	13103
155009025	STR_RD_WS_Q6024	40002	240	2	0	13104	1	0	13105
155009026	STR_RD_WS_Q6025	40002	250	2	0	13106	1	0	13107
155009027	STR_RD_WS_Q6026	40002	260	2	0	13108	1	0	13109
155009028	STR_RD_WS_Q6027	40002	270	2	0	13110	1	0	13111
155009029	STR_RD_WS_Q6028	40002	280	2	0	13112	1	0	13113
155009030	STR_RD_WS_Q6029	40002	290	2	0	13114	1	0	13115
155009031	STR_RD_WS_Q6030	40002	300	2	0	13116	1	0	13117
155009032	STR_RD_WS_Q6031	40002	310	2	0	13118	1	0	13119
155009033	STR_RD_WS_Q6032	40002	320	2	0	13120	1	0	13121
155009034	STR_RD_WS_Q6033	40002	330	2	0	13122	1	0	13123
155009035	STR_RD_WS_Q6034	40002	340	2	0	13124	1	0	13125
155009036	STR_RD_WS_Q6035	40002	350	2	0	13126	1	0	13127
155009037	STR_RD_WS_Q6036	40002	360	2	0	13128	1	0	13129
155009038	STR_RD_WS_Q6037	40002	370	2	0	13130	1	0	13131
155009039	STR_RD_WS_Q6038	40002	380	2	0	13132	1	0	13133
155009040	STR_RD_WS_Q6039	40002	390	2	0	13134	1	0	13135
155009041	STR_RD_WS_Q6040	40002	399	2	0	13136	1	0	13137
155009042	STR_RD_AS_Q6100	40003	1	2	0	13138	1	0	13139
155009043	STR_RD_AS_Q6101	40003	10	2	0	13140	1	0	13141
155009044	STR_RD_AS_Q6102	40003	20	2	0	13142	1	0	13143
155009045	STR_RD_AS_Q6103	40003	30	2	0	13144	1	0	13145
155009046	STR_RD_AS_Q6104	40003	40	2	0	13146	1	0	13147
155009047	STR_RD_AS_Q6105	40003	50	2	0	13148	1	0	13149
155009048	STR_RD_AS_Q6106	40003	60	2	0	13150	1	0	13151
155009049	STR_RD_AS_Q6107	40003	70	2	0	13152	1	0	13153
155009050	STR_RD_AS_Q6108	40003	80	2	0	13154	1	0	13155
155009051	STR_RD_AS_Q6109	40003	90	2	0	13156	1	0	13157
155009052	STR_RD_AS_Q6110	40003	100	2	0	13158	1	0	13159
155009053	STR_RD_AS_Q6111	40003	110	2	0	13160	1	0	13161
155009054	STR_RD_AS_Q6112	40003	120	2	0	13162	1	0	13163
155009055	STR_RD_AS_Q6113	40003	130	2	0	13164	1	0	13165
155009056	STR_RD_AS_Q6114	40003	140	2	0	13166	1	0	13167
155009057	STR_RD_AS_Q6115	40003	150	2	0	13168	1	0	13169
155009058	STR_RD_AS_Q6116	40003	160	2	0	13170	1	0	13171
155009059	STR_RD_AS_Q6117	40003	170	2	0	13172	1	0	13173
155009060	STR_RD_AS_Q6118	40003	180	2	0	13174	1	0	13175
155009061	STR_RD_AS_Q6119	40003	190	2	0	13176	1	0	13177
155009062	STR_RD_AS_Q6120	40003	200	2	0	13178	1	0	13179
155009063	STR_RD_AS_Q6121	40003	210	2	0	13180	1	0	13181
155009064	STR_RD_AS_Q6122	40003	220	2	0	13182	1	0	13183
155009065	STR_RD_AS_Q6123	40003	230	2	0	13184	1	0	13185
155009066	STR_RD_AS_Q6124	40003	240	2	0	13186	1	0	13187
155009067	STR_RD_AS_Q6125	40003	250	2	0	13188	1	0	13189
155009068	STR_RD_AS_Q6126	40003	260	2	0	13190	1	0	13191
155009069	STR_RD_AS_Q6127	40003	270	2	0	13192	1	0	13193
155009070	STR_RD_AS_Q6128	40003	280	2	0	13194	1	0	13195
155009071	STR_RD_AS_Q6129	40003	290	2	0	13196	1	0	13197
155009072	STR_RD_AS_Q6130	40003	300	2	0	13198	1	0	13199
155009073	STR_RD_AS_Q6131	40003	310	2	0	13200	1	0	13201
155009074	STR_RD_AS_Q6132	40003	320	2	0	13202	1	0	13203
155009075	STR_RD_AS_Q6133	40003	330	2	0	13204	1	0	13205
155009076	STR_RD_AS_Q6134	40003	340	2	0	13206	1	0	13207
155009077	STR_RD_AS_Q6135	40003	350	2	0	13208	1	0	13209
155009078	STR_RD_AS_Q6136	40003	360	2	0	13210	1	0	13211
155009079	STR_RD_AS_Q6137	40003	370	2	0	13212	1	0	13213
155009080	STR_RD_AS_Q6138	40003	380	2	0	13214	1	0	13215
155009081	STR_RD_AS_Q6139	40003	390	2	0	13216	1	0	13217
155009082	STR_RD_AS_Q6140	40003	399	2	0	13218	1	0	13219
155009083	STR_RD_TA_Q6200	40004	1	2	0	13220	1	0	13221
155009084	STR_RD_TA_Q6201	40004	10	2	0	13222	1	0	13223
155009085	STR_RD_TA_Q6202	40004	20	2	0	13224	1	0	13225
155009086	STR_RD_TA_Q6203	40004	30	2	0	13226	1	0	13227
155009087	STR_RD_TA_Q6204	40004	40	2	0	13228	1	0	13229
155009088	STR_RD_TA_Q6205	40004	50	2	0	13230	1	0	13231
155009089	STR_RD_TA_Q6206	40004	60	2	0	13232	1	0	13233
155009090	STR_RD_TA_Q6207	40004	70	2	0	13234	1	0	13235
155009091	STR_RD_TA_Q6208	40004	80	2	0	13236	1	0	13237
155009092	STR_RD_TA_Q6209	40004	90	2	0	13238	1	0	13239
155009093	STR_RD_TA_Q6210	40004	100	2	0	13240	1	0	13241
155009094	STR_RD_TA_Q6211	40004	110	2	0	13242	1	0	13243
155009095	STR_RD_TA_Q6212	40004	120	2	0	13244	1	0	13245
155009096	STR_RD_TA_Q6213	40004	130	2	0	13246	1	0	13247
155009097	STR_RD_TA_Q6214	40004	140	2	0	13248	1	0	13249
155009098	STR_RD_TA_Q6215	40004	150	2	0	13250	1	0	13251
155009099	STR_RD_TA_Q6216	40004	160	2	0	13252	1	0	13253
155009100	STR_RD_TA_Q6217	40004	170	2	0	13254	1	0	13255
155009101	STR_RD_TA_Q6218	40004	180	2	0	13256	1	0	13257
155009102	STR_RD_TA_Q6219	40004	190	2	0	13258	1	0	13259
155009103	STR_RD_TA_Q6220	40004	200	2	0	13260	1	0	13261
155009104	STR_RD_TA_Q6221	40004	210	2	0	13262	1	0	13263
155009105	STR_RD_TA_Q6222	40004	220	2	0	13264	1	0	13265
155009106	STR_RD_TA_Q6223	40004	230	2	0	13266	1	0	13267
155009107	STR_RD_TA_Q6224	40004	240	2	0	13268	1	0	13269
155009108	STR_RD_TA_Q6225	40004	250	2	0	13270	1	0	13271
155009109	STR_RD_TA_Q6226	40004	260	2	0	13272	1	0	13273
155009110	STR_RD_TA_Q6227	40004	270	2	0	13274	1	0	13275
155009111	STR_RD_TA_Q6228	40004	280	2	0	13276	1	0	13277
155009112	STR_RD_TA_Q6229	40004	290	2	0	13278	1	0	13279
155009113	STR_RD_TA_Q6230	40004	300	2	0	13280	1	0	13281
155009114	STR_RD_TA_Q6231	40004	310	2	0	13282	1	0	13283
155009115	STR_RD_TA_Q6232	40004	320	2	0	13284	1	0	13285
155009116	STR_RD_TA_Q6233	40004	330	2	0	13286	1	0	13287
155009117	STR_RD_TA_Q6234	40004	340	2	0	13288	1	0	13289
155009118	STR_RD_TA_Q6235	40004	350	2	0	13290	1	0	13291
155009119	STR_RD_TA_Q6236	40004	360	2	0	13292	1	0	13293
155009120	STR_RD_TA_Q6237	40004	370	2	0	13294	1	0	13295
155009121	STR_RD_TA_Q6238	40004	380	2	0	13296	1	0	13297
155009122	STR_RD_TA_Q6239	40004	390	2	0	13298	1	0	13299
155009123	STR_RD_TA_Q6240	40004	399	2	0	13300	1	0	13301
155009124	STR_RD_HA_Q6300	40008	1	2	0	13302	1	0	13303
155009125	STR_RD_HA_Q6301	40008	10	2	0	13304	1	0	13305
155009126	STR_RD_HA_Q6302	40008	20	2	0	13306	1	0	13307
155009127	STR_RD_HA_Q6303	40008	30	2	0	13308	1	0	13309
155009128	STR_RD_HA_Q6304	40008	40	2	0	13310	1	0	13311
155009129	STR_RD_HA_Q6305	40008	50	2	0	13312	1	0	13313
155009130	STR_RD_HA_Q6306	40008	60	2	0	13314	1	0	13315
155009131	STR_RD_HA_Q6307	40008	70	2	0	13316	1	0	13317
155009132	STR_RD_HA_Q6308	40008	80	2	0	13318	1	0	13319
155009133	STR_RD_HA_Q6309	40008	90	2	0	13320	1	0	13321
155009134	STR_RD_HA_Q6310	40008	100	2	0	13322	1	0	13323
155009135	STR_RD_HA_Q6311	40008	110	2	0	13324	1	0	13325
155009136	STR_RD_HA_Q6312	40008	120	2	0	13326	1	0	13327
155009137	STR_RD_HA_Q6313	40008	130	2	0	13328	1	0	13329
155009138	STR_RD_HA_Q6314	40008	140	2	0	13330	1	0	13331
155009139	STR_RD_HA_Q6315	40008	150	2	0	13332	1	0	13333
155009140	STR_RD_HA_Q6316	40008	160	2	0	13334	1	0	13335
155009141	STR_RD_HA_Q6317	40008	170	2	0	13336	1	0	13337
155009142	STR_RD_HA_Q6318	40008	180	2	0	13338	1	0	13339
155009143	STR_RD_HA_Q6319	40008	190	2	0	13340	1	0	13341
155009144	STR_RD_HA_Q6320	40008	200	2	0	13342	1	0	13343
155009145	STR_RD_HA_Q6321	40008	210	2	0	13344	1	0	13345
155009146	STR_RD_HA_Q6322	40008	220	2	0	13346	1	0	13347
155009147	STR_RD_HA_Q6323	40008	230	2	0	13348	1	0	13349
155009148	STR_RD_HA_Q6324	40008	240	2	0	13350	1	0	13351
155009149	STR_RD_HA_Q6325	40008	250	2	0	13352	1	0	13353
155009150	STR_RD_HA_Q6326	40008	260	2	0	13354	1	0	13355
155009151	STR_RD_HA_Q6327	40008	270	2	0	13356	1	0	13357
155009152	STR_RD_HA_Q6328	40008	280	2	0	13358	1	0	13359
155009153	STR_RD_HA_Q6329	40008	290	2	0	13360	1	0	13361
155009154	STR_RD_HA_Q6330	40008	300	2	0	13362	1	0	13363
155009155	STR_RD_HA_Q6331	40008	310	2	0	13364	1	0	13365
155009156	STR_RD_HA_Q6332	40008	320	2	0	13366	1	0	13367
155009157	STR_RD_HA_Q6333	40008	330	2	0	13368	1	0	13369
155009158	STR_RD_HA_Q6334	40008	340	2	0	13370	1	0	13371
155009159	STR_RD_HA_Q6335	40008	350	2	0	13372	1	0	13373
155009160	STR_RD_HA_Q6336	40008	360	2	0	13374	1	0	13375
155009161	STR_RD_HA_Q6337	40008	370	2	0	13376	1	0	13377
155009162	STR_RD_HA_Q6338	40008	380	2	0	13378	1	0	13379
155009163	STR_RD_HA_Q6339	40008	390	2	0	13380	1	0	13381
155009164	STR_RD_HA_Q6340	40008	399	2	0	13382	1	0	13383
155009165	STR_RD_AL_Q6400	40007	1	2	0	13384	1	0	13385
155009166	STR_RD_AL_Q6401	40007	10	2	0	13386	1	0	13387
155009167	STR_RD_AL_Q6402	40007	20	2	0	13388	1	0	13389
155009168	STR_RD_AL_Q6403	40007	30	2	0	13390	1	0	13391
155009169	STR_RD_AL_Q6404	40007	40	2	0	13392	1	0	13393
155009170	STR_RD_AL_Q6405	40007	50	2	0	13394	1	0	13395
155009171	STR_RD_AL_Q6406	40007	60	2	0	13396	1	0	13397
155009172	STR_RD_AL_Q6407	40007	70	2	0	13398	1	0	13399
155009173	STR_RD_AL_Q6408	40007	80	2	0	13400	1	0	13401
155009174	STR_RD_AL_Q6409	40007	90	2	0	13402	1	0	13403
155009175	STR_RD_AL_Q6410	40007	100	2	0	13404	1	0	13405
155009176	STR_RD_AL_Q6411	40007	110	2	0	13406	1	0	13407
155009177	STR_RD_AL_Q6412	40007	120	2	0	13408	1	0	13409
155009178	STR_RD_AL_Q6413	40007	130	2	0	13410	1	0	13411
155009179	STR_RD_AL_Q6414	40007	140	2	0	13412	1	0	13413
155009180	STR_RD_AL_Q6415	40007	150	2	0	13414	1	0	13415
155009181	STR_RD_AL_Q6416	40007	160	2	0	13416	1	0	13417
155009182	STR_RD_AL_Q6417	40007	170	2	0	13418	1	0	13419
155009183	STR_RD_AL_Q6418	40007	180	2	0	13420	1	0	13421
155009184	STR_RD_AL_Q6419	40007	190	2	0	13422	1	0	13423
155009185	STR_RD_AL_Q6420	40007	200	2	0	13424	1	0	13425
155009186	STR_RD_AL_Q6421	40007	210	2	0	13426	1	0	13427
155009187	STR_RD_AL_Q6422	40007	220	2	0	13428	1	0	13429
155009188	STR_RD_AL_Q6423	40007	230	2	0	13430	1	0	13431
155009189	STR_RD_AL_Q6424	40007	240	2	0	13432	1	0	13433
155009190	STR_RD_AL_Q6425	40007	250	2	0	13434	1	0	13435
155009191	STR_RD_AL_Q6426	40007	260	2	0	13436	1	0	13437
155009192	STR_RD_AL_Q6427	40007	270	2	0	13438	1	0	13439
155009193	STR_RD_AL_Q6428	40007	280	2	0	13440	1	0	13441
155009194	STR_RD_AL_Q6429	40007	290	2	0	13442	1	0	13443
155009195	STR_RD_AL_Q6430	40007	300	2	0	13444	1	0	13445
155009196	STR_RD_AL_Q6431	40007	310	2	0	13446	1	0	13447
155009197	STR_RD_AL_Q6432	40007	320	2	0	13448	1	0	13449
155009198	STR_RD_AL_Q6433	40007	330	2	0	13450	1	0	13451
155009199	STR_RD_AL_Q6434	40007	340	2	0	13452	1	0	13453
155009200	STR_RD_AL_Q6435	40007	350	2	0	13454	1	0	13455
155009201	STR_RD_AL_Q6436	40007	360	2	0	13456	1	0	13457
155009202	STR_RD_AL_Q6437	40007	370	2	0	13458	1	0	13459
155009203	STR_RD_AL_Q6438	40007	380	2	0	13460	1	0	13461
155009204	STR_RD_AL_Q6439	40007	390	2	0	13462	1	0	13463
155009205	STR_RD_AL_Q6440	40007	399	2	0	13464	1	0	13465
155009206	STR_RD_CO_Q6500	40001	1	2	0	13466	1	0	13467
155009207	STR_RD_CO_Q6501	40001	10	2	0	13468	1	0	13469
155009208	STR_RD_CO_Q6502	40001	20	2	0	13470	1	0	13471
155009209	STR_RD_CO_Q6503	40001	30	2	0	13472	1	0	13473
155009210	STR_RD_CO_Q6504	40001	40	2	0	13474	1	0	13475
155009211	STR_RD_CO_Q6505	40001	50	2	0	13476	1	0	13477
155009212	STR_RD_CO_Q6506	40001	60	2	0	13478	1	0	13479
155009213	STR_RD_CO_Q6507	40001	70	2	0	13480	1	0	13481
155009214	STR_RD_CO_Q6508	40001	80	2	0	13482	1	0	13483
155009215	STR_RD_CO_Q6509	40001	90	2	0	13484	1	0	13485
155009216	STR_RD_CO_Q6510	40001	100	2	0	13486	1	0	13487
155009217	STR_RD_CO_Q6511	40001	110	2	0	13488	1	0	13489
155009218	STR_RD_CO_Q6512	40001	120	2	0	13490	1	0	13491
155009219	STR_RD_CO_Q6513	40001	130	2	0	13492	1	0	13493
155009220	STR_RD_CO_Q6514	40001	140	2	0	13494	1	0	13495
155009221	STR_RD_CO_Q6515	40001	150	2	0	13496	1	0	13497
155009222	STR_RD_CO_Q6516	40001	160	2	0	13498	1	0	13499
155009223	STR_RD_CO_Q6517	40001	170	2	0	13500	1	0	13501
155009224	STR_RD_CO_Q6518	40001	180	2	0	13502	1	0	13503
155009225	STR_RD_CO_Q6519	40001	190	2	0	13504	1	0	13505
155009226	STR_RD_CO_Q6520	40001	200	2	0	13506	1	0	13507
155009227	STR_RD_CO_Q6521	40001	210	2	0	13508	1	0	13509
155009228	STR_RD_CO_Q6522	40001	220	2	0	13510	1	0	13511
155009229	STR_RD_CO_Q6523	40001	230	2	0	13512	1	0	13513
155009230	STR_RD_CO_Q6524	40001	240	2	0	13514	1	0	13515
155009231	STR_RD_CO_Q6525	40001	250	2	0	13516	1	0	13517
155009232	STR_RD_CO_Q6526	40001	260	2	0	13518	1	0	13519
155009233	STR_RD_CO_Q6527	40001	270	2	0	13520	1	0	13521
155009234	STR_RD_CO_Q6528	40001	280	2	0	13522	1	0	13523
155009235	STR_RD_CO_Q6529	40001	290	2	0	13524	1	0	13525
155009236	STR_RD_CO_Q6530	40001	300	2	0	13526	1	0	13527
155009237	STR_RD_CO_Q6531	40001	310	2	0	13528	1	0	13529
155009238	STR_RD_CO_Q6532	40001	320	2	0	13530	1	0	13531
155009239	STR_RD_CO_Q6533	40001	330	2	0	13532	1	0	13533
155009240	STR_RD_CO_Q6534	40001	340	2	0	13534	1	0	13535
155009241	STR_RD_CO_Q6535	40001	350	2	0	13536	1	0	13537
155009242	STR_RD_CO_Q6536	40001	360	2	0	13538	1	0	13539
155009243	STR_RD_CO_Q6537	40001	370	2	0	13540	1	0	13541
155009244	STR_RD_CO_Q6538	40001	380	2	0	13542	1	0	13543
155009245	STR_RD_CO_Q6539	40001	390	2	0	13544	1	0	13545
155009246	STR_RD_CO_Q6540	40001	399	2	0	13546	1	0	13547
155090000	STR_TEST_WS_DELAY_01	40002	450	3	0	13548	1	0	4146
155090001	STR_TEST_WS_DELAY_02	40002	490	3	0	13549	1	0	4146
155090002	STR_TEST_WS_DELAY_03	40002	399	3	5	13550	1	0	4146
155090003	STR_TEST_WS_DELAY_04	40002	399	3	5	13551	1	0	4146
155090004	STR_TEST_WS_COUNT_01	40002	399	3	1	13552	1	0	4146
155090005	STR_TEST_WS_COUNT_02	40002	399	3	10	13553	1	0	4146
155090006	STR_TEST_WS_COMBO_01	40002	399	3	0	13554	1	0	4146

 