5	1260	
id	mapid	priority	data	poly
int	int	int	string	poly
1	110010000	5	25130	570,596;1425.88,1590.06;1448.05,1610.09;1462.83,1596.85;1481.64,1615.2;1477.5,1633.25;1474.01,1642.31;1510.78,1653.78;1506.95,1697.88;1443.87,1704.97;1432.84,1712.52;1384.03,1726.29;1370.61,1691.9;1377.08,1641.45
2	110010000	3	69959	530,910;1829.28,1361.2;1831.87,1634.49;1877.23,1702.32;1970.1,1703.1;1969.29,1298.32;1873.28,1298.42
3	110010000	5	15142	560,860;1901.99,1434.82;1901.75,1588.21;1834.06,1588.46;1834.01,1434.4
4	110010000	15	21869	570,604;1895.71,1399.3;1932.54,1421.55;1935.53,1437.42;1934.78,1495.75;1953.2,1499.07;1952.46,1524.51;1934.29,1524.24;1934.16,1583.52;1928.59,1597.26;1913.81,1607.74;1920.96,1617.32;1940.04,1606.32;1953.17,1610.65;1959.13,1581.98;1959.57,1527.18;1951.41,1524.71;1951.79,1498.98;1959.87,1499.77;1960.14,1437.12;1950.05,1403.62;1908.75,1378.95
5	110010000	1	15061	0.1,15.5;12.52,3565.57;-38.38,-255.18;3214.41,-247.3;3262.71,3558.04
6	110010000	2	15192	252,1252;-106.61,-308.44;-32.67,3608.21;3318.9,3631.48;3321.9,1589.87;2114.66,1611.53;1973.06,1614.63;1974.41,1409.13;2112.82,1408.67;2115.62,1606.03;3325.91,1585.54;3300.71,-327.28
7	110010000	1	15165	15.5,265.5;3348.71,3660.79;3325.2,-353.66;-136.47,-332.99;-66.92,3633.46
8	110010000	10	15065	806,836;1851.38,1491.32;1853.45,1530.45;1857,1530.46;1858.2,1545.22;1880.53,1545.36;1880.12,1532.28;1882.33,1532.38;1882.8,1503.05;1882.6,1491.93;1879.43,1491.84;1879.43,1479.02;1857.58,1478.86;1856.89,1490.93
9	110010000	2	15057	550,650;1829.03,1388.97;1822.44,1390.17;1830.23,1432.14;1881.19,1433.34;1899.27,1434.79;1900.47,1588.79;1833.83,1588.61;1833.23,1643.77;1885.46,1626.56;1933.17,1596.06;1937.1,1526.51;1945.82,1527.36;1946.42,1496.21;1936.6,1496.38;1936.07,1421.69;1896.78,1399.76;1873.74,1388.29
10	110010000	5	15194	522.41,552.41;1808.19,2202.58;1811.54,2208.22;1816.79,2214.22;1823.16,2217.81;1831.24,2219.45;1837.62,2218.88;1843.36,2216.03;1847.53,2212.31;1849.32,2210.56;1853.24,2203.17;1854.55,2196.19;1854.29,2193.31;1851.09,2183.84;1845.65,2177.89;1839.55,2174.46;1830.67,2172.93;1820.74,2175.47;1813.14,2181.66;1809.58,2188.04;1808.22,2195.55
11	110010000	8	15257	558.1,658.1;1830.37,1746.28;1857.5,1821.85;1902.97,1872.46;2057.73,1868.03;2058.73,1683.03;1913.36,1684.95
12	110010000	0	27313	622,805.4;1855.58,1508.78;1856.02,1513.13;1856.75,1516.28;1859.14,1518.73;1861.15,1520.65;1865.46,1521.8;1869.75,1520.67;1873.2,1518.79;1875.15,1516.32;1876.7,1512.94;1876.76,1509.97;1875.65,1506.1;1873.31,1502.87;1869.36,1500.43;1863.14,1500.19;1859.14,1502.94;1857.01,1505.64
13	110010000	1	15132	564.62,644.62;1521.06,1418.96;1497.96,1427.72;1462.52,1477.9;1463.71,1549.98;1487.21,1584.23;1499.56,1595.78;1521.06,1603.75;1587.57,1602.95;1588.36,1568.3;1603.1,1543.21;1601.91,1481.49;1590.36,1456.79;1587.97,1424.14
14	110010000	80	15098	572.76,599.76;1604.02,1456.26;1613.8,1456.27;1621.18,1466.27;1623.61,1482.3;1626.37,1498.09;1631.69,1502.16;1631.38,1523.78;1625.11,1526.6;1623.06,1545.68;1618.57,1561.85;1613.73,1567.15;1603.47,1564.58;1596.41,1558.34;1605.11,1544.08;1605.72,1528.5;1597.35,1516.91;1597.5,1506.12;1605.07,1494.43;1602.71,1478.44;1595.67,1463.77
15	110010000	3	69960	530,910;1685.83,1350.32;1682.84,1415.08;1669.91,1429.48;1641.42,1420.13;1630.66,1432.25;1634.35,1587.41;1630.03,1594.8;1611.18,1603.17;1610.91,1627.43;1616.71,1635.01;1624.69,1716.75;1561.11,1864.19;1502.49,1887.77;1430.73,1879.11;1364.85,1844.42;1333.66,1780.82;1389.13,1587.85;1347.86,1551.77;1346.82,1460.58;1268.82,1417.08;1304.55,1203.34;1432.35,1130.43;1522.27,1290.98;1538.65,1379.25;1638.33,1374.43;1656.67,1341.95
16	110010000	10	15091	0.1,105.1;1531.77,1834.57;1543.67,1825.51;1554.39,1839.25;1551.33,1841.71;1555.75,1847.33;1550.17,1851.86;1546.06,1845.93;1542.64,1848.39
17	110010000	3	69961	15.49,264.49;926.98,2191.75;992.08,2005.39;1056.61,1956.85;1078.92,1897.03;1184.78,1790.1;1189.06,1748.4;1156.27,1734.5;1101.73,1779.95;1101.38,1842.5;1001.91,1875.12;926.01,1817.9;879.62,1713.3;787,1738.77;697.17,1708.83;666.76,1631.91;747.43,1499.25;762.4,1355.96;854.35,1293.73;984.99,1314.7;1057.05,1234.02;1181.44,1244.36;1196.57,1209.79;1150.79,1167.01;1091.62,1171.64;1036.02,1076.47;972.93,1052.95;918.39,994.14;936.57,888.27;1019.96,838.19;1263.74,858.43;1288.2,936.31;1329.75,867.9;1433.72,803.42;1465.8,725.36;1530.35,680.71;1629,669.14;1672.84,721.53;1695.3,830.6;1741.28,863.75;1772.29,832.74;1837.56,873.61;1923.83,840.74;2053.54,859.93;2143.89,968.04;2196.83,1080.21;2296.71,1192.38;2389.42,1219.52;2420.37,1327.65;2397.63,1480.21;2311.3,1571.03;2333.91,1611.89;2409.68,1695.07;2479.03,1843.81;2376.48,2045.25;2146.15,2036.71;2176.35,2294.52;2117.37,2398.79;2036.27,2423.91;1931.47,2411.07;1812.68,2469.15;1691.77,2478.67;1653.53,2405.3;1700.5,2333.01;1708.88,2223.13;1530.49,2206.7;1394.45,2133.22;1373.07,2101.14;1264,2061.57;1243.66,2118.52;1184.93,2156.82;1121.84,2167.51;1118.63,2208.14;1113.28,2285.13;1012.77,2252.13
18	110010000	8	15138	560,660;1293.19,1458.47;1294.96,1568.72;1354.87,1568.6;1354.87,1464.17
19	110010000	20	15168	565,605;1320.85,1354.04;1350.4,1368.54;1363.63,1341.08;1448,1381.26;1433.63,1408.17;1460.83,1421.1;1448.17,1449.77;1419.28,1437.27;1406.55,1466.47;1295.24,1413.05
20	110010000	1	15162	15.5,65.5;1695.41,2103.5;1683.97,2168.76;1617.17,2172.22;1586.73,2164.89;1546.3,2187.64;1524.34,2165.67;1501.2,2156.1;1492,2115.73;1468.85,2050.15;1450.45,2051.93;1443.63,2111.88;1424.63,2127.6;1402.86,2117.78;1394.85,2096.42;1389.21,2075.94;1366.06,2063.18;1358.55,2050.48;1314.03,2049.3;1288.8,2067.1;1283.81,2042.14;1260.07,2038.88;1232.47,2055.49;1225.64,2105.65;1204.87,2115.15;1179.94,2139.19;1145.03,2135.87;1104.37,2145.96;1097.84,2166.14;1102.88,2212.73;1074.15,2255.72;610.01,2725.18;753.96,2835.75;983.43,2718.92;1071.92,2791.94;1234.89,2878.51;1364.02,2890.69;1624.32,2488.41;1559.64,2447.61;1534.68,2430.25;1510.81,2459.54;1492.36,2448.69;1452.22,2471.48;1430.51,2473.65;1371.92,2444.35;1363.24,2404.2;1364.32,2386.84;1389.28,2378.16;1387.11,2353.2;1358.9,2340.18;1352.39,2324.99;1341.54,2316.31;1331.77,2327.16;1314.41,2318.48;1293.03,2284.85;1321.69,2243.97;1354.04,2226.12;1387.51,2241.74;1400.15,2259.59;1404.25,2288.97;1397.55,2353.3;1405.73,2371.15;1403.5,2382.3;1414.29,2388.25;1444.8,2383.64;1469.86,2385.57;1502.95,2394.49;1539.76,2382.59;1560.96,2368.84;1578.07,2370.32;1585.13,2389.66;1583.27,2413.83;1570.63,2435.77;1288.8,2890.58;1359.38,2905.64;2300.22,2945.28;2523.44,2820.11;2526.11,2498.13;2744.57,2175.49;2794.96,1833.13;2684.07,731.88;2402.08,685.68;2245.99,567.08;2219.22,409.54;2006.6,370.31;1576.22,343.48;1305.1,463.47;1254.27,518.01;912.26,505.34;945.12,576.39;794.03,509.56;722.32,473.43;665.32,515.65;671.58,587.68;652.66,614.88;582.92,608.79;576.65,682.43;620.99,749.99;618.88,825.99;549.14,874.79;509.1,855.55;454.21,891.44;445.69,978.24;376.02,931.8;183.98,956.88;143.87,1987.13;264.2,1989.24;321.2,2031.47;460.54,1980.8;580.88,2058.91;568.21,2145.47;536.54,2187.69;460.54,2341.81;460.54,2409.37;525.99,2409.37;572.43,2415.7;625.21,2468.48;637.88,2519.15;604.1,2584.59;574.54,2690.15;630.27,2727.72;762.3,2802.37;956.31,2698.06;1162.84,2349.68;1145.71,2274.49;1068.12,2227.08;994.3,2217.57;952.73,2189.5;947.87,2171.68;966.5,2139.29;977.03,2072.07;1002.13,2008.91;1071.77,1978.13;1095.26,1936.02;1092.02,1906.87;1121.17,1875.29;1135.75,1864.76;1154.37,1846.14;1173,1820.22;1185.96,1816.17;1207.82,1782.16;1208.63,1740.05;1190.01,1716.57;1158.42,1708.47;1082.3,1765.15;1092.02,1792.69;1085.54,1822.65;1049.1,1845.33;995.65,1847.76;954.68,1821.24;923.91,1768.6;925.53,1720.01;872.08,1696.53;789.48,1716.77;714.17,1677.09;693.92,1632.55;775.72,1508.65;777.34,1393.66;819.45,1331.3;873.7,1310.25;962.78,1327.25;1019.34,1312.9;1063.88,1265.93;1063.88,1242.45;1090.6,1267.55;1161.05,1265.12;1206.4,1254.59;1215.31,1202.76;1194.26,1171.99;1159.43,1134.74;1108.42,1137.98;1043.63,1061.86;988.56,1047.28;957.79,1004.36;943.21,953.34;956.98,902.32;1009.62,860.21;1089.79,861.02;1122.84,876.25;1170.53,868.85;1230.56,881.18;1251.12,873.78;1256.05,949.44;1266.74,981.51;1287.3,988.91;1302.92,982.33;1333.35,916.54;1361.31,888.58;1442.13,814.55;1507.09,710.12;1520.25,708.47;1538.34,690.38;1627.15,700.25;1654.67,734.38;1662.07,851.97;1671.12,878.28;1723.74,929.27;1751.7,924.33;1777.19,854.44;1811.73,875.82;1824.07,901.31;1942.52,849.24;2038.34,885.18;2105.49,977.98;2136.55,994.17;2156.91,1080.4;2180.86,1091.18;2196.43,1128.31;2247.94,1172.63;2268.3,1228.92;2355.95,1225.69;2384.05,1345.39;2364.52,1444.13;2369.95,1481.03;2311.35,1523.34;2278.8,1548.3;2282.05,1624.26;2302.67,1636.19;2329.8,1648.13;2382.97,1713.24;2356.92,1749.05;2368.86,1790.28;2422.03,1831.51;2436.98,1852.49;2398.16,1960.64;2357.42,2024.93;2298.28,2009.46;2174.53,1990.35;2144.5,2007.64;2108.1,2003.09;2094.46,2042.21;2102.65,2092.26;2126.3,2115.01;2113.56,2161.41;2102.65,2230.57;2131.76,2304.27;2097.19,2368.87;2038.04,2391.62;2009.83,2366.14;1958.88,2364.32;1918.84,2388.89;1860.61,2387.07;1833.31,2442.58;1805.1,2423.47;1757.58,2455.88;1697.75,2459.19;1676.32,2423.21;1696.7,2400.38;1716.39,2352.07;1743.56,2317.56;1775.63,2299.62;1789.66,2259.39;1785.04,2208.58;1808.41,2155.04;1831.78,2149.61;1853.25,2128.95;1832.32,2095.26;1787.05,2053.28;1758.04,2022.33;1721.53,2001.69;1692.7,2002.76;1661.99,1959.62;1670.36,1941.39;1681.36,1918.67;1691.03,1878.93;1675.93,1832.16;1693.96,1801.73;1721.85,1796.98;1744.13,1795.07;1757.99,1772.52;1755,1743.44;1751.2,1712.19;1758.26,1695.88;1783.3,1684.32;1796.01,1659.43;1840.12,1643.58;1875.85,1642.84;1892.05,1645.42;1924.28,1642.29;1928.7,1630.14;1924.83,1617.8;1891.32,1616.51;1882.29,1620.01;1851.35,1622.4;1809.23,1618.47;1790.3,1607.59;1776.82,1587.11;1758.16,1568.44;1736.12,1557.29;1723.04,1526.12;1731.33,1501.23;1756.59,1488.64;1787.35,1489.62;1810.94,1500.44;1822.37,1498.49;1822.86,1486.58;1787.84,1457.27;1775.92,1459.34;1762.3,1463.35;1753.91,1461.04;1743.46,1464.81;1733.24,1422.74;1739.13,1413.48;1754.57,1406.55;1770.13,1405.7;1778.52,1392.08;1779.25,1384.78;1786.06,1378.7;1785.94,1360.1;1776.82,1353.05;1770.98,1341.74;1747.39,1333.47;1725.96,1336.92;1703.22,1330.36;1701.69,1318.55;1695.61,1304.81;1684.54,1298.12;1668.61,1271.12;1673.18,1248.38;1680.84,1243.88;1698.68,1242.58;1703.91,1236.87;1720.93,1238.82;1733.21,1227.75;1735.64,1207.2;1740.87,1195.04;1758.43,1193.8;1775.58,1176.04;1780.25,1167.39;1796.18,1163.25;1798.13,1151.21;1814.59,1133.25;1819.21,1104.07;1828.94,1093.12;1857.23,1091;1864.04,1079.57;1884.22,1065.1;1893.71,1050.14;1925.92,1053.12;1933.94,1045.95;1956.92,1044.37;1955.22,1020.66;1961.98,993.64;1969.4,978.57;1955.3,964.83;1950.43,949.75;1950.07,932.6;1944.27,911.19;1940.38,883.34;1932.72,870.21;1914.43,778.4;1818.41,818.01;1821.58,925.94;1822.92,932.62;1837.51,957.19;1836.17,969.71;1834.84,987.29;1814.01,1000.98;1783.37,1007.43;1777.29,1032.59;1767.83,1042.34;1761.63,1064.72;1749.3,1068.59;1727.34,1077.46;1699.37,1107.37;1698.04,1120.01;1682.84,1129.86;1679.56,1134.36;1685.39,1153.69;1680.16,1157.1;1669.59,1176.55;1665.89,1197.07;1644,1198.04;1630.75,1206.55;1617.13,1205.82;1608.01,1192.93;1584.3,1193.17;1577.24,1199.01;1571.89,1217.49;1576.15,1248.62;1591.48,1263.47;1589.66,1284.02;1590.02,1310.77;1601.94,1317.46;1617.54,1319.27;1624.47,1332.15;1636.14,1321.58;1645.75,1324.62;1654.27,1352.11;1677.69,1358.44;1699.57,1369.52;1703.58,1383.02;1698.72,1393.48;1691.79,1402.6;1686.56,1413.18;1692.76,1427.28;1690.2,1468.99;1669.74,1486.36;1653.92,1484.03;1642,1492.06;1638.63,1503.47;1645.63,1522.91;1636.29,1541.32;1606.8,1558.35;1596.17,1553.17;1585.02,1574.43;1560.13,1593.09;1537.84,1589.72;1509.58,1595.42;1501.55,1607.87;1513.73,1619.53;1559.62,1617.98;1592.54,1607.09;1610.94,1579.09;1642.16,1564.48;1670.93,1567.08;1674.56,1585.22;1701.78,1615.3;1713.05,1619.77;1727.31,1665.91;1709.35,1679.58;1689.51,1705.67;1686.25,1718.98;1645.76,1707.3;1631.63,1729.04;1623.75,1750.51;1621.03,1770.89;1631.63,1790.18;1646.76,1787.88;1635.61,1814.57;1617.72,1833.63;1602.92,1832.75;1592.8,1858.85;1598.96,1866.33;1609.95,1879.96;1598.66,1921.31;1593.74,1951.05;1582.01,1980.81;1556.79,1997.67;1548.29,2003.98;1579.37,2026.12;1601.51,2026.85;1633.33,2059.25;1654.85,2075.12;1673.11,2083.06
21	110010000	10	15174	0.1,88.1;1554.38,1890;1553.35,1890.77;1550.68,1902.51;1551.57,1903.79;1553.19,1904.17;1552.37,1908.37;1553.15,1909.3;1556.54,1910.04;1557.45,1909.56;1558.54,1905.42;1560.24,1905.75;1561.65,1905.15;1564.38,1893.22;1563.75,1891.92
22	110010000	90	15135	549.07,571.07;1604.79,1454.18;1594.94,1458.54;1593.64,1481.34;1597.55,1501.54;1609.6,1511.97;1602.76,1521.41;1598.85,1542.26;1601.69,1567.29;1614.78,1572.11;1636.31,1568.98;1638.6,1555.3;1636.31,1525;1633.38,1497.96;1631.86,1453.93
23	110010000	20	15198	570,620;1979.2,1420.93;2099.13,1419.55;2098.71,1602.08;1978.62,1599.72;1977.54,1520.87;1943.34,1519.38;1942.77,1502.61;1978.25,1501.93
24	110010000	16	15033	570,604;1914.14,1607.59;1892.15,1620.6;1904.85,1641.66;1928.08,1627.1
25	110010000	10	247	0.1,97.1;1481.16,1910.76;1479.43,1908.9;1480.16,1909.82;1478.55,1908.24;1475.91,1906.12;1474.32,1905.8;1472.32,1903.29;1472.3,1901.36;1473.61,1898.84;1476.33,1897.61;1478.13,1898.08;1480.29,1900.39;1481.19,1903.64;1483.38,1906.3;1484.24,1907.92;1484.24,1909.08;1482.23,1910.74
26	110020000	1	15145	1159.7,1309.7;2151.21,1503.44;2082.71,1618.1;2173.55,1669.47;2239.82,1551.83
27	110020000	20	15270	1200,1213;2140.42,1602.89;2158.73,1613.5;2146.45,1635.69;2127.32,1624.65
28	110020000	10	15072	1200,1213;2181.59,1530.11;2200.9,1540.94;2187.93,1563.16;2168.03,1552.28
29	120010000	26	15685	200,230;808.4,1367.54;785.99,1389.92;808.79,1412.32;831.83,1389.81
30	120010000	11	69962	200,255;1225.66,1150.96;1225.52,1241.29;1321.96,1241.32;1323.72,1151.77
31	120010000	101	69963	0.1,204;1247.5,1291.4;1245.39,1395.32;1316.61,1396.54;1309.76,1298.75
32	120010000	18	15151	200,228;1294.06,1456.37;1300.95,1474.95;1291.85,1478.84;1297.05,1492.26;1291.73,1494.57;1306.42,1536.78;1302.25,1538.38;1306.3,1549.6;1303.29,1550.52;1309.54,1568.1;1322.14,1564.28;1326.07,1573.07;1382.63,1552.42;1381.36,1543.63;1391.07,1538.19;1384.25,1521.08;1378.82,1510.44;1373.54,1512.4;1358.16,1470.07;1353.18,1471.69;1347.94,1458.26;1338.78,1460.91;1332.22,1442.9
33	120010000	31	69964	198.27,220.27;948.23,1549.89;984.38,1586.7;1001.46,1568.3;965.75,1532.36
34	120010000	22	15272	200,228;1046.35,1381.21;1017.26,1411.09;1039.13,1433.22;1068.95,1403.39
35	120010000	16	69965	200,228;1236.35,1483.75;1218.86,1531.59;1257.58,1545.72;1274.84,1497.65
36	120010000	19	69966	200,228;1385.79,1413.86;1385.62,1446.75;1425.75,1446.94;1426.16,1414.21
37	120010000	29	15086	200,230;835.5,1386.33;804.27,1418.81;840.35,1455.26;873.1,1422.27;855.83,1405.54;858.8,1401.77;849.39,1393.1;846,1395.7
38	120010000	12	15076	200,228;1173.42,1456.75;1162.99,1485.99;1201.68,1499.56;1211.76,1470.65
39	120010000	2	69967	207.6,227.6;894.82,1481.69;853.48,1458.15;831.5,1484.53;852.13,1525.11;891.7,1573.48;932.25,1533.41;931.48,1511.67;943.31,1493.57;984.91,1491.89;1034.93,1533.28;1070.51,1576.8;1086.24,1591.69;1121.24,1551.61;1104.15,1523.01;1095.63,1531.9;1005.12,1442.24;968.62,1430.72;949.3,1436.01;939.69,1452
40	120010000	1	15184	100,280;895.46,1394.93;874.03,1422.88;838.37,1459.06;896.52,1491.9;959.65,1437.18;1081.56,1548.71;1110.89,1550.38;1132.7,1528.8;1114.49,1510.59;1106.84,1517.33;1083.69,1493.73;1091.56,1484.96;1069.03,1464.42;1015.14,1410.52;1008.66,1408.09;982.54,1392.99;963.65,1378.91;952.63,1345.41;927.68,1348.56
41	120010000	23	15276	200,228;1070.37,1403.79;1040.67,1434.47;1063.02,1457.09;1092.46,1427.14
42	120010000	35	15619	0.1,190.1;1109.74,1272.61;1178.25,1274.61;1243.42,972;767.05,906.85;695.12,1256.32;830.16,1224.43;1016.77,1294.33
43	120010000	10	220	200,235;1375.26,1176.17;1376.01,1243.53;1408.1,1243.91;1407.54,1176.54
44	120010000	30	15614	200,228;1114.21,1464.58;1084.88,1493.75;1107.05,1516.3;1136.36,1486.94
45	120010000	4	69968	201.6,221.6;1102.48,1437.42;1100.27,1402.56;1091.23,1393.6;1092.05,1372.62;1076.76,1375;1057.77,1357.56;1062.26,1352.32;1095.98,1361.47;1103.17,1351.56;1115.92,1361.88;1119.66,1400.49;1141.94,1431.66;1113.12,1452.52;1114.16,1454.24;1147.1,1431.5;1156.12,1460.33;1149.18,1490.33;1121.82,1459.88
46	120010000	20	15317	200,228;1392.41,1354.38;1392.13,1387.89;1433.45,1387.84;1433.41,1354.11
47	120010000	21	15274	200,228;1001.58,1355.78;981.21,1391.97;1008.27,1407.2;1029.03,1371.88
48	120010000	102	15612	0.1,201.7;1107.25,1441.97;1149.52,1492.84;1161.93,1470.74;1154.47,1442.57;1135.88,1425.13;1115.36,1349.91;1072.7,1344.13;1054.83,1356.42
49	120010000	35	15079	0.1,220.1;1429.5,1298.04;1429.29,1316.79;1446.72,1316.52;1447.25,1333.55;1453.67,1333.45;1454.19,1316.69;1453.67,1292.94;1438.66,1289.6;1433.25,1289.6
50	120010000	28	15200	224,284;1149.02,1271.04;1124.93,1271;1115.35,1276.79;1107,1276.41;1106.85,1306.34;1116.96,1306.44;1122.09,1311.7;1149.87,1311.53
51	120010000	17	69969	200,228;1161.85,1558.68;1148.29,1596.59;1205.87,1617.44;1219.66,1579.05
52	120010000	33	69970	0.1,200.1;1380.98,1328;1361.13,1348.1;1346.44,1390.26;1346.84,1434.42;1362.23,1477.29;1393.13,1506.66;1437.1,1514.49;1505.14,1512.83;1504.83,1454.26;1504.76,1315.02;1393.53,1317.58
53	120010000	3	15083	203.9,223.9;1244.44,1309.98;1243.49,1374.9;1260.58,1393.6;1293.6,1392.78;1306.62,1372.39;1307.1,1311.89;1289.45,1300.66;1279.74,1309.38;1279.33,1364.28;1270.49,1364.95;1269.81,1309.24;1260.69,1300.39
54	120010000	13	15202	200,228;1161.07,1487.67;1150.29,1517.86;1189.35,1532;1200.37,1501.57
55	120010000	25	15177	200,230;876.58,1293.26;854.28,1314.96;883.36,1344.45;906.24,1322.11
56	120010000	1	69971	0.1,800.1;-167.34,2620.9;-198.59,-271.58;2345.6,-238.34;2335.44,2692.34;798.74,2663.31;911.07,1674.52;1481.24,1609.6;1736.73,1469.02;1736.77,1308.89;1578.46,1248.99;1507.17,956.85;1110.33,987.64;822.83,939.09;822.15,1213.08;708.83,1339.55;705.75,1375.64;908.55,1672.81;795.11,2660.85
57	120010000	99	69972	200,216.65;850.51,1335.36;826.55,1359.67;856.54,1390.86;879.74,1366.32
58	120010000	1	15181	216.65,226.65;850.41,1336.25;826.01,1360.67;856.95,1390.63;881.33,1366.64
59	120010000	10	15159	150,550;877.97,943.51;868.95,1265.01;1076.89,1271.64;1131.45,1248.89;1143.46,1140.11;1131.75,1003.18
60	120010000	15	15315	200,228;1217.09,1536.33;1206.55,1566.14;1245.61,1580.64;1256.39,1550.77
61	120010000	14	15155	200,228;1150.07,1517.86;1140.4,1546.94;1178.34,1560.71;1189.37,1531.98
62	120010000	100	15624	0.1,207.7;815.51,1486.21;893.06,1576.34;952.92,1513.02;960.12,1501.09;987.21,1496.72;1077.42,1602.33;1130.1,1553.13;1115.19,1528.77;1080.77,1518.58;993.05,1442.04;936.87,1449.27;893.45,1476.8;851.7,1450.96
63	120010000	27	15866	200,245;794.62,1275.36;764.82,1304.69;812.95,1351.69;835.23,1330.04;827.98,1323.03;835.07,1315.95
64	120010000	1	15188	0.1,800.1;812.74,1206.81;667.52,1365.88;896.5,1684.34;1489.34,1625.97;1761.3,1479.6;1759.34,1293.66;1591.86,1228.39;1546.9,923.61;1415.1,928.7;1418.16,1078.57;1320.72,1078.57;1313.29,943.56;1152.43,940.33;1109.15,1011.7;1084.6,1252.1
65	120010000	29	15148	200,228;1136.67,1362.82;1137.02,1388.07;1153.42,1388.3;1153.42,1362.93
66	120010000	24	69973	200,235;1326.64,1023.29;1327.59,1070.39;1361.62,1070.22;1361.76,1086.09;1375.07,1086.21;1375.09,1069.96;1409.11,1069.38;1409.3,1023.91
67	120020000	10	69974	267,287;1548.09,1354.7;1537.18,1377.43;1555.73,1387.37;1567.85,1364.86
68	120020000	20	69975	267,287;1509.89,1429.29;1497.66,1451.61;1517.04,1462.71;1528.9,1439.46
69	120020000	1	69976	216.27,366.27;1523,1313.62;1456.21,1454;1557.84,1508.39;1628.77,1370.93
70	110070000	20	69977	91.1,191.1;432.75,299.25;467.25,300.25;472.75,316.5;473,333.75;465.5,355.5;435,355.25
71	110070000	1	69978	0.1,300.1;193.31,87.82;679.67,82.48;670.34,469.33;195,467.98
72	110070000	10	69979	91.1,191.1;537,297.25;580.25,295.75;580,354;538,352;533.75,333;533.75,320.25
73	120080000	1	69980	0.1,250.1;-32.96,-66.71;-28.81,1079.99;1128.93,1090.02;1119.94,-58.75
74	120080000	10	69981	0.1,200.1;591.4,221.78;580.1,237.78;570.55,242.61;570.51,256.62;580.43,261.94;594.4,284.9;621.28,285.04;622.03,221.59
75	210010000	3	69982	0.2,120.2;468.03,1549.28;466.44,1553.89;468.11,1557.81;478.97,1562.46;482.59,1557.16;483.74,1555.39;483.88,1548.95;481.44,1546.84;475.94,1544.27;470.89,1545.85
76	210010000	10	69983	1,124;1052.74,1135.05;1052.33,1135.06;1050.3,1137.06;1050.29,1137.54;1052.23,1139.47;1051.56,1140.47;1056.87,1145.62;1060.65,1141.41;1059.64,1140.57;1061.3,1138.83;1058.64,1136.41;1057.05,1138.13;1055.34,1136.53;1054.74,1136.61
77	210010000	10	69984	0.1,180.1;358.69,1986.73;348.21,2003.89;324.98,1981.75;338.73,1968.34;332.64,1957.05;342.47,1942.77;352.62,1952.11;368.23,1939.74;350.94,1913.32;359.34,1867.89;372.16,1861.76;377.06,1847.79;346.97,1828.28;335.31,1846.92;340.9,1852.41;301.49,1883.53;281.67,1862.99;244.19,1807.22;223.06,1823.25;238.64,1844.22;268.75,1839.47;281.99,1859.17;260.77,1874.13;286.04,1901.5;299.17,1882.65;339.09,1850.81;349.37,1859.57;360.15,1868.52;352.08,1914.28;347.61,1910.67;333.01,1928.15;344.76,1945.21;333.49,1958.35;322.12,1940.28;308.43,1952.9;308.72,1961.52;313.24,1966.6;275.46,2000.28;258.97,1985.11;249.01,2000.02;269.12,2021.82;285.5,2007.38;274.33,1998.87;310.25,1963.47;324.43,1980.04;349.76,2002.11;343.37,2013.23;368.61,2029.88;357.23,2073.93;346.41,2069.4;340.73,2084.2;353.6,2094.81;364.18,2100.18;371.41,2090.16;372.27,2077.02;356.4,2073.59;367.54,2029.93;371.31,2028.99;388.85,2014.53
78	210010000	2	58474	0.1,200.1;131.31,1232.78;204.39,1181.99;216.49,1179.15;247.21,1163.53;282.41,1142.76;346.62,1030.02;334.12,894.86;19.83,843.6;8.89,1214.61
79	210010000	0	58470	90,240;167.15,1210.06;116.6,1099.18;131.13,1066.67;239.76,976.22;289.38,970.94;318.94,1042.06;274.41,1160.46
80	210010000	1	69985	0.1,800.1;354.69,1529.41;356.69,1649.76;312.31,1716.84;383.22,1773.06;526.77,1756.33;581.61,1808.24;668.4,1801.61;697.88,1764.61;839.19,1592.84;711.12,1306.36;612.47,1198.69;508.32,1278.3;415.92,1310.88
81	210010000	3	69986	0.1,800.1;338.04,1117.27;345.94,1344.2;374.24,1392.17;376,1434.98;352.21,1529.24;355.26,1649.73;329.12,1731.01;302.18,1745.88;255.18,1730.1;181.77,1685.82;17.78,1686.22;24.06,1517.44;97.27,1471.99;134.06,1235.05;200.5,1181.53;207.15,1167.04;233,1155.75;256.08,1162.02
82	210010000	2	69987	0.1,800.13;389.53,1125.72;521.91,779.61;744.62,773.58;814.92,1148.72;802.41,1182.19;789.04,1254.21;790.25,1295.25;726.39,1309.58;605.08,1231.65;517.5,1295.67;412.68,1310.79;384.79,1415.41;352.39,1345.71;351.78,1297.26
83	210010000	1	69988	0.1,160.1;644.87,1910.47;662.03,1939.31;713.76,1932.36;730.5,1878.46;704.06,1832.29;665.94,1842.97;654.37,1887.05
84	210010000	5	69989	0.1,127.1;816,1270.5;815.75,1253.4;820.06,1253.49;820.12,1246.26;826.75,1246.26;826.59,1253.57;830.75,1253.58;830.8,1270.37
85	210010000	1	69990	0.1,300.1;803.09,1206.18;840.14,1198.78;846.54,1171.95;916.61,1234.17;890.18,1259.17;854.36,1332.71;780.91,1321.5;779.54,1252.2
86	210010000	5	69991	99.61,114.61;125.81,1528.83;127.15,1533.02;134.66,1531.27;137.58,1534.48;138.01,1537.72;137.08,1540.41;139.76,1545.77;140.05,1552.17;141.8,1555.38;142.84,1560.27;140.67,1563.66;142.83,1565.51;145.19,1564.34;159.72,1558.54;162.57,1550.56;161.52,1542.63;156.5,1534.92;156.22,1529.19;147.92,1525.11;137.14,1518.65;129.16,1521.79
87	210010000	1	69992	0.1,800.1;783.69,1078.15;767.45,1135.64;800.09,1230.28;842.7,1204.38;904.99,1251.15;854.86,1470.59;1119.66,1669.12;1547.64,906.03;1099.05,595.12
88	210010000	20	69993	0.1,100.1;-40.56,-4.56;-26.21,3088.59;3093.13,3100.45;3089.38,6.97
89	210010000	1	69994	0.1,800.1;447.47,1900.64;418.1,1889.52;387.99,1830.26;354.9,1769.08;523.68,1739.05;586.04,1790.58;668.71,1794.67;665.7,1846.19;671.57,1857.17;667.54,1879.08;653.26,1889.51;648.16,1917.39;626.31,1991.15;525.85,2008.7;460.57,1972.01
90	210010000	5	69995	0.1,240.1;235.51,1082.95;254.71,1101.15;310.43,1089.97;333.81,1029.32;300.1,953.57;237.36,957.49;205.76,976.34;199.5,1018.07;206.42,1041.52
91	210010000	1	69996	0.1,800.1;453.72,1918.49;457.76,1973.12;508,2009.99;490.79,2173.67;206.78,2344.08;27.88,2332.78;18.2,1688.34;181.18,1687.55;311.54,1717.2;344.12,1741.16;353.66,1760.2;371.93,1775.56;447.77,1901.29
92	210010000	2	58472	100.1,120.1;613.84,923.98;592.41,944.82;561.52,1028.52;539.36,1053.95;540.89,1076.24;560.55,1089.56;576.27,1107.5;564.41,1127.68;598.2,1163.16;629.12,1155.26;660.36,1160.46;721.65,1114.99;751.88,1119.08;765.34,1107.46;769.9,1101.91;764.69,1062.63;749.22,1048.65;678.53,970.11;643.47,932.59
93	210010000	1	58476	100.1,130.1;818.2,1081.33;781.99,1098.88;776.52,1112.29;763.87,1062.61;753.97,1053.47;719.64,1113.72;738.78,1131.97;749.32,1168.02;789.23,1176.84;818.91,1157.73;830.25,1134.41;848.76,1140.81;882.17,1156.28;917.24,1232.14;969.74,1269.05;1014.08,1279.66;1040.93,1312.91;1060.77,1350.31;1110.34,1393.53;1096.79,1448.63;1097.8,1482.47;1121.39,1522.25;1115.21,1548.79;1130.53,1544.48;1170.36,1488.77;1160.16,1479.98;1143.13,1439.57;1158.89,1408.59;1141.28,1358.23;1100.86,1326.86;1096.39,1307.37;1093.66,1247.81;1035.32,1224.52;998.59,1221.5;962.43,1220.06;933.23,1182.88;921.65,1168.5;916.47,1146.29;892.65,1113.02;862.21,1110.47
94	210010000	30	69997	0.2,800.2;789.61,1078.68;803.98,1147.7;843.72,1154.6;901.31,1216.74;917.78,1275.71;1083.49,1404.67;1093.48,1451.24;1146.88,1351.67;1096.32,1218.23;983.19,1187.49;885.21,1077.04
95	210010000	4	69998	100.1,120.1;286.02,1402.61;274.43,1424.7;262.3,1437.26;258.2,1452.75;265.16,1465.91;280.92,1476.34;297.07,1462.9;301.65,1436.57;351.8,1420.11;372.37,1405.84;388.09,1376.55;408.2,1302.21;428.79,1281.49;460.76,1281.82;489.71,1275.29;529.04,1240.91;550.03,1197.57;572.29,1177.21;663.3,1133.96;591.07,1087.41;550.13,1141.25;523.11,1149.73;491.56,1196;446.67,1222.43;400.78,1221.65;344.54,1324.77
96	210010000	5	69999	0.1,125.13;865.29,1241.92;864.19,1242.68;861.68,1238.35;860.5,1238;856.62,1240.62;856.66,1241.78;859.38,1245.73;857.38,1247;864.08,1257.41;871.92,1252.27;870.62,1250.34;874.19,1248.21;870.87,1243.18;867.48,1245.44
97	210020000	13	70000	0.1,450.1;2156.61,1196.46;2161.79,1214.77;2183.55,1225.41;2245.6,1201.28;2212.88,1157.69;2173.9,1172.63
98	210020000	90	70001	16.1,182.1;237.91,2763.73;289.59,2723.34;349.03,2781.66;296.88,2836.1
99	210020000	10	70002	0.1,450.1;2143.92,1422.26;2140.4,1517.97;2247.74,1573.17;2404.86,1523.3;2533.63,1546.1;2636.34,1472.85;2731.5,1461.12;2727.52,1336.36;2579.11,1365.59;2527.14,1406.63;2520,1399.47;2591.35,1339.58;2504.47,1227.2;2411.9,1333.09;2391.28,1392.29;2320.63,1394.25;2230.8,1426.85
100	210020000	0	70003	16.1,36.1;254.78,414.37;253.65,445.14;277.27,449.77;367.09,421.94;341.84,381.8;350.99,386.7;373.71,395.02;381.89,359.63;355.64,337.91;332.56,365.51;328.18,377.14;343.19,381.8;366.05,422.08;280.66,449.32;294.92,417.64;291.07,408.14;275.37,406
101	210020000	11	70004	0.1,247.1;884.46,2626.27;883.56,2630.09;884.09,2631.14;888.29,2632.12;888,2634.27;890.88,2634.79;898.98,2636.76;901.05,2628.25;899.07,2627.7;899.82,2624.38;894.45,2623.09;893.64,2626.53;889.99,2625.69;889.74,2626.79;885.33,2625.75
102	210020000	79	70005	300,900;3162.77,2615.06;3173.87,1912.75;2518.77,1953.17;2405.26,1994.97;2262.05,2095.1;2070.83,2073.9;1975.47,2144.62;1675.59,2523.19;1699.48,2798.4;1844.55,3131.73;2289.12,3124.39;2276.62,2891;2383.69,2892.62;2393.95,3156.59;2808.3,3163.18;2690.58,2824.75;2763.74,2530.08
103	210020000	21	70006	297.61,614.93;578.34,457.78;588.84,512.65;656.43,527.56;678.59,509.84;741.98,539.69;755.85,506.24;769.42,447.53;699.52,363.85;636.77,391.04;592.46,420.39
104	210020000	3	70007	250,400;287.94,-84.77;434.87,73.29;494.87,259.96;478.42,346.3;344.99,484.41;731.14,609.19;828.46,124.23;824.3,-81.37
105	210020000	1	70008	0.1,800.1;2006.82,1312.89;1844.74,1276.93;1667.2,1532.69;1470.42,1793.79;1867.49,2145.62;1912.37,2284.55;2059.73,2183.68;2135.85,2131.53;2181.6,2098.68;2272.5,2109.32;2334.39,2064.83;2424.48,2016.01;2516.55,1997.74;3130.88,1957.84;3124.46,1260.01;2617.24,1597.59;2289.81,1589.69;2118.87,1312.12
106	210020000	83	70009	0.1,400.1;2741.6,2502.88;2673.3,2605.84;2653.37,2780.58;2745.23,3144.43;3128.34,3150.94;3104.54,2574.38
107	210020000	78	70010	0.1,440.1;2240.53,451.49;2238.84,475.26;2252.32,499.98;2278.19,502.01;2278.54,469.87;2297.39,449.94;2261.16,438.18
108	210020000	1	70011	0.1,800.1;817.83,2048.66;783.09,2117.36;811.2,2160.9;886.74,2266.41;926.12,2271.2;939.69,2350.64;930.03,2449.22;962.71,2501;1017.35,2448.44;1017.14,2410.41;972.66,2383.15;946.96,2351.77;978.8,2278.48;871.09,2087.83
109	210020000	93	70012	0.1,800.1;56.2,2279.92;-24.44,2323.33;-22.8,2506.83;128.99,2509.02;191.94,2484.34;252.55,2391.6
110	210020000	92	70013	153.38,193.38;73.16,2653.71;119.87,2729.41;83.58,2786.71;224.37,2920.29;345.56,2928.77;365.22,2965.19;408.3,2916.67;423.29,2880.47;541.06,2880.43;515.09,2817.96;500.12,2743.73;532.67,2698.81;486.33,2661.5;482.54,2608.3;443.93,2577.41;415.21,2641.4;449.33,2789.31;361.18,2859.6;242.93,2868.09;225.52,2814.99;185.29,2793.84;179.77,2684.48;252.35,2601.67;397.63,2603.63;423.83,2564.48;394.44,2527.92;201.48,2498.61;131.59,2568.58;173.91,2607
111	210020000	1	70014	0.2,800.2;1382.82,204.2;1378.5,290.33;1372.62,316.46;1334.08,321.03;1313.18,356.3;1325.34,402.07;1307.54,501.73;1312.61,667.22;1389.9,709.22;1578.27,645.56;1633.24,567.48;1625.58,279.65;1494.33,209.43
112	210020000	91	70015	207.88,257.88;50.69,2079.31;30.23,2226.02;412.3,2456.29;553.91,2325.71;544.34,2121.16;429.7,2036.56;236.78,1994.61
113	210020000	6	70016	0.1,380.1;2030.52,1632.5;2018.67,1651.73;1998.55,1658.33;1982.75,1681.24;1967.15,1695.53;1976.76,1737.31;1954.75,1739.5;1952.93,1767.56;1984.73,1811.99;1961.43,1831.63;1917.17,1845.21;1902.34,1875.23;1917.78,1941.65;1949.15,1937.3;1944.64,1880.68;1979.91,1859.35;2001.63,1862.61;2026.39,1848.76;2030.19,1822.92;1997.48,1769.73;2004.76,1766.68;2018.69,1753.75;2005.46,1720.14;2018.56,1698.27;2053.08,1682.28;2085.14,1672.27;2098.77,1654.24;2104.33,1629.26;2081.92,1608.22;2046.41,1603.88
114	210020000	10	70017	0.1,368.1;1944.16,2038.31;1943.63,2039.21;1944.8,2043.17;1943.03,2043.74;1942.29,2045;1946.05,2056.82;1947.63,2057.61;1956.33,2054.49;1957.02,2053.2;1953.18,2041.61;1951.93,2041.12;1949.99,2041.48;1948.58,2037.58;1947.58,2037.17
115	210020000	10	70018	262,307;266.13,2761.01;254.68,2790.58;267.43,2804.75;289.65,2791;295.98,2797.11;331.34,2766.3;329.14,2758.59;308.87,2734.24;300.13,2730.44
116	210020000	90	70019	269.33,282.33;247.41,2732.08;263.98,2717.67;280.43,2736.1;276.08,2740;282.19,2746.55;274.65,2753.32;268.32,2746.61;264.31,2750.46
117	210020000	23	70020	0.1,430.1;2288.88,499.4;2158.46,712.67;2197.54,767.98;2260.68,808.27;2269.23,832.33;2213.65,827.77;2191.42,843.66;2215.84,944.99;2069.54,1020.81;2053.52,1054.98;2090.36,1126;2161.91,1139.35;2191.81,1150.03;2202.49,1139.35;2184.87,1077.41;2195.01,1046.44;2230.79,1009.06;2288.46,1012.8;2317.29,987.71;2286.33,880.99;2398.81,899.72;2567.17,850.11;2607.46,696.19;2550.02,593.89;2552.94,459.49;2347.12,408.6
118	210020000	12	70021	200,246;789.55,2216.79;789.93,2217.72;793.62,2219.85;794.23,2219.65;796.67,2216.04;798.53,2216.92;804.52,2207.26;797.1,2202.76;796,2204.47;792.99,2202.57;790.08,2207.15;793.14,2209.08;791.11,2212.34;791.97,2212.87
119	210020000	10	70022	0.1,364.1;1333.25,334.28;1325.11,341.62;1328.22,392.3;1427.31,405.57;1530.5,409.51;1528.69,313.02;1460.55,315.95;1456.22,216.04;1387.64,218.82;1381.65,328.47
120	210020000	1	70023	0.1,800.1;1255.1,1176.68;1117.84,1369.04;853.69,1518.14;1177.04,2070.3;1563.36,1767.47;1658.24,1608.39;1690.33,1531.65;1642.11,1412.75;1729.88,1288.39;1702.46,1145.08;1565.21,1054.55
121	210020000	14	70024	200,238;726.59,2267.07;726.43,2268.03;728.7,2271.61;727.19,2272.96;728.74,2275;732.15,2280.79;733.28,2282.45;740.7,2277.66;739.44,2276.07;742.52,2274.01;739.55,2269.39;736.53,2271.44;734.37,2268.29;733.5,2268.66;731,2265.07;729.93,2264.9
122	210020000	3	70025	227.24,247.24;780.4,2578.38;757.45,2605.78;737.71,2612.67;742.49,2643.71;771.93,2674.47;791.58,2672.43;801.14,2634.86;796.7,2618.41;806.56,2587.9
123	210020000	5	70026	16.1,216.1;-25.29,-63.61;-26.65,508.41;269.55,562.76;455.69,418.74;497.81,258.41;448.9,38.3;338.85,-64.97
124	210020000	8	70027	0.1,600.1;1673.9,1213.64;1670.29,1302.89;1643.62,1330.27;1629.04,1405.18;1639.48,1442.45;1683.25,1470.31;1726.07,1432.66;1752.06,1423.32;1748.25,1237.91;1705.12,1209.22
125	210020000	20	70028	0.14,267.14;753.77,2805.36;753.44,2806.04;749.13,2805.16;748.19,2805.77;747.22,2809.57;747.71,2810.62;752.04,2811.78;751.49,2813.83;762.47,2816.71;764.91,2807.81;762.91,2807.22;763.76,2804.25;758.49,2802.85;757.5,2806.4
126	210020000	80	70029	16,153.38;86.01,2515.17;70.95,2891.67;250.59,2974.5;434.54,2972.35;561.47,2898.12;549.64,2693.74;509.84,2546.37;396.89,2483.98;190.35,2462.46
127	210020000	10	70030	0.1,247.1;821.7,2615.71;823.78,2617.14;822.71,2619;827.11,2622.1;829.08,2619.13;832.4,2621.11;832.96,2620.13;836.83,2622.7;837.87,2622.43;839.98,2619.08;839.71,2617.96;836.07,2615.65;836.97,2613.98;834.83,2612.66;833.05,2611.42;827.51,2607.64
128	210020000	11	70031	0.1,450.1;2323.96,1193.32;2323.24,1208.13;2339.01,1297.15;2356.14,1313.49;2386.25,1310.2;2395.03,1287.01;2383.42,1262.66;2370.16,1199.47;2347.72,1199.44;2338.17,1190.22;2330.22,1190.85
129	210020000	14	70032	-5.26,494.74;2637.82,692.05;2564.37,667.94;2505.35,657.05;2485.23,633.3;2358.97,673.61;2350.65,707.07;2352.83,740.65;2333.96,787.87;2310.78,798.6;2291.86,803.72;2208.39,827.56;2176.56,829.55;2191.62,937.88;2125.9,976.18;2049.2,999.79;2010.67,1094.42;1970.93,1177.68;1913.31,1256.44;1941.47,1291.57;2013.14,1306.39;2032.06,1303.84;2049.73,1274.64;2069.75,1187.28;2082.07,1165.57;2090.67,1147.93;2107.24,1140.92;2171.58,1167.36;2200.6,1165.74;2215.48,1144.21;2201.47,1077.78;2216.83,1046.55;2243.31,1027.65;2269.37,1025.67;2310.38,1005.37;2327.57,998.61;2313.41,948.27;2304.73,895.45;2322.77,882.38;2378.29,879.58;2407.14,866.3;2457.43,868.96;2609.29,855.89
130	210020000	33	70033	0.1,800.1;2247.64,2868.8;2256.78,3097.99;2413.27,3099.37;2401.1,2862.7;2365.64,2836.74
131	210020000	17	70034	0.1,800.1;2058.4,1340.12;2197.84,1650.27;2466.11,1655.31;2548.95,1665.89;3081.21,1316.71;3086.71,700.21;2317.88,1101.06;2156.75,1237.28
132	210020000	21	70035	0.1,340.1;1899.94,2329.4;1678.07,2598.49;1783.97,2863.85;1925.29,2746.04;2129.44,2801.38;2188.71,2733.55;2324.51,2705.09;2355.71,2682.09;2470.97,2874.35;2660.06,3093.49;3091.1,3095.69;2632.07,2857.7;2702.74,2781.93;2742.66,2540.89;2721.71,2481.21;3125.44,2172.18;2716.06,1919.22;2530.93,1983.72;2509.77,2154.31;2316.69,2223.08;2184.45,2174.15
133	210020000	11	70036	258,268;379.79,2757.6;372.57,2769.63;386.28,2778.14;393.54,2765.36
134	210020000	12	70037	0.1,450.1;2216.21,1264.18;2214.35,1286.5;2226.91,1291.32;2244.84,1284.73;2261.84,1285.1;2282.06,1246.55;2276.85,1239.05;2258.37,1232.79;2241.8,1244.57
135	210020000	9	70038	0.2,600.2;1861.35,1036.54;1820.13,1137.93;1867.4,1217.01;1935.41,1222.96;1940.36,1100.16
136	210020000	0	70039	16.1,36.1;139.89,164.67;168.01,192.56;173.19,192.56;212.3,153.18;207.64,144.56;164.92,137.63;149.34,146.98
137	210020000	95	70040	0.1,350.1;1262.64,2580.6;1261.52,2617.39;1319.5,2629.55;1323.33,2586.04;1272.36,2579.73;1304.43,2492.63;1315.32,2467.8;1305.3,2444.63;1285,2458.81;1293.46,2487.01;1308.76,2490.71;1276.89,2578.32
138	210020000	90	70041	0.1,16.1;-6.79,-88.23;-8.99,524.47;565.99,534.95;562.59,-139.01
139	210020000	5	230	16.1,416.1;-65.86,-20.47;-71.03,535.39;274.68,546.49;404.65,463.4;453.91,413.41;469.72,383.27;496.48,252.21;473.88,137.46;392.07,-21.11
140	210020000	2	70042	207.88,227.88;124.54,2137.57;107.33,2143.72;90.38,2170.21;98.68,2187.02;119.24,2186.43;124.99,2175.81;145.07,2184.6;179.53,2173.2;214.02,2155.41;241.94,2164.41;264.88,2177.51;261.83,2191.56;269.41,2199.25;263.79,2211.61;252.89,2213.94;244.8,2236.38;278.32,2263.77;292.53,2255.04;299.96,2226.12;292.34,2210.97;294.68,2200.46;286.92,2177.26;309.31,2170.42;334.68,2177.45;339.08,2198.53;330.86,2214.56;339.32,2224.14;358.04,2223.52;380.66,2230.57;372.57,2247.47;377.72,2275.57;343.56,2321.94;365.13,2354.81;394.07,2364.1;443.81,2356.11;428.97,2340.22;436.32,2317.45;428.14,2305.71;442.51,2256.57;434.15,2247.08;428.79,2230.94;382.34,2202.91;379.89,2191.36;366.08,2178.93;408.6,2141.16;424.46,2155.35;422.36,2169.7;454.25,2181.5;472,2165.95;483.43,2151.04;473.84,2142.26;461.72,2143.18;458.04,2111.99;443.87,2103.5;433.8,2108.83;419.84,2095.06;387.67,2088.37;377.97,2075.8;358.36,2068.84;328.73,2076.27;305.76,2090.53;309.23,2111.06;356.78,2108.88;362.45,2127.97;319.98,2152.44;284.63,2112.88;261.21,2103.27;245.79,2089.36;250.38,2049.83;222.44,2040.52;197.92,2038.66;185.6,2060.06;193.11,2082.92;205.09,2102.5;227.58,2121.52;212.27,2125.37;180.11,2147.87
141	210020000	6	70043	0.1,800.1;1461.33,792.15;1441.18,880.84;1486.45,935.56;1562.47,975.71;1645.84,889.8;1643.68,808.2;1757.98,719.94;1696.13,656.65;1630.43,694.46
142	210020000	50	70044	262,287;247.38,2732.14;264.37,2716.62;275.6,2727.91;287.6,2718.4;300.83,2730.82;265.98,2762.6;266.52,2754.42
143	210020000	90	70045	0.1,271.15;1093.54,1559.33;1101.49,1587.73;1132.5,1685.6;1153.72,1700.47;1151.15,1729.06;1200.73,1752.31;1231.55,1731.29;1247.89,1712.97;1257.8,1688.75;1315.31,1678.45;1300.57,1594.59;1268.04,1570.88;1197.59,1564.78;1163.63,1534.08;1122.87,1540.09
144	210020000	1	70046	380,780;1473.33,734.33;1394.29,1056.21;1605.24,1094.83;1655.03,1121.46;1652.13,1137.4;1638.81,1150.03;1651.78,1192.7;1678.41,1222.07;1737.9,1347.7;1840.39,1325.44;1862.07,1190.17;1932.87,1067.07;1966.24,934.54;2112.11,779.14;2065.1,406.63;1602.99,270.9;1613.45,546.49;1558.27,641.4;1397.02,693.81
145	210020000	15	70047	0.1,380.1;2224.7,677.98;2228.05,718.95;2263.25,720.87;2270.44,705.86;2267.04,675.16
146	210020000	96	70048	0.1,400.1;2086.35,2560.33;2085.51,2572.79;2069.68,2559.53;2084.72,2528.27;2058.21,2517.59;2049.11,2547.66;2066.52,2561.71;2070.47,2556.17;2086.5,2568.04;2088.25,2604.02;2118.21,2603.16;2114.18,2556.39;2102.23,2556.48;2122.41,2509.99;2134.28,2513.94;2153.27,2479.32;2125.58,2463.69;2109.15,2502.07;2121.42,2509.39;2129.14,2512.95;2107.18,2556.28
147	210020000	5	70049	0.1,500.1;1376.71,540.1;1347.72,590.9;1334.68,635.47;1410.09,685.46;1449.62,666.26;1546.69,602.78;1416.33,510.55
148	210020000	1	70050	153.38,173.38;204.08,2508.64;190.68,2527.11;167.6,2540.95;145,2550.39;133.72,2564.63;176.01,2590.2;174.7,2612.23;163.65,2620.49;121.59,2636.76;97.64,2682.57;107.79,2709.51;129.08,2712.64;119.36,2740.15;97.87,2749.03;87.52,2780.06;110.11,2803.4;132.35,2856.07;159.09,2866.39;208.07,2924.45;244.61,2932.34;274.67,2922.1;311.54,2912.28;336.94,2926.52;345.35,2954.4;371.39,2968.3;404.06,2954.71;417.24,2898.26;435.41,2875.78;480.43,2866.4;493.92,2875.04;515.11,2870.76;507.82,2826.64;509.26,2781.88;488.63,2760.75;482.53,2736.65;519.35,2708.16;520.36,2689.59;469.56,2652.93;479.34,2612.41;465.28,2594.48;437.66,2593.28;435.58,2620.44;422.59,2639.59;422.55,2659.79;444.37,2678.5;427.53,2707.54;435.79,2715.68;451.82,2716.34;439.94,2747.13;444.54,2775.85;459.46,2789.03;447.47,2805.97;420.61,2796.91;401.16,2815.73;415.44,2841.61;387.23,2847.25;358.38,2869.07;334.2,2868.37;262.54,2863.45;241.26,2875.47;234.22,2867.49;234.91,2847.48;228.07,2819.76;213.54,2804.55;199.04,2794.27;186.41,2787.55;180.58,2725.55;194.16,2706.81;169.8,2684.52;172.79,2667.97;201.48,2656.75;247.04,2593.71;257.3,2585.67;283.84,2610.36;305.52,2604.26;331.7,2571.72;339.34,2584.94;413.04,2588.72;413.93,2574.61;381.89,2514.09;333.14,2516.97;277.22,2509.68;246.77,2497.29;217.81,2494.73
149	210020000	12	70051	265,275;291.77,2663.87;277.79,2675.18;280.59,2678.7;277.49,2681.26;283.95,2689.42;287.51,2686.3;290.18,2689.92;291.33,2689.2;294.94,2694.39;305.63,2685.51;302.58,2680.83;304.43,2679.65
150	210020000	40	70052	0.1,207.97;-31.77,2032.49;250.38,2034.9;275.3,2087.96;340.41,2043.74;453.75,2075.9;497.97,2153.87;449.73,2219.79;452.95,2328.31;430.44,2379.75;323.53,2369.3;329.16,2248.73;274.5,2283.29;215.01,2242.29;196.52,2182.81;152.31,2206.93;-29.36,2205.32
151	210020000	93	70053	261.63,270.13;323.5,2785.44;319.7,2787.34;313.33,2782.19;307.9,2786.53;309.26,2791.68;318.35,2802.12;326.22,2794.93;327.57,2790.32
152	210020000	1	70054	16.1,816.1;-107.48,1955.59;-103.8,2278.51;304.44,2428.2;510.25,2423.45;671.78,2519.39;684.69,3137.53;1088.55,3152.68;1096.94,2596.39;998.86,2551.43;969.37,2511.79;1000.68,2375.81;873.87,2158.18;717.89,1996.09;555.89,1960.99;345.37,1987.63;291.93,1961.68;199.02,1973.43;63.5,1954.02
153	210020000	13	70055	200,238;732.99,2238.77;733.99,2239.5;737.86,2239.01;738.57,2238.28;738.19,2234.03;740.09,2233.65;739.12,2222.01;730.62,2222.7;730.89,2225.2;727.1,2225.41;727.56,2230.85;731.21,2230.66;731.53,2234.31;732.69,2234.22
154	210020000	2	70056	0.1,800.1;-15.52,1088.35;-11.82,1287.52;148.85,1309.94;220.53,1297.41;272.26,1335.95;331.28,1313.65;395.74,1235.56;368.04,1094.68;217.77,1069.53
155	210020000	1	70057	0.1,800.1;-56.96,1630.98;-65.15,1967.1;141.79,1969.81;202,1977.66;292.32,1959.34;365.62,1994.68;422.31,2014.85;468.13,2039.72;559.75,2048.89;629.26,2030.31;781.55,2047.75;856.09,2167.94;952.48,2286.99;944.79,2373.13;1050.63,2503.86;1147.93,2539.77;1514.98,2379.51;1126.16,1859.31;946.62,1459.15;794.29,1489.81;404.97,1543.38;260.99,1567.2;-17.1,1547.43
156	210020000	36	70058	0.1,227.33;749.91,2613.94;745.73,2619.73;742.44,2651.83;773.68,2677.91;808.72,2678.73;805.49,2589.47;784.48,2579.11;767.11,2602.16
157	210020000	2	70059	0.1,800.1;1516.76,1718.58;1174.29,1990.58;1419.52,2392.25;1504.08,2396.48;1594.99,2432.36;1497.03,2637.41;1438.77,2780.59;1531.07,3136.84;1885.7,3148.17;1707.39,2555.48;1990.6,2190.59;1844.59,2040.02;1851.96,1943.97
158	210020000	92	70060	270.12,278.12;316.81,2784;314.72,2785.79;311.67,2783.72;307.24,2787.73;309.04,2790.5;307.14,2793.13;316.85,2803.51;326.96,2795.93
159	210020000	5	70061	271.06,291.06;1087.95,1559.67;1101.34,1584.21;1123.93,1592.95;1132.54,1605.47;1129.79,1614.54;1129.51,1654.64;1152.48,1691.24;1145.4,1723.75;1173.18,1737.83;1197.93,1752.94;1244.66,1715.08;1242.41,1681.24;1277.88,1680.61;1304.46,1673.23;1316.19,1641.11;1278.23,1572.87;1233.09,1562.06;1208.86,1555.64;1193.17,1564.13;1183.87,1562.38;1168.82,1545.02;1148.18,1534.39;1131.85,1539.77;1114.32,1539.56
160	210020000	50	70062	271.19,291.19;276.48,2771.92;287.37,2784.34;266.65,2802.17;256.15,2790.12
161	210020000	11	70063	0.1,368.1;1973.69,2019.77;1971.81,2018.08;1970.43,2016.46;1969.52,2016.32;1967.25,2018.09;1967.14,2019.19;1968.95,2021.85;1970.58,2025.02;1970.61,2026.74;1972.61,2029.15;1974.27,2029.66;1975.89,2029.3;1977.25,2028.69;1978.86,2026.26;1978.75,2024.33;1976.66,2021.49;1975.4,2021.21
162	210020000	35	70064	0.1,212.72;776.89,2491.73;777.08,2515.22;807.67,2515.36;807.56,2484.8;783.69,2484.88
163	210020000	79	70065	426.84,568.4;1161.99,1040.97;1164.64,1213.54;1307.21,1302.38;1527.93,1193.68;1510,1029.65;1305.89,932.26
164	210020000	51	70066	262,287;300.51,2792.65;330.42,2766.08;341.93,2780.2;330.79,2790.42;326.15,2796.73;316.67,2804.9
165	210020000	2	70067	153.27,953.27;-84.34,2274.88;-61.25,3077.26;686.59,3097.02;723,2781.98;716.42,2618.45;731.2,2518.6;676.74,2424.61;586.88,2369.73;484.21,2352.18;374.89,2384.68
166	210020000	40	70068	380,980;2036.89,-29.12;2060.3,503.79;2095.9,766.96;1960.68,940.09;1855.11,1243.14;2076.65,1354.54;2337.12,1111.25;3116.19,726.95;3106.67,-15.23
167	210020000	1	70069	0.1,800.1;749.51,-13.7;667.2,544.93;-53.46,529.83;-56.89,1118.21;307.14,1118.21;314.06,1217.87;155.49,1295.06;-61.02,1235.88;-60.8,1599.1;575.11,1641.05;793.04,1567.3;997.26,1459.74;1046.44,1424.18;1101.03,1446.02;1192.71,1353.05;1198.3,1308.06;1256.97,1209.96;1444.9,1060.32;1469.5,922.03;1507.92,922.31;1531.71,788.49;1397.22,680.74;1314.7,620.23;1300.03,502.87;1329.78,402.45;1308.46,356.84;1330.58,318.63;1368.81,312.97;1381.65,263.61;1394.01,222.44;1480.68,222.75;1608,295.5;2095.43,462.83;2098.07,-36.53
168	210020000	20	70070	328.51,398.51;1842.91,2565.98;1868.52,2607.98;1930.93,2567.21;1926.14,2557.54;2337.98,2468.99;2376.01,2474.25;2380,2473.82;2400.22,2629.67;2389.32,2638.63;2414.2,2681.83;2489.64,2617.9;2461.72,2579.45;2395.19,2634;2378.49,2474.04;2387.33,2453.43;2380.08,2443.36;2342.04,2437.42;2336.63,2444.76;2327.2,2462.89;2335.72,2467.34;2346.86,2470.07;1927.07,2559.74;1907.57,2519.97
169	210020000	22	70071	200,400;1891.23,1953.89;1850.95,2045.83;1897.3,2065.99;1947.57,2068.69;1960.76,2062.98;1956.77,2054.61;1947.3,2057.49;1945.93,2056.26;1942.36,2045;1943.32,2043.62;1944.83,2043.35;1943.59,2039.23;1943.87,2038.27;1947.3,2036.76;1948.67,2037.17;1950.18,2041.15;1952.11,2041.02;1953.34,2041.7;1957.05,2052.82;1956.64,2054.47;1947.71,2057.77;1948.12,2068.48;1960.21,2064.63;1980.19,2044.05;1986.29,2034.97;1987.89,2031.35;1979.31,2026.93;1977.36,2028.88;1975.8,2029.92;1974.24,2030.05;1972.81,2028.88;1970.21,2026.93;1970.6,2025.63;1968.87,2021.63;1966.79,2018.86;1967.25,2017.85;1969.43,2016.4;1970.34,2016.27;1975.41,2021.34;1976.63,2021.53;1978.66,2024.2;1978.53,2026.41;1976.71,2030.18;1984.38,2036.81;1987.63,2032.01;1995.6,1998.4;1997.97,1952.16;1948.04,1931.82
170	210020000	7	70072	0.1,600.1;1587.32,1064.29;1563.89,1127.17;1612.73,1155.68;1658.88,1127.25;1669.14,1092.28;1664.29,1055.88;1657.75,1031.62;1622.95,1027.24
171	210020000	50	70073	0.1,470.1;1749.43,900.31;1745.86,904.88;1745.82,910.61;1749.14,915.42;1754.64,917.16;1760.15,915.45;1763.48,910.89;1763.83,905.09;1759.69,900.34;1761.94,893.98;1757.62,892.52;1755.4,898.78
172	210020000	1	70074	0.1,800.1;1098.04,2515.99;1066.67,2580.12;1073.25,2758.66;1105.88,2902.08;1114.36,3102.42;1547.91,3100.3;1452.81,2774.8;1539.98,2675.54;1590.33,2640.05;1609.57,2537.06;1586.25,2428.97;1480.85,2336.04;1285.08,2356.7
173	210020000	91	70075	260.94,269.44;263,2742.48;272.95,2732.58;276.87,2738.89;281.64,2747.57;277.55,2751.25
174	210030000	15	70076	234.17,254.17;1615.91,2721.25;1609.23,2750.19;1618.57,2760.14;1640.65,2762.93;1664.42,2788.69;1690.39,2785.25;1694.42,2763.33;1713.47,2746.11;1710.26,2722.46;1690.12,2723.55;1664.04,2717.72
175	210030000	1	70077	99.81,899.81;1717.53,2638.25;1462.94,2616.25;1394.73,2686.6;1070.48,2689.68;981.07,2629.36;792.14,2760.38;549.52,2681.85;315.74,2799.39;107.5,2758.37;-10.82,2528.04;-25.51,3084.21;3083.96,3084.54;3092.59,2364.59;2552.82,2164.67;2449.94,2149.4;2012.93,1995.91;1904.21,2302.89;1917.01,2441.45
176	210030000	3	70078	-0.23,127.28;1629.47,1484.71;1628.59,1486.47;1628.7,1489.94;1631.29,1492.19;1633.33,1492.65;1636.59,1491.2;1637.4,1489.6;1639.36,1488.06;1642.24,1486.31;1644.01,1485.26;1644.59,1483.81;1643.52,1481.54;1641.97,1481.11;1639.71,1482.03;1636.48,1483.08;1634.43,1483.46;1632.73,1483.05
177	210030000	50	70079	0.1,227.4;2862.64,2001.26;2861.4,2018.02;2886.55,2042;2895.93,2043.27;2896.65,2033.33;2879.4,2000.82
178	210030000	10	70080	0.1,800.1;2004.6,2025.18;1973.63,2132.95;2035.31,2227.72;2138.1,2270.95;2193.64,2254.02;2228.16,2215.42;2286.94,2168.97;2308.4,2097.51;2071.27,2020.13
179	210030000	3	70081	-0.13,127.87;1646.13,1451.48;1654.25,1446.65;1660.56,1457.23;1658.56,1458.46;1661.14,1462.62;1661.17,1463.59;1657,1466.11;1655.89,1465.68;1653.39,1461.52;1652.34,1462.05;1650.25,1458.52;1646.85,1460.54;1643.81,1455.49;1647.21,1453.39
180	210030000	130	70082	99.81,299.81;1203.02,2516.36;1129.51,2565.66;1104.26,2622.64;1043.9,2653.48;1063.28,2675.35;1113.35,2718.01;1201.46,2606.37;1220.79,2623.39;1278.83,2637.97;1298.02,2672.83;1320.97,2676.78;1350.77,2606.1
181	210030000	10	70083	0.1,160.1;1247.73,2157.47;1236.33,2167.14;1247.59,2180.11;1250.71,2177.7;1255.04,2182.78;1260.82,2178.29;1256.13,2173.01;1258.8,2170.43
182	210030000	1	70084	0.1,700.1;1423.51,1600.51;1279.76,1645.58;1243.28,1656.56;1358.27,1795.23;1393.48,1811.15;1425.66,1850.69;1492.51,1788.48;1506.44,1714.64;1492.14,1656.94
183	210030000	1	70085	99.81,899.81;1066.03,2699.09;1112.81,2888.9;1472.94,3019.56;1539.53,2893.89;1570.26,2856.83;1581.1,2639.93;1463.89,2620.42;1432.81,2638.92;1372.54,2688.05
184	210030000	1	70086	99.81,899.81;1475.43,1681.17;1423.93,1596.11;1241.85,1655.35;1212.64,1865.77;1174.72,1897.72;1151.85,1916.93;1147.37,1994.48;983.89,1950.06;888.11,1924.01;834.43,1983.06;774.3,2052.65;549.11,2483.01;542.61,2683.3;318.14,2797;108.24,2753.27;3.29,2530.25;8.56,150.12;1175.28,138.08;1466.1,597.72;1744.92,610.89;1707.33,830.17;1733.69,856.53;1746.47,893.27;1676.18,909.25;1672,1063.5;1637.83,1126.21;1941.39,1256.86;2174.87,1507.86;1955.78,1882.49;1704.69,1865.87;1492.32,1784.39;1462.77,1742.02
185	210030000	79	70087	0.1,210.1;2416.15,1161.16;2422.57,1206.11;2467.2,1194.67;2465.35,1179.73;2490.05,1171.59;2500.13,1186.2;2540.54,1174.1;2526.29,1145.85;2485.98,1162.33;2492.08,1175.16;2465.45,1181.26;2462.07,1157.73
186	210030000	81	70088	0.1,250.1;886.8,2099.98;886.86,2132.91;874.46,2175.2;851.84,2168.94;850.46,2200.05;868.6,2206;866.04,2398.92;852.89,2391.37;836.68,2403.24;838.41,2431.56;837.56,2443.49;686.77,2502.02;679.27,2488.68;665.45,2491.8;646.73,2497.94;647.99,2566.27;670.87,2575.48;676.68,2557.49;758.04,2562.65;756.33,2567.1;759.13,2612.57;781.85,2623.04;794.26,2577.21;782.7,2546.32;764.62,2544.98;757.9,2565.83;677.26,2563.1;678.11,2550.83;684.11,2531.16;682.03,2496.49;839.22,2439.24;859.03,2438.89;868.44,2438.59;895.93,2498.43;891.67,2503.14;880.49,2514.02;897.11,2556.06;919.16,2559;930.19,2540.19;912.4,2495.49;892.99,2500.93;863.99,2437.38;864.09,2409.59;940.25,2409.75;954.77,2425.71;970,2417.1;973.54,2386.22;955.73,2378.01;938.2,2390.91;941.36,2413.85;866.59,2412.68;864.24,2403.27;864.06,2397.7;873.19,2207.7;878.01,2181.88;872.72,2173.26;885,2131.92;888.43,2133.23;909.67,2138.52;912.68,2137.87;915.2,2149.67;921.3,2188.32;940.1,2185.72;938.47,2150.89;915.93,2149.43;914.22,2150.4;911.19,2137.83;907.18,2099.41
187	210030000	10	70089	0.1,152.1;1329.48,2249.36;1329.51,2248.52;1331.69,2246.45;1332.55,2246.46;1336.28,2249.77;1337.87,2250.87;1339.42,2251.06;1341.68,2253.54;1342,2255.36;1340.46,2258.16;1337.6,2259.36;1335.97,2259.07;1333.53,2256.45;1333.3,2254.71
188	210030000	3	70090	0.1,127.1;1695.47,1516.51;1695.51,1515.53;1699.77,1513.32;1700.81,1513.75;1703.05,1518.06;1704.14,1517.47;1706.08,1521.29;1709.64,1519.35;1712.41,1524.56;1708.81,1526.43;1709.83,1528.43;1701.58,1532.88;1695.83,1521.95;1697.86,1520.82
189	210030000	1	70091	99.81,119.81;1456.29,1523.78;1503.13,1484.69;1496.51,1432.62;1451.86,1391.68;1452.45,1379.18;1466.14,1358.75;1487.96,1360.94;1524.15,1333.85;1555.74,1319.52;1591.99,1310.52;1634.59,1287.26;1632.87,1248.48;1581.01,1214.97;1530.85,1243.57;1527.43,1255.54;1509.41,1256.47;1529.62,1175.54;1531.39,1092.99;1530.62,1078.09;1574.62,1064.33;1596.45,1037.91;1604.67,1007.35;1591.67,1001.76;1582.94,985.12;1630.39,978.19;1647.48,928.74;1614.62,875.41;1606.97,849.34;1630.96,848.06;1647.78,861.87;1679.48,863.41;1706.87,888.27;1739.93,885.57;1732.02,856.21;1671.24,801.76;1685.86,775.59;1672.41,737.23;1647.38,727.28;1676.43,691.35;1669.11,629.48;1608,556.29;1641.83,539.36;1708.79,556.97;1745.32,563.63;1774.38,544.43;1813.87,473.59;1744.77,420.3;1707.82,416.33;1684.7,-257.74;1711.76,-256.08;2576.05,-275.83;2604.51,264.85;2656.08,793.09;2736.12,780.64;2704.11,876.68;2606.28,967.39;2632.96,1013.63;2734.34,1127.46;2775.25,1058.09;2819.71,1150.58;2890.85,1131.01;2878.4,967.39;2807.26,915.81;2846.39,785.97;2965.55,702.38;2995.79,588.55;2986.9,257.74;2608.06,261.3;2581.48,-277.42;1697.54,-257.86;1722.44,419.77;1575.11,420.41;1523.79,538.65;1352.07,912.5;1300.82,1083.94;1282.55,1217.77;1325.73,1268.24;1297.8,1333.6;1233.65,1314.82;1178.57,1333.91;1116.64,1414.26;1053.15,1642.75;986.87,1674.37;981.91,1795.36;938.83,1811.8;820.23,1778.65;740.51,1844.61;732.6,1920.62;714.36,1998.45;636.54,2011.16;546.7,2068.96;509.01,2126.76;551.73,2197.75;481.36,2231.68;467.54,2259.95;489.53,2332.2;509.01,2355.45;449.77,2365.12;446.62,2396.53;462.96,2419.15;427.15,2434.86;433.43,2481.35;400.76,2495.17;420.24,2537.26;408.3,2585.01;366.84,2585.64;324.67,2592.88;207.18,2619.26;168.83,2565.02;140.03,2471.61;115.12,2430.36;19.37,2368.86;19.37,2487.18;84.76,2477.06;105.78,2484.07;132.24,2579.81;160.06,2656.96;207.18,2687.11;381.29,2664.17;459.17,2657.58;716.23,2819.25;729.25,2856.02;711.93,2886.99;667.96,2912.33;656.76,2957.28;726.29,3042.21;739.87,3048.09;755.07,3020.05;753.51,2950.44;795.51,2880.83;835.89,2931.39;876.67,2943.62;911.32,2938.62;940.33,2931.19;1016.54,2855.91;1006.03,2798.52;1045.1,2801.08;1100.71,2816.64;1132.99,2800.3;1165.71,2850.33;1205.77,2889.61;1269.16,2900.89;1316.33,2860.53;1336.65,2889.89;1365.26,2887.63;1394.18,2862.55;1431.12,2841.33;1470.91,2830.12;1504.89,2840.96;1515.05,2869.56;1534.62,2874.45;1547.43,2856.04;1506.39,2783.75;1511.66,2756.65;1483.81,2749.13;1446.55,2797.68;1411.93,2811.98;1356.74,2802.81;1322.38,2777.46;1266.64,2814.83;1212.38,2820;1175.83,2771.78;1142.71,2746.64;1092.74,2746.81;1109.78,2685.74;1131.54,2675.33;1162.86,2617.17;1179.19,2614.06;1196.49,2570.94;1204.47,2570.9;1220.8,2589.95;1248.22,2602.24;1288.28,2615.85;1299.21,2637.29;1295.32,2664.51;1308.55,2670.73;1320.6,2666.84;1336.55,2639.62;1329.52,2607.4;1295.67,2595.24;1277.38,2595.08;1206.82,2546.99;1186.12,2549.63;1165.42,2588.39;1136.44,2596.67;1125.52,2600.81;1115.75,2648.23;1081.5,2668.93;1051.02,2636.56;1043.49,2619.25;1016.77,2626.02;1020.53,2650.11;1039.35,2666.29;1032.22,2722.9;952.83,2768.93;939.84,2820.45;919.31,2849.9;871,2844.39;814.13,2812.28;741.56,2806.3;721.51,2812.7;710.43,2826.34;458.46,2663.27;470.16,2638.55;486.21,2607;477.41,2554.85;500.66,2525.32;545.26,2481.35;547.77,2443.65;582.96,2414.75;617.07,2371.15;635.29,2313.98;600.73,2268.12;644.71,2252.41;674.87,2210.95;664.19,2178.91;685.55,2130.53;726.58,2056.19;764.53,2053.44;821,1994.38;848.03,1958.13;855.81,1928.65;847.49,1889.54;860.78,1871.29;884.47,1873.03;952.14,1916.05;978.86,1912.22;1013.34,1888.85;1036.66,1895.51;1075.66,1884.06;1098.53,1862.7;1152.98,1831.08;1181.07,1797.23;1182.71,1761.53;1168.09,1726.06;1156.85,1717.73;1156.56,1694.65;1166.01,1678.29;1181.22,1618.59;1199.85,1607.09;1210.64,1561.89;1220.91,1552.62;1258.81,1560.31;1301.23,1578.43;1359.55,1566.49;1393.31,1553.62;1436.83,1522.03
190	210030000	1	70092	0.1,800.1;1097.44,2318.17;1075.64,2242.38;1091.36,1979.03;887.99,1924.28;777.43,2049.69;549.24,2491.89;548.9,2681.95;788.93,2761.33;976.81,2634.93;997.93,2540.46;1134.29,2476.59
191	210030000	80	70093	100,120;2425.77,846.73;2329.45,715.96;2313.04,694.78;2284.49,706.55;2265.84,695.87;2282.24,690.05;2261.77,668.3;2247.47,677.26;2238.94,667.27;2239.7,643.61;2231.86,635.1;2180.21,639.98;2179.5,659.15;2113.22,676.34;2106.61,667.09;2084.05,670.63;2085.13,699.45;2107.62,703.91;2111.28,672.26;2179.13,654.46;2179.87,662.24;2236.59,665.09;2246.98,674.38;2258.59,692.25;2286.82,706;2304.72,736.38;2334.77,712.75;2428.09,842.9;2424.18,854.71;2420.64,875.5;2481.61,875.01;2477.07,843.77
192	210030000	5	70094	99.81,119.81;1717.65,1689.46;1710.62,1724.09;1730.25,1743.48;1751.89,1743.27;1770.07,1732.37;1777.04,1709.1;1753.95,1681.57
193	210030000	10	70095	99.81,599.81;2107.99,2204.01;2094.14,2234.98;2108.6,2269.77;2145.02,2275.6;2159.55,2260.18;2197.55,2303.82;2191.68,2344.84;2164.94,2373.2;2107.46,2369.58;2080.44,2379.35;2044.55,2411.96;1996.44,2423.46;1987.81,2474.01;1992.7,2487.85;1977.69,2516.15;2009.23,2563.07;2063.29,2577.73;2063.47,2669.75;2036.11,2700.48;2020.91,2758.7;2033.11,2784.19;1953.07,2858.86;1923.57,2899.77;2046.8,2960.46;2154.39,2915.5;2310.46,2765.75;2433.88,2735.4;2491.35,2759.04;2530.46,2730.04;2614.09,2777.25;2653.2,2765.78;2694.34,2719.92;2643.76,2636.29;2489.18,2582.99;2382.62,2552.64;2452.76,2477.1;2430.5,2398.87;2469.62,2359.76;2456.81,2314.57;2401.5,2290.29;2311.81,2301.08;2263.13,2249.96;2191.42,2235.07;2160.94,2214.84;2145.81,2198.5
194	210030000	10	70096	99.81,899.81;2217.23,919.27;2347.22,988.88;2548.4,910.27;2634.96,827.67;2845.51,785.25;3047.19,375.7;2625.29,-59.98;1786.95,-35.88;1797.38,489.38;1804.01,580.22;1810.16,596.7;1853.29,629.99;1920.87,654.41;1974.15,663.34;1995.21,695.03;2005.9,696.59;2060.11,753.25;2132.96,749.64;2184.12,796.36
195	210030000	19	70097	100,115;2182.89,488.94;1975.14,495.27;1895.19,573.33;1893.75,609.91;1916.96,639.4;1939.96,639.42;1952.13,630.09;1973.96,649.86;1993.76,675.01;1994.14,690.85;2007.96,694.35;2026.66,689.64;2034.49,679.95;2053.82,685.58;2097.14,700.83;2160.45,677.02;2135.62,631.43;2111.91,653.25;2100.61,642.27;2100.69,635.03;2092.21,625;2088.93,619.23;2073.5,602.15;2089.26,588.07;2105.52,605.44;2109.48,607.1;2120.65,620.21;2124.88,620.15;2134.98,632.12;2158.14,675.02;2185.54,665.04;2222.65,661.42;2286.56,720.81;2274.22,771.81;2272.51,854.56;2292.17,881.65;2321.96,904.39;2367.38,908.72;2410.42,890.01;2397.79,859.77;2389,838.63;2384.45,841.19;2378.69,840.77;2374.09,846.18;2370.68,843.39;2375.25,838.02;2373.76,832.25;2375.72,827.3;2380.26,824.36;2385.61,824.76;2389.79,828.26;2391.07,833.6;2389.03,838.61;2397.18,860.04;2403.11,894.83;2430.54,879.3;2479.15,872.55;2494.82,883.39;2504.76,910.47;2521.41,904.83;2532.57,886.61;2534.56,871.05;2540.19,820.04;2524.85,799;2528.03,788.89;2541.48,778.78;2538.92,757.54;2539.39,752.16;2541.06,741.58;2547.26,747.91;2557.89,765.52;2573.2,755.47;2571.67,733.33;2582.07,726.74;2589.55,739;2582.74,748.73;2589.15,765.96;2618.17,781.01;2632.33,730.7;2604.54,684.24
196	210030000	30	70098	0.1,268.53;1760.65,2592.42;1765.94,2673.86;1743.98,2698.27;1721.66,2712.22;1732.58,2758.34;1806.04,2748.48;1836.38,2726.52;1895.01,2718.2;1929.13,2683.98;1927.04,2604.13;1833.08,2561.98;1789.31,2561.24
197	210030000	91	70099	0.2,250.2;1265.76,2108.46;1247.2,2123.21;1266.45,2149.87;1275.09,2146.48;1276.61,2147.24;1281,2158.32;1280.34,2159.41;1278.62,2160.58;1279.79,2164.46;1279.38,2165.56;1276.2,2166.74;1275.39,2166.31;1273.57,2162.38;1271.63,2163.14;1270.25,2162.66;1266.02,2151.18;1266.52,2150.01;1275.3,2146.48;1265.65,2108.95;1246.8,2123.81;1208.96,2140.75;1236.44,2167.02;1247.85,2157.34;1258.71,2170.55;1256.22,2173.11;1260.86,2178.25;1255.04,2182.93;1250.77,2177.97;1247.71,2180.3;1236.42,2167.13;1247.83,2157.87;1247.42,2123.43;1208.33,2140.82;1207.4,2215.59;1231.55,2254.05;1245.8,2286.9;1273.95,2292.3;1308.56,2343.43;1364.54,2306.12;1369.02,2276.35;1370.4,2268.86;1342.13,2255.39;1340.46,2258.21;1337.62,2259.39;1335.96,2259.11;1333.54,2256.47;1333.2,2254.73;1329.47,2249.35;1329.46,2248.49;1331.62,2246.36;1332.57,2246.38;1336.29,2249.77;1337.94,2250.82;1339.44,2251.01;1341.72,2253.49;1342.09,2255.35;1340.41,2258.21;1337.54,2259.46;1369.39,2274.86;1380.45,2209.48;1339.99,2196.24;1324.78,2156.81;1301.37,2147.72
198	210030000	6	70100	99.81,119.81;1767.17,1584.72;1795.87,1618.11;1831.18,1610.3;1857.14,1586.47;1863.28,1563.18;1846.31,1541.31;1813.18,1549.86;1788.14,1553.9
199	210030000	17	70101	109.9,129.9;2388.77,1693.84;2318.23,1695.11;2260.35,1722.57;2229.31,1771.23;2231.91,1826.89;2261.19,1899.53;2311.23,1919.63;2345.22,1907.39;2380.96,1908.87;2405.06,1860.95;2432.97,1846.3;2451.85,1801.2;2431.14,1738.9
200	210030000	40	70102	0.1,110;2246.73,1712.34;2220.55,1795.66;2249.17,1881.77;2264.85,1885.36;2294.91,1910.88;2381.41,1899.45;2444.28,1825.91;2453.7,1789.08;2440.47,1757.71;2387.13,1694.45
201	210030000	2	70103	0.1,160.1;1631.53,1437.54;1617.8,1467.18;1611.23,1493.72;1620.69,1515.92;1633.96,1536.39;1652.57,1552.85;1680.54,1553.94;1699.03,1551.65;1719.91,1540.44;1730.26,1531.89;1742.63,1513.44;1748,1494.4;1746.91,1473.17;1739.71,1454.94;1718.4,1426.8;1681.37,1416.47;1652.17,1424.8
202	210030000	12	70104	158.53,188.53;987.25,2617.8;999.36,2630.94;1050.11,2615.71;1061.31,2592.74;1029.56,2563.48;1015.07,2568.06;1006.29,2577.51;1011.44,2583.23;998.76,2596.85;991.96,2595.05;986.43,2605.84
203	210030000	3	70105	99.81,119.81;1598.11,1386.74;1609.35,1352.64;1603.17,1330.93;1565.15,1329.35;1535.39,1368.8;1547.42,1395.84;1573.95,1406.33
204	210030000	2	70106	99.81,899.81;993,2539.11;1135.29,2461.23;1369.09,2431.29;1427.44,2520.02;1450.41,2633.46;1404.74,2695.62;1045.37,2699.2;952.26,2670.16
205	210030000	21	70107	110,125;2086.46,591.23;2076.28,600.26;2092.97,618.81;2096.06,619.93;2098.66,619.46;2103.59,615.09;2104.08,612.51;2103.32,609.62
206	210030000	3	70108	0.1,128.6;1669.74,1436.84;1670.59,1435.54;1681.53,1433.74;1682.85,1434.77;1685.29,1448.89;1684.35,1450.32;1681.86,1450.83;1682.5,1455.62;1681.67,1456.79;1678.03,1457.36;1677,1456.81;1676.06,1451.61;1673.55,1452;1672.33,1451.08
207	210030000	3	70109	0.1,131.1;1711.18,1488.19;1728.04,1488.36;1728.07,1499.6;1711.23,1499.39
208	210030000	3	70110	0.1,135.1;1700.19,1457.52;1718.55,1440.43;1733.03,1456.15;1714.87,1473.02;1710.95,1468.93;1703.47,1475.95;1696.64,1468.61;1704.05,1461.63
209	210030000	7	70111	99.81,119.81;1831.86,1424.67;1833.17,1461.69;1850.78,1498.83;1880.3,1498.25;1957.89,1482.81;1998.82,1456.63;1995.44,1426.24;1951.94,1393.46;1909.33,1376.41;1859.74,1392.04
210	210030000	10	70112	141.32,161.32;1184.89,2239.95;1187.16,2226.63;1195.4,2205.76;1148.17,2158.95;1138.15,2127.77;1169.95,2105.34;1216.91,2116.26;1217.55,2157.2;1220.24,2174.91;1223.18,2192.07;1218.18,2206.21;1218.82,2220.81;1239.39,2245.69;1242.15,2255.6;1260.05,2276.16;1281.26,2287.08;1297.13,2311.06;1295,2321.94;1295.37,2325.59;1313.46,2354.76;1306.57,2369.7;1262.43,2379.97;1247.7,2373;1248.05,2351.71;1254.76,2342.06;1249.64,2332.23;1233.03,2323.95;1218.36,2313.78
211	210030000	3	70113	0.2,127.2;1676.26,1525.59;1678.18,1540.92;1691.69,1539.22;1689.69,1523.83
212	210030000	8	70114	0.1,800.1;2847.41,1754.79;2552.51,2170.18;3095.81,2364.67;3082.07,1844.63;3081.09,1220.84;2899.63,1239.3;2725.86,1180.86;2492.11,1282.35;2482.88,1296.19;2565.93,1508.41;2730.47,1565.31
213	210030000	4	70115	99.81,119.81;1511.93,1690.55;1502.28,1704.51;1516.27,1732.21;1558.96,1728.86;1592.69,1749.61;1615.35,1709.55;1585.24,1682.85;1567.9,1662.16;1550.86,1657.48;1536.06,1672.35;1537.94,1682.48;1534.29,1689.5;1531.03,1693.47
214	210030000	30	70116	0.1,234.26;1623.3,2727.7;1617.73,2748.5;1645.36,2763.99;1655.54,2769.56;1664.9,2783.43;1687.51,2781.64;1722.88,2743.81;1717.12,2722.21
215	210030000	2	70117	109.91,909.91;1927.27,2602.12;1914.93,2768.44;1884.45,2854.79;1925.09,2928.95;2248.67,2933.3;2391.73,2312.61;2557.87,2173.19;2858.47,1752.08;2744.79,1564.75;2578.69,1494.26;2510.91,1331.66;2489.67,1263.76;2312.3,1382.47;2283.48,1474.96;2142.89,1484.78;2109.26,1631.34;1986.28,1893.55;1964.72,2097.38;1782.85,2562.2;1827.47,2582.14
216	210030000	10	70118	109.91,909.91;2161.66,2057.53;2267.1,2094.43;2551.57,2169.43;2831.26,1778.87;2720.28,1569.16;2483.06,1497.27;2239.38,1534.76;2131.07,1633.69;2066.8,2007.51
217	210030000	1	70119	0.1,800.1;1484.51,1676.58;1448.14,1637.78;1425.59,1597.72;1244.31,1655.93;1181.9,1849.34;1138.16,1915.65;1094.84,1979.78;1068.34,2179.19;1068.01,2231.48;1090.38,2308.1;1094.31,2314.52;1097.43,2364.26;1106.47,2405.48;1124.84,2469.32;1367.16,2436.58;1420.65,2522.46;1424.36,2613.22;1722.13,2615.75;1919.68,2437.11;1913.69,2306.37;2031.59,2027.68;2000.63,1889.53;1689.59,1890.72;1493.39,1785.49
218	210030000	10	70120	99.81,899.81;2168.32,1003.82;2215.64,1048.48;2363,1016.55;2453.48,1046.97;2637.45,944.22;2735.09,1131.27;2733.93,1176.47;2897.37,1243.7;3083.98,1246.02;3089.78,547.08;2956.48,373.22;2642.36,730.22;2628.45,788.18;2577.57,854.44;2549.35,887.94;2366.24,954.9;2226.28,856.94;2166.87,795.95
219	210030000	131	70121	160,660;1510.92,1056.26;1362.31,1295.15;1285.35,1544.81;1682.48,1906.17;2000.55,1899.22;2159.74,1516.53;2053.69,1321.2
220	210030000	131	70122	0.1,250.1;1182.73,2718.86;1227.06,2732.76;1252.07,2651.7;1228.45,2632;1209.1,2617.7;1180.87,2662.07
221	210030000	30	70123	0.1,158.6;996.51,2599.02;989.77,2615.77;1005.63,2626.52;1034.2,2617.36;1041.54,2607.12;1014.79,2598.86
222	210030000	40	70124	0.1,150.1;2380.25,824.43;2385.57,824.83;2389.74,828.29;2391.01,833.58;2388.97,838.55;2384.4,841.12;2378.68,840.73;2374.08,846.19;2370.74,843.42;2375.35,838.01;2373.82,832.29;2375.77,827.34
223	210030000	10	70125	0.1,800.1;2501.41,1086.99;2429.4,1127.79;2462.41,1243.61;2668.23,1178.2;2710.24,1153.59;2721.04,1070.78;2682.03,1023.37;2602.23,1010.78
224	210030000	14	70126	149.59,169.59;1684.4,2508.08;1671.64,2546.26;1696.1,2592.83;1756.09,2584.8;1785.14,2553.22;1792.83,2527.37;1779.8,2498.88;1760.89,2479.7;1717.78,2474.2
225	210030000	13	70127	134.07,154.07;1598.41,2494.43;1619.2,2527.22;1646.32,2528.58;1657.76,2476.83;1646.46,2460.03;1611.46,2460.32
226	210030000	20	70128	0.1,99.9;-2.52,-17.36;-42.36,3116.29;3095.85,3098.17;3103.26,529.5;2645.8,-83.63
227	210030000	1	70129	0.1,800.1;1385.28,2443.03;1432.09,2616.94;1650.96,2631.75;1675.51,2600.88;1736.15,2591.21;1776.49,2556.06;1812.37,2501.31;1897.95,2394.17;1857.64,2210.72;1813,2172.78;1711.76,2259.51;1620.02,2286.42;1542.23,2344.93
228	210030000	5	70130	0.1,800.1;2354.48,1365.98;2441.22,1303.26;2466.51,1288.15;2721.84,1177.46;2732.56,1070.38;2639.56,945.18;2453.98,1047.98;2346.97,1004;2213.74,1002.98;2178.8,990.79;2164.48,794.99;2124.64,767.78;2059.02,754.4;2047.59,697.5;2042.58,688.84;2007.38,696.48;1980.61,698.6;1812.1,636.21;1781.69,715.51;1698.62,813.34;1725.36,856.56;1733.54,886.55;1667.15,902.71;1656.96,1059.87;1628.78,1139;1771.32,1225.32;1831.7,1192.07;1886.51,1195.87;2137.88,1497.11;2303,1481.73;2320.61,1390.14
229	210030000	30	70131	0.1,141.4;1200.69,2274.91;1181.35,2234.23;1190.39,2188.63;1155.96,2157.64;1149.51,2138.71;1167.58,2113.33;1203.29,2117.2;1219.64,2146.89;1221.54,2209.08;1259.23,2276.4;1275.77,2285.58;1295.37,2313.84;1314.74,2336.64;1314.31,2371.92;1267.41,2388.27;1245.46,2379.24;1243.74,2328.47;1220.51,2323.73;1212.29,2296.08
230	210030000	120	70132	109.9,909.9;2232.33,1582.23;2152.43,1687.86;2100.43,2025.7;2348.4,2085.61;2528.36,1946.73;2611.23,1720.32;2478.87,1600.73
231	210030000	30	70133	0.1,149.68;1704.93,2491.67;1671.49,2547.83;1695.06,2575.3;1742.1,2580.66;1777.37,2548.62;1794.48,2512.57;1763.69,2483.34;1728.76,2471.27
232	210030000	18	70134	227.31,247.31;2852.71,2004.85;2857.14,2026.33;2865.28,2037.08;2885.05,2047.91;2898.67,2045.78;2903.85,2029.58;2890.53,2005.56;2866.58,1989.68
233	210030000	30	70135	0.1,216.47;710.88,2485.78;710.87,2499.88;719.8,2523.58;742.73,2533.66;756.83,2534.23;761.83,2519.94;769.12,2511.78;767.87,2489.04;760.97,2481.56;755.68,2481.75;745.13,2488.46;740.62,2480.79;729.3,2475.99
234	210030000	20	70136	99.5,110.8;2079.47,603.59;2092.82,618.61;2098.42,619.57;2093.9,624.11;2103.03,634.26;2103.96,637.27;2103.58,641.35;2112.93,651.56;2133.35,633.16;2124.11,622.85;2120.22,622.47;2117.28,621.27;2108.2,611.23;2103.38,615.37;2102.99,609.53;2089.55,594.62
235	210030000	3	70137	0.1,112.1;1137.22,1863;1151.63,1854.73;1152.27,1855.78;1155.11,1855.17;1156.98,1858.25;1154.96,1860.46;1155.58,1861.55;1141.31,1869.88;1140.65,1868.9;1137.83,1869.37;1135.96,1866.24;1137.88,1864.14
236	210030000	10	70138	0.1,158.1;1266.5,2149.94;1275.28,2146.58;1276.51,2147.2;1280.91,2158.52;1280.28,2159.73;1278.47,2160.65;1279.8,2164.5;1279.37,2165.46;1276.15,2166.73;1275.26,2166.29;1273.56,2162.43;1271.72,2163.08;1270.38,2162.63;1265.97,2151.28
237	210030000	2	70139	99.81,119.81;1488.88,1544.47;1477.98,1565.1;1491.92,1594.73;1524.69,1591.6;1531.76,1560.96;1511.09,1540.74
238	210030000	11	70140	216.38,236.38;721.04,2532.93;754.22,2544.77;779.92,2514.47;768.29,2488.35;759.47,2480.1;725.18,2469.68;706.09,2481.26;704.09,2496.05
239	210030000	16	70141	268.44,298.44;1695.35,2723.94;1704.52,2755.7;1729.77,2756.71;1805.12,2756.16;1834.53,2732.21;1902.02,2732.15;1917.45,2695.61;1930.86,2623.21;1922.83,2604.57;1865.19,2595.39;1818.8,2599.3;1801.56,2567.38;1779.97,2560.19;1758.69,2590.82;1767.51,2625.74;1777.93,2640.29;1771.19,2663.16
240	210030000	2	70142	0.1,800.1;1563.05,2634.22;1551.2,2826.07;1617.5,2885.42;1747.69,2839.92;1852.9,2835.18;1905.53,2762.45;1911.17,2712.29;1921.28,2661.3;1930.15,2603.02;1819.96,2585.01;1785.65,2560.15;1661,2638.86
241	210030000	30	70143	0.1,134.16;1623.04,2470.59;1613.39,2485.34;1614.5,2502.1;1620.72,2523.51;1651.67,2523.4;1651.55,2478.8;1637.58,2467.37
242	210040000	50	70144	0.1,400.1;2722.13,1220.05;2727.79,1242.36;2775.66,1263.41;2809.78,1247.18;2786.85,1197.11;2743.65,1186.34
243	210040000	99	70145	0.07,300.1;1912.49,2492.69;1839.46,2546.67;1799.87,2669.75;1996.09,2747.98;2037.33,2716.49;2096.44,2762.13;2162.22,2752.59;2187.97,2706.83;2229.92,2713.5;2251.95,2745.94;2306.19,2742.11;2337.99,2690.98;2461.65,2711.9;2469.09,2677.33;2436.35,2627.54;2431.01,2600.77;2469.32,2587.47;2487.99,2489.42;2409.25,2443.87;2328.25,2383.75;2196.11,2372.46;2139.23,2331.97;2071.47,2380.27;2096.52,2453.26;2071.15,2525.61
244	210040000	61	70146	0.1,200.1;2799.15,1782.62;2794.91,1794.89;2820.43,1817.28;2844.29,1799.59;2860.93,1768.2;2849,1748.53;2808.43,1745.72;2809.69,1775.74
245	210040000	90	70147	100.6,111.8;507.87,2986.16;493.98,2977.36;496.08,2973.93;494.04,2972.55;488.57,2973.21;488.28,2973.03;491.44,2967.78;479.9,2960.47;478.33,2957.72;477.3,2953.87;465.57,2946.24;450.83,2969.81;462.65,2977.41;466.62,2976.68;469.73,2976.99;481.24,2983.93;484.61,2978.86;486.61,2984.17;488.86,2985.52;491,2981.96;504.99,2990.77
246	210040000	2	70148	101,901.03;-114.12,2750.75;447.88,2759.75;819.76,2811.25;990.13,3085.63;814.13,3292;-117.12,3237.88
247	210040000	62	70149	0.1,200.1;2631.73,1861.77;2654.06,1885.57;2674.72,1874.37;2673.84,1862;2687.3,1855.69;2693.59,1834.9;2683.4,1819.63;2650.89,1818.51;2645.17,1830.14;2653.37,1848.44;2639.45,1846.72
248	210040000	99	70150	102.51,122.51;717.84,1747.92;718.64,1756.65;720.71,1756.59;721.01,1760.04;726.47,1759.65;726.36,1756.03;729.89,1755.69;729.88,1754.65;734.29,1754.33;734.98,1753.3;734.63,1749.35;733.9,1748.68;729.35,1749.24;729.09,1746.93;726.46,1747.39
249	210040000	97	70151	0.2,300.2;2376.68,2782.08;2374.84,2827.89;2391.83,2899.57;2490.11,2911.39;2545.17,2875.19;2539.62,2826.42;2501.57,2781.71;2443.93,2746.24
250	210040000	51	70152	0.1,180.1;2161.45,2146.92;2153.61,2180.43;2167.01,2242.08;2214.72,2251.57;2263.93,2235.83;2250.32,2154.92;2205.6,2132.55
251	210040000	80	70153	101,301;1504.04,2676.78;1509.77,2782.33;1583.65,2819.29;1651.25,2812.8;1713.44,2738.65;1725.74,2648.8;1582.6,2619.09
252	210040000	90	70154	0.1,103.1;698.28,1780.76;826.63,1801.73;983.81,1727.42;889.13,1935.47;958.94,1975.06;1041.74,1918.03;1031.15,1814.63;1143.54,1616.54;1059.45,1455.11;876.96,1329.78;799.52,1465.94;697.84,1438.66
253	210040000	9	70155	104.2,124.2;488.48,2111.11;495.03,2140.2;527,2157.86;534.08,2185.54;563.7,2198.65;589.84,2179.39;595.41,2136.01;594.17,2094.92;572.89,2079.79;554.4,2094.62;555.17,2072.18;534.52,2046.6;512.17,2041.96;506.96,1999.66;530.76,2010.88;549.69,1998.04;545.53,1977.49;531.34,1966.34;517.59,1963.78;507.46,1991.13;513.06,2042.72
254	210040000	1	70156	103,133.03;1467.58,383.74;1456.83,409.74;1379.13,392.14;1376.36,371.14;1385.58,350.73;1427.46,350.12;1410.08,314.87;1384.21,303.49;1341.21,273.12;1329.71,314.24;1352.76,361.38;1339.88,404;1318.53,426.91;1315.33,475.62;1279.33,518.12;1237.21,504.12;1165.46,547.99;1105.33,529.62;1109.58,490.12;1187.21,462.49;1196.83,416.74;1240.21,359.99;1243.38,322.5;1233.96,301.49;1286.58,236.12;1243.96,182.74;1330.33,100.62;1245.08,39.11;1242.46,133.99;1208.21,165.49;1219.46,250.37;1185.96,307.12;1197.96,337.99;1160.33,432.87;1116.21,453.62;1092.63,465.5;1076.08,448.99;1093.46,423.74;1094.58,366.74;1110.71,339.87;1116.08,290.37;1097.71,282.87;1070.06,300.42;1070.22,333.94;1042.86,330;1041.96,292.24;994.71,294.12;995.5,329.75;1008.47,351.5;1044.97,360.44;1013,373.54;993.11,412.5;949.95,413.13;930.83,402.71;909.08,369.76;900.17,293.6;925.33,255.49;906.83,201.49;872.96,122.12;797.33,115.12;761.58,223.12;848.21,307.87;881,339.13;862.71,396.49;876.33,449.62;925.46,489.49;1000.25,468.63;1025.33,449.62;1068.27,499.21;1061.21,527.74;1088.83,567.12;1164.96,594.74;1263.88,588.28;1277.03,558.72;1304.46,558.49;1316.58,516.74;1340.46,491.49;1345.71,431.37;1389.83,419.87;1458.08,457.87;1512.68,434.7;1592.92,492.54;1579.66,526.82;1590.52,573.87;1615.08,581.46;1631.83,568.95;1620.14,528.66;1641.35,513.47;1657.87,518.61;1661.22,536.02;1645.37,558.8;1660.25,573.08;1684.57,570.24;1685.91,553.94;1716.94,555.73;1731.45,572.47;1731.01,610.2;1749.96,626.87;1799.21,598.89;1798.76,579.02;1755,556.91;1735.35,533.47;1705.14,534.43;1686.43,524.95;1690.9,481.41;1680.8,473.89;1648.25,491.46;1614.54,486.32;1589.8,498.71;1506.24,438.73;1497.96,341.49;1572.71,319.37;1598.46,280.12;1571.96,231.99;1590.96,95.36;1539.08,90.24;1524.01,-2.69;1444.13,153.72;1496.71,244.74;1507.46,263.62;1500.58,283.87;1454.33,314.24;1447.33,338.99
255	210040000	98	70157	112.41,132.42;399.33,1364.06;399.56,1363.06;403.08,1361.04;404.1,1361.24;406.26,1365.31;407.3,1364.81;409.16,1368.04;412.2,1366.3;414.83,1371.12;411.86,1372.87;412.76,1374.69;405.11,1378.83;399.71,1368.91;401.4,1367.94
256	210040000	65	70158	0.1,180.1;2777.78,2353.08;2777.78,2376.93;2780.65,2403.37;2793.87,2414.87;2813.7,2413.14;2832.67,2393.89;2816.29,2377.51;2821.17,2372.05;2813.99,2348.77
257	210040000	17	70159	0.1,418.15;2484.82,411.32;2484.58,419.06;2483.5,420.74;2483.91,424.41;2485.3,426.02;2488.58,426.96;2491.68,425.45;2492.84,423.81;2492.71,420.15;2491.51,418.79;2489.99,410.73;2489.1,409.91;2485.66,410.22
258	210040000	5	70160	112.05,132.05;202.67,1533.25;191.5,1539.62;199.44,1556.75;177.59,1571.1;191.71,1583.74;207.06,1579.95;212.04,1586.19;208.5,1600.28;201.75,1608.04;187.74,1593.28;191.62,1583.41;206.9,1579.53;194.41,1560.46;177.59,1572.21;174.55,1611.36;190.01,1632.01;194.96,1659.71;192.57,1676.04;195.33,1678.95;213.98,1681.49;217.9,1673.21;213.4,1661.38;205.63,1656.59;201.71,1635.83;208.83,1626.53;220.43,1620.54;222.17,1609.69;234.77,1584.95;247.65,1577.73;246.72,1559.57;229.27,1535.27
259	210040000	71	70161	0.1,200.1;2217.27,2251.85;2213.9,2274.43;2193.3,2294.73;2193.3,2312.32;2210.26,2327.37;2226.9,2328.48;2237.67,2318.18;2244.64,2302.14;2233.39,2281.42;2237.88,2256.26
260	210040000	90	70162	0.1,103.1;630.63,564.74;623.4,383.54;746.05,320.35;763.86,-20.15;1586.49,-16.87;1613.74,299.29;1542.02,366.96;1588.24,465.52;1695.15,466.08;1814.32,570.21;1783.69,648.17;1585.45,584.69;1512.96,465.53;1151.19,630.7;811.1,472.74
261	210040000	72	70163	0.1,130.1;150.67,1617.96;144.66,1620.76;142.92,1617.25;127.48,1624.46;133.77,1637.92;149.29,1630.74;147.61,1627.11;153.46,1624.45
262	210040000	5	70164	103,903;1922,3440.03;1906.81,3030.65;2349.25,2978.41;2341.31,2802.8;2464.62,2702.9;2462.73,2671.98;2444.66,2645.43;2470.21,2588.71;2496.2,2520.72;2728.73,2294.03;2772.22,2354.2;2778.47,2404.76;2793.42,2417.21;2814.34,2415.22;2832.77,2395.79;2933.24,2372.38;3203.56,2353.63;3238.37,3383.9
263	210040000	64	70165	0.1,220.1;2950.75,2109.38;2949.38,2126.09;2970.17,2129.16;2987.65,2151.77;3005.28,2152.67;3025.68,2132.58;3019.51,2104.14;2997.59,2099.69;2975.89,2109.29
264	210040000	92	70166	0.1,137.3;1141.79,2407.43;1080.16,2417.31;1062.84,2432.69;1083.62,2474.62;1063.17,2487.11;1078.87,2506.62;1104.44,2506.09;1111.95,2528.88;1125.75,2535.96;1201,2504.07;1198.5,2543.39;1190.42,2612.11;1231.27,2630.77;1239.72,2558.19;1224.78,2520.99;1257.67,2500.26;1235.9,2468.82;1204.24,2473.47;1160.59,2429.85;1141.26,2447.68;1152.75,2485.56;1134.92,2498.95;1129.5,2484.23;1115.64,2470.96;1109.91,2447.46;1156.95,2426.39;1182.81,2393.34;1155.9,2379.64
265	210040000	3	70167	102.8,132.8;1513.67,1533.22;1514.53,1551.18;1543.62,1543.32;1558.32,1536.3;1584.6,1536.3;1593.23,1517.16;1613.41,1518.21;1636.12,1497.18;1652.52,1494.03;1682.93,1477.98;1681.45,1454.22;1731.94,1462.08;1786.27,1521.18;1835.52,1504.73;1864.22,1480.06;1894.06,1494.45;1913.74,1559.15;1954.19,1582.54;1959.53,1564.37;1942.34,1549.24;1942.57,1530.19;1971.7,1525.49;1982.68,1512.04;1978.36,1480.09;1956.24,1485.6;1935.08,1481.73;1929.25,1463.13;1943.59,1452.6;1945.39,1433.33;1935.08,1430.2;1918.06,1404.24;1902.82,1405.81;1875.71,1437.4;1839.26,1447.5;1827.83,1471.48;1800.27,1455.79;1813.72,1431.37;1816.4,1390.36;1803.18,1377.37;1817.92,1350.68;1816.94,1307.93;1750.08,1305.4;1721.54,1341.18;1759.64,1374.79;1787.65,1410.19;1759.64,1425.88;1766.36,1437.53;1740.81,1416.24;1723.45,1429.42;1631.81,1391.1;1620.08,1402.74;1643.46,1442.38;1613.73,1459.03;1583.89,1446.15;1555.22,1462.18;1557.27,1484.16;1569.15,1497.86;1541.71,1504.98
266	210040000	2	70168	103.1,133.1;686.72,433.47;677.76,458.81;686.67,475.66;729.77,479.62;744.75,457.42;740.47,425.59;719.1,423.7;712.17,432.94
267	210040000	94	70169	0.1,105.3;570.26,1840.19;581.55,1895.93;616.75,1903.15;656.47,1895.88;678.11,1859.79;669.15,1827.21;634.23,1798.49
268	210040000	2	70170	101,901;1591.54,1043.53;1574.55,1135.6;1597.96,1207.72;1613.12,1248.32;1652.29,1265.95;1680.83,1228.16;1773.52,1144.97;1700.36,1035.06
269	210040000	5	70171	101,901.03;702.38,2267;875.63,3100.75;1767.36,3143;1644.91,2807.14;1586.04,2808.94;1517.66,2769.89;1517.01,2677.76;1584.48,2638.65;1704.91,2645.96;1718.91,2662.67;1705.97,2742.65;1637.29,2812.93;1752.21,3158.69;1893.37,3145.61;1880.97,2706.99;1790.47,2672.13;1831.72,2544.93;1911.6,2487.56;1892.05,2136.83;1665.69,2164.17;1209.75,2278.37;1066.53,2270.33;903.79,2208.99
270	210040000	92	70172	0.1,135.1;264.89,502.37;263.68,546.9;310.35,547.17;320.04,532.44;319.94,518.35;311.47,503.11
271	210040000	14	70173	0.1,420.6;2417.17,344.54;2416.32,353.81;2418.59,353.95;2418.24,357.98;2424.02,358.47;2424.28,354.48;2428.47,354.84;2428.56,353.63;2433.59,354.06;2434.35,353.5;2434.73,349.1;2433.96,348.54;2429.05,348.14;2429.33,345.72
272	210040000	2	70174	0.1,420.13;1890.41,-113.66;-61.88,-134.63;-56.5,716.5;242.1,1102.41;385.05,1085.35;470.33,1101.24;527.52,1156.27;604.45,1139.02;649.35,1097.41;706.86,1143.78;740.98,1090.65;780.21,1115.31;904.21,1345.4;1043.18,1357.49;1107.29,1320.85;1103.24,1279.58;1338.64,1238.1;1361.71,1289.95;1333.79,1375.35;1405.5,1436.67;1480.22,1438.43;1605.04,1240.08;1592.99,1108.27;1618.39,994.26;1710.04,770.09;1746.89,719.31;1818.33,694.02;1892.02,566.75;1871.16,526.64;1896.03,482.52;1948.71,477.07
273	210040000	1	70175	0.1,480.1;2480.83,263.81;2451.84,276.89;2419.05,293.33;2399.31,335.07;2401.21,378.33;2415.06,412.6;2450.02,438.5;2482.59,446.81;2524.79,435.51;2549.37,416.24;2571.69,373.02;2567.22,331.74;2537.41,285.66;2487.53,267.33
274	210040000	1	70176	600,1400;1740.56,-61.11;1617.08,1239.27;3084.36,1095.08;3070.27,-55.33
275	210040000	2	70177	0,800.03;-56.91,2234.23;-54.47,2761.33;841.55,2843.34;897.53,2704.17;804.9,2245.85;369.8,2339.45
276	210040000	88	70178	0.1,132.1;1626.43,2755.13;1630.27,2755.08;1630.25,2747.79;1637.16,2747.84;1637.12,2755.12;1641.24,2755.14;1641.12,2772.2;1626.29,2772.41
277	210040000	18	70179	0.1,101.1;1622.02,2485.36;1595.86,2582.45;1484.89,2583.52;1367.46,2784.99;-51,2785.58;-65.85,3532.2;1419.22,3584.52;1642.12,3466.44;3258.97,3395.43;3239.02,2305.92;2735.22,2401.94;2609.33,2611.76;2422.24,3010.4;1958.9,2980.68;1791.05,2686.94;1822.32,2490.77;1842.91,2186.04;1765.49,2181.09;1729.78,2487.02
278	210040000	91	70180	105,122;493.99,2972.62;488.31,2973.05;484.96,2978.59;486.79,2984.22;507.65,2997.3;514.97,2985.79
279	210040000	52	70181	0.1,200.1;2374.18,2359.2;2417.79,2383.8;2430.39,2385.48;2565.69,2288.11;2430.02,2386.5;2459.59,2442.74;2574.49,2389.87;2577.23,2417.76;2514.7,2462.71;2509.78,2491.74;2550.41,2547.49;2510.07,2586.6;2484.68,2574.49;2469.93,2588.79;2449.45,2627.83;2443.22,2645.44;2448.96,2652.46;2451.43,2652.09;2463.62,2668.49;2477.99,2652.81;2518.22,2647.82;2576.26,2629.94;2565.66,2595.26;2506.78,2590.25;2550.59,2548.15;2570.91,2570.8;2607.43,2561.72;2568.61,2513.77;2564,2485.06;2601.93,2465.93;2624.66,2380.27;2648.4,2379.77;2702.04,2357.5;2772.58,2296.02;2741.32,2271.22;2695.2,2298.08;2654.09,2308.54;2636.46,2294.66;2635.43,2262.65;2651.57,2234.22;2596.64,2197.99;2523.28,2208.58;2393.75,2299.38
280	210040000	6	70182	0.1,800.1;2302.43,2368.78;2408.58,2442.26;2492.36,2495.72;2539.87,2589.59;2708.46,2395.7;2733.3,2268.36;2688.97,2287.79;2674.52,2300.74;2657.09,2303.23;2642.14,2294.27;2638.16,2262.39;2660.63,2231.36;2644.04,2139.17;2542.18,2139.55
281	210040000	55	70183	0.2,260.2;1877.5,492.19;1867.75,516.85;1873.08,545.53;1927.75,577.4;1950.87,560.3;1968.67,532.83;1954.94,500.8;1913.42,484.43
282	210040000	1	70184	0.1,800.1;2120.26,1215.85;2119.31,1653.74;2097.93,1684.78;2127.46,1775.97;2338.11,1739.49;2547.07,1789.95;2686.23,1788.79;2788.84,1616.69;3166.09,1617.26;3164.77,1103.11
283	210040000	70	70185	0.1,200.1;2386.8,2206.04;2367.76,2211.2;2335.45,2223.41;2332.91,2245.43;2347.55,2269.53;2367.31,2262.69;2377.24,2249.01;2389.17,2249.3;2400.28,2236.55
284	210040000	90	70186	0.1,126.4;2316.17,1402.84;2307.02,1429.43;2294.3,1449.39;2284.61,1486.88;2299.25,1496.41;2326.22,1492.93;2338.07,1454.94;2334.08,1433.2;2340.8,1410.88
285	210040000	67	70187	0.1,200.1;2477.83,2076.87;2486.24,2111.56;2538.9,2117.99;2551.61,2093.55;2543.11,2080.18;2517.69,2069.18;2494.05,2064.08
286	210040000	63	70188	0.1,200.1;2778.02,1976.95;2778.46,1996.74;2801.94,1996.56;2816.12,2016.21;2837.38,2018.79;2858.57,1999.77;2854.49,1974.39;2823.85,1962.74;2802.59,1976.91
287	210040000	70	70189	174.75,217.78;1435,1352.12;1431.88,1356.75;1432.25,1362.37;1435.63,1366.37;1440.75,1367.75;1445.88,1365.87;1448.75,1361.25;1448.63,1355.87;1444.75,1351.12;1446.25,1344.75;1442.38,1343.62;1440.25,1350.12
288	210040000	91	70190	0.1,101.1;1748.81,968.79;1735.41,1049.93;1760.27,1082.29;1711.82,1105.62;1691.19,1085.88;1665.62,1075.12;1620.32,1090.37;1607.76,1149.13;1624.36,1197.57;1606.42,1232.11;1628.84,1253.19;1653.51,1246.91;1649.93,1210.58;1711.38,1180.97;1699.26,1093.51;1746.81,1067.94;1786.66,1087.34;1832.62,1059.38;1909.43,1063.14;1956.7,1017.68;2059.48,1020.4;2125.41,998.76;3160.29,815.4;3148.71,848.95;2139.83,1012.16;2130.56,952.41;2084.2,951.38;2029.61,816.44;1989.44,818.5;1939.99,949.32
289	210040000	13	70191	0.1,448.13;2456.75,229.42;2435.52,236.79;2450.54,280.09;2455.55,283.83;2468.9,279.31;2471.68,274.42;2467.53,260.19
290	210040000	11	70192	0.07,418.9;2435.57,401.38;2444.48,393.1;2446.06,394.73;2449.71,391.18;2450.92,391.16;2453.82,394.27;2453.5,395.5;2449.91,398.9;2450.77,399.77;2447.63,402.65;2450.37,405.59;2446.18,409.4;2443.47,406.55;2441.85,408.12
291	210040000	66	70193	0.1,200.1;2692.61,2230.95;2676.55,2250.18;2659.1,2252.19;2641.1,2262.38;2643.7,2293.57;2655.5,2300.97;2673.29,2298.97;2687.68,2287.17;2689.19,2265.65;2707.16,2247.05
292	210040000	68	70194	0.1,200.1;2287.61,1840.37;2284.99,1863.81;2304.79,1866.26;2304.54,1843.13;2326.63,1814.5;2310.58,1789.91;2286.93,1788.87;2270.94,1816.96
293	210040000	120	70195	470,1270;1962.71,-13.38;2004.02,1078.78;3022.3,996.2;3023.34,-13.04
294	210040000	93	70196	0.1,158.2;204.21,563.96;193.57,607.6;249.61,619.45;259.56,575.65
295	210040000	91	70197	0.1,119.1;1656.49,2718.74;1655.94,2718.74;1653.97,2720.67;1654,2721.25;1656.13,2723.26;1655.21,2724.25;1657.25,2726.13;1660.49,2729.18;1664.32,2725.15;1663.45,2724.25;1664.97,2722.59;1662.39,2720.19;1660.87,2721.76;1659.05,2720.19;1658.61,2720.65
296	210040000	1	70198	0.1,800.13;-80.38,668.93;-113.83,2330.51;385.42,2411.76;884.64,2292.3;1210.67,2319.51;1657.49,2196.39;1914.81,2161.8;2135.68,1757.78;2098.84,1681.86;2160.21,1589.9;2159.27,1257.6;1687.25,1258.93;1661.43,1265.01;1602.35,1238.08;1515.09,1325.22;1465.94,1417.19;1409.02,1413.3;1361.64,1374.91;1380.85,1291.69;1336.89,1229.39;1098.26,1241.88;1084.87,1307.87;1032.67,1327.09;907.79,1316.91;796.6,1091.85;742.45,1072.89;707.09,1110.78;645.9,1065.17;564.37,1131.18;484.14,1089.13;408.03,1066.45;235.87,1068.6
297	210040000	116	70199	101,901;689.49,2653.06;605.03,2825.74;557.07,3055.72;883.42,3174.74;1164.73,3183.27;1265.13,3108.76;1362.52,2860.58;1285.55,2640.66;1103.44,2481.23;814.31,2513.43
298	210040000	20	70200	137.71,157.71;1386.67,1036.28;1395.73,1025.56;1393.48,1015.81;1378.2,1013.05;1374.68,1027.67
299	210040000	14	70201	117.8,137.8;333.67,2441.89;333.18,2459.81;344.86,2469.79;360.68,2470.08;369.92,2462.62;368.84,2442.71;360.01,2433.41;348.41,2431.92
300	210040000	11	70202	137.2,167.2;1229.27,2592.94;1228.04,2585.66;1233.81,2574.58;1233.88,2559.27;1221.39,2546.41;1222.5,2541.08;1217.4,2526.66;1218.77,2517.96;1228.97,2503.92;1235.85,2502.54;1242.35,2503.65;1245.6,2500.02;1243.53,2493.96;1235.2,2490.9;1233.48,2487.9;1237.4,2483.76;1235.63,2478.59;1232.74,2475.04;1226.83,2475.04;1216.26,2480.36;1197.61,2480.91;1188.77,2474.87;1184.08,2465.81;1164.61,2467.29;1158.73,2459.68;1163.46,2447.79;1159.65,2439.49;1151.81,2441.45;1148.23,2460.25;1152.27,2473.98;1168.65,2476.06;1183.88,2483.56;1184.11,2488.98;1156.77,2493.71;1147.56,2507.09;1130.79,2502.86;1130.16,2498.91;1123.55,2493.88;1124.15,2483.92;1116.14,2479.54;1106.49,2472.38;1104.12,2451.55;1098.52,2445.95;1101.66,2440.27;1115.99,2436.96;1122.13,2431.19;1138.16,2430.34;1144.9,2427.57;1156.78,2415.44;1164.35,2405.81;1173,2399.84;1172.41,2394.84;1164.26,2389.66;1157.22,2390.26;1157.04,2394.84;1152.96,2402.31;1145.17,2411.98;1133.67,2418.13;1114.84,2419.06;1099.96,2422.11;1092.92,2427.88;1082.4,2423.81;1075.02,2424.06;1069.95,2431.78;1074.85,2446.8;1082.32,2451.12;1089.27,2460.71;1099.83,2474.56;1097.81,2479.14;1091.81,2481.64;1084.92,2483.45;1076.15,2483.24;1070.04,2485.11;1075.55,2496.86;1088.68,2496.26;1095.66,2490.62;1105.37,2487.7;1112.43,2491.89;1114.08,2497.04;1116.84,2502.17;1117.44,2508.87;1113.89,2520.32;1121.48,2525.64;1127.8,2524.16;1129.47,2517.16;1134.95,2514.27;1143.11,2521.86;1147.78,2522.62;1156.45,2515.99;1167.03,2512.54;1173.31,2499.75;1180.85,2503.45;1186.74,2503.07;1192.75,2494.77;1200.36,2492.77;1207.46,2496.1;1216.1,2493.36;1218.62,2495.8;1212.56,2501.85;1210.97,2524.44;1203.87,2538.19;1203.17,2544.59;1211.78,2553.32;1211.12,2557.28;1201.14,2563.71;1193.1,2574.39;1200.3,2583.77;1211.29,2588.89;1203.8,2611.53;1228.19,2623.79
301	210040000	55	70203	0.1,220.1;76.65,1557.54;69.63,1590.78;76.21,1627.23;91.07,1628.25;101.13,1645.41;101.67,1666.14;140.26,1687.17;169.78,1693.98;202.95,1691.99;234.04,1678.67;257.59,1655.21;274.28,1625.25;279.55,1591.04;273.96,1558.32;258.6,1527.8;235.86,1504.18;206.21,1488.37;174.71,1483.26;140.96,1490.56;121.47,1506.22;96.42,1523.62
302	210040000	15	70204	104,124;544,1463.38;534.15,1484.11;539.46,1513.18;544.96,1528.39;553.82,1539.49;530.84,1638.31;516.97,1632.58;491.69,1659.78;477.02,1692.37;492.56,1704.55;518.44,1709.29;530.44,1668.09;524.25,1634.85;549.23,1536.53;581,1531.71;585.63,1515.35;594.94,1512.32;605.02,1493.66;593.43,1472.77;571.29,1476.71;555.22,1458.14
303	210040000	1	70205	0.1,800.1;1837.5,-34.03;1879.18,460.86;1964.56,485.97;1924.11,588.41;1871.16,549.1;1795.78,659.28;1710.69,737.62;1568.87,992.9;1779.79,1237.71;3125.72,1152.2;3122.75,-32.78;2417.05,-26;2453.55,281.4;2481.38,270.07;2535.11,291.78;2562.54,332.56;2564.77,369.63;2542.52,411.15;2518.06,432.66;2485.65,441.5;2446.88,430.43;2422.41,408.93;2403.87,377.05;2407.58,333.3;2426.12,299.94;2475.05,271.02;2432.64,-33.1
304	210040000	93	70206	0.2,137.9;1376.66,1008.69;1369.86,1026.64;1376.89,1040.97;1399.43,1040.78;1405.88,1025.69;1401.6,1008.69
305	210040000	15	70207	0.1,421.1;2510.28,289.9;2502.29,302.95;2513.45,309.92;2521.69,296.91
306	210040000	17	70208	101,121;1756.34,994;1746.92,1010.45;1757.65,1031.37;1761.16,1052.49;1766.58,1058.99;1777.03,1072.13;1703.46,1140.25;1697.9,1124.45;1684.06,1084.64;1665.99,1079.58;1645.76,1082.96;1621.92,1100.4;1614.22,1120.03;1612.9,1159.22;1629.5,1191.71;1625.13,1206.83;1611.08,1227.65;1627.24,1244.85;1642.66,1245.35;1645.88,1236.67;1642.14,1226.44;1638.49,1222.62;1644.43,1202.15;1664.08,1191.66;1697.74,1183.51;1702.5,1161.23;1702.6,1149.22;1699.22,1126.7;1773.17,1066.89;1788.12,1076.68;1797.02,1074.19;1801.37,1049.97;1812.57,1043.63;1827.44,1043.68;1853.02,1046.97;1890.14,1048.92;1914.29,1033.64;1937.77,1011.32;1990.07,997.72;2005.33,990.26;2034.72,997.98;2056.54,1008.72;2082.26,1003.61;2113.04,996.26;2118.36,970.94;2081.93,972.51;2060.55,964.18;2060.17,943.6;2045.68,931.23;2040.95,899.38;2029.9,849.16;2003.5,837.39;1989.15,879;2010.1,904.83;2001.49,938.12;1985.42,947.3;1972.58,971.37;1934.76,983.17;1909.75,967.82;1877.84,962.56;1847.12,965.47;1838.39,997.74;1824.18,1008.48;1810.44,1008.67;1795.67,997.26;1770.36,986.23
307	210040000	16	70209	105.4,135.4;1155.82,1313.59;1149.6,1341.34;1173.16,1352.7;1147.3,1372.7;1143.02,1395.87;1139.62,1417.1;1153.84,1430.21;1166.37,1432.36;1183.79,1435.64;1185.39,1410.92;1183.37,1390.39;1185.41,1364.36;1195.88,1349.43;1209.31,1352.94;1208.8,1371.79;1209.14,1398.15;1192.3,1408.34;1192.49,1419.32;1206.56,1439.97;1226.87,1449.39;1280.17,1575.15;1258.79,1593.67;1240.14,1614.18;1223.36,1611.84;1212.81,1605.93;1203.67,1607.25;1199.47,1613.85;1181.35,1623.52;1164.18,1630.47;1166.87,1641.22;1174.1,1645.83;1184.01,1643.31;1189.91,1629.07;1206.94,1627.68;1215.77,1643.1;1197.24,1650.88;1188.15,1668.2;1174.15,1668.3;1157.82,1654.57;1152.94,1660.68;1155.59,1667.24;1176.42,1680.41;1192.66,1677.79;1202.98,1661.14;1216.48,1658.82;1222.34,1665;1215.28,1682.92;1222.49,1687.27;1234.92,1674.61;1251.11,1671.33;1251.66,1665.06;1233.13,1654.33;1229.04,1642.55;1244.73,1627.98;1258.47,1638.61;1264.93,1650.46;1269.2,1648.83;1272.27,1644.26;1279.86,1643.49;1291.85,1644.88;1320.82,1600.89;1302.61,1573.31;1278.15,1576.9;1223.61,1450.09;1250.38,1450.64;1256.11,1411.46;1224.03,1366.76;1222.9,1330.55;1228.46,1331.28;1247.15,1343.76;1249.06,1363.14;1273.47,1364.58;1273.22,1350.35;1264.1,1342.51;1269.75,1322.72;1236.89,1300.42;1226.33,1304.88;1221.79,1315.06;1207.7,1303.16;1195.74,1304.22;1185.47,1312.22;1170.78,1305.77
308	210040000	87	70210	0.1,124.1;1577,2734.93;1575.76,2738.91;1573.83,2738.44;1572.44,2738.97;1568.48,2750.61;1569.07,2751.77;1575.81,2754.1;1578.02,2754.86;1579.24,2754.3;1583.16,2742.56;1582.49,2741.4;1580.59,2740.76;1582.05,2736.7;1581.66,2735.74;1578.18,2734.58
309	210040000	13	70211	137.5,167.5;1016.48,2424.89;1010.58,2427.16;1006.9,2416.85;1010.83,2412.56;1013.28,2405.32;1025.06,2408.02;1030.71,2401.88;1030.59,2390.59;1041.14,2383.47;1050.22,2383.84;1059.18,2372.55;1055.99,2355.86;1047.28,2353.4;1040.65,2358.68;1033.9,2371.93;1026.17,2372.79;1017.95,2384.08;1000.85,2393.68;995.94,2391.47;994.09,2379.2;988.56,2376.12;964.63,2377.22;961.07,2387.9;961.56,2393.79;966.35,2398.21;973.34,2401.15;989.96,2395.5;996.17,2399.93;999.24,2405.94;999.73,2414.16;1009.61,2417.36;1013.66,2425.59;1009.75,2427.38;1011.59,2438.3;1019.69,2447.26;1019.55,2478.08;1010.47,2484.1;1008.2,2488.35;992.74,2494.12;988.32,2491.05;987.34,2477.43;976.29,2469.21;967.82,2469.94;963.16,2478.78;951.13,2475.71;945.12,2480.74;944.99,2487.74;953.22,2500.38;950.64,2507.25;952.24,2515.35;959.43,2515.26;965.98,2504.8;978.87,2504.31;981.45,2515.6;984.84,2522.14;991.09,2521.89;1012.4,2509.41;1026.2,2510.11;1027.04,2502.88;1032.81,2496.99;1036.12,2492.2;1032.44,2485.57;1018.57,2477.72;1017.92,2445.72;1020.29,2447.89;1038.71,2453.15;1043.01,2462.36;1041.54,2472.79;1047.12,2476.74;1051.97,2475.98;1054.18,2470.83;1051.23,2456.71;1047.06,2449.59;1045.19,2436.81;1037.45,2427.22;1064.33,2403.53;1076.48,2414.46;1084.21,2409.92;1080.16,2394.08;1072.56,2391.26;1064.95,2396.29;1065.31,2405.25;1038.96,2428.48;1032.09,2426.4;1027.55,2430.57;1020.92,2428.48
310	210040000	4	70212	101,121;1651.63,2520.23;1649.94,2542.87;1657.91,2563.86;1683.49,2567.86;1690.49,2619.04;1657.28,2609.77;1629.97,2596.31;1617.22,2596.22;1606.49,2607.87;1557.85,2612.64;1521.26,2632.94;1514.5,2640.23;1492.69,2647.75;1486.42,2673.58;1464.66,2687.78;1465.02,2706.04;1451.19,2727.81;1439.34,2745.42;1439.94,2782.9;1418.42,2758.09;1399.07,2791.73;1384.32,2829.97;1388.83,2862.08;1377.67,2834.73;1352.37,2817;1328.4,2839.06;1277.81,2840.76;1244.97,2904.29;1258.63,2924.91;1244.97,2982.92;1188.37,2910.54;1169.38,2957.41;1146.5,3008.89;1071.19,2989.88;1043.96,3024.69;1015.1,2996.56;978.71,3011.88;878.28,2992.26;850.1,2972.1;834.45,2977.52;838.74,2952.82;831.92,2931.66;784.82,2907.6;759.22,2907.94;734.77,2915.99;726.39,2941.71;723.67,2901.47;687.67,2871.81;660.91,2867.31;636,2887.89;620.82,2883.08;567.15,2893.16;535.23,2906.89;505.54,2914.18;449.42,2911.45;433.42,2914.81;434.26,2936.92;445.76,2936.8;465.29,2942.32;491.06,2959.94;520.15,2981.19;508.56,3005.95;491.63,2996.09;485.75,2999.26;479.52,2995.89;471.09,2985.8;461.4,2982.39;446.81,2973.61;443.49,2967.55;442.29,2960.83;433.39,2953.36;429.26,2946.29;430.29,2940.54;434.42,2937.47;446.1,2937.08;449.62,2911.64;410.81,2920.01;347.69,2883.83;312.49,2848.78;291.91,2849.96;270.08,2866.05;245.58,2900.79;247.85,2920.46;228.24,2920.72;129.47,2897.83;96.04,2880;-26.49,2806.09;-42.43,3404.34;2506.65,3389.49;2494.9,3040.9;2197.53,3058.28;1971.62,3041.07;1903.25,3001.48;1805.56,3006.47;1763.38,3044.22;1728.96,3042;1716.75,2992.6;1634.97,3001.24;1469.7,2991.91;1592.53,2816.31;1526.08,2754.59;1523.7,2743.69;1510.42,2732.38;1518.34,2720.19;1519.14,2692.73;1537.39,2674.49;1547.05,2652.39;1560.2,2656.61;1569.52,2655.82;1590.14,2630.84;1588.36,2668.31;1601.05,2674.66;1616.69,2666.97;1631.96,2663.99;1648.93,2659.44;1661.02,2643.18;1683.93,2649.39;1709.05,2666.36;1709.85,2685.99;1700.13,2715.14;1706.31,2734.71;1685.45,2762.14;1690.49,2774.31;1668,2783.35;1647.56,2809.01;1609.69,2807.02;1591.44,2812.18;1561.35,2790.06;1522.83,2762.47;1446.4,2996.69;1469.82,2993.02;1488.66,2974.8;1504.17,2949.94;1511.39,2957.42;1523.42,2959.29;1538.92,2949.67;1550.15,2950.74;1573.41,2934.43;1587.85,2948.06;1605.57,2949.27;1637.12,2933.49;1639.79,2943.38;1647.55,2950.07;1679.9,2944.45;1703.96,2925.47;1710.11,2911.3;1691.39,2892.85;1723.06,2857.04;1757.03,2859.68;1777.35,2849.52;1803.28,2853.53;1814.78,2840.69;1819.33,2820.11;1809.7,2801.39;1779.76,2795.51;1770.4,2811.82;1758.9,2808.08;1745.05,2789.69;1727.52,2772.16;1727.71,2755.74;1737.85,2750.21;1766.71,2726.89;1774.31,2702.34;1759.36,2657.72;1749.86,2636.91;1729.2,2626.58;1699.22,2621.48;1686.42,2619.65;1678.43,2568.22;1698.26,2569.49;1707.93,2552.42;1698.57,2530.16;1814.65,2268.09;1830.05,2251.91;1814.65,2226.56;1830.36,2207.12;1816.56,2192.29;1783.41,2192;1772.5,2210.07;1788.98,2255.96;1819.47,2271.35;1702.72,2534;1684.09,2511.88;1666.93,2511.64
311	210040000	1	70213	103.1,903.13;1720.22,965.36;1699.88,1026.51;1775.53,1142.02;2382.33,1118.64;3099.88,955.38;3102.5,544.88;2262.58,874.97;2125.6,887.2;1974.2,826.84;1918.41,896.4;1821.38,898.63
312	210040000	22	70214	0.1,320.1;1967.1,2647.2;1942.42,2721.44;1965.11,2734;2011.52,2723.56;2031.9,2698.2;2012.46,2685.96;2005.76,2665.15;2016.48,2655.85;2023.94,2666.14;2057.6,2656.61;2067.3,2629.78;2118.78,2661.17;2106.19,2679.97;2107.89,2687.37;2142.3,2719.52;2172.77,2680.01;2161.31,2660.36;2150.27,2653.88;2151.36,2615.23;2186.05,2639.24;2214.85,2623.16;2225.72,2606.84;2208.32,2569.33;2199.51,2551.47;2170.51,2538.91;2145.38,2561.67;2139.03,2607.53;2152.2,2615.32;2150.73,2654.42;2142.11,2650.05;2121.37,2658.05;2118.66,2662;2066.82,2630.25;2075.07,2605.14;2065.32,2565.68;2026.84,2543.06;2012,2581.24;1998.64,2597.27;1999.58,2618.1
313	210040000	8	70215	105.2,125.2;599.02,1835.18;587.83,1850.39;595.29,1875.36;607.6,1886.1;628.87,1893.8;655.8,1892.27;657.36,1874.98;669.61,1850.17;649.67,1813.88;635.68,1806.84
314	210040000	89	70216	0.1,125.1;1550.79,2707.49;1548.71,2709.74;1548.75,2712.8;1549.64,2714.35;1552.61,2715.64;1554.04,2715.24;1558.62,2716.22;1560.82,2717.11;1561.62,2716.76;1562.97,2713.84;1562.24,2712.91;1556.43,2709.44;1555.56,2708.23;1552.61,2706.98
315	210040000	16	70217	0.1,423.13;2432.19,312.2;2442.18,307.55;2448.79,321.64;2438.77,326.33
316	210040000	91	70218	0.1,132.1;294.91,302.4;296.5,346.74;341.81,343.79;350.45,331.49;350.2,313.63;341.32,301.14
317	210040000	21	70219	0.1,300.1;2260.14,2573.67;2285.74,2598.59;2321.1,2619.23;2354.11,2631.48;2395.18,2571.41;2442.39,2521.76;2398.22,2479.47;2352.97,2526.65;2285.17,2516.76
318	210040000	80	70220	0.1,800.1;1590.99,2215.07;1589.97,2308.69;1664.42,2316.74;1703.85,2279.55;1708.06,2237.35;1661.82,2196.81
319	210040000	96	70221	0.1,104.1;521.03,1443.31;522.99,1580.8;453.02,1716.96;534.16,1740.79;542.11,1583.67;644.7,1479.15
320	210040000	90	70222	0.1,128.5;1175.92,2720.34;1185.91,2816.5;1251.03,2866.75;1274.36,2841.46;1227.51,2797.48;1218.3,2734.79;1233.15,2713.69;1218,2661.1;1234.94,2605.84;1206.12,2591.28;1189.18,2654.56;1190.07,2681.6
321	210040000	19	70223	101,116;2449.07,3133.37;2472.92,3063.68;2526.36,3017.67;2578.27,2949.8;2512.43,2931.57;2489.9,2891.55;2528.89,2859.39;2546.72,2818.28;2563.69,2802.83;2594.79,2805.39;2657.59,2842.61;2711.61,2825.89;2736.68,2811.46;2769.85,2810.44;2802.64,2768.92;2845.44,2780.57;2875.07,2769.43;2885.96,2749.43;2882.41,2722.33;2870.51,2708.15;2848.98,2698.53;2818.6,2675.23;2785.67,2683.08;2769.39,2679.43;2753.11,2684.46;2728.21,2674.16;2709.3,2685.17;2689.91,2678.47;2667.4,2666.5;2654.09,2646.56;2661.33,2636.57;2668.03,2626.75;2657.02,2598.74;2656.3,2589.64;2666.36,2583.18;2688.86,2589.16;2704.9,2577.19;2710.65,2560.67;2698.16,2518.98;2707.74,2503.42;2725.69,2493.84;2739.1,2496.71;2755.86,2486.66;2756.82,2473.73;2746.74,2455.95;2740.9,2440.49;2742.09,2420.14;2749.99,2412;2762.92,2413.68;2775.85,2423.02;2783.36,2432.86;2810.9,2432.38;2831.25,2425.44;2846.6,2426.57;2862.88,2438.06;2874.13,2438.54;2883.47,2426.81;2890.41,2409.33;2899.51,2404.78;2908.85,2407.17;2920.64,2415.9;2930.7,2414.7;2948.42,2425.47;2961.82,2434.81;2976.77,2430.47;2994.25,2435.74;3006.7,2433.34;3015.77,2436;3021.27,2444.14;3015.77,2456.35;2999.49,2480.05;3004.73,2512.63;2998.75,2552.78;3029.81,2556.01;3022.11,2546.92;3037.41,2531.27;3063.34,2533.04;3078.53,2500.02;3112.97,3108.07
322	210040000	10	70224	0.1,421.18;2420.2,371.49;2419.28,372.85;2421.97,383.51;2423.28,384.35;2437.25,380.94;2438.08,379.64;2437.41,376.96;2442.48,375.82;2443.31,374.48;2442.46,370.94;2441.15,370.23;2436.16,371.45;2435.45,369;2434.14,368.08
323	210040000	94	70225	0.1,135.1;457.27,1017.44;456.65,1061.43;503.26,1062.59;512.07,1046.42;512.32,1034.85;504.65,1018.45
324	210040000	10	70226	103,903;2122.74,1739.12;2013.28,2242.61;2202.67,2332.73;2323.51,2358.3;2538.34,2188.59;2661.67,2191.26;2663.24,2244.13;2638.3,2260.55;2638.84,2295.08;2660.42,2308.57;2741.32,2427.99;3116.25,2428.47;3115.79,1666.53;2784.79,1666.32;2704.74,1776.71;2351.34,1730.21
325	210040000	41	70227	103.1,903.1;612.75,-36.58;730.24,292.2;854.6,536.12;1203,629.89;1516.78,479.44;1631.81,286.18;1616.99,46.81;1530.34,-6.39
326	210040000	100	70228	109.33,121.33;677.89,1864.91;678.15,1864;681.79,1862.34;683.02,1862.52;684.74,1866.66;685.67,1866.4;687.28,1869.87;690.5,1868.32;692.67,1873.42;689.68,1874.8;690.4,1876.61;682.35,1880.21;678.92,1871.98;677.81,1869.91;679.76,1868.99
327	210040000	95	70229	0.1,104.3;502.14,1963.95;505.37,1998.95;527.09,2013.44;540.68,2009.24;540.68,2044.64;529.22,2032.43;497.5,2049.42;480.58,2136.27;541.04,2199.12;596.82,2179.16;595.53,2086.4;563.5,2074.35;529.71,2031.98;526.9,2012.96;555.45,2002.32;551,1962.24
328	210040000	90	70230	0.1,126.6;1600.43,2689.24;1599.26,2689.5;1597.92,2692.04;1598.33,2693.11;1603.63,2697.13;1604.29,2698.7;1607.16,2700.21;1609.08,2700.13;1611.5,2698.21;1611.96,2695.26;1611.24,2693.55;1608.44,2691.59;1606.82,2691.81;1604.83,2691.21
329	210040000	7	70231	103,123;1197.49,1121.23;1192.64,1152.1;1204.68,1171.16;1212.85,1195.79;1225.68,1199.87;1234.78,1182.72;1252.16,1174.08;1275.01,1176.81;1268.79,1136.89
330	210040000	92	70232	0.1,105.5;1148.88,1306.62;1137.14,1412.78;1177.07,1445.57;1227.3,1447.42;1277.59,1579.04;1259.22,1591.7;1241.49,1613.68;1203.1,1605.3;1177.11,1619.8;1161.37,1633.53;1171.28,1646.91;1181.46,1644.63;1206.25,1633.15;1190.05,1664.6;1178.35,1668.58;1159.03,1653.22;1150.63,1660.67;1164.66,1678.05;1180.4,1680.86;1193.18,1678.79;1220.03,1665.29;1213.13,1681.6;1215.55,1690;1249.76,1675.39;1253.26,1662.57;1231.12,1649.84;1244.05,1628.21;1264.73,1643.5;1294.91,1651.85;1318.16,1600.5;1305.43,1579.36;1278.04,1578.63;1226.43,1447.43;1248.54,1448.31;1258.36,1408.67;1230.64,1360.61;1268.33,1366.2;1277.73,1329.02;1237.68,1302
331	210040000	92	70233	0.1,800.1;82.96,1839.55;82.97,2047.47;186.37,2188.75;288.75,2192.68;333.04,2079.44;305.15,1980.5;173.31,1968.48;283.16,1914.06;257.29,1828.41
332	210040000	10	70234	103,133;809.45,1501.85;769.8,1508.43;749.99,1470.47;721.73,1463.9;691.8,1486.29;689.96,1517.59;668.24,1559.13;657.56,1593.81;688.12,1620.32;700.27,1581.29;715.74,1527.16;730.05,1514.41;742.52,1530.77;782.27,1533.52;789.78,1574.36;765.77,1605.69;770.18,1617.64;743.19,1651.4;744.92,1663.59;763,1661.74;773.48,1680.98;788.29,1685.42;768.06,1724.1;766.82,1766.51;784.22,1785.77;812.36,1787.99;839.02,1763.18;887.29,1731.52;935.05,1711.89;980.94,1720.61;958.64,1689.9;937.96,1690.44;931.96,1675.13;939.34,1666.21;959.05,1678.51;958.64,1689.63;947.6,1689.82;952.88,1715.61;981.5,1721.01;1001.09,1722.53;1038.9,1688.7;1021.59,1744.13;977.64,1796.69;972,1819.38;962.02,1828.72;973.82,1839;984.96,1828.9;993.03,1829.75;991.29,1848.55;986.62,1850.03;980.03,1848.81;973.94,1874.15;980.25,1869.78;986.77,1877.3;981.72,1909.28;970.09,1920.1;961.46,1915.22;971.69,1897.61;967.87,1878.08;979.97,1869.57;983.9,1850.1;979.74,1849.23;972.62,1840.3;978.66,1833.83;968.74,1822.99;947.64,1842.97;930.61,1871.85;940.24,1888.52;923.21,1943.32;935.1,1960.35;991.71,1948.13;1007.66,1914.86;1032.83,1894.01;1011.08,1830.16;1016.52,1795.95;1052.03,1769.04;1057.59,1744.6;1070.55,1704.98;1101.6,1673.77;1129.78,1618.47;1110.76,1611.75;1082.62,1622.12;1081.96,1585.54;1090.71,1562.32;1070.32,1555.27;1056.93,1561.24;1039.78,1579.68;1028.48,1573.42;1009.52,1546.4;1021.61,1480.35;995.14,1469.92;957.1,1486.71;933.41,1474.23;912.15,1488.02;906.69,1507.85;920.19,1519.92;919.91,1519.64;931.69,1497.79;947.78,1497.22;945.2,1516.76;958.13,1516.76;965.82,1502.57;985.03,1503.34;996.17,1524.85;992.66,1540.17;959.29,1531.77;961.29,1502.68;948.07,1496.36;945.2,1518.77;921.06,1542.05;934.27,1552.97;922.78,1565.62;900.08,1583.44;879.38,1610.74;895.77,1613.9;913.01,1594.64;938.3,1578.26;951.61,1548.38;986.57,1562.78;982.12,1583.34;1001.65,1586.76;1005.18,1567.51;1016.67,1575.66;1012.12,1601.73;1024.84,1611.08;1044.2,1591.37;1064.72,1585.4;1065.24,1605.4;1047.81,1617.67;1027.45,1627.3;1041.56,1654.58;1019.34,1650.51;992.31,1691.98;980.83,1656.8;958.62,1650.51;952.32,1636.81;928.99,1624.96;916.88,1632.8;909.87,1642.93;896.62,1631.76;884.15,1647.08;905.19,1673.58;897.92,1703.45;887.79,1713.06;828.31,1707.09;828.31,1685.53;818.54,1664.75;823.28,1659.22;842.07,1660.85;850.13,1643.97;880.43,1634.47;882.03,1646.85;904.7,1672.9;919.22,1648.37;892.21,1622.93;901.3,1610.2;909.87,1595.65;901.6,1577.96;885.22,1606.41;867.97,1618.48;846.42,1617.9;829.75,1642.04;813.08,1641.18;799.86,1632.56;815.09,1586.29;817.68,1550.37;808.2,1522.78;840.67,1508.41;858.49,1502.95;881.19,1542.61;891.25,1538.01;913.58,1539.47;943.76,1561.31;962.44,1540.9;958.7,1521.65;921.34,1520.21;931.11,1496.36;912.72,1487.74;904.96,1525.67;889.16,1525.83;874.92,1493.79;893.62,1396.64;919.08,1393.53;914.14,1371.97;892.06,1344.43;877.51,1342.62;874.14,1389.63;858.77,1482.49
333	210040000	92	70235	0.1,800.1;769.38,2351.48;794.71,2438.5;887.5,2543.82;933.39,2631.14;1140.84,2631.33;1287.52,2546.49;1323.78,2491.24;1290.55,2449.18;1270.37,2325.45;881.71,2295.87
334	210040000	90	70236	0.1,117.8;326.34,2426.59;332.05,2479.81;371.72,2480.01;369.73,2425.32
335	210040000	23	70237	0.1,130.1;413.86,295.47;419.7,315.82;419.39,322.88;440.12,317.53;447.68,306.69;444,298.32;434.52,280.8;419.7,283.62
336	210040000	95	70238	0.1,140.1;404.24,752.4;404.23,723.54;401.88,708.58;360.62,708.63;358.26,723.93;358.15,752.04
337	210040000	6	70239	126.3,141.3;2295.24,1450.77;2287.11,1486.35;2299.89,1493.78;2323.35,1490.98;2336.32,1454.24;2331.61,1433.96;2340.8,1403.5;2320.66,1397.35;2308.32,1429.99
338	210040000	93	70240	0.2,103;1696.7,1474.45;1571.64,1564.11;1496.88,1558.67;1498.26,1524.73;1542.75,1482.53;1547.79,1454.1;1627.6,1382.09;1721.07,1412.84;1760.65,1399.69;1702.15,1335.21;1707.9,1295.12;1831.5,1287.8;1831.13,1435.61;1904.52,1383.78;1960.72,1434.1;1995.57,1477.67;1980.9,1616.64;1916.69,1591.41;1882.6,1501.38;1859.81,1493.26;1822.21,1520.28;1776.34,1531.28;1732.77,1478.54
339	210040000	69	70241	0.1,200.1;2312.22,2032.92;2328.79,2044.21;2342.49,2022.17;2370.2,2016.62;2377.13,1999.74;2367.87,1975.59;2348.99,1969.98;2332.69,1977.99;2324.29,1989.59;2326.29,2013.97
340	210040000	97	70242	104.19,121.19;980.59,1439.23;980.64,1443.76;978.4,1443.8;978.68,1455.03;987.46,1454.93;987.47,1452.88;991.09,1452.89;990.96,1447.32;987.31,1447.42;987.2,1443.65;986.19,1443.66;986.13,1439.05;985.19,1438.41;981.15,1438.47
341	210040000	91	70243	0.1,137.4;958.83,2372.22;958.87,2403.55;992.83,2412.33;1003.36,2436.91;1011.85,2476.42;967.66,2464.42;930.78,2479.94;933.91,2537.62;1030.58,2518.86;1063.25,2476.43;1059.85,2428.72;1087.36,2416.72;1092.04,2400.33;1076.53,2378.38;1039.66,2406.77;1070.97,2369.01;1064.93,2359.66;1049.31,2347.94;1033.51,2356.43;1006,2388.03;1001.02,2372.82
342	210040000	91	70244	0.1,112.14;204.98,1527.82;177.43,1546.7;164.41,1624.8;192.35,1684.76;220.46,1687.24;221.05,1631.5;255.21,1562.42;236.12,1533.71
343	210040000	10	70245	103,403;900.44,2705.32;845.12,2777.5;831.41,2875.36;879.77,2962.72;958.63,3004.67;1048.11,3013.85;1120.68,2972.23;1170.72,2889.89;1179.8,2817.12;1144.52,2742;1085.69,2700.77;990.53,2688.96
344	210040000	12	70246	128.4,158.4;1208.94,2597.49;1202.29,2623.28;1193.12,2652.46;1198,2673.09;1203.13,2678;1203.82,2689.7;1194.81,2695.37;1193.35,2700.65;1193.97,2708.73;1192.92,2714.06;1185.31,2716.39;1181.79,2730.28;1185.27,2736.44;1190.48,2742.56;1192.07,2750.69;1191.23,2759.64;1193.14,2775.56;1194.86,2795.87;1191.74,2803.1;1197.11,2817.85;1203.07,2819.76;1221.83,2824.68;1237.79,2831.77;1250.75,2849.15;1254.34,2861.66;1269.47,2846.63;1246.93,2822.37;1219.41,2802.06;1211.89,2778.52;1218.74,2768.72;1207.96,2729.97;1225.07,2717.43;1226.91,2709.46;1223.81,2701.12;1216.1,2699.97;1211.02,2696.43;1211.03,2687.24;1214.44,2682.95;1217.08,2677.49;1212.76,2660.23;1213.04,2649.19;1218.1,2640.68;1220.43,2627.4;1216.6,2622.63;1226.17,2605.57
345	210050000	15	70247	589.19,597.19;1413.17,283.66;1428.57,282.55;1429.47,295.74;1414.1,296.96;1413.79,291.57;1413.6,288.63
346	210050000	50	70248	272.14,302.14;2530.08,1637.08;2540.13,1633.42;2539.2,1629.8;2547.96,1625.77;2536.39,1597.74;2527.76,1600.5;2523.78,1593.98;2513.52,1597.62;2516.1,1605.69;2507.71,1609.06;2518.97,1637.43;2527.7,1634.35
347	210050000	10	70249	300.24,350.24;2492.22,1305.51;2440.51,1351.42;2483.07,1390.45;2509.84,1405.02;2536.88,1340.43
348	210050000	11	70250	585,615;1228.82,171.2;1234.35,158.22;1245.05,149.69;1258.68,149.49;1266.86,161.37;1261.17,171.43;1269.07,181.88;1272.34,183.2;1280.33,180.63;1303.21,210;1294.95,217.2;1299.5,223.94;1293.5,228.58;1287.78,222.69;1279.12,228.59;1256.41,199.8;1258.89,191.47;1250.09,179.4;1242.44,178.84;1237.08,179.09
349	210050000	1	70251	1,1001;1044.63,-31.12;1034.1,476.55;950.63,788.02;983.15,898.36;986.36,942.58;1079.61,998.04;1071.57,1062.35;1086.69,1097.36;1140.99,1118.24;1162.41,1090.49;1164.82,998.85;1200.99,1003.67;1252.38,966.07;1318.45,880.02;1463.38,903.2;1623.8,760.43;1910.16,718.47;1866.6,642.36;1916.49,584.48;2061.06,490.17;2150.49,555.23;2420.88,511;2443.76,427.38;2491.87,316.72;2447.97,262.59;2464.81,176.59;2426.92,94.8;2477.66,-30.04;2214.47,-35.46;1238.85,-34.82;1218.35,120.17;1259.36,103.77;1389.44,163.06;1445.54,305.86;1417.87,326.11;1388.11,322.58;1370.45,338.75;1382.1,361.17;1321.84,407.74;1289.63,397.02;1205.74,258.31;1215.8,120.72;1233.7,-32.53
350	210050000	50	70252	340.17,455.17;1064,777.71;989.46,901.24;990.29,939.12;1086.64,991.42;1080.47,1056.07;1089.88,1103.96;1128.49,1128.54;1152.53,1085.72;1157.88,1047.83;1145.53,984.01;1199.88,988.12;1240.24,956.42;1250.94,926.77;1287.59,907;1293.36,875.3;1253,860.89;1220.06,872;1204.82,850.18;1234.88,790.47;1232,762.06;1187.12,741.47;1153.76,755.06;1138.53,795.82;1102.7,770.71
351	210050000	51	70253	1,1001;-11.66,2090.88;-11.11,2230.59;53.47,2257.87;91.31,2270.12;182.6,2261.21;251.07,2206.66;263.31,2110.37;213.77,2044.68;168.09,2010.07;105.59,2006.39
352	210050000	51	70254	250,308;222.69,1228.46;215.35,1295.39;206.02,1322.22;153.01,1367.21;202.01,1431.51;259.91,1389.95;307.62,1365.72;357.11,1361.3;370.44,1329.7;366.41,1304.07;309.49,1301.61;277.94,1247.66;254.75,1217.42
353	210050000	3	70255	1,461;2363.15,420.04;2348.87,428.15;2337.2,447.67;2340.89,470.65;2367.75,485.75;2392.22,483.43;2401.35,463.4;2404.14,446.15;2399.03,425.33;2383.6,420.29
354	210050000	19	70256	555,565;1372.8,358.76;1372.25,360.56;1368.91,362.48;1367.39,362.43;1364.36,359.07;1361.23,359.65;1351.49,344.97;1364.19,337.76;1372.51,351.58;1372.64,353.27;1370.21,354.69
355	210050000	2	70257	1,1001;-23.73,-56.5;-23.73,258.73;177.84,243.58;209.66,173.86;312.72,145.07;373.34,201.14;417.29,399.68;348.92,528.64;257.75,560.31;249.4,605.19;304.73,665.74;282.81,745.07;447.74,757.6;575.35,672.13;642.45,678.39;678.41,369.87;584.77,301.56;527.64,221.61;566.97,-65.66
356	210050000	50	70258	1,58.6;2154.71,2236.37;1979.4,2422.83;2064.9,2508.44;2154.69,2416.27;2307.04,2397.64;2340.49,2310.24;2327.44,2248.88;2273.95,2153.37;2332.7,2137.61;2338.91,2116.59;2304.52,2077.91;2350.85,2012;2302.13,1964.72;2243.39,2025.85;2191.81,2055.94;2165.07,2119.94
357	210050000	10	70259	1,561;959.49,222.96;941.11,224.19;926.08,262.05;856.95,223.33;870.45,191.84;859.33,168.98;837.09,148.28;808.97,157.32;791.64,185.73;760.43,173.34;717.96,185.03;719.89,191.32;640.18,209.57;639.23,196.33;625.89,188.21;617.48,198.07;603.83,197.24;596.31,199.52;593.99,214.89;588.19,223.73;596.02,234.32;612.55,247.66;626.65,241.13;628.79,222.72;640.21,209.95;720.51,191.73;721.95,197.86;753.59,197.29;782.57,209.57;807.77,217.12;829.05,242.35;856.86,224.28;926.31,263.05;933.81,290.47;909.93,297.9;905.95,313.33;923.64,329.79;946.82,325.44;986.24,282.86;975.83,266.36;988.43,250.1;967.81,232.44
358	210050000	1	70260	625,925;1050.59,36.8;1031.07,439.68;1174.3,615.94;1415.66,692.3;1675.82,615.01;1756.88,322.8;1588.16,-47.65;1091.4,-46.71
359	210050000	52	70261	328.6,378.6;324.34,955.49;324.01,964.13;315.28,971.27;325.53,989.21;335.83,979.77;341.05,970.56;345.05,960.48;349.75,947.11;357.91,946.74;374.77,938.57;390.3,945.22;401.88,921;387.11,913.02;376.86,902.29;364.69,902.41;353.8,910.85;351.65,917.89;345.74,920.32;326.79,940.31
360	210050000	2	70262	1,1001;1499.43,1092.34;1531.26,1152.37;1570,1267.67;1557.45,1316.24;1630.89,1316.88;1655.13,1349.9;1739.5,1380.63;1753.07,1410.57;1753.26,1411.13;1785.97,1490.27;1790.84,1496.04;1780.35,1528.46;1805.67,1611.02;1793.61,1629.1;1810.49,1683.94;1850.86,1730.95;1868.34,1791.21;2005.14,1683.94;2038.28,1575.47;1951.5,1498.33;1947.89,1447.1;1912.93,1440.48;1875.57,1481.45;1850.86,1448.31;1822.2,1363.09;1850.1,1322.58;1875.41,1324.99;1870.59,1394.9;1905.54,1385.26;1926.63,1349.1;1973.03,1393.69;2074.28,1423.22;2104.41,1406.95;2109.83,1368.98;2068.85,1284.62;2055.6,1191.21;2062.22,1120.7;1956.09,1039.73
361	210050000	17	70263	595,607;1358.64,199.18;1362.78,199.89;1365.86,183.22;1354.42,181.53;1351.65,198.03;1356.19,198.71
362	210050000	53	70264	261.48,289.48;2609.29,1641.12;2613.41,1644.79;2622.36,1651.97;2625.84,1656.68;2640.44,1640.16;2623.21,1625.61
363	210050000	2	70265	1,1001;1860.54,1777.29;1763.18,1807.78;1626,1920.24;1544.63,1901.77;1555.21,1871.05;1595.25,1846.03;1606.93,1774.29;1556.05,1704.23;1475.98,1690.89;1451.79,1795.98;1388.2,1820.96;1287.18,1861.12;1147.76,1746.56;1042.96,1764.32;997.57,1743.39;944.29,1596.86;887.67,1608.31;859.52,1440.63;790.98,1461.44;771.4,1445.53;729.78,1329.26;708.97,1359.86;652.67,1383.11;647.78,1446.75;617.18,1454.1;604.76,1520.08;530.28,1616.88;536.4,1693.99;481.32,1714.8;440.93,1798.02;537.76,1952.66;608.92,1997.78;651.86,2138.81;1091.29,2476.35;1888.31,2477.96;2140.33,2219.36;2167.71,2111.75;2194.22,2059.68;2245.04,2021.39;2194.24,1915.9;2174.39,1880.27;2145.48,1834.84;2190.78,1780.87;2180.27,1653.32;2004.04,1670.71
364	210050000	12	70266	597.01,607.01;1259.38,277.96;1259.53,273.61;1242.76,272.65;1242.14,284;1259.11,285.04;1259.29,280.51
365	210050000	7	70267	1,651;1300.18,98.59;1249.69,97.29;1194.59,110.51;1160.96,161.47;1138.54,220.91;1166.05,280.69;1207.49,319.75;1228.88,338.06;1255.37,323.12;1250.28,292.55;1231.94,279.64;1241.46,256.57;1228.89,218.87;1224.48,178.11;1232.97,157.73;1262.86,143.8;1294.24,151.24;1322.3,176.41;1362.13,175.75;1391.2,226.97;1428.7,196.13;1394.73,133.97;1333.92,100.91
366	210050000	3	70268	1,1001;287.31,725.77;145.43,772.29;86.51,769.96;-57.67,794.78;-57.67,908.74;103.3,886.14;314.69,1036.13;331.33,1209.33;330.52,1292.02;349.93,1308.66;377.27,1352.94;371.91,1372.1;319.6,1419.4;468.02,1433.42;489.34,1392.27;550.13,1425.57;601.76,1309.83;545.6,1271.39;538.91,1177.07;589.31,1070.86;542.01,1019.69;353.62,994.1;334.87,983.82;320.74,965.51;325.98,940.91;351.1,911.6;363.87,902.04;502.07,868.42;454.77,741.28
367	210050000	1	70269	1,1001;-29.83,896.11;-23.45,1448.42;182.96,1510.49;255.87,1461.27;334.48,1424.44;348.91,1393.57;372.67,1372.49;378.42,1353.32;353.94,1310.97;342.45,1297.22;358.42,1192.32;354.3,1027.45;185.25,927.1;101.4,877.89
368	210050000	3	70270	1,701;583.67,1295.12;525.15,1432.24;629.82,1502.63;663.38,1462.21;673.12,1438.34;672.58,1402.61;729.19,1377;753.53,1460.41;781.7,1484.56;849.47,1469.3;888.67,1627.09;934.8,1617.63;971.61,1722.2;995.83,1768.41;1047,1787.71;1148.88,1767.06;1251.26,1855.71;1291.21,1870.9;1464.48,1797.76;1503.29,1674.56;1441.41,1641.93;1355.9,1732.51;1251.83,1704.38;1177.15,1598.76;1062.72,1667;1011.1,1621.67;1015.59,1577.68;1006.17,1535.49;965.42,1513.98;942.53,1407.61;912.46,1339.39;900.34,1337.15;871.91,1366.97;828.38,1338.69;808.63,1317.15;798.28,1282.35;767.62,1233.53;720.83,1233.22;673.37,1261.53;639.23,1318.99
369	210050000	2	70271	1,1001;843.95,1062.1;810.67,1084.97;808.93,1128.47;794.13,1162.41;753.24,1178.94;743.67,1221.58;763.68,1273.78;786.3,1294.67;778.65,1356.15;806.32,1382.55;884.63,1382.55;894.2,1360.8;919.43,1413;933.03,1531.05;991.65,1563.53;995.13,1623.57;1058.65,1684.48;1166.54,1617.48;1237.89,1716.67;1346.31,1750.43;1413.07,1709.35;1445.59,1648.58;1464.55,1468.3;1273.57,1493.92;1206.57,1467.82;1160.45,1401.69;1163.93,1268.56;1187.43,1158.93;1136.96,1121.51;1074.75,1093.19;943.54,1105.75;894.2,1151.1
370	210050000	3	70272	0.1,1000.1;484.72,865.32;362.61,901.13;347.43,916.83;321.18,937.95;317.08,962.37;336.44,987.49;341.95,1002.13;526.39,1024.98;572.07,1071.6;518.64,1167.83;527,1271.69;642.09,1345.74;761.3,1238.41;774.56,1179.76;732.33,1107.99;695.78,1073.27;692.44,1024.18;785.91,800.53;738.01,690.62;598.38,620.51;438.11,749.1
371	210050000	2	70273	1,351;2528.16,57.46;2519.65,105.84;2512.35,146.11;2521.61,171.6;2505.29,228.13;2506.3,253.72;2522.26,278.76;2523.44,307.92;2517.93,331.38;2491.82,419.19;2438.39,506.35;2430.29,537.51;2464.2,570.02;2485.89,601.92;2508.82,627.61;2568.3,663.53;2596.03,698.33;2625.19,700.36;2641.59,674.86;2635.43,642.63;2605.26,634.29;2573.62,623.44;2530.71,608.15;2525.85,599.92;2511,577.25;2494.79,559.13;2479.24,525.08;2480.83,508.9;2512.5,471.13;2540.38,444.9;2542.62,418.74;2554.19,384.92;2557.86,350.64;2562.83,341.8;2575.3,307.92;2562.45,263;2553.36,248.3;2553.46,238.88;2560.18,227.2;2564.07,213.23;2571.9,190.38;2572.21,168.48;2572.4,156.47;2570.19,115.8;2555.18,79.98;2561.73,58.65
372	210050000	17	70274	436.48,486.48;1255.34,954.16;1259.53,951.89;1260.67,911.46;1223.97,902.29;1199.03,915.48;1188.42,947.31;1213.08,971.68;1237.59,973.26;1288.92,1020.66;1292.94,1038.44;1290.64,1056.51;1297.61,1072.11;1308.99,1078.87;1323.23,1082.51;1322.15,1065.62;1313.52,1062.38;1307.77,1047.64;1312.44,1039.01;1323.95,1031.1;1340.13,1040.09;1342.65,1053.75;1334.02,1062.38;1322.51,1065.98;1323.76,1082.67;1343.97,1079.16;1357.16,1061.67;1359.46,1038.73;1348.7,1022.22;1324.76,1006.62;1301.82,998.87
373	210050000	2	70275	1,1001;1666.35,1089.19;1525.11,1112.54;1420.33,892.72;1607.22,750.96;1910.8,697.42;2180.31,773.32;2254.66,926.67;2118.35,991.72;2082.73,1055.23;2057.94,1129.57;1945.55,1092.36
374	210050000	50	70276	290,337;2849.35,351.23;2855.66,391.91;2865.9,414.71;2888.58,414.56;2901.3,401.39;2922.4,368.86;2922.31,329.48;2870.31,317.29
375	210050000	13	70277	585.56,597.66;1271.09,321.7;1281.54,335.79;1299.51,322.45;1295.98,317.48;1293.68,314.07;1288.93,308.8
376	210050000	4	70278	1,441;1646.89,897.69;1647.76,944.19;1651.85,964.38;1684.98,964.06;1702.78,944.59;1707.11,905.96;1687.06,898.35
377	210050000	16	70279	375.75,440.75;1220.49,1105.29;1167.76,1104.62;1168.62,1128.4;1192.59,1132.15;1222.43,1170.96;1207.64,1219.83;1224.43,1262.33;1232.19,1284.81;1214.32,1310.69;1214.78,1339.15;1232.13,1350.48;1246.01,1350.95;1246.48,1340.54;1233.32,1331.07;1230.57,1318.3;1237.85,1303.83;1249.96,1302.23;1262.21,1310.46;1261.46,1325.67;1254.38,1335.98;1247.17,1339.84;1247.4,1352.34;1263.36,1348.63;1278.17,1330.36;1275.16,1306.76;1266.61,1282.41;1239.53,1215.96;1247.69,1185.11;1268.13,1175.59;1294.2,1208.24;1305.51,1198.87;1403.04,1231.87;1416.68,1247.98;1421.08,1266.54;1398.32,1282.77;1391.78,1302.53;1397.95,1323.8;1415.39,1344.5;1445.1,1343.66;1461.42,1370.58;1473.64,1386.59;1493.02,1367.63;1477.85,1350.35;1469.25,1329.54;1468.06,1299.41;1451.09,1302.31;1450.67,1314.53;1442.46,1327.38;1423.28,1322.54;1413.38,1310.95;1420.54,1295.36;1432.34,1286.72;1444.35,1291.14;1450.46,1300.83;1467.53,1298.73;1465.32,1287.61;1442.99,1266.12;1437.3,1238.73;1421.87,1216.66;1402.71,1230.93;1306.1,1198.33;1316.61,1188.84;1274.83,1131.11;1260.68,1140.03;1227.59,1130.81
378	210050000	1	70280	300,510;1487.16,407.72;1447.17,359.68;1396.75,427.17;1432.86,474.61;1461.35,491.55;1525.31,529.23;1610.31,534.84;1642.27,571.62;1658.96,607.1;1637.96,642.28;1609.32,666.1;1611.78,690.26;1633.46,715.76;1668.91,730.63;1682.53,745.81;1706.47,736.53;1700.61,705.66;1685.71,697.44;1693.89,653.78;1731.81,604.86;1738.03,564.58;1708.36,533.73;1704.49,508.87;1686.48,487.42;1647.72,478.44;1606.99,484.91;1589.33,477.96;1567.26,454.01;1532,463.83;1514.48,449.58;1507.7,423.86
379	210050000	3	70281	1,1001;2309.92,957.2;2233.48,907.86;2104.94,981.34;2058.61,1041.92;2042.66,1191.16;2059.7,1279.9;2103.01,1368.64;2096.62,1404.85;2071.77,1416.92;1969.41,1382.39;1934.09,1453.87;1939.31,1500.24;2024.75,1577.46;1991.07,1682.62;2161.8,1685.26;2267.22,1663.65;2539.19,1523.12;2495.91,1433.43;2527.59,1360.62;2568.16,1332.83;2562.24,1291.57;2615.99,1246.36;2637.98,1147.41;2628.83,1123.7;2549.21,1103.84;2536.9,1084.87;2579.94,999.85;2571.8,962.91;2527.79,960.74;2501.18,954.76;2484.88,933.03;2444.2,850.51
380	210050000	14	70282	586.73,597.73;1324.26,355.92;1329.26,353.98;1332.32,354.92;1333.58,357.81;1337.75,360.28;1331.47,381.42;1315.03,376.42;1321.46,355.44
381	210050000	51	70283	236.58,266.58;2344.99,2066.94;2327.85,2091.94;2345.7,2125.04;2378.92,2126.35;2401.06,2097.3;2392.01,2070.51;2375.66,2042.85;2364.69,2043.76
382	210050000	1	70284	535,655;1154.09,-12.23;1202.12,123.92;1194.07,266.06;1234.29,324.64;1279.59,397.89;1330.99,434.49;1365.6,463.18;1430.26,453.16;1434.87,452.46;1476.18,418.12;1509.96,369.37;1500.39,308.35;1459.36,230.36;1401.11,144.14;1271.79,87.49;1207.13,121.19;1159.55,-12.42
383	210050000	2	70285	0.1,1000.1;2518.77,1502.58;2251.9,1641.41;2153.45,1666.22;2158.74,1802.06;2252.62,1783.28;2343.13,1828.66;2354.7,1869.27;2309.04,1883.6;2239.68,1863.07;2231.42,1900.92;2311.05,1964.89;2346.91,2013.8;2298.24,2082.92;2329.27,2127.35;2258.04,2178.14;2333.51,2243.73;2409.47,2498.34;3093.61,2344.04;3092.52,1392.98;2893.39,1393.38;2851.92,1569.48
384	210050000	50	70286	435.09,465.09;1337.04,954.8;1332.93,976.33;1339.08,977.28;1337.63,985.65;1351.5,988.68;1356.95,988.66;1358.58,981.26;1365.4,982.91;1368.97,960.84
385	210050000	1	70287	0.1,1000.1;2669.9,-22.4;2591.28,427.17;2541.63,545.25;2670.79,607.49;2709.54,704.94;2851.62,749.56;3115.81,690.85;3113.36,-21.21
386	210050000	18	70288	587.55,597.85;1259.02,302.19;1267.89,316.82;1286.61,305.49;1283.75,299.91;1281.72,296.44;1277.91,290.97
387	210050000	51	70289	201.82,244.82;2527.31,2145.22;2530.87,2155.07;2508.97,2172.53;2506.3,2172.92;2503.64,2172.46;2487.97,2154.41;2488.61,2148.49;2512.47,2129.76;2521.21,2137.89
388	210050000	51	70290	384.17,410.17;1519.46,1288.1;1518.55,1306.63;1526.39,1307.5;1526.3,1313.17;1546.33,1315.6;1548.59,1284.89;1528.23,1283.58;1527.85,1287.59
389	210050000	53	70291	321.12,361.12;321.45,1296.29;305.19,1304.79;313.07,1317.09;324.35,1325.42;337.1,1333.22;332.67,1342.43;337.46,1349.52;337.1,1359.26;327.89,1372.55;346.85,1390.62;361.55,1378.4;371.47,1370.96;376.08,1358.02;369.88,1346.86;363.15,1344.03;364.56,1338.53;347.38,1311.6;326.58,1302.96
390	210050000	52	70292	351.48,377.48;40.62,890.05;42.19,953.87;64.62,983.2;81.17,999.9;107.89,991.46;123.89,982.7;136.08,951.65;99.97,881.93
391	210050000	4	70293	0.1,700.1;1722.23,1372.42;1782.05,1529.93;1798.18,1513.6;1799.68,1490.31;1844.75,1459;1870.66,1495.81;1898.84,1493.94;1943.91,1459.38;1991.24,1388.76;1930.39,1325.28;1895.48,1373.68;1885.31,1369.23;1886.09,1312.45;1844.39,1307.95;1815.91,1364.09;1758.74,1395.28
392	210050000	5	70294	1,1001;-63.86,1417.54;-60.68,2010.62;102.14,2039.49;178.74,2043.55;274.17,2137.92;342.28,2156.14;556.49,2164.7;720.86,2137.14;682.99,2073.8;647.91,1996.41;560.67,1923.23;469.73,1794.9;487.92,1731.24;563.53,1697.42;554.58,1633.59;628.51,1556.25;635.6,1462.82;483.71,1381.81;461.01,1423.54;329.23,1410.71;259.53,1441.04;182.91,1491.23
393	210050000	7	70295	500,600;289.34,482.46;283.83,491.13;284.67,508.53;286.68,524.45;311.01,525.39;317.63,548.85;356,529.34;326.05,501.36;304.45,481.91
394	210050000	5	70296	1,1001;2158.33,2419.58;2043.52,2546.35;1925.44,2409.53;2121.44,2215.53;2143.95,2160.22;2185.18,2044.96;2223.04,2011.4;2213.25,1980.64;2282.05,1923.78;2343.55,2000.92;2351.04,2015.91;2304.19,2082.45;2336.05,2127.43;2267.64,2178.97;2338.86,2234.25;2362.82,2299.31;2323.87,2413.37;2194.14,2446.43
395	210050000	18	70297	374.48,574.48;932.43,1012.62;921.46,1066.47;1010.87,1080.96;1047.58,1040.27;1044.05,1003.06;1011.19,982.02;986.37,935.9;939.47,944.71;922.73,999.54
396	210050000	50	70298	367.02,402.02;284.82,1350.7;292.21,1369.5;344.96,1378.73;357.05,1391.68;372.78,1371.48;362.99,1346.06;332.01,1333.67
397	210050000	8	70299	1,1001;758.9,258.56;817.77,418.91;911.62,423.25;989.56,334.64;978.79,262.33;970.73,149.08;856.54,166.16
398	210050000	9	70300	1.1,701.1;230.06,140.76;350.8,132.58;370.23,145.99;391.85,196.43;428.68,254.88;438.29,338.15;540.78,306.13;501.54,220.45;512.75,146.79;525.47,-14.1;29.93,-11.75;40.01,176.53;184.94,202.15
399	210050000	8	70301	300,380;2928.92,504.95;2919.48,528.05;2944.61,560.73;2961.67,587.94;2965.53,615.76;2991.84,627.7;3016.45,603.83;3017.43,568.99;3025.47,549.25;3005.73,524.4;2994.77,518.8;2999.88,497.35;2986.68,479.44;2956.52,479.33
400	210050000	2	70302	1,1001;3149.26,665.53;2862.13,733.58;2691.84,667.71;2657.04,696.29;2430.36,863.85;2465.64,951.32;2520.93,966.64;2560.56,971.29;2572.21,996.08;2542.38,1059.86;2525.6,1100.88;2620.76,1134.05;2605.77,1240.72;2545.17,1282.67;2561.02,1329.28;2514.57,1341.17;2480.71,1408.37;2505.09,1512.93;2657.97,1540.9;2891.75,1610.98;2972.67,1408.42;3154.85,1413.28;3151.47,951.49;2934.76,960.43;2921.35,1098.94;2850.86,1287.5;2750.44,1277.68;2684.53,1300.02;2821.93,959.31;3149.23,949.26
401	210050000	13	70303	58.6,108.6;2305.44,1964.44;2234.48,2032.35;2196.31,2056.64;2154.66,2154.51;2210.19,2274.59;2142.17,2258.63;2114.4,2332.2;2076.92,2380.1;2151.89,2375.24;2169.24,2359.97;2196.31,2362.75;2224.07,2387.04;2239.65,2390.36;2280.35,2380.7;2299.73,2335.68;2304.55,2307.62;2303.93,2215.53;2265.72,2176.03;2273.35,2147.57;2318.14,2126.33;2300.42,2081.63;2348.32,2017.08
402	210050000	51	70304	1,190.4;3108.24,1395.1;2958.26,1399.05;2883.27,1591.12;2666.2,1526.66;2608.32,1535.87;2656.99,1984.48;2770.13,2104.2;3109.94,2053.81
403	210050000	1	70305	0,1000;509.81,-34.2;514.08,107.17;494.67,221.56;561.82,320.16;618.53,373.19;576.27,655.57;717.79,706.31;753.07,789.37;852.94,814.43;1009.67,867.63;1119.38,486.33;1132.27,-38.11
404	210050000	1	70306	1,1001;-41.3,239.38;-38.32,799.63;73.22,776.62;151.52,784.14;294.26,745.66;319.45,658.89;259.82,602.7;271.01,569.81;354.28,533.43;440.35,406.78;389.2,195.33;318.59,128.99;198.24,163.97;168.85,226.95
405	210050000	2	70307	0.1,600.1;2757.02,959.67;2627.79,1334.95;2713.84,1356.46;2803.57,1322.17;2874.59,1332.75;2979.71,1119.42;2983.8,939.35;2890.76,922.67
406	210050000	9	70308	376.94,401.94;1197.63,900.59;1179.37,959.45;1186,964.93;1203.33,962.42;1217.48,945.99;1223.19,919.75;1218.4,905.15
407	210050000	52	70309	313.6,383.6;1523.97,1302.19;1574.56,1255.66;1537.91,1161.25;1450.65,1185.53;1410.99,1162.47;1333.26,1199.5;1332.89,1255.03;1296.18,1279.75;1313.34,1351.14;1349.34,1351.51;1430.93,1384.09;1464.13,1420.89;1496.78,1426.54;1587.23,1390.35;1563.06,1333.4
408	210050000	51	70310	400,457.3;1513.77,424.96;1563.11,451.27;1513.84,559.4;1436.2,499.22;1375.22,430.5;1463.22,360.72
409	210050000	50	70311	300,432;1043.99,1573.06;1043.64,1611.1;1048.98,1620.4;1062.12,1633.87;1094.19,1634.14;1113.39,1620.13;1116.65,1611.42;1116.52,1571.65;1103.67,1561.08;1110.11,1548.43;1097.99,1539.08;1085.85,1537.93;1085.34,1533.62;1074.28,1533.32;1073.06,1538.14;1061.54,1538.9;1049.35,1547.98;1055.88,1562.7
410	210050000	3	70312	1,1001;2181.69,1783.76;2130.44,1842.75;2163.25,1892.23;2162.66,1970.88;2240.71,2026.29;2323.54,1963.73;2247.86,1904.14;2247.27,1876.73;2308.04,1898.78;2371.28,1893.31;2380.83,1877.32;2369.46,1825.42;2278.91,1768.49
411	210050000	6	70313	1,1001;2456.79,-58.16;2410.14,88.77;2449.06,184.84;2433.69,265.07;2472.95,320.83;2407.52,467.07;2395.66,553.05;2460.53,595.73;2521.42,666.29;2570.92,697.01;2591.45,785.69;2732.93,718.01;2695.53,604.83;2554.63,541.77;2604.98,433.19;2689.08,-58.16
412	210050000	4	70314	1,1001;1439.39,1470.45;1423.21,1643.12;1477.42,1710.68;1544.98,1724.86;1579.18,1778.24;1579.18,1834.96;1542.48,1856.65;1524.49,1910.52;1624.26,1932.96;1770.93,1821.97;1881.14,1784.51;1808.39,1626.04;1815.59,1606.59;1793.26,1524.47;1806.95,1487.73;1745.72,1365.99;1660,1335.02;1632.62,1296.84;1564.07,1301.04;1551.94,1318.72;1558.77,1369.87;1464.52,1420.42
413	210050000	3	70315	1,1001;773.33,769.27;699.51,956.03;696.38,988.4;673.93,1002.5;674.45,1077.7;719.97,1117.75;700.56,1167.52;748.5,1188.79;801.25,1177.82;822.66,1131.35;822.14,1094.79;836.24,1089.05;890.02,1166.86;948.14,1116.41;1035.07,1123.49;1051.7,1106.55;1097.6,1114.61;1077.5,1055.93;1083.13,994.84;988.27,939.37;987.47,896.77;980.48,786.22
414	210050000	14	70316	1,461;1684.66,770.73;1630.54,811.98;1625.9,858.11;1649.87,898.12;1682.94,895.58;1686.88,850.06;1709.17,833.34;1741.06,804.24;1764.58,755.02;1743.83,728.96;1697.41,754.09
415	210050000	6	70317	1,231;1486.29,1517.86;1462.73,1525.59;1456.42,1552.64;1460.88,1563.13;1260.88,1712.38;1246.88,1704.75;1228.88,1705.88;1219.88,1718.25;1119.25,1707.5;1113.13,1700.38;1109.63,1679.75;1091.5,1693.13;1062.38,1696;1062.75,1707.5;1034.75,1701.13;1031.13,1686.88;1014.63,1677.13;1001.38,1666.88;988.38,1669.25;884.88,1652.38;795.75,1444.13;772.38,1431.88;641.25,1423;630.75,1409.5;613.63,1403.88;614.5,1367.75;624.13,1368.38;637.5,1351.13;620.13,1341.25;612.38,1331.5;599.13,1330.88;591,1351.25;601.75,1362.75;614.38,1367.75;613.5,1403.63;601.63,1409.38;594.5,1425;605.63,1440;624.38,1440.13;641,1423.25;772.38,1432.13;795.5,1444.13;884.63,1652.5;988.38,1669.38;987.5,1683.25;996.63,1692.88;1003.75,1707.63;1015.25,1716.63;1027.88,1711;1034.75,1701.25;1062.63,1707.63;1062.13,1714.63;1079.25,1725.5;1106.38,1723;1119.25,1707.75;1219.88,1718.5;1227.38,1734.63;1238.75,1740.25;1255.13,1741;1270,1730.75;1260.88,1712.63;1460.75,1563.25;1467.71,1575.35;1491.27,1584.97;1506.83,1578.23;1514.41,1554.02;1505.03,1524.11;1486.37,1518.19;1502.15,1478.01;1510.98,1477.67;1526.29,1461.32;1525.24,1439.4;1510.03,1425.52;1591.33,1368.15;1601.98,1372.56;1636.63,1363.85;1651.54,1343.05;1641.27,1320.55;1613.39,1311.58;1588.79,1327.61;1586.07,1349.42;1591.2,1368.04;1510.09,1425.36;1502.98,1423.06;1486.63,1434.88;1482.46,1458.89;1488.72,1471.06;1501.94,1478.02
416	210050000	15	70318	196.1,236.1;2180.83,1818.47;2162.28,1838.64;2173.01,1868.22;2199.46,1911.69;2217.26,1946.25;2234.02,1984.74;2264.92,1993.12;2273.56,2008.83;2298.17,1994.95;2296.34,1967.72;2267.9,1960.2;2262.82,1940.49;2240.83,1911.43;2233.57,1870.69;2245.8,1831.57;2241.35,1810.88;2207.84,1797.79
417	210050000	2	70319	1,1001;1164.11,1171.38;1135.97,1271.55;1133.07,1397.27;1179.87,1471.89;1257.53,1518.04;1453.37,1478.64;1595.81,1390.56;1569.77,1316.23;1581.71,1263.79;1546.13,1111.39;1429.74,887.74;1307.69,872.63;1248.72,960.27;1200.49,994.84;1153.87,991.62;1161.91,1039.05;1159.49,1085.67;1130.56,1127.47
418	210050000	52	70320	1,341;1332.52,2305.34;1389.5,2313.46;1400.44,2250.8;1403.5,2206.93;1410.72,2149.7;1399.53,2130.98;1375.49,2127.02;1363.8,2141.11;1352.49,2198.77;1342.63,2239.58
419	210050000	16	70321	585,597.8;1382.73,243.99;1386.09,248.2;1389.74,252.44;1406.79,238.99;1396.09,225.64;1379.42,239.33
420	210050000	52	70322	211.49,231.49;2455.42,2039.86;2455.37,2051.62;2449.33,2052.36;2447.92,2058.08;2423.19,2058.1;2421.97,2048.16;2421.92,2041.53;2423.79,2032.37;2447.84,2032.92;2451.3,2035.9
421	210050000	5	70323	1,491;485.62,467.42;483.79,498.88;460.18,521.94;442.61,551.58;413.52,552.13;391.55,556.25;355.87,545.82;345.71,534.01;319.9,543.9;314.96,566.13;335.28,575.74;326.2,614.86;339.41,626.15;395.95,600.45;458.02,601.61;490.42,580.75;508.67,584.02;543.4,568.12;557.77,548.86;576.61,548.68;582.48,531.02;568.2,515.92;569.85,486.54;564.36,458.82;580.28,429.44;574.52,418.74;553.93,426.42;541.58,394.3;528.95,377.83;513.03,382.5;514.95,399.25;517.88,429.58;501.77,455.52
422	210050000	54	70324	246.51,270.51;2298.02,1760.13;2314.96,1748.82;2312.62,1744.09;2314.93,1741.97;2308.81,1732.68;2306.32,1734.27;2305.11,1734.34;2302.47,1730.39;2285.29,1741.89
423	210050000	1	70325	1,1001;2150.48,495.63;2042.96,434.39;1910.87,578.88;1850.15,643.76;1897.35,731.01;2138.84,780.95;2225.94,925.59;2305.48,974.04;2384.25,916.62;2601.06,757.02;2585.6,686.4;2471.18,582.51;2409.45,549.39;2436.23,456.39
424	210050000	11	70326	1,491;437.63,64.17;420.64,87.46;436.25,112.74;448.9,121.42;446.91,130.09;452.24,154.06;470.78,162.22;485.33,155.87;487.81,136.54;487.56,103.32;469.49,64.43;452.37,57.72
425	210050000	12	70327	190.4,220.4;2681.93,1820.14;2689.48,1875.33;2688.86,1941.32;2700.97,1980.78;2736.92,2014.19;2812.03,2009.55;2845.66,1970.37;2882.3,1945.69;2908.3,1967.13;2919.1,2020.05;2980.12,2012.49;3023.86,1994.67;3033.04,1967.13;3026.02,1935.81;3019,1932.03;2997.21,1875.79;2946.14,1821.16;2930.29,1779.01;2926.06,1745.85;2936.49,1676.71;2974.62,1604.04;2979.93,1568.4;3013.2,1519.14;3042.93,1438.59;3032.5,1418.84;2973.8,1423.78;2942.52,1463.28;2933.74,1541.74;2920.03,1586.18;2883.26,1575.21;2779.57,1593.31;2750.13,1565.96;2708.43,1567.05;2653.01,1548.95;2642.04,1574.19;2673.31,1609.3;2649.17,1702.58;2678.25,1755.44
426	210060000	4	70328	0.1,100.1;2881.4,2384.31;2873.06,2399.47;2872.94,2419.13;2882.12,2428.8;2896.32,2440.65;2895.51,2457.37;2906.9,2463.63;2906.35,2493.65;2920.86,2495.55;2850.14,2676.83;2846.33,2673.82;2834.53,2676.79;2824.33,2685.22;2818.18,2694.77;2819.81,2705.27;2829.07,2716.22;2836.68,2719.79;2848.82,2718.39;2852.6,2711;2854.12,2693.81;2850.11,2676.79;2920.83,2495.62;2921.04,2495.66;2942.4,2472.7;2943.16,2444.72;2938.52,2424.34;2922.94,2410.7;2925.86,2387.79;2900.28,2377.59
427	210060000	54	70329	0.1,140.1;1667.43,320.35;1667.09,377.45;1687.8,393.77;1720.09,385.15;1742.32,353.2;1741.71,309.21;1715.96,308.9
428	210060000	7	70330	0.1,800.1;2775.71,1609.76;2777.57,1659.84;3097.11,1714.87;3100.04,1625.24
429	210060000	12	70331	0.1,120.1;1724.19,147.11;1715.44,162;1724.38,171.89;1712.59,173.67;1706.99,183.75;1694.65,193.62;1681.04,194.8;1667.62,202.55;1665,217.49;1667.81,233.6;1655.08,244.97;1645.9,248.95;1643.29,264.17;1652.67,276.28;1651.57,280.12;1643.62,284.3;1638.1,299.04;1638.99,305.55;1634.16,321.45;1616.61,324.26;1604.95,330.5;1602.06,344.9;1607.48,352.17;1607.89,359.57;1605.76,368.97;1593,375.48;1585.32,388.03;1583.54,404.07;1595.4,414.76;1597.57,428.94;1602.48,443.71;1627.41,438.96;1635.31,409.4;1640.66,384.38;1635.72,380.4;1627.97,362.86;1621.87,344.29;1623.6,338.86;1638.13,334.68;1646.98,329.47;1649.89,315.08;1654.28,307.33;1655.92,299.79;1665.76,293.01;1670.83,284.57;1672.41,271.07;1662.42,261.22;1677,253;1691.26,239.39;1708.02,243.66;1725.02,235.23;1729.2,228.58;1729.59,180.87;1724.28,171.81;1740.12,173.66;1744.16,164.68;1745.76,165.47;1752.56,158.73;1766.06,147.96;1777.99,132.81;1780.87,121.78;1774.57,100.73;1760.12,97.63;1742.57,109.49;1738.25,120.12;1736.74,131.84;1733.38,142.88
430	210060000	1	70332	0.1,800.1;1159.25,1881.37;1005.78,2033.18;943.08,2510.07;1207.02,2545.43;1375.33,2415.07;1637.71,2522.33;1736.8,2196.55;1639.36,1651.05;1429.79,1665.9;1211.97,1619.7;1178.97,1654.35
431	210060000	6	70333	0.1,400.1;260.48,2241.89;141,2426.73;111.81,2738.45;174.46,2799.76;266.82,2831.75;448.24,2842.95;598.55,2798.2;704.79,2659.86;713.55,2414.1;613.73,2259.99;440.22,2191.09
432	210060000	56	70334	0.1,140.1;1700.44,600.41;1721.02,654.03;1755.64,669.04;1791.51,642.77;1796.89,599.58;1783.15,579.04;1759.72,571.71;1729.5,574.96
433	210060000	1	70335	0.1,200.1;2233.46,1401.82;2092.8,1431.89;2053.74,1567.54;2065.25,1649.36;2154.15,1717.82;2321.36,1716.8;2319.97,1492.17;2258.49,1402.27
434	210060000	57	70336	0.1,150.1;1865.16,217.19;1864.65,240.93;1899.26,258.23;1932.3,238.84;1941.74,201.28;1927.99,174.49;1900.14,167.01;1895.11,171.46;1890.87,160.84;1928.63,138.89;1939.64,109.8;1908.88,61.72;1856.78,90.38;1831.59,135.22;1829.49,142.41;1826.05,156.67;1830.63,169.05;1851.56,184;1890.77,161.26;1895.05,171.78;1874.77,190.27
435	210060000	3	70337	0.2,120.2;878.8,363.96;922.83,538.55;963.08,508.83;1064.77,501.01;1114.59,493.18;1135.38,410.7;1149.07,379.81;1129.79,358.87;1120.87,322.78;1128.34,301.63;1089.06,251.51;989.84,273.33;960.82,347.56
436	210060000	55	70338	0.1,140.1;1604.24,602.9;1609.99,643.41;1649.3,661.63;1686.22,649.4;1687.66,604.1;1658.41,573.18;1630.27,572.52
437	210060000	10	70339	147.97,227.97;1167.64,62.53;1153.88,83.8;1156.86,124.83;1194.75,147.12;1208.37,166.01;1209.6,186.18;1203.29,202.13;1212.51,224.72;1213.03,235.94;1201.64,263.29;1191.95,289.94;1196.68,306.47;1191.42,319.09;1166.17,321.2;1164.59,343.11;1176.87,345.92;1210.35,349.95;1220.52,345.92;1229.11,336.45;1226.83,321.2;1213.51,294.5;1223.51,272.94;1231.27,258.38;1238.46,227.17;1233.27,202.83;1239.93,160.75;1230.5,142.71;1240.32,95.72;1221.56,52.59;1194.41,38.46
438	210060000	52	70340	0.1,150.1;1533.93,213.56;1513.48,223.31;1488.85,266.34;1501.84,308.32;1574.38,300.72;1580.46,236.54;1580.32,218.18
439	210060000	1	70341	0.1,800.13;1367.1,-50.1;1350.62,7.49;1380.93,41.52;1372.91,59.29;1355.61,93.9;1355.71,105.1;1356.07,129.77;1337.96,152.52;1321.71,164.34;1292.36,226.5;1249.27,473.37;1494.75,582.96;1604.08,623.5;1610.03,646.62;1650.98,664.45;1687.96,651.24;1721.88,656.59;1756.23,669.8;1790.57,644.04;1795.19,617.62;1900.88,616.13;2053.02,518.3;2091.67,423.34;2062.77,368.34;2101.91,283.23;2143.87,190.31;2173.57,-55.88
440	210060000	4	70342	0.1,800.1;-114.84,2010.98;-101.64,3109.98;715.19,3113.28;684,2914.36;781.36,2607.43;981.03,2516.67;1098.02,1963.13;284.5,2002.73
441	210060000	5	70343	0.1,100.1;2167.17,2760.12;2144.34,2778.09;2144.34,2799.17;2151.04,2817;2167.19,2830.75;2183.58,2832.25;2204.08,2819.65;2216.17,2805.27;2215.68,2784.62;2211.82,2769.03;2188.51,2758.4
442	210060000	51	70344	0.1,57.1;2255.56,2815.31;2259.73,2809.9;2264.32,2806.69;2269.9,2804.97;2277.59,2805.39;2285.29,2810.28;2289.43,2818.95;2289.69,2825.04;2287.85,2832.37;2282.81,2837.32;2276.78,2840.34;2269.86,2840.81;2261.72,2838.15;2256.82,2834.07;2253.81,2827.51;2254.21,2821.49
443	210060000	8	70345	0.1,140.1;95.21,1914.79;104.21,1936.57;115.38,1947.02;155.52,1948.8;176.59,1933.5;202.4,1931.37;227.86,1923.77;240.97,1891.18;225.87,1868.92;205.74,1860.26;178.71,1862.64;165.98,1854.89;131.82,1849.93;104.2,1874.57
444	210060000	3	70346	0.1,800.1;2629.54,-44.06;2639.84,189.49;2849.34,350.91;3135.55,386.4;3134.41,-52.07
445	210060000	1	70347	0.1,800.1;1154.89,486.93;1097.15,572.09;1178.88,766.35;1218.89,777.42;1281.59,766.14;1344,950.86;1631.38,867.64;1683.99,651.14;1649.65,662.37;1609.36,644.54;1608.34,622.18;1496.29,583.24;1309.39,498.04;1257.04,470.79
446	210060000	1	70348	0.1,800.1;1648.79,662.88;1624.38,651.85;1556.87,837.46;1320.74,940.79;1304.87,1217.7;1337.03,1321.94;1464.96,1518.13;1431.69,1660.37;1612.74,1707.13;1617.46,1701.26;1659.97,1627.47;1924.2,1414.4;2105.68,1417.55;2248.39,1391.78;2449.28,998.16;2388.2,829.91;2238.97,792.55;2111.23,672.47;2037.73,607.43;1798.91,599.32;1789.46,646.24;1757.06,668.67;1719.69,655.58;1682.94,653.72
447	210060000	50	70349	0.2,162.2;2229.85,485.3;2233.64,538.9;2259.84,535.67;2260.24,493.52;2269.31,474.5;2350.98,391.08;2354.75,408.99;2385.1,409.95;2382.84,365.62;2343.51,365.75;2320.74,371.29;2240.59,454.25
448	210060000	2	70350	0.1,200.1;2156.69,2135.91;2175.8,2075.78;2256.39,2040.64;2372.8,2125.91;2388.31,2240.25;2233.05,2364.57;2193.64,2278.99;2195.17,2209.81
449	210060000	2	70351	0.1,800.1;2159.88,-32.07;2136.41,189.38;2054.39,364.62;2077.69,432.66;2058.11,481.13;2015.24,496.97;2002.89,502.27;1877.26,598.37;1894.13,634.24;2026.53,632.79;2216.38,803.39;2375.72,894.68;2489.21,855.4;2536.45,718.25;2813.74,490.43;2924.4,356.34;2682.26,180.59;2666.47,-25.11
450	210060000	50	70352	0.1,32.7;2443.03,2358.45;2447.2,2353.04;2451.78,2349.83;2457.37,2348.11;2465.05,2348.53;2472.76,2353.42;2476.9,2362.09;2477.16,2368.18;2475.31,2375.51;2470.27,2380.46;2464.24,2383.48;2457.33,2383.94;2449.19,2381.28;2444.29,2377.21;2441.27,2370.65;2441.68,2364.62
451	210060000	2	70353	0.1,800.1;3166.47,366.62;3020.62,326.3;2893.8,342.97;2792.95,491.23;2656.55,574.31;2531.36,710.35;2481.57,836.05;2388.4,872.74;2432.24,1010.04;2301.28,1255.95;2221.73,1400.08;2308.25,1511.25;2319.14,1820.3;2242.11,1906.7;2386.46,2179.17;2307.04,2280.78;2242.02,2373.65;2243.14,2488.35;2492.5,3175.57;3165.28,3183.81;3166.88,1649.23;2778.66,1619.74;2776.95,1667.44;2765.69,1683.94;2735.84,1695.83;2697.05,1690.95;2669.35,1669.92;2659.84,1630.01;2700.29,1578.38;2737.52,1570.98;2770.84,1591.77;2778.73,1619.97;2778.61,1649.13;3167.43,1706.63
452	210060000	11	70354	56.61,106.61;2287.79,2231.26;2293.21,2235.75;2292.64,2241.4;2295.52,2244.5;2295.24,2246.34;2300.71,2248.23;2306.19,2246.89;2309.86,2242.6;2310.11,2236.61;2306.9,2231.87;2301.43,2229.7;2295.55,2232.04;2290.38,2227.69
453	210060000	51	70355	0.1,140.1;1478.11,497.91;1464.28,525.35;1472.17,560.94;1496.4,581.81;1542.3,570.22;1546.61,523.87;1519.61,492.43
454	210060000	9	70356	0.1,40.1;-12.09,1529.1;-12.87,1594.93;28.4,1567.9;42.6,1532.71;54.96,1511.73;103.28,1511.52;127.23,1500.57;146.93,1477.34;152.98,1452.28;157.75,1393.18;175.47,1360.29;177.54,1330.42;195.25,1313.57;202.93,1304.24;215.58,1296.36;229.16,1301.22;246.37,1306.28;262.88,1299.48;284.17,1283.4;283.88,1275;278.52,1271.68;283.74,1265.17;293.87,1265.75;298.72,1259.08;300.74,1250.97;310.88,1245.91;322.84,1217.96;318.56,1200.43;312.91,1191.46;319.86,1182.04;319.71,1142.8;314.18,1140.55;322.72,1137.07;327.79,1130.12;328.44,1121.45;328.37,1115.78;346.83,1092.61;353.1,1093.36;357.2,1085.82;354.42,1081.58;354.16,1071.26;373.87,1060.28;395.83,1048.91;404,1045.79;406.81,1038.19;405.46,1032.42;398.84,1023.56;396.46,1016.68;399.9,1010.2;410.09,1012.05;418.16,1022.37;422.66,1031.89;421.47,1045.26;412.73,1054.25;400.6,1054.46;396.1,1060.94;385.91,1069.41;376.12,1079.6;357.07,1085.95;353.45,1093.54;353.98,1100.02;336.64,1121.19;330.82,1119.2;328.05,1115.1;324.46,1109.7;317.65,1107.82;309.4,1113.9;309.98,1136.49;314.18,1140.26;304.19,1142.72;297.27,1158.15;301.03,1175.96;294.37,1177.41;292.2,1183.93;292.05,1197.68;305.09,1217.23;299.87,1234.76;288.72,1236.2;277.8,1248.51;279.1,1260.24;283.59,1264.88;278.52,1271.53;266.07,1270.66;245.33,1273.02;239.94,1266.38;232.47,1264.72;203.13,1270.44;186.13,1291.38;159.5,1300.56;136.48,1347.43;122.08,1374.72;116.24,1439.39;85.45,1465.9;54.2,1465.34;15.74,1485.23;8.28,1509.7
455	210060000	50	70357	0.1,150.1;1144.82,297.9;1126.26,320.71;1115.46,328.55;1121.37,358.36;1166.82,365.19;1215.6,359.87;1244,322.16;1224.61,281.51;1242.85,266.44;1278.19,243.3;1305.51,223.91;1327.56,176.93;1316.97,167.93;1273.5,170.75;1208.9,233.07;1183.17,221.34;1149.46,249.04;1143.73,263.28
456	210060000	52	70358	0.1,40.1;2833.18,2471.36;2837.35,2465.94;2841.93,2462.73;2847.52,2461.01;2855.2,2461.43;2862.91,2466.33;2867.05,2474.99;2867.31,2481.09;2865.46,2488.41;2860.42,2493.37;2854.39,2496.38;2847.48,2496.85;2839.33,2494.19;2834.44,2490.12;2831.42,2483.55;2831.82,2477.53
457	210060000	2	70359	0.1,200.1;-13.49,1443.95;-6.9,1614.91;48.9,1610.19;78.15,1549.13;120.75,1534.64;160.62,1480.88;188.74,1371.54;212.88,1338.88;212.6,1309.62;162.61,1265.6;123.99,1309.34;111.77,1390;93.25,1436.57;52.95,1410.2
458	210060000	13	70360	105.37,505.37;3005.19,306.39;3037.46,209.56;3003.48,128.67;2923.62,108.8;2880.03,199.53;2871.78,283.19;2901.63,327.17
459	210060000	11	70361	0.1,50.1;1037.37,340.09;1042.77,349.44;1027.16,357.36;1009.52,378.94;1011.32,398.99;1035.47,410.21;1065.24,413.4;1082.13,405.74;1112.76,365.89;1119.1,357.54;1106.17,326.95;1076.17,315.72;1072.3,344.59;1054.84,351.29;1071.92,344.11;1063.65,323.77;1045.82,325.19
460	210060000	50	70362	0.1,61.8;1977.75,2677.16;1981.93,2671.75;1986.51,2668.53;1992.09,2666.82;1999.78,2667.23;2007.49,2672.13;2011.62,2680.8;2011.89,2686.89;2010.04,2694.22;2005,2699.17;1998.97,2702.18;1992.05,2702.65;1983.91,2699.99;1979.02,2695.92;1976,2689.36;1976.4,2683.33
461	210060000	51	70363	0.1,36.1;2671.25,2923.1;2675.42,2917.68;2680,2914.47;2685.59,2912.75;2693.27,2913.17;2700.98,2918.07;2705.12,2926.73;2705.38,2932.83;2703.53,2940.15;2698.49,2945.11;2692.46,2948.12;2685.55,2948.59;2677.41,2945.93;2672.51,2941.86;2669.49,2935.3;2669.9,2929.27
462	210060000	53	70364	0.1,140.1;1561.79,48.18;1563.94,90.82;1585.57,120.43;1601.6,117.98;1623.14,106.49;1644.79,102.04;1659.95,79.71;1690.56,2.31;1650.55,-10.75;1588.02,26.04
463	210060000	10	70365	99.32,141.32;387.84,1214.07;387.99,1252.86;426.35,1252.84;426.05,1210.37;422.26,1206.15;417.3,1205.26;411.11,1206.15;406.83,1209.07;404.59,1213.69
464	210060000	1	70366	0.1,200.1;2648.39,1586.24;2622.86,1630.48;2629.72,1674.38;2657.18,1718.17;2696.12,1734.61;2752.82,1730.91;2792.17,1701.73;2804.86,1654.42;2798.76,1608.52;2769.1,1566.16;2722.37,1545.97;2674.49,1557.8
465	210060000	2	70367	0.1,800.1;626.87,3148.51;616.17,2882.62;738.94,2568.88;949.54,2486.42;1183.96,2504.09;1315.25,2381.33;1478.93,2394.97;1849.15,2639.9;1769.96,2842.8;1779.39,3081.6;1831.65,3174.37
466	210060000	58	70368	0.1,140.1;1997.66,409.32;1981.12,426.28;1971.67,448.68;1993.38,471;2017.32,491.91;2055.89,478.51;2077.27,433.97;2039.45,393.27
467	210060000	4	70369	0.1,220.1;436.85,1173.19;362.4,1204.15;355.18,1253.79;402.71,1290.71;458.51,1298.06;485.02,1285.61;587.51,1291.03;658.92,1189.95;615.88,1161.88;514.78,1157.89;478.23,1185.9
468	210060000	3	70370	0.2,800.2;77.73,1508.48;128.14,1469.71;180.37,1329.84;288.1,1249.06;298.36,1192.62;370.89,1216.62;371,1241.09;406.45,1278.46;450.54,1282.3;469.71,1270.8;578,1278.46;631.67,1188.38;611.54,1174.96;517.62,1166.33;481.21,1194.13;437.12,1183.58;371.41,1213.78;372.57,1242.28;403.81,1277.43;284.41,1250.65;301.04,1191.25;310.32,1139.68;371.11,1055.43;356.6,988;441.92,931.55;546.81,1054.92;703.19,1065.91;877.03,990.68;847.3,789.72;978.4,641.18;1024.93,598.54;1078.56,566.23;1143.13,659.09;1178.03,751.88;1221.44,769.76;1286.99,751.88;1349.99,909.37;1326.15,1205.61;1256.19,1293.63;1249.02,1614.71;1183.75,1879.52;1082.21,2026.14;-77.16,2069.7;-67.84,1510.41
469	210060000	1	70371	0.1,90.1;2691.26,1599.23;2684.56,1622.23;2689.45,1632.95;2700.93,1630.03;2701.11,1630.57;2703.85,1647.77;2713.24,1652.56;2722.76,1651.74;2733.37,1661.99;2741.16,1667.59;2755.99,1669.11;2769.54,1650.96;2770.95,1621.18;2755.92,1596.41;2736.21,1584.65;2708.92,1583.48
470	210060000	1	70372	0.1,800.1;2090.78,1383.13;1901.23,1380.42;1782.22,1468.37;1628.51,1623.88;1614.82,1858.74;1909.55,1908.09;2025.32,1879.11;2254.15,1882.08;2355.45,1819.61;2332.61,1461.41;2266.56,1382.3
471	210060000	2	70373	71.15,321.15;723.97,394.82;681.9,329.41;609.16,316.81;568.39,341.94;494.63,485.52;607.84,494.07;583.06,563.14;558.2,573.59;542.49,653.57;449.27,650.79;389,574.6;365.93,458.49;432.95,432.23;495.2,485.5;567.28,341.45;532.4,241.23;518.88,202.54;512.23,167.39;475.9,139.29;435.59,160.49;352.01,273.18;325.89,288.81;273.53,259.77;140.86,256.94;71.84,254.1;45.85,380.22;169.73,447.77;165.25,487.5;175.14,541.73;128.16,576.86;111.64,690.65;144.17,789.54;186.69,912.14;315.95,1005.06;433.76,926.11;418.84,906.04;446.89,863.45;641.79,874.56;711.86,930.68;824.35,894.72;837.11,929.46;918.89,833.6;880.07,800.69;809.75,788.62;772.99,809.6;730.24,814.24;740.66,746.22;701.85,700.15;725.18,639.38;815.42,585.37;843.38,573.1;906.97,575.73;961.46,527.99;1118.25,521.73;1179.78,445.13;1183.15,363.25;1140.34,359.61;1137.46,318.92;1165.78,294.98;1125.8,243.68;1045.24,219.59;973.18,260.9;870,330.68;799.58,336.35;750.99,383.98
472	210060000	59	70374	0.1,280.1;2146.43,158.12;2140.9,180.24;2089.34,180.12;2054.16,167.1;2008.72,144.33;1977.83,144.74;1993.86,165.92;1997.22,194.98;1976.76,245.87;1955.79,243.42;1940.1,186.48;1942.21,149.77;1979.14,87.07;2014.62,71.6;2116.08,118.64
473	210060000	1	70375	0.1,200.1;1492.67,1619.77;1501.41,1476.69;1443.13,1449.18;1316.15,1411;1245.93,1473.9;1275.77,1623.79;1449.95,1658.64
474	210060000	3	70376	0.1,800.1;1697.25,3118.1;1764.82,2626.24;1845.69,2474.47;1953.15,2458.96;2045.02,2533.87;2180.25,2488.87;2280.59,2436.01;2539.05,3142.65
475	210060000	51	70377	0.1,150.1;1287,36.33;1292.29,73.39;1323.8,91.39;1296.27,83.19;1264.5,104.63;1266.88,146.19;1294.41,166.31;1305,168.43;1315.86,166.84;1337.56,150.16;1357.68,126.6;1357.15,106.22;1323.8,91.66;1356.89,83.72;1374.1,59.63;1382.57,41.89;1356.09,11.71;1330.68,11.18
476	210060000	50	70378	0.1,150.1;1311.02,419.22;1300.43,447.81;1310.76,498.9;1347.02,518.23;1390.7,503.67;1392.82,476.14;1398.65,437.49;1376.94,414.19
477	210060000	3	70379	0.1,126.55;2675.3,1063.82;2663.49,1093.62;2663.38,1096.99;2677.94,1101.94;2682.17,1100.31;2694.45,1067.79;2690.79,1061.11;2679.93,1058.19
478	210060000	2	70380	0.1,130.1;2578.04,1897.71;2574.67,1915.75;2577.45,1933.85;2591.36,1946.06;2611.99,1951.25;2627.56,1936.69;2635.71,1912.51;2735.85,1910.29;2735.74,1910.57;2745.71,1922.59;2760.98,1929.84;2779.53,1924.53;2790.98,1910.49;2794.14,1887.53;2785.42,1878.78;2773.84,1870.94;2759.27,1873.93;2749.25,1885.03;2739.71,1897.62;2737.87,1902.87;2735.73,1910.38;2635.71,1912.55;2634.99,1900.66;2633.82,1879.49;2616.24,1869.49;2586.84,1883.91
479	210060000	2	70381	0.1,800.1;1689.76,2195.28;1521.75,1809.86;1907.18,1874.1;2018.36,1843.21;2238.25,1861.74;2263.9,1885.21;2305.91,2018.63;2277.78,2044.57;2196.24,2110.05;2206.13,2210.11;2246.89,2324.99;2317.31,2385.52;2206.13,2512.76;2054.18,2568.35;1949.18,2512.76;1854.06,2535;1815.76,2670.89;1578.3,2501.64
480	210060000	2	70382	0.1,800.1;-32.95,-35.26;-28.02,1557.91;60.58,1542.68;143.65,1495.61;200.41,1358.55;315.32,1257.48;326.93,1204.72;347.16,1139.8;396.83,1027.21;443.7,996.82;528.15,1082.66;694.28,1088.2;896.41,991.29;864.04,821.03;991.41,670.13;1252.23,485.45;1301.23,228.51;1326.28,167.37;1365.05,133.31;1368.5,83.07;1392.64,39.72;1364.07,7.71;1375.18,-53.09
481	220010000	10	70383	0.1,251.68;1086.84,2028.47;1077.72,2043.97;1088.06,2049.21;1098.41,2048.64;1107.77,2059.57;1125.04,2061.54;1133.26,2057.59;1138.64,2024.35;1128.57,2013.8;1118.28,2012.35;1108.19,2019.83;1106,2025.56;1102.99,2027.64;1091.24,2025.24
482	220010000	1	70384	0.1,700.1;461.28,1672.32;539.47,1645.41;594.2,1629.24;650.97,1741.71;706.32,1771.85;741.35,1825.94;750.6,1848.91;726.07,1923.81;717.43,1965.09;698.24,1972.76;672.8,1944.93;642.53,1953.85;608.39,1981.4;498.57,2017.45;369.32,1989.37;257.22,1984.07;262.37,1858.66
483	220010000	91	70385	253.17,273.17;1193.55,1884.94;1188.49,1888.12;1194.32,1891.18;1197.37,1893.95;1210.28,1890.3;1221.04,1887.19;1232.31,1881.31;1242.06,1869.8;1232.32,1870.9;1227.7,1870.98;1220.08,1872.45;1206.2,1878.69
484	220010000	80	70386	248.1,348.1;391.43,2105.81;383.43,2267.15;458.29,2369.63;549.87,2363.09;591.29,2350;680.69,2335.47;735.92,2368.18;794.79,2337.65;780.98,2271.52;747.03,2148.25;663.24,2044.02;472.99,2039.85
485	220010000	1	70387	0.1,340.13;672.28,1188.51;661.96,1197.01;622.5,1169;611.88,1099.5;623.24,1085.15;656.03,1082.18;678.13,1063.96;645.65,1037.25;643.89,1021.83;622.03,1021.05;601.16,1036.72;601.03,1057.47;622.44,1083.95;611.63,1099.25;622,1168.38;662.13,1197.46;640.81,1235.7;663.72,1244.74;691.54,1261.2;759.86,1274.84;777.43,1222.4
486	220010000	3	70388	0.1,700.1;604.66,1632.26;676.41,1664.96;880.62,1443.45;860.43,1358.57;774.16,1287.9;743.66,1269.03;684.46,1256.34;645.37,1260.68;377.85,1314.61;335.49,1488.27;461.78,1677.15
487	220010000	1	70389	251.59,271.59;1084.68,2021.91;1075.52,2052.58;1093.82,2058.43;1120.16,2070.84;1142.35,2066.83;1154.21,2018.6;1118.5,1998.77
488	220010000	1	70390	247.6,947.6;245.36,2395.5;450.97,2490.3;517.71,2463.63;505.37,2434.22;517.22,2409.48;533.41,2400.17;561.4,2367.69;632.58,2399.86;699.8,2476.73;767.67,2441.01;808.5,2338.6;731.89,2240.14;787.09,2154.28;764.16,2094.95;698.13,2073.71;707.45,1999.99;645.11,1963.99;494.23,2020.83;361.89,2002.42
489	220010000	1	70391	248.39,262.39;722.65,2346.47;734.95,2370.57;728.32,2379.15;695.88,2384.82;651.09,2411.4;640.2,2432.23;618.81,2472.5;552.02,2469.92;526.82,2468.28;456.82,2472.77;436.66,2518.65;633.27,2531.59;644.04,2543.32;667.89,2585.09;702.88,2614.3;746.17,2640.9;778.97,2588.53;689.39,2471.36;704.57,2442.03;725.88,2434.71;785.39,2423.83;792.48,2349.58;759.34,2288.62;722.67,2243.75;708.41,2226.61;679.76,2225.64;659.62,2209.88;634.05,2201.68;617.08,2234.59;628.09,2258.64;657.12,2278.71;671.72,2296.41
490	220010000	2	70392	258.91,278.91;1081.66,2352.91;1073.92,2363.1;1070.53,2373.69;1071.37,2389.88;1090.98,2394.58;1106.1,2375.18;1098.76,2354.26
491	220010000	2	70393	248.1,268.1;481.81,2306.31;513.75,2320.44;556.24,2305.09;564.54,2282.58;587.23,2272.1;597.34,2271.72;615.53,2279.09;627.49,2276.13;631.21,2243.28;649.28,2255.12;668.85,2227.02;656.24,2215.98;657.12,2211.31;684.49,2196.14;693.23,2179.64;686.02,2140.54;655.34,2126.22;626.78,2095.77;575.35,2092.36;520.61,2059.15;485.5,2055.71;441.56,2089.76;433.56,2110.59;449.75,2150.43;470.65,2191.08;482.79,2201.31;460.89,2233.92;477.54,2262.9;467.56,2292.2
492	220010000	1	70394	247.6,947.6;1598.15,1166.05;1106.94,1182.75;1139.06,1593.51;1105.26,1629.63;1067.93,1641.55;1052.53,1628.68;1056.85,1614.38;1038.93,1598.89;1033.07,1601.06;1029.37,1599.39;1002.71,1563.58;1002.6,1501.6;867.78,1419;614.37,1695.39;638.05,1746.07;702.14,1780.9;733.58,1883.06;923.4,1857.99;1065.31,1968.57;1179.12,2025.2;1296.29,2062.69;1328.6,2160.71;1347.21,2175.39;1311.42,2248.36;1414.36,2321.1;1636.65,2327.07
493	220010000	1	70395	0.1,290.1;1048.11,1627.54;1050.69,1620.67;1033.89,1602.76;1028.01,1596.86;1034.57,1592.98;1027.8,1573.43;1041.09,1548.8;1081.81,1550.34;1105.24,1598.15;1101.41,1625.8;1067.99,1640.85
494	220010000	1	70396	0.1,248.1;-130.09,-115.17;-126.74,3245.05;3117.59,3259.76;3134.19,-90.54
495	220010000	2	70397	0.1,380.13;676.19,944.78;725.67,930.14;743.17,907.95;738.73,820.74;655.67,781.4;583.98,829.53;580.26,902.17;601.06,928.32;617.36,935.13;635.02,927.85;653.37,928.78
496	220010000	1	70398	247.6,947.6;785.21,2536.44;672.23,2445.32;596.78,2477.65;517.67,2463.92;452.26,2492.17;140.79,2342.77;-29.44,2346.09;-26.61,3094.92;796.96,3077.21
497	220010000	1	70399	247.51,267.51;858.48,1978.11;865.01,1993.93;896.97,1991.36;919.64,2007.01;978.98,2048.92;1043.37,2062.69;1057.64,2046.44;1077.54,2052.56;1094.8,2004.2;1061.67,1989.12;964.23,1989.76;927.48,1963.57;894.99,1955.61;865.75,1967.24
498	220010000	2	70400	247.6,262.6;1167.26,1808.17;1154.33,1780.49;1142.85,1774.01;1110.09,1748.62;1122.57,1721.03;1115,1700.06;1099.5,1660.53;1135.88,1619.53;1209.38,1631.29;1267.06,1635.49;1286.03,1618.66;1278.55,1571.02;1369.2,1535.54;1381.31,1584.38;1414.26,1606.75;1414.72,1648.66;1386.75,1724.27;1331.79,1738.79;1319.63,1787.91;1381.82,1864.52;1431.1,1851.8;1440.78,1730.09;1390.31,1723.78;1406.53,1677.36;1470.53,1608.41;1515.59,1579.57;1624.65,1595.34;1638.62,2107.28;1495.54,2112.27;1476.16,2154.64;1402.26,2171.76;1368.91,2157.34;1343.22,2083.88;1316.63,1980.29;1247.54,1973.77;1190.52,1982.26;1143.55,1975.54;1079.86,1958.1;1072.85,1927.33;1073.56,1900.09;1054.69,1872.98;1058.44,1855.86;1067.22,1844.15;1078.84,1840.83;1096.97,1844.4;1114.59,1848.57;1155.03,1866.48;1164.58,1854.19;1158.24,1842.69
499	220010000	5	70401	0.2,259.1;1075.04,2358.03;1075.51,2398.88;1103.69,2402.17;1105.57,2358.03
500	220010000	2	70402	247.51,947.51;768.67,2128.8;732.06,2241.32;833.54,2368.83;847.01,2435.55;949.43,2440.91;1008.03,2490.86;1073.74,2518.2;1177.61,2496.98;1239.04,2357.37;1346.46,2153.37;1310.9,2045.1;1179.25,2028.97;1063.88,1968.97;1065.41,1925.99;935.28,1831.98;795.85,1854.02;727.05,1924.17;692.89,2077.38;764.63,2095.53
501	220010000	5	70403	248.39,448.39;434.39,2492.33;439.81,2514.53;497.89,2523.28;581.49,2525.64;618.75,2533.05;652.07,2553.73;669.8,2477.41;635.5,2477.03;519.41,2464.95
502	220010000	81	70404	0.2,800.2;951.04,1959.27;864.08,1938.25;835.61,1981.98;852.39,2017.49;916.36,2041.19;1003.3,2098.19;1070.58,2081.99;1123.65,2093.07;1174.87,2064.75;1174.04,1997.07;1119.19,1984.81;1004.7,1982.43
503	220010000	90	70405	0.1,450.1;426.7,2189.63;458.72,2136.39;517.17,2090.44;641.59,2112.54;677.74,2203.29;637.84,2304.58;520.94,2342.17;436.42,2268.2
504	220010000	1	70406	247.6,397.6;499.56,2433.03;514.07,2405.3;533.51,2400.19;561.38,2367.89;632.53,2399.89;669.66,2444.72;599.78,2504.11;521.44,2476.11;518.04,2463.63
505	220010000	2	70407	0.1,700.13;598.43,946.28;608.63,1037.88;629.75,1027.75;638.01,1030.44;644.04,1035.86;640.23,1044.79;647.01,1054.52;654.69,1059.74;663.91,1058.68;668.63,1059.25;633.88,1102.38;617.75,1117.5;622.78,1168.52;666.48,1195.12;743.7,1227.54;777.54,1221.56;833.39,1122.35;762.03,937.3;674.13,931;662.82,924.25;656.01,912.91;631.24,913.4;620.25,938.13
506	220020000	33	70408	0.1,95.65;2615.06,2191;2578.32,2168.85;2540.95,2174.53;2525.7,2193.07;2540.17,2233.68;2606.51,2255.45;2627.32,2231.66
507	220020000	23	70409	0.1,300.1;1948.82,2795.6;2022.66,2741.83;2112.49,2764.96;2164.54,2825.67;2175.4,2904.96;2123.94,2958.17;2000.72,2934.06;1939.23,2880.43
508	220020000	8	70410	430.5,460.5;263.15,355.84;260.52,368.75;266.34,399.52;272.8,408.09;261,422.21;260.82,434.73;269.24,439.74;277.97,439.98;276.21,429.84;291.29,421.81;317.87,437.31;295.03,472.86;299.04,480.2;311.64,481.41;318.47,475.88;324.88,477.06;331.98,486.92;371.18,499.98;376.23,450.47;374.4,432.86;364.16,429.19;343.9,437.86;341.62,426.44;345.14,416.29;343.55,392.43;350.65,385.42;368.82,375.04;369.11,347.21;376.45,331.04;373.97,317.96;360.34,321.99;349.68,344.76;350.16,354.94;328.36,376.99;310.14,387.82;292.82,388.72;281.12,378.93;279.9,363.18;281.85,349.61;293.68,344.63;312.37,338.71;314.07,332.89;309.95,324.66;297.11,323.69;283.78,330.95;279.42,340.65;272.64,348.16
509	220020000	1	70411	0.1,480.1;269.44,317.58;249.01,364.5;249.97,391.63;158.72,354.58;152.72,340.56;155.63,329.62;155.39,306.09;129.72,300.38;120.05,284.05;61.5,263.54;39.63,289.21;71.72,321.06;86.77,319.47;95.49,341.03;80.04,375.5;111.73,392.2;120.45,387.62;148.97,377.16;160.15,351.74;249.6,388.79;248.47,431.75;270.26,453;293.79,442.42;289.9,482.59;306.84,500.34;355.26,508.41;401.45,487.97;384.04,429.33;356.07,412.92;357.68,391.4;384.31,381.18;383.23,323.08;372.74,309.36;352.46,317.92;301.19,373.11;330.78,326.04;293.66,312.59
510	220020000	10	70412	506.5,536.5;891.47,322.67;899.02,359.7;893.53,382.85;902.95,404.43;900.99,433.74;896.67,468.39;880.98,486.44;885.68,533.91;901.77,539.8;922.17,521.75;947.29,523.32;962.2,537.84;963.37,559.81;986.13,577.07;1018.7,571.58;1028.5,559.03;1032.82,532.35;1052.3,504.86;1090.11,493.5;1133.27,459.76;1147.39,466.82;1170.54,485.66;1203.11,473.49;1227.83,415.42;1247.84,372.26;1236.46,318.9;1180.35,281.23;1136.41,279.27;1108.36,302.75;1093.1,303.2;1080.54,295.59;1069.72,308.45;1081.12,308.52;1079.53,322.48;1091,323.04;1096.67,336.31;1108.39,341.12;1116.55,354;1119.53,403.21;1141.54,402.33;1141.88,345.42;1151.6,328.72;1174.89,314.06;1201.34,318.95;1220.51,344.82;1214.86,377.02;1202.49,398.3;1199.27,413.47;1185.82,425.9;1157.35,424.75;1149.68,418.96;1139.82,410.38;1140.68,350;1118.95,354.82;1116.81,408.76;1112.04,427.35;1099.98,450.55;1083.18,464.03;1042.6,475.15;1011.6,506.46;991.19,491.99;991.45,472.79;1018.25,462.23;1033.53,453.57;1044.9,432.52;1023.62,415.56;1001.48,439.42;977.91,455.53;973.59,458.4;958.35,471.63;943.12,469.61;931.33,448.62;930.76,409.22;952.51,395.02;954.52,410.78;976.58,426.26;987.47,423.96;997.79,411.93;1000.08,395.31;994.92,379.26;969.42,376.97;952.22,392.44;955.09,411.93;931.88,433.42;930.16,402.18;940.24,364.96;967.27,340.23;985.09,341.38;1005.79,375.31;1025.63,383.36;1026.78,413.26;1006.37,436.55;1006.94,466.16;1035.12,451.21;1051.62,419.24;1044.66,370.88;1027.23,349.54;1028.17,320.33;1068.75,308.24;1080.54,310.25;1081.69,322.32;1104.69,304.79;1084.45,299.29;1077.08,261.6;1046.47,262.38;996.25,292.98;981.3,284.18;940.92,284.75;918.95,317.31
511	220020000	4	70413	0.1,500.1;154.69,1709.68;184.9,1727.86;206.65,1723.38;209.27,1700.81;215.07,1692.2;202.29,1665.69;177.45,1659.78;154.99,1673.97
512	220020000	1	70414	0.1,800.1;822.46,2619.85;511.4,2551.68;380,2777.16;283.69,2776.95;159.25,3088.05;1011.18,3098.52;1208.64,2518.2;1199.81,2181.77;1260.96,1982.61;1340.42,1761.06;1285.52,1635.44;821.51,1658.59;911.78,2312.46;910.7,2549.69
513	220020000	32	70415	0.1,231.56;917.15,2835.35;921.2,2852.03;936.62,2862.65;964.22,2849.6;963.24,2814.45;945.54,2806.4;923.77,2815.26
514	220020000	6	70416	0.1,155.1;1540.74,939.72;1548.67,1207.27;1463.17,1536.63;1625.81,1590.57;1979.63,1494.09;1925.81,1084.31;1786.92,985.14;1741.46,995.57;1735.35,1103.02;1682.24,1069.44;1671.86,990.08;1644.39,918.04
515	220020000	50	70417	0.1,158.1;2608.79,2541.02;2602.84,2567.26;2617.88,2572.68;2610.89,2621.66;2650.12,2628.14;2658.15,2580.94;2668.35,2553.75;2681.04,2496.24;2620.68,2486.61
516	220020000	33	70418	0.1,111;2451.38,1125.04;2448.77,1161.58;2379.81,1189.06;2366.23,1239.16;2333.68,1258.84;2337.44,1290.06;2383.96,1278.75;2414.03,1214.46;2477.8,1203.58;2504.29,1136.27
517	220020000	9	70419	444.1,464.1;57.21,276.63;53.67,289.7;75.62,303.64;83.36,300.54;92.4,299.77;103.5,303.64;107.63,312.16;106.86,327.13;111.25,333.59;117.44,342.11;115.12,351.14;106.29,353.42;100.92,357.6;99.89,365.35;106.86,369.48;117.18,367.41;133.71,367.93;139.73,358.81;141.07,344.96;122.09,338.24;119.25,328.94;120.8,323.52;138.87,323.78;141.71,319.65;141.71,313.19;135,312.42;129.32,316.81;120.8,315.52;111.02,297.19;99.37,292.54;90.33,291.5
518	220020000	60	70420	0.1,368.1;1574.65,2811.9;1545.82,2837.6;1550.76,2893.26;1591.1,2888.86;1623.91,2902.28;1625.99,2917.19;1637.54,2940.46;1666.58,2957.1;1644.5,2979.86;1640.26,3009.75;1646.2,3037.27;1663.02,3044.74;1694.61,3038.11;1720.9,2984.19;1745.8,2977.8;1753.27,3008.54;1789.11,3027.21;1822.74,3020.76;1842.61,2994.77;1843.8,2971.34;1828,2939.41;1803.78,2931.37;1770.67,2939.35;1760.14,2928.48;1809.22,2905.04;1820.94,2890.78;1820.77,2873.96;1798.37,2851.95;1780.71,2841.08;1749.98,2859.22;1732.92,2886.99;1700.23,2852.27;1686.11,2854.08;1657.7,2847.93;1641.96,2864.76;1634.54,2886.48;1595.5,2856.08;1676.37,2820.22;1725.35,2842.57;1761.27,2825.7;1794.03,2795.4;1794.74,2773.03;1791.57,2759.64;1772.36,2756.12;1756.69,2759.29;1729.04,2754.53;1695.04,2776.38;1693.45,2785.54;1671.81,2790.98;1660.44,2766.56;1648.11,2754.76;1634.54,2746.31;1624.68,2745.95;1603.01,2735.91;1592.41,2746.13;1574.75,2803.31
519	220020000	4	70421	0.1,800.1;1225.27,2000.32;1164.9,2413.89;1021.29,3101.46;2401.98,3122.18;2328.32,2475.95;2281.38,2087.45;2230.48,1863.19;2153.48,1699.57;2087.29,1672.8;1800.73,2371.37;1587.32,2436.18
520	220020000	2	70422	0.1,700.1;1329.95,846.95;786.92,685.42;909.11,-59.8;513.46,-83.12;521.77,236.94;500.99,451.7;629.84,680.32;1037.28,955.8;1189.71,987.89;1304.14,934.07
521	220020000	1	70423	334,364;727.34,2192.82;730.53,2229.94;775.98,2246.62;796.77,2251.59;823.28,2235.85;846.98,2205.51;859,2196.04;882.05,2191.09;875.01,2166.08;844.6,2165.53;813.16,2200.08;798.29,2200.95;783.65,2187.1;785.53,2162.22;761.99,2165.66;751.63,2195.75
522	220020000	40	70424	0.1,800.1;1350.38,1907.56;1281.62,2493.88;1121.1,3095.96;1538.16,3099.61;1542.36,2836.92;1598.15,2713.9;1562.5,2608.63;1694.42,2461.41;1825.58,2451.67;1953.6,2552.32;1852.9,2790.45;1878.07,3093.66;1881.96,2814.79;2018.86,2562.99;2237.73,2122.38;2084.21,1647.3;1947.2,1438.84;1513.31,1449.71
523	220020000	13	70425	111.8,131.8;2317.97,1454.28;2312.32,1413;2329.42,1411.58;2347.01,1457.39;2350.44,1486.56;2364.63,1499.22;2347.69,1517.36;2331.53,1503.02;2315.92,1484.56
524	220020000	2	70426	0.1,800.1;2039.93,1548.65;2293.51,2095.37;2348.39,2154.39;2532.42,2030.33;3133.71,2019.31;3091.21,1390.6
525	220020000	5	70427	0.1,458.1;215.08,2314.04;209.67,2334.76;234.09,2341.32;235.45,2335.5;244.57,2338.28;247.04,2328.48;237.88,2326.03;239.33,2320.32
526	220020000	5	70428	0.1,350.1;1690.9,1500.28;1795.79,1482.77;1821.59,1568.94;1907.76,1643.13;1910.07,1641.75;1823.43,1567.56;1796.71,1481.85;1922.01,1451;1970.1,1507.53;2011.11,1622.27;1997.29,1743.93;1845.08,1755.47;1814.35,1715.82;1678.82,1635.58
527	220020000	3	70429	280,580;666.06,2270.07;548.41,2589.09;769.39,2647.58;867.85,2623.22;932.41,2513.64;899.88,2258.37
528	220020000	35	70430	0,111.5;2295.96,1250.28;2327.27,1218.97;2345.34,1255.88;2340.83,1297.87;2322.12,1309;2298.03,1298.71;2294.64,1289.29
529	220020000	2	70431	0.1,220.1;2803.25,1113.93;2804.09,1119.56;2808.03,1122.88;2813.46,1123.8;2818.14,1121.12;2820.52,1116.19;2819.55,1110.8;2815.69,1107.03;2810.35,1106.44;2805.12,1109.37;2799.97,1107.16;2798.08,1111.3
530	220020000	34	70432	0.1,16.1;2290.19,1326.85;2316.76,1316.33;2335.83,1357.38;2331.49,1410.98;2306.84,1413.71
531	220020000	31	70433	0,430.5;370.08,374.76;377.88,320.22;357.88,320.68;344.33,355.59;310.98,383.47;284.4,378.26;283.36,351.94;314.89,339.7;314.63,321.98;298.57,318.13;257.39,356.76;261.62,437.8;276.45,447.25;288.57,428.28;314.89,439.23;293.3,475.15;355.11,504.86;384.96,464.33;383.08,433.11;363.36,422.45;347.46,428.02;345.63,392.59
532	220020000	38	70434	0.1,165.9;2060.79,1187.02;2068.03,1215.73;2106.64,1227.8;2150.2,1204.95;2147.5,1169.81;2138.26,1167.93
533	220020000	1	70435	0.1,800.1;1514.59,851.17;1502.11,1034;1458.37,1226.91;1484.78,1280.4;1291.41,1646.68;1333.77,1729.58;1298.66,1859.86;1189.79,2046.22;1563.95,2473.77;1837.46,2404.9;2137.47,1742.06;2004.97,1472.35;1989.97,1098.62;1736.75,864.98
534	220020000	6	70436	0.1,462.1;220.91,2413.05;226.2,2420.94;238.05,2413.01;232.61,2405.12
535	220020000	15	70437	16,36;2297.38,1325.64;2300.85,1380;2309.01,1410.67;2334.76,1409.47;2339.43,1380.65;2317.02,1320.74
536	220020000	21	70438	155.5,175.5;2147.34,1175.47;2144.51,1203.36;2178.96,1205.92;2184.69,1189.83;2173.86,1178.34
537	220020000	2	70439	282.3,332.3;595.63,1118.64;563.85,1204.68;632.15,1276.24;728,1289.28;759.53,1247.65;811.38,1220.65;817.05,1147.49;745.68,1061.7;767.14,1005.13;755.79,964.29;658.24,932.53;619.1,1055.04
538	220020000	3	70440	120,820;1438.48,-17.64;1475.35,833.82;1710.37,882.03;2006.86,1120.66;1893.24,834.59;1958.72,630.78;2209.43,542.48;2473.36,678.71;2586.03,814.72;2714.06,896.43;3147.97,953.02;3134.4,-52.24
539	220020000	31	70441	0.1,107.86;2686.13,1273.87;2647.94,1277.43;2645.53,1328.73;2651.94,1380.52;2684.54,1408.34;2708.91,1409.62;2713.53,1386.08;2712.93,1351.27;2734.61,1304.69;2711.52,1275.21
540	220020000	63	70442	-76.51,723.49;397.57,2790.26;209.83,2986.67;233.23,3133.5;421.47,3133.42;554.14,3014.44;545.26,2923.76
541	220020000	5	70443	0.1,116.1;2384.57,1717.6;2385.99,1711.86;2361.77,1705.51;2356.49,1726.37;2380.71,1732.72;2382.1,1727.18;2391.25,1729.59;2393.71,1719.9
542	220020000	14	70444	110.9,130.9;2337.22,1285.3;2375.64,1271.43;2400.69,1234.3;2402.73,1206.42;2456.92,1196.74;2490.49,1149.92;2486.52,1135.39;2450.78,1134.59;2424.69,1173.35;2391.44,1190.65;2376.89,1212.41;2377.3,1236.88;2364.85,1252.46;2334.37,1261.42
543	220020000	4	70445	217.9,247.9;939.5,1600.61;937.12,1618.71;965.96,1637.28;1006.77,1638.64;1019.04,1624.51;1006.22,1588.91;969.99,1590.55;961.82,1597.49
544	220020000	4	70446	0.1,380.1;2971.96,772.19;2943.83,744.97;2926.24,744.89;2904.29,761.43;2890.17,809.02;2945.28,816.12;2962.15,817.15;2978.01,795.94
545	220020000	7	70447	0.1,461.1;282.13,2432.78;282.06,2433.72;284.16,2438.15;282.02,2439.16;287.2,2450.33;295.7,2446.3;294.75,2444.34;298.45,2442.66;295.93,2437.25;292.27,2438.97;290.6,2435.13;289.54,2435.67;287.48,2431.29;286.45,2430.72
546	220020000	61	70448	0.2,357.2;1582.27,2741.62;1568.83,2762.8;1561.43,2781.46;1560.59,2791.37;1575.45,2804.57;1593.43,2746.47;1604.97,2736.24
547	220020000	6	70449	0.1,99.6;2445.2,1833.94;2441.25,1837.45;2443.51,1840.5;2443.36,1844.13;2450.63,1851.74;2458.81,1844.1;2451.54,1836.31;2447.85,1836.36
548	220020000	33	70450	0.1,282.4;615.69,1071;574.92,1187.97;664.3,1286.69;748.15,1268.76;829.84,1195.8;793.58,1109.87;725.09,1068.67;757.81,999.59;669.39,931.54
549	220020000	3	70451	0.2,800.2;2151.62,508.39;2231.94,959.39;2509.19,902.73;2566.33,735.98;2576.42,670.8;2679.32,566.72;2676.82,486.28;2596.52,472.48;2573.6,351.91;2664.4,384.75;2636.17,486.34;2639.29,575.69;2691.19,620.41;2620.04,739.95;2669.82,797.07;2732.24,760.42;2766.28,812.82;2853.05,782.43;2823.23,665.01;2940.43,549.82;3016.6,471.54;2979.38,380.97;2810.75,449.44;2862.69,286.21;2938.05,181.19;2832.12,116.19;2695.84,101.93;2671.09,129;2503.04,100.28;2448.36,195.21;2363.71,129.79;2236.2,211.15;2142.83,223.91;2025.69,251.27;1820.67,280.57;1817.5,386.56;1824.81,475.11;1907.96,521.92;1973.07,444.7;1963.14,366.2;2035.51,355.08;2031.47,402.5;2072.29,456;2108.39,464.88;2139.96,408.24;2174.18,472.81;2245.3,472.51;2320.4,387.17;2377.93,408.9;2324.68,493.55;2274.66,503.45;2255.44,544.78;2316.79,576.83;2399.24,565.9;2459.11,445.34;2477.33,450.16;2470.3,547.99;2488.53,598.09;2510.82,623.11;2502.46,644.32;2450.24,646.17;2295.57,574.85;2393.8,566.35;2340.65,489.8;2240.71,545.08
550	220020000	2	70452	0.1,700.1;286.44,1950.05;202.18,2152.33;381.64,2154.7;476.04,1981.38
551	220020000	7	70453	253.82,283.82;905.73,2944.81;898.63,2956.89;899.64,2957.46;899.26,2959.75;901.78,2961.4;903.58,2959.8;904.48,2960.25;911.63,2948.06;910.85,2947.37;911.24,2945.18;908.51,2943.6;906.65,2945.02
552	220020000	8	70454	0.1,800.1;-31.61,87.57;-43.29,592.15;417.52,563.48;454.94,301.44;238.31,66.35
553	220020000	7	70455	0.2,350.2;2676.22,2501.01;2696.98,2541.23;2693.33,2590.26;2641.83,2603.98;2614.19,2729.17;2559.37,2798.01;2577.1,3073.43;3076.03,3077.3;3078.95,2594.73;2916.74,2448.43;2853.42,2417.47;2691.58,2331.79
554	220020000	1	70456	300,1100;118.91,1605.5;-51.77,1679.05;-52.57,3109.25;166.32,3106.62;301.31,2769.15;378.26,2769.42;613.35,2354.75;908.51,2309.57;884.14,2136;925.18,2030.06;925.19,1968.64;853.69,1921.26;825.15,1707.21;555.1,1547.21;327.78,1498.67;313.58,1600.49
555	220020000	10	70457	95.55,115.55;2538.25,2174.04;2523.18,2203.19;2538.87,2242.6;2603.09,2269.43;2634.31,2244.49;2636.58,2205.33;2581.12,2160.19
556	220020000	11	70458	445,461;340.66,2274.7;328.57,2286.49;330.21,2288.28;326.81,2291.93;326.65,2293.31;329.23,2296.12;330.8,2296.07;334.55,2292.83;336.2,2294.56;348.41,2282.88
557	220020000	4	70459	0.1,334.1;799.13,2194.23;790.63,2162.75;777.41,2156.45;725.15,2181.95;721.69,2252.16;806.06,2256.88;834.08,2245.86;882.56,2198.32;871.85,2162.43;846.98,2160.55
558	220020000	19	70460	0.1,130.1;2234.9,1195.76;2191.3,1188.53;2183.55,1212.84;2228.42,1228.31;2227.94,1252.99;2234.99,1281.76;2246.74,1287.72;2267.81,1293.66;2270.7,1316.62;2292.39,1291.08;2288.12,1280.31;2274.06,1264.42;2251.08,1259.37;2258.82,1249.49;2251.9,1222.41;2257.24,1214.24;2276.43,1215.66;2290.44,1233.95;2304.45,1202.78;2293.47,1194.23;2263.3,1191.5
559	220020000	27	70461	0.1,280.1;1973.74,441.99;1959.35,477.95;1946.14,497.5;1920.06,514.29;1919.94,538.64;1941.96,566.4;1973.59,565.59;1995.51,539.58;2013.25,507.14;2027.02,432.26;2045.77,410.37;2073.87,381.27;2059.62,361.79;2035.52,359.77;1987.25,384.06;1960.4,384.72;1923.03,403.78;1932.63,438.45;1976.54,433.91
560	220020000	34	70462	0.1,100.67;2611.47,2277;2616.51,2256.23;2622.55,2246.37;2627.15,2248.42;2635.28,2247.59;2645.07,2250.35;2651.25,2246.53;2672.81,2264.4;2675.52,2285.05;2670.37,2305.78;2653.51,2318.07;2624.21,2312.06
561	220020000	17	70463	111,131;2299.26,1194.82;2279.05,1218.9;2279.04,1228.78;2301.69,1254.21;2328.83,1226.82
562	220020000	10	70464	0.1,458.1;340.27,2321;341.95,2324.01;341.32,2327.12;341.89,2328.36;345.19,2328.98;346.12,2328.47;347.22,2325.84;350.47,2324.05;352.57,2317.12;351.71,2314.68;348.41,2312.6;344.3,2312.6;342.58,2313.93
563	220020000	1	70465	0.1,800.1;2493.58,893.99;2224.83,950.55;1928.65,1105.28;1982.09,1470.5;2043.82,1586.24;3122.07,1414.57;3115.36,931.59;2613.89,860.56;2521,805.14
564	220020000	5	70466	0.2,180.2;1728.14,-98.83;1752.34,487.78;1976.19,653.45;2219,329.7;2034.36,696.45;2253.39,913.46;2488.27,886.68;2516.24,800.66;3189.53,727.53;3171.07,-104.34;2625.3,-108.72;2560,572.76;2601.24,-108.72
565	220020000	64	70467	0.3,500.3;2793.74,2594.74;2785.59,2658.06;2783.97,2735.95;2822.03,2822.06;2870.9,2852.6;2953.02,2848.53;3104.38,2824.1;3101.66,2622.52;2936.48,2600.08
566	220020000	7	70468	329.7,359.7;737.5,942.65;714.65,965.28;724.34,978.28;751.65,956.38;776.56,949.63;790.99,906.18;775.68,885.08;738.85,917.35
567	220020000	28	70469	327.83,397.83;270.68,1253.54;325.85,1299.54;295.74,1319.39;271.79,1339.23;242.35,1340.15;222.29,1320.3;235.45,1297.79;255.36,1279.47
568	220020000	16	70470	111.5,131.5;2298.24,1298.76;2319.37,1307.71;2321.62,1304.65;2328.33,1296.4;2346.57,1284.02;2343.82,1255.43;2323.18,1223.59;2297.61,1249.41;2302.46,1280.3
569	220020000	32	70471	0.1,111.9;2308.11,1416.91;2332.63,1413.39;2353.26,1468.44;2371.83,1500.25;2348.8,1525.9;2311.52,1487.09
570	220020000	50	70472	0.1,436.1;26.63,1522.63;10.92,1554.39;33.25,1572.42;55.91,1572.31;71.2,1585.17;111.75,1581.44;128.9,1613.71;164.67,1632.15;174.07,1657.07;187.6,1664.61;202.6,1657.48;234.58,1649.27;221.39,1670.83;222.97,1694.51;235.44,1719.84;283.95,1718.29;307.65,1701.88;306.01,1667.84;266.54,1617.96;271.2,1603.54;287.33,1591.83;313.38,1611.25;351.49,1601.93;353.91,1558.11;336.08,1548.47;302.31,1558.83;297.34,1548.47;316.18,1475.27;301.04,1459.72;237.3,1462.4;238.46,1417.35;220.68,1417.28;213.43,1439.4;197.84,1467.65;180.69,1446.9;126.1,1463.74;87.45,1458.94;68.25,1476.31;59.7,1519
571	220020000	29	70473	0.1,200.1;2288.96,1338.3;2280.84,1379.93;2299.79,1410.92;2328.35,1412.79;2349.36,1407.55;2364.61,1372.44;2345.6,1333.97;2319.54,1321.16
572	220020000	30	70474	100,400;1529.36,876.35;1501,951.04;1455.92,1211.55;1472.07,1281.94;1463.63,1536.44;1626.26,1590.38;1980.09,1493.9;1926.26,1084.11;1753.29,886.36
573	220020000	3	70475	0.1,530.1;742.29,327.2;752.64,362.22;801.1,333.56;784.29,304.15
574	220020000	25	70476	0.1,280.1;1981.47,2051.28;1978.27,2144.7;2061.37,2212.97;2139.22,2181.32;2179.01,2096.52;2119.93,2000.99;2031.66,2002
575	220020000	9	70477	0.1,460.1;362.4,2392.94;358.46,2405.87;373.3,2410.28;377.31,2397.46
576	220020000	6	70478	0.1,324.1;691.04,2688.11;690.7,2689.07;688.66,2688.95;687.86,2691.29;689.34,2692.6;689.11,2693.56;700.34,2697.35;700.64,2696.57;702.76,2696.45;703.59,2694.27;702.67,2693.26;701.92,2692.85;702.28,2691.81
577	220020000	2	70479	0.2,320.2;544.27,1281.77;489.87,1348.34;531,1439.97;613.12,1475.62;683.69,1384.31;655.3,1316.5;631.58,1319.07;597.05,1295.15;577.36,1285.08
578	220020000	4	70480	0.2,400.2;2977.7,855.33;2973.38,900.76;3013.79,902.44;3016.53,879.05;3004.41,850.71
579	220020000	5	70481	0.1,800.1;1939.53,597.09;1877.44,834.38;2007.25,1126.77;2233.77,991.63;2263.81,776.46;2195.62,577.93;2146.81,523.32
580	220020000	27	70482	16.25,416.25;1152.89,972.1;1175.15,1027.07;1216.02,1036.51;1327.03,981.3;1338.72,923.49;1298.5,904.65
581	220020000	5	70483	248.57,278.57;1056.41,1078.34;1071.54,1114.94;1060.44,1131.28;1057.22,1143.18;1033.71,1155.5;1024.06,1170.26;1017.24,1168.77;992.88,1155.69;972.78,1163.31;968.55,1166.92;969.63,1171.29;979.83,1171.81;993.92,1169.02;1001.29,1172.84;1015.96,1172.05;1016.96,1171.76;1017.67,1166.92;1024.22,1168.92;1023.93,1172.76;1024.91,1174.65;1032.86,1173.81;1039.38,1163.16;1066.85,1158.05;1067.22,1169.41;1056.45,1189.42;1058.54,1197.36;1073.99,1194.33;1081.63,1187.96;1083.28,1168.01;1096.62,1157.55;1103.39,1147.89;1132.66,1134.03;1160.33,1128.05;1163.19,1120.17;1157.67,1114.53;1131.68,1118.47;1119.48,1125.85;1100.04,1134.36;1090.96,1116.35;1094.46,1107.85;1124.63,1081.18;1107.79,1035.18;1086.93,1040.29
582	220020000	3	70484	231.46,261.46;922.11,2806.41;911.99,2841.85;925.45,2867.57;960.49,2858.25;965.56,2831.23;954.44,2805.99
583	220020000	22	70485	0.1,350.1;1394.8,2033.12;1386.72,1903.32;1409.34,1832.12;1427.93,1787.17;1390.67,1661.83;1441.56,1604.89;1489.09,1476.18;1658.47,1545.76;1559.26,1712.43;1584.54,1815.71;1537.88,1982.11;1570.92,2030.09;1624.27,2056.5;1655.28,2119.88;1664.38,2241.6;1686.54,2331.51;1735.2,2307.96;1669.3,2244.2;1662.49,2158.84;1713.79,2097.55;1707.43,2004.48;1673.54,1910.6;1710.32,1850.67;1772.97,1812.99;1815.19,1732.63;2001.35,1698.05;1948.94,1878.54;1869.51,1977.24;1934.89,2088.02;1932.62,2153.85;1840.91,2222.86;1738.3,2309.57;1615.48,2372.36;1537.21,2264.25;1526.62,2185.78
584	220020000	50	70486	0.1,410.1;1642.63,2574.78;1591.37,2614.5;1585.9,2626.38;1595.76,2657.97;1602.2,2667.03;1607.03,2668.84;1621.92,2668.23;1631.37,2693.78;1613.47,2716.52;1594.48,2714.7;1592.55,2732.41;1602.91,2735.73;1624.97,2735.77;1652.63,2750.22;1664.28,2767.69;1692.83,2775.58;1727.96,2754.4;1767.14,2754.04;1784.22,2760.04;1781.88,2811.36;1829,2789.61;1873.95,2726.23;1871.97,2669.55;1877.23,2657.14;1881,2626.86;1909.77,2615.39;1927.26,2590.75;1930.84,2567.42;1907.85,2541.67;1877.91,2530.09;1848.74,2544.78;1843.54,2549.38;1842.33,2500.89;1823.82,2484.39;1784.62,2485.41;1766.44,2513.38;1763.83,2522.24;1742.56,2487.85;1710.61,2487.41;1681.2,2506.77;1676.97,2533.73;1674.56,2540.97;1658.86,2547;1648.4,2555.86
585	220020000	3	70487	0.2,150.2;2358.8,1681.97;2346.64,1701.22;2338.83,1721.25;2356.28,1726.25;2361.8,1705.36;2385.85,1711.7;2384.78,1717.67;2393.89,1719.83;2391.38,1729.65;2382.27,1727.15;2380.85,1732.82;2356.41,1726.31;2361.34,1705.32;2346.56,1701.01;2318.83,1771.84;2343.49,1844.02;2389.51,1877.06;2448.51,1894.76;2466.01,1878.92;2466.19,1849.75;2459.13,1844.39;2450.72,1851.97;2443.32,1844.3;2443.41,1840.71;2441.1,1837.73;2445.16,1834.03;2447.84,1836.38;2451.6,1836.36;2458.87,1844.25;2450.9,1851.88;2457.89,1860.54;2486.59,1822.72;2484.63,1810.5;2473.14,1811.04;2471.76,1794;2474.25,1793.95;2474.06,1788.74;2474.8,1787.65;2479.94,1787.36;2480.81,1793.27;2483.13,1792.97;2484.62,1810.38;2473.25,1811.03;2479.51,1832.34;2532.22,1847.98;2573.16,1794.64;2540.85,1739.55;2457.34,1670.27
586	220020000	5	70488	0.1,460.1;500.35,1635.01;553.8,1629;568.16,1665.07;552.13,1684.78;533.75,1693.8;524.07,1677.77;497.01,1677.77
587	220020000	20	70489	165.8,190.8;2097.6,1194.16;2073.42,1189.68;2067.93,1197.79;2070.45,1209.05;2093.28,1220.87;2109.42,1219.01;2128.85,1208.87;2146.69,1201.54;2151.23,1172.82;2137.59,1171.82;2109.52,1189.63
588	220020000	32	70490	0.1,444.2;110.86,294.5;55.54,271.66;44.73,288.84;72.97,305.78;96.29,304.56;103.19,316.37;103.9,328.37;114.22,345.8;105.74,350.6;94.33,361.03;100.47,374.04;133.37,374.28;140.49,363.24;144.91,347.77;124.77,334.76;125.26,325.18;144.66,326.9;146.62,310.94;128.33,312.54
589	220020000	2	70491	0.1,800.1;2253.72,2199.92;2363.53,3097.47;3084.13,3090.61;3084.13,1965.13;2530.44,1987.56
590	220020000	36	70492	0.1,111.1;2276.23,1220.24;2299.76,1193.22;2328.39,1224.94;2298.55,1255.22
591	220020000	1	70493	0.1,800.1;-30.64,678.51;-30.94,1304.8;304.11,1465.52;330.15,1587.47;599.7,1606.86;819.95,1686.48;1247.27,1669.81;1510.29,1296.46;1535.75,1039.69;1357.11,820.32;515.73,635.08
592	220020000	18	70494	110.5,130.5;2285.57,1290.62;2269.69,1310.56;2284.53,1329.58;2313.01,1315.75;2321.94,1304.58;2299.06,1291.46
593	220020000	7	70495	0.1,101.6;2474.28,1793.98;2474.05,1788.79;2474.78,1787.61;2479.89,1787.29;2480.71,1793.35;2482.98,1793.09;2484.58,1810.22;2473.1,1810.95;2471.77,1794.02
594	220020000	8	70496	447,458.5;360.21,2424.53;357.11,2428.24;356.74,2429.11;357.21,2429.8;361.25,2433.15;359.53,2435.01;372.5,2445.85;379.91,2437.02;366.53,2426.38;365.14,2428.28
595	220020000	37	70497	0,110.5;2269.91,1317.98;2293.41,1290.31;2320.83,1309.81;2315.15,1315.62;2278.68,1330.1
596	220020000	2	70498	214,244;1030.74,2101.76;1005.34,2103.43;987.12,2116.17;946.05,2113.04;935.08,2136.82;903.57,2131.76;881.29,2153.24;877.23,2174.03;891.28,2198.11;925.79,2197.33;951.56,2184.11;970.51,2199.28;983.82,2192.18;994.11,2171.13;1056.74,2171.45;1095.59,2160.41;1106.99,2112.13;1148.35,2098.02;1183.95,2068.2;1182.34,2002.46;1108.27,1966.22;1060.73,1993.19;1063.46,2032.25
597	220020000	31	70499	0.1,214.1;965.49,2075.99;886.13,2129.82;871.6,2171.32;891.66,2210.75;1047.22,2236.63;1187.27,2124.44;1229.2,1976.27;1110.13,1935.85;1019.62,2010.85
598	220020000	29	70500	100.57,120.57;2611.94,2249.66;2597.6,2273.99;2616.79,2314.22;2662.48,2314.4;2686.43,2289.2;2665.82,2243.86;2637.04,2231.35
599	220020000	12	70501	107.76,127.76;2642.17,1324.56;2638.53,1360.13;2646.62,1382.01;2673.86,1414.64;2700.97,1415.13;2721.07,1395.65;2726.41,1346.48;2739.61,1313.5;2727.9,1292.1;2713.53,1263.41;2685.41,1272.67;2657.82,1264.21;2638.87,1282.5;2655.38,1302.33
600	220020000	39	70502	0.1,155.6;2148.64,1169.89;2145.13,1205.9;2178.13,1210.52;2186.34,1183.01
601	220020000	31	70503	0.1,87.37;2440.91,1738.63;2402.64,1764.37;2404.47,1772.53;2415.74,1774.48;2457.34,1757.36;2481.36,1738.4;2481.59,1720.24;2469.06,1697.02;2453.43,1691.16;2449.18,1705.87;2450.33,1726.1
602	220020000	3	70504	0.1,506.6;964.23,-43.05;1028.25,-7.2;1040.2,238.64;920.7,252.3;864.36,318.88;854.11,571.55;1004.35,613.38;1197.27,517.78;1294.58,378.64;1247.63,256.57;1044.47,242.91;1030.81,-43.05
603	220020000	5	70505	506.5,556.5;942.89,276.57;889.02,326.29;874.6,530.72;971.04,590.65;1036.68,580.51;1143.93,477;1189.38,494.5;1248.48,426.96;1248.48,320.36;1174.54,272.79;1094.33,285.45;1079.83,252.33
604	220020000	31	70506	0.1,217.6;936.25,1598.62;930.76,1619.84;967.7,1640.48;998.31,1649.22;1024.45,1625.32;1018.45,1593.95;964.89,1588.31
605	220020000	7	70507	0.1,175.1;2649.77,2538.79;2637.3,2583.42;2688.37,2588.7;2694.3,2545.49
606	220020000	62	70508	-76.61,623.39;1900.25,3018.8;2014.56,3077.64;2167.43,3075.34;2266.65,2996.34;2314.25,2845.94;2286,2674.33;2168.99,2549.4;1997.17,2577.96;1877.69,2742.14;1852.46,2810.04;1881.61,2922.2
607	220020000	11	70509	87.25,107.27;2445.69,1710.1;2455.11,1726.87;2451.21,1742.8;2438.59,1745.49;2415.27,1753.59;2406.17,1764.79;2405.7,1773.69;2420.5,1778.88;2429.27,1771.98;2436.54,1761.54;2449.21,1756.55;2471.53,1748.8;2480.9,1738.59;2480.89,1727.26;2479.62,1716.64;2470.42,1710.22;2463.87,1691.38;2452.69,1691.04
608	220020000	32	70510	0.1,248.67;1026.57,1127.81;956.39,1168.03;1038.27,1222.14;1092.85,1191.75;1092.08,1172.67;1159.42,1138.5;1178.33,1121.58;1167.87,1109.63;1103.36,1118.6;1130.56,1086.75;1131.22,1029.68;1075.16,1015.09;1049.28,1072.48
609	220020000	34	70511	0.1,329.8;717.85,962.94;734.37,978.08;773.57,959.8;798.23,919.09;774.03,893.26;744.25,904.66;734.78,931.65
610	220020000	26	70512	0.1,400.1;1684.13,2579.07;1667.5,2637.95;1692.74,2692.95;1741.64,2718.86;1806.53,2703.36;1816.61,2688.68;1827.55,2680.5;1862.87,2965.37;1848.92,2968.56;1844.73,2950.94;1824.18,2924.3;1763.32,2935.91;1740.41,2982.15;1777.63,3044.58;1822.26,3030.8;1847.69,2999.96;1848.9,2964.91;1858.02,2963.68;1821.82,2682.76;1842.22,2654.16;1836.63,2590.71;1796.84,2549.13;1733.47,2543.5
611	220020000	1	70513	506.5,806.5;815.57,-16.37;760.38,641.67;983.58,720.28;1340.83,831.43;1404.71,914.6;1487.87,854.33;1487.03,509.88;1468.15,-37.23
612	220020000	1	70514	0.2,800.2;-63.88,-66.29;-64.35,821.83;637.66,671.2;554.26,-68.15
613	220020000	6	70515	282.3,312.3;630.27,1057.34;639,1110.83;625.22,1131.31;608.08,1140.42;591.26,1176.21;591.63,1188;607.71,1195.51;606.39,1212.19;621.66,1240.45;648.27,1244.69;662.47,1261.15;724.23,1264.05;746.8,1221.58;792.35,1214.05;807.3,1168.71;789.84,1129.59;753.59,1093.99;710.35,1092.18;694.85,1074.51;718.66,1046.73;738.16,1016.01;733.75,976.25;713.39,956.44;686.68,956.51;667.07,959.79;661.91,1014.03
614	220030000	55	70516	0.1,400.1;1751.21,671.39;1752.21,701.39;1772.45,694.63;1779.03,681.93;1794.53,689.79;1793.12,693.15;1801.14,698.03;1798.17,704.05;1789.52,700.12;1787.63,703.11;1772.38,695.05;1769.61,686.21;1751.83,692.49;1752.05,701.6;1751.9,709.41;1753.15,746.94;1789.42,762.43;1841.32,757.74;1830.66,801.62;1868.48,811.55;1949.79,810.27;2031.46,793.23;2033.12,696.9;1934.57,643.82;1883.13,650.52;1876.54,679.31;1850.59,691.46;1803.94,672.96;1775.78,674.62
615	220030000	20	70517	0.1,310.1;2455.32,678.72;2364.84,711.88;2348.88,773.7;2344.38,804.81;2388.97,846.99;2458.55,915.88;2495.43,924.24;2526.75,897.1;2529.53,856.04;2547.62,837.25;2587.98,782.97;2585.2,748.18;2538.58,747.48;2533.01,691.12
616	220030000	6	70518	0.1,270.1;2431.04,2375.48;2480.66,2383.02;2463.88,2430.47;2462.17,2450.54;2389.13,2461.76;2385.72,2379.64;2408.84,2376.91
617	220030000	2	70519	313.1,333.1;2204.61,444.11;2199.38,475.12;2225.49,496.85;2249.64,508;2275.61,494.22;2285.7,495.81;2298.02,514.04;2324.99,527.84;2352.98,526.87;2381.99,513.47;2383.15,478.02;2312.01,457.93;2310.34,426.87;2305.64,374.5;2271.2,363.44;2247.67,389.94
618	220030000	2	70520	0.1,400.1;1256.74,422.75;1240.3,516.79;1264.2,560.04;1332.55,560.19;1357.63,529.08;1357.24,494.64;1373.69,484.81;1381.28,456.2;1344.49,414.35
619	220030000	20	70521	247.54,267.54;1361.44,1135.43;1366.56,1196.81;1343.46,1242.85;1273.85,1280.34;1228.44,1280.55;1215.11,1287.85;1233.95,1330.38;1267.59,1406.55;1357.86,1525.49;1185.41,1619.82;1157.24,1505.43;1091.46,1364.36;934.83,1107.67;1082.44,996.23;1090.97,1050.7;1127.07,1061.86;1128.63,1093.34;1153.15,1113.36;1180.53,1136.66;1205.11,1082.08;1242.35,1084.12;1247.55,1130.12;1255.94,1135.95;1275.34,1138.7;1294.08,1127.33;1311.71,1119.9
620	220030000	10	70522	0.1,278.5;2049.41,514.55;2042.41,528.09;2044.3,542;2067.4,573.11;2111.9,571.31;2120.02,541.91;2106.49,529.23;2074.09,530.24;2062.65,514.48
621	220030000	10	70523	0.1,300.1;1677.61,1508.33;1695.68,1493.6;1744.16,1452.73;1791.04,1472.49;1786.01,1531.72;1773.83,1538.66;1754.88,1542.66;1732.94,1561.54;1695.76,1575.88;1671.97,1565.81;1645.23,1581.85;1627.42,1514.98
622	220030000	15	70524	260,269;1621.44,1903.24;1611.49,1916.69;1620.57,1923.36;1630.17,1909.81;1628.34,1908.29;1630.98,1903.96;1630.99,1902.6;1627.88,1900.4;1626.76,1900.89;1623.52,1904.77
623	220030000	3	70525	277.19,292.19;2037.44,523.61;2045.81,548.94;2069.55,563.28;2096.09,561.27;2127.09,551.66;2119.46,523.59;2076.33,529.71;2054.98,518.94
624	220030000	1	70526	0.1,800.1;1540.25,1051;1374.46,1091.16;1385.7,1236.2;1288.55,1370.2;1398.9,1577.13;1593.57,1514.48;1676.19,1508.73;1684.25,1510.71;1695.76,1501.95;1703.53,1486.53;1732.52,1429.17;1668.42,1372.09;1630.5,1282.06;1652.97,1250.05;1677.08,1175.23;1673.41,1126.08;1688.84,1050.89;1610.71,1067.94
625	220030000	13	70527	0.1,800.1;1966.52,945.19;1995.32,1183.04;1867,1388.13;1861.46,1421.38;2006.44,1411.22;2103.39,1475.86;2284.38,1385.36;2253.02,1309.49;2289.56,1022.4;2255.98,857.11;2244.38,778.99;2070.09,665.49;2009.55,631.43;1989.08,677.94;2026.92,700.89;1963.41,787.67;1947.64,837.67;1901.4,921.59
626	220030000	15	70528	247.52,1047.52;1084.14,1049.5;1125.54,1323.53;1243.83,1375.28;1319.73,1327.47;1393.74,1237.05;1377.33,1089.57
627	220030000	1	70529	0.1,800.1;1872.19,924.54;1917.54,918.11;1985.94,940.79;2014.5,1183.24;1878.9,1396.11;1800.18,1428.11;1723.73,1439.94;1657.96,1380.75;1617,1278.02;1636.68,1250.23;1659.08,1179.51;1658.12,1123.39;1688.55,1051.64;1831.73,966.47
628	220030000	18	70530	270,279;1568.13,1856.15;1551.44,1855.46;1550.96,1866.64;1567.82,1867.17;1567.85,1864.67;1572.92,1864.43;1574,1863.65;1574.11,1860.04;1573.09,1859.18;1568.14,1858.62
629	220030000	2	70531	0.1,800.1;2458.49,1373.22;2517.57,1369.32;2519.62,1368.64;2537.97,1392.85;2598.74,1355.62;2617.57,1188.58;2567.15,1092.09;2332.86,1008.2;2277.54,1008.68;2239.4,1311.57;2273.51,1391.29;2441.28,1399.87
630	220030000	89	70532	247.56,262.56;1643.27,508.82;1656.62,478.78;1697.12,453.77;1725.25,443.8;1760.46,417.78;1808.69,416.38;1843.11,480.83;1836.72,534.76;1818.66,556.42;1797.92,570.34;1795.79,586.11;1797.7,616.6;1788.67,633.22;1735.04,657.06;1746.04,615.27;1740.02,601.02;1715.68,577.25;1665.22,554.1
631	220030000	1	70533	247.62,267.62;2556.51,2243.26;2525.71,2243.23;2493.69,2256.18;2479.48,2285.04;2491.3,2307.89;2501.56,2320.57;2502.21,2338.6;2520.79,2362.71;2536.34,2409.29;2577.32,2432.27;2569.87,2448.38;2545.64,2455.48;2507.28,2430.5;2481,2441.93;2469.23,2473.9;2475.5,2506.83;2508.18,2520.14;2508.89,2537.45;2520.18,2571.19;2546.38,2587.79;2571.02,2615.42;2586.62,2617.9;2603.95,2641.5;2598.75,2668.88;2570.18,2713.84;2540.6,2738.04;2458.32,2776.16;2464.1,2807.21;2531.8,2817.92;2551.83,2837.05;2550.78,2868.78;2570.16,2913.83;2611.47,2934.87;2624.76,2987.51;2657.57,2994.05;2678.21,2951.22;2687.69,2920.37;2687.76,2898.92;2711.36,2888.29;2748.36,2888.4;2811.26,2843.98;2824.99,2881.51;2752.09,2928.95;2722.01,2991.44;2712.17,3053.92;2649.69,3038.88;2522.41,3051.61;2521.25,3163.85;3168.45,3171.14;3159.31,2322.83;2896.95,2328.71;2892.05,2425.63;2909.67,2448.14;2969.39,2464.78;2979.18,2546.04;2940.02,2585.2;2879.38,2441.9;2900.96,2434.34;2908.63,2366.64;2897.53,2208.79;2949.92,2182.02;2953.69,2135.96;2899.32,2089.14;2916.69,2041.56;3015.62,2029.48;3051.86,1989.45;2986.92,1944.9;2979.37,1912.43;3006.55,1895.81;3003.53,1870.14;3010.33,1845.22;3036.01,1831.62;3062.44,1830.87;3066.09,1680.47;3058.77,1674.63;3054.59,1662.18;3043.45,1681.13;3021.79,1708.04;3027.13,1725.88;3034.64,1760.03;3003.16,1811.51;2967.59,1813.66;2965.04,1760.33;2928.01,1746.33;2922.72,1649.93;2941.53,1585.32;2917.21,1540.73;2901.52,1494.87;2923.46,1480.97;2954.47,1433.44;2958.24,1388.51;3035.39,1355.45;3062.01,1303.06;3108.39,1298.71;3114.49,963.27;2849.79,965.92;2846.49,978.32;2824.98,1008.92;2830.51,1050.02;2775.6,1043.78;2679.98,997.84;2666.14,947.13;2670.32,950.47;2626.45,950.91;2538.7,959.78;2495.27,995.67;2463.81,1003.65;2407.08,996.56;2415.5,967.75;2462.92,977.06;2487.74,959.33;2505.91,935.85;2536.04,928.31;2574.15,912.8;2570.17,883.11;2593.21,881.78;2608.76,893.67;2635.23,837.69;2680.07,778.37;2720.59,753.86;2750.11,725.13;2798,743.64;2818.81,786.92;2817.21,827.65;2800.39,860.47;2817.03,875.15;2855.87,929.03;2843.21,986.91;3130.55,978.98;3130.38,1303.57;3129.66,2336.56;2894.32,2335.72;2873.07,2307.54;2867.09,2281.99;2865.14,2257.77;2812.6,2213.04;2782.37,2214.62;2758.79,2237.31;2756.42,2269.76;2731.44,2258.57;2717.03,2246.1;2737.84,2204.57;2684.58,2185.52;2657.61,2234.23;2617.84,2245.88;2583.74,2259.5
632	220030000	10	70534	247.52,257.52;1779.62,765.17;1767.63,786.97;1763.82,807.72;1747.91,821.13;1727.44,822;1710.65,788.78;1689.98,699.69;1612.09,675.8;1529.81,714.56;1509.04,749.76;1515.6,789.13;1505.74,805.51;1466.64,821.53;1397.62,822.84;1374.11,851.36;1331.72,844.4;1297.55,843.23;1260.62,853.62;1240.89,876.39;1249,937.96;1264.86,960.3;1246.45,979.4;1194.74,992.31;1128.97,963.09;1098.98,960;1071.18,965.2;1090.65,1014.75;1165.68,1034.25;1272.23,1040.1;1314.29,960.63;1293.89,922.91;1281.14,898.46;1310.42,879.65;1336.7,896.1;1372.16,896.32;1400.39,881.82;1435.82,908.48;1464.82,918.04;1482.26,872.66;1494.69,877.35;1490.21,899.77;1532.39,939.04;1577.8,961.59;1616.13,943.33;1586.19,849.6;1558.96,762.7;1610.08,721.79;1656.49,726.6;1655.25,810.36;1684.92,866.34;1735.59,867.51;1790.91,874.77;1813.91,848.64;1803.78,795.79;1828.52,773.83;1842.46,770.35;1878.64,755.76;1884.61,726.29;1861.41,670.43;1784.25,635.05;1795.29,610.62;1746.75,615.57;1742.42,655.39;1759.09,673.67;1779.75,672.04;1798.47,674.58;1822.38,689.84;1846.32,690.78;1848.75,705.35;1853.86,737.6;1854.5,738.46;1833.11,747.58;1816.41,753.37
633	220030000	1	70535	247.52,1047.52;2230.47,2325.15;2216.87,2285.83;2141.35,2142.65;2449.87,1864.51;2537.18,1903.04;2814.56,1890.25;3186.97,1756.03;3189.54,3109.66;2014.64,3119.57;2010.72,2906.52;2163.65,2812.41;2332.7,2484.42;2309.43,2393.46;2266.21,2384.06
634	220030000	1	70536	0.1,800.1;2396.42,675.84;2446.63,558.61;2372.52,384.8;2256.93,354.36;2187.97,383.17;2047.08,355.69;1988.3,388.75;1939.42,512.55;1936.61,544.01;1975.07,610.84;2016.07,645.79;2149.62,736.2;2233.71,787.58;2316.34,763.58
635	220030000	1	70537	247.53,1047.53;2510.71,1089.29;2545.96,1211.04;3078.03,1159.77;3066.83,-38.26;2379.25,-33.25;2422.09,249.21;2370.35,384.69;2450.52,558.4;2391.17,620.9;2366.28,685.92;2312.89,754.49;2231.85,778.9;2247.26,858.97;2277.38,1016.13;2332.8,1013.21
636	220030000	13	70538	255,264;1747.65,1831.31;1744.48,1843.95;1759.14,1847.57;1762.34,1834.98
637	220030000	80	70539	0.1,265.1;1594.34,1745.88;1601.42,1752.59;1605.98,1761.49;1616.33,1772.75;1626.38,1765.02;1637.17,1754.33;1620.98,1735.49;1609.72,1737.26;1607.05,1734.23
638	220030000	1	70540	0.1,280.1;2502.89,1482.65;2525.6,1475.45;2543.16,1443.31;2533.54,1391.38;2514.37,1377.27;2473.71,1368.2;2458.96,1369.05;2449.48,1381.48;2451.79,1443.64;2472.63,1483.39
639	220030000	7	70541	310.1,710.1;2436.16,611.11;2309.93,759.3;2303.19,853.61;2442.32,958.3;2578.61,897.59;2615.43,818.42;2614.66,733.1;2538.24,608.66
640	220030000	1	70542	247.53,1047.53;1407.38,613.89;1360.4,571.48;1316.73,567.36;1225.41,637.48;1212.17,733.74;1100.68,884.21;1102.94,1048.07;1431.08,1099.25;1536.53,1046.65;1602.92,1090.45;1677.78,1076.3;1845.42,971.41;1878.96,934.59;1917.26,918.78;1956.54,839.72;1972.1,784.57;1870.38,803.8;1838.54,793.28;1761.97,739.19;1734.72,728.64;1695.32,652.56;1561.95,622.83
641	220030000	2	70543	247.54,1047.54;1978.55,588.07;1944.14,544.85;1944.72,511.09;1996.91,393.01;2048.5,363.21;2191.19,390.02;2262.17,358.43;2373.87,390.17;2428.66,249.45;2384.05,-23.99;1722.61,-15.12;1724.04,80.79;1822.96,193.04;1747.13,291.8;1616.04,382.04;1574.17,411.97;1527.66,371.86;1368.83,461.6;1368.06,475.64;1358.48,486.19;1345.58,491.29;1340.29,527.75;1352.16,562.5;1407.64,611.32;1599.03,651.07;1733.66,677.37;1804.18,674.97;1874.02,689.35;1999.71,687.58;2018.28,619.98
642	220030000	1	70544	247.52,1047.52;2448.81,1862.52;2534.21,1904.89;2806.72,1888.72;3195.02,1754.81;3191.65,1010.82;2990.84,1142.76;2600.91,1189.39;2586.02,1349.77;2536.07,1378.23;2540.52,1425.5;2526.34,1467.67;2503.96,1476.24;2485.95,1479.48;2375.45,1464.33;2332.12,1602.35
643	220030000	16	70545	255,267;1662.45,1743.54;1658.76,1752.02;1671.49,1757.8;1675.39,1749.39
644	220030000	88	70546	0.1,500.1;1660.53,2073.36;1616.33,2229.06;1613.99,2264.39;1681.54,2301.08;1777.84,2230.16;1746.83,2201.98;1707.86,2195.78;1713.97,2137.43;1741.78,2133.7;1767.5,2058.29;1733.66,2039.81;1716.65,2025.16;1687.96,2035.43
645	220030000	8	70547	286.57,306.57;1629.17,221.04;1627.63,240.91;1644.35,264.62;1671.86,265.91;1707.06,260.42;1724.9,248.86;1724.58,219.27;1687.3,216.45;1675.62,206.64;1661.3,192.16;1638.09,191.92
646	220030000	35	70548	0.1,281.75;1498.15,190.26;1490.28,248.81;1536.28,282.44;1597.14,256.2;1613.64,239.55;1631.23,233.59;1631.58,224.12;1620.29,215.75;1614.97,199.81;1596.18,170.4;1562.02,162.02
647	220030000	3	70549	0.1,247.1;1781.63,1764.64;1737.48,1706.7;1648.48,1682.57;1565.66,1705.28;1525.07,1793.53;1539.3,1893.31;1636.36,1948.7;1745.12,1929.51;1794.22,1836.91
648	220030000	7	70550	281.67,291.67;1503.24,208.38;1495.47,225.5;1496.39,248.42;1521.66,273.17;1542.39,274.68;1569.43,270.34;1599.9,263.21;1623.79,246.94;1631.92,231.62;1632.22,225.81;1626.95,214.85;1623.09,197.33;1599.6,168.69;1573.22,160.5;1551.4,160.41;1521.31,182.66;1510.67,205.73;1533.9,214.7;1550.32,194.7;1569.92,193.95;1586.49,209.24;1587.98,225.39;1575.73,238.07;1542.76,244.29;1532.72,245.65;1524.37,229.7;1554.79,188.58;1537.58,173.17
649	220030000	17	70551	255,268;1614.84,1786.83;1606.91,1805.81;1629.07,1814.93;1631.21,1809.65;1639.97,1813.39;1643.63,1804.56;1634.93,1800.92;1637.03,1795.76
650	220030000	10	70552	275,395;2479.48,2498.68;2600.01,2493.72;2594.77,2655.2;2497.85,2671.54;2433.68,2663.84;2418.59,2540.92
651	220030000	10	70553	247.53,1047.53;1305.58,769.65;1239.72,764.76;1125.96,835.39;1102.1,883.28;1108.19,1052.4;1306.48,1072.26;1453.81,1069.23;1386.29,899.84;1365.65,865.44
652	220030000	15	70554	0.1,800.1;1514.91,378.32;1559.36,424.68;1741.2,290.89;1822.96,189.43;1722.78,81.72;1722.51,-15.81;758.52,-7.81;760.57,517.51;1225.33,422.87;1339.47,421.74;1368.84,459.95
653	220030000	0	70555	0.1,277.1;2276.5,-12.29;2278.32,151.23;2329.84,225.39;2314.84,241.32;2260.78,299.16;2258.2,352.72;2351.69,376.83;2440.17,260.41;2335.54,83.99;2361.3,35.98;2403.06,37.15;2447.46,-9.3
654	220030000	12	70556	255,263;1749.5,1774.97;1752.36,1772.81;1759.76,1774.05;1761.31,1775.51;1761.81,1779.62;1759.95,1783.16;1758.14,1784.14;1750.86,1782.98;1748.78,1780.2;1745.86,1779.42;1744.97,1778.34;1745.34,1775.62;1746.61,1774.84
655	220030000	14	70557	255,262;1732.14,1866.64;1730.07,1868.04;1736.91,1877.93;1744.45,1872.85;1743.16,1871.02;1746.48,1868.78;1743.42,1864.13;1740.03,1866.33;1737.69,1862.89;1736.68,1863.55;1733.91,1859.47;1732.93,1859.2;1729.31,1861.8;1729.37,1862.44
656	220030000	50	70558	310.1,325.1;2379.17,713.92;2421.4,706.43;2445.71,693.59;2467.98,676.02;2518.94,677.35;2536.02,704.6;2526.66,756.78;2556.1,746.56;2576.06,748.28;2589.9,779.26;2536.93,837.88;2515.62,905.07;2497.66,916.92;2460.85,903.25;2414.44,873.55;2394.63,837.99;2386.89,827.09;2362.17,818.51;2350.33,799.18;2353.5,774.23
657	220030000	5	70559	0.1,273.1;1779.44,681.93;1772.62,694.87;1787.59,702.67;1789.47,699.27;1793.68,701.46;1797.48,703.45;1800.62,697.58;1795.76,695.05;1792.59,693.2;1794.48,689.94
658	220030000	30	70560	247.52,1047.52;1421.72,787.16;1376.29,832.23;1346.52,837.19;1280.84,820.75;1233.42,895.24;1218.96,949.88;1099.77,951.93;1087.07,1051.05;1279.58,1060.47;1309.48,1028.11;1365.16,933.58;1466,926.89;1572.11,969.26;1611.81,887.58;1605.66,778.76;1610.35,737.17;1652.95,763.54;1658.53,895.91;1766.55,912.14;1835.02,891.85;1812.71,796;1770.61,766.08;1728.52,780.28;1694.46,669.83;1535.66,667.64;1506.35,752.51;1514.23,798
659	220030000	2	70561	247.52,1047.52;1000.31,1659.39;1353.32,1534.44;1388.11,1587.15;1504.76,1563.99;1632.86,1550.15;1644.19,1585.13;1671.28,1568.87;1698.38,1578.68;1735.52,1561.55;1754.35,1538.28;1777.36,1532.01;1796.44,1532.27;1850.12,1475.22;1852.86,1413.74;2013.26,1397.9;2112.06,1469.12;2142.52,1590.93;2299.7,1761.71;2315.18,1842.41;2238.42,1871.71;2185.22,1935.78;2086.25,2158.16;2017.19,2166.56;1948.78,2168.48;1915.43,2193.08;1839.42,2160.23;1834.8,2057.06;1812.32,2012.98;1732.18,2017.94;1676.43,2031.42;1461.63,2075.75;1465.83,2089.14;1493.86,2097.66;1160.15,2228.27
660	220030000	3	70562	247.52,532.52;2465.27,2430.38;2517.73,2432.15;2625.86,2417.03;2645.2,2665.39;2599.3,2668.16;2582.99,2660.69;2568.12,2640.93;2540.52,2644;2522.66,2662.96;2457.68,2651.01;2425.76,2608.1;2371.1,2545.73;2365.66,2519.65;2407.16,2477.24;2431.43,2458.64;2451.51,2448.8
661	220030000	1	70563	0.1,800.1;1729.56,2012.8;1808.85,2007.72;1837.12,2053.8;1846.46,2156.95;1921.06,2192.61;1850.83,2250.49;1813.24,2274.4;1689.14,2329.85;1603.81,2292.13;1622.98,2180.06;1614.49,2067.82;1686.19,2030.33
662	220030000	1	70564	0,247.5;-107.24,-100.91;-139.94,3204.9;3201.08,3212.44;3178.44,-136.13
663	220030000	1	70565	260,1060;1494.04,2336.89;1446.31,2509.41;1467.55,2513.46;1480.71,2538.75;1465.53,2550.89;1433.16,2558.98;1452.37,2746.17;1732.44,2821.06;1812.06,2542.81;1725.94,2351.55
664	220030000	11	70566	0.1,260.1;1718.81,2027.69;1709.04,2034.37;1689.7,2041.67;1679.32,2072.85;1679.36,2085.83;1681.72,2090.73;1677.65,2096.22;1689.81,2102.3;1692.82,2096.51;1691.68,2085.12;1694.76,2081.98;1696.97,2085.17;1694.98,2095.14;1696.4,2102.01;1692.5,2113.25;1688.37,2115.77;1686.25,2114.19;1685.08,2108.65;1682.59,2105;1689.65,2102.18;1692.54,2096.42;1681.96,2090.83;1677.8,2096.39;1659.75,2095.34;1657.63,2106.36;1667.83,2127.12;1674.67,2125.13;1674.65,2114.01;1677.84,2126.27;1676.15,2131.02;1663.83,2128.25;1658.36,2135.87;1655.72,2154.88;1663.73,2166.17;1670,2165.17;1669.58,2168.34;1666.83,2172.41;1661.01,2184.22;1646.84,2191.64;1637.71,2200.74;1633.75,2212.25;1623.77,2223.43;1617.69,2230.16;1618.69,2241.03;1615.54,2252.2;1630.26,2267.43;1643.55,2266.55;1653.52,2256.95;1634.49,2251.31;1632.83,2240.43;1632.55,2230.77;1659.25,2218.1;1663.27,2220.16;1658,2228.3;1657.15,2239.03;1643.93,2235.78;1634.85,2238.13;1636.03,2249.99;1660.82,2256.6;1670.3,2244.48;1673.72,2234.99;1676.96,2230.75;1676.59,2233.15;1672.09,2245.87;1666.17,2256.65;1654.54,2261.33;1640.77,2253.2;1634.18,2266.26;1655.3,2278.42;1673.85,2276.73;1686.94,2263.66;1687.26,2255.81;1702.65,2247.47;1704.36,2246.36;1703.8,2252.33;1699.29,2251.8;1701.89,2257.73;1712.04,2260.46;1730.35,2257.99;1738.44,2251.45;1746.88,2235.6;1757.19,2229.71;1757.99,2221.03;1751.42,2217.78;1743.16,2222.39;1732.12,2229.85;1720.46,2226.25;1723.5,2213.97;1716.62,2205.4;1705.01,2212.94;1696.11,2209.9;1694.43,2221.07;1706.99,2224.89;1690.64,2236.85;1693.13,2230.18;1688.02,2223.13;1675.55,2220.8;1675.45,2215.41;1680.48,2214.41;1688,2215.16;1691.68,2220.78;1703.43,2222.3;1705.03,2212.9;1696.11,2209.52;1697.35,2190.6;1686.98,2189.43;1683.86,2202.26;1679.6,2204.9;1670.26,2199.68;1657.23,2201.64;1675.7,2194.47;1674.61,2169.98;1670.19,2168.29;1666.63,2172.15;1664.93,2165.84;1674.45,2164.55;1686.36,2155.18;1684.33,2141.69;1690.04,2130.54;1707.68,2116.43;1720.19,2126.77;1731.45,2131.15;1743.14,2121.9;1743.98,2110.99;1738.58,2102.83;1728.25,2103.16;1726.68,2112.83;1712.96,2105.68;1707.65,2091.58;1710.22,2080.26;1708.37,2073.88;1701.53,2066.38;1710.61,2071.69;1720.08,2070.75;1722.62,2075.74;1713.21,2077.3;1710.63,2082.84;1710.87,2088.21;1715.03,2090.59;1719.73,2084.86;1724.75,2085.11;1719.83,2089.31;1719.67,2094.25;1726.01,2097.26;1741.84,2090.16;1749.82,2078.19;1762.1,2071.68;1759.28,2063.84;1748.75,2063.57;1739.33,2069.2;1729.46,2063.23;1717.76,2059.55;1721.56,2054.6;1718.82,2049.74;1709.44,2048.71;1703.74,2049.16;1716.22,2043.6;1725.67,2033.81
665	220030000	99	70567	0.1,800.1;2436.03,1807.85;2326.82,2008.65;2412.51,2037.45;2524.16,2009.98;2593.71,1882.32
666	220030000	12	70568	247.62,267.62;2483.57,1555.65;2491.16,1585.82;2507.81,1601.84;2515.18,1622.66;2528.8,1634.99;2538.63,1633.6;2545.81,1622.76;2563.34,1638.84;2548.54,1645.52;2541.3,1653.86;2545.84,1664.4;2558.96,1681.82;2573.42,1682.31;2589.68,1670.93;2608.16,1695.99;2593.68,1703.12;2573.93,1692.43;2554.92,1717.21;2562.68,1744.69;2537.64,1750.57;2529.11,1725.08;2529.09,1711.2;2532.68,1690.35;2521.31,1677.47;2509.37,1678.95;2492.57,1695.56;2490.72,1718.67;2501.21,1738.13;2513.85,1780.5;2531.43,1793.22;2545.41,1790.28;2547.31,1772.84;2537.58,1751.3;2528.78,1725.53;2555.25,1717.24;2562.91,1744.84;2581.7,1740.42;2588.13,1743.59;2598.37,1739.08;2615.66,1735.66;2625.65,1725.92;2623.81,1700.87;2607.98,1696.5;2653.48,1632.43;2672.42,1643.5;2673.39,1664.5;2695.12,1684.19;2704.8,1696.33;2691.44,1706.5;2680.89,1696.94;2673.38,1700.97;2667.49,1732.39;2636.47,1758.61;2622.81,1762.91;2606.41,1759.98;2587.38,1769.64;2584.98,1781.1;2596.39,1792.03;2587.26,1809.77;2571.77,1806.83;2562.59,1807.53;2563.84,1827.77;2570.9,1838.47;2610.08,1839.33;2612.47,1834.81;2612.56,1817.64;2588.75,1810.51;2588.26,1809.74;2571.86,1806.69;2585.36,1781.08;2597.73,1792.77;2603.78,1792.63;2608.85,1783.79;2624.86,1781.65;2632.7,1784.06;2640.89,1780.06;2648.86,1776.56;2656.57,1771;2659.79,1764.56;2697.07,1751.78;2725.72,1724.66;2744.11,1737.49;2762.23,1735.64;2771.62,1721.96;2793.39,1725.34;2793.5,1707.53;2777.99,1702.94;2764.58,1688.36;2763.76,1669.19;2740.77,1672.39;2709.65,1641.78;2687.71,1639.38;2676.67,1642.88;2682.09,1630.96;2675.76,1585.08;2691.53,1568.94;2710.23,1554.35;2725.48,1561.53;2747.99,1600.89;2787.68,1576.82;2798.48,1560;2775.25,1541.12;2746.9,1539.78;2752.79,1505.64;2783.73,1482.23;2799.83,1516.95;2834.6,1549.91;2858.09,1550.29;2873.88,1523.41;2896.2,1555.9;2876.3,1567.93;2881.86,1579.2;2901.18,1594.54;2877.22,1605.05;2866.82,1592.96;2851.79,1588.55;2841.03,1589.52;2819.69,1605.53;2817.38,1619.44;2829.48,1646.28;2845.62,1657.91;2838.54,1678.14;2855.26,1701.56;2855.51,1709.02;2880,1709.67;2853.99,1775.76;2848.23,1752.05;2836.56,1745.9;2827.1,1750;2811.41,1794.63;2849.28,1799.74;2856.21,1786.56;2849.12,1752.01;2856.81,1708.94;2901.47,1711.79;2916.73,1680.58;2907.73,1676.86;2896.85,1677.96;2887.86,1675.12;2884.25,1665.56;2871.09,1650.5;2866.47,1636.84;2873.35,1623.56;2877.51,1605.8;2866.96,1593.35;2852.22,1588.98;2883.43,1580.74;2900.89,1594.63;2907.83,1609.14;2919.46,1605.72;2923.37,1589.96;2920.85,1570.88;2911.64,1559.31;2896.2,1555.53;2879.17,1565.52;2858.47,1550.72;2876.68,1521.15;2836.07,1488.11;2814.34,1482.94;2810.81,1452.89;2798.19,1435.35;2779.67,1438.09;2768.18,1458;2737.28,1459.94;2723.73,1498.7;2692.44,1509.4;2609.95,1492.36;2611.94,1513.32;2601.62,1534.64;2596.94,1544.4;2598.37,1553.11;2579.51,1542.05;2588.6,1530.96;2588.4,1517.08;2582.6,1513.18;2558.44,1522.5;2550.16,1533.78;2555.61,1545.36;2572.48,1551.83;2588.4,1531.92;2601.41,1535.7;2597.46,1544.01;2598.63,1564.68;2614.42,1580.63;2622.13,1598.74;2647.61,1614.66;2659.14,1637.17;2670.74,1642.49;2619.51,1697.57;2607.88,1696.63;2593.15,1702.53;2573.77,1683.07;2590.37,1669.21;2589.71,1654.24;2579.8,1632.98;2573.2,1629.02;2563.57,1639.01;2548.83,1645.62;2538.79,1633.68;2545.93,1622.98;2542.41,1610.64;2532,1598.31;2527.21,1578.98;2531.89,1567.06;2532.12,1552.07;2528.16,1544.34;2496.76,1545.78
667	220030000	20	70569	0.1,313.1;2238.88,358.02;2195.92,441.39;2202.28,483.4;2244.93,507.58;2278.66,503.45;2351.85,536.54;2402.45,499.31;2383.04,459.53;2337.85,453.48;2317.48,430.57;2315.57,384.75
668	220030000	30	70570	0.1,262.1;1261.15,1115.65;1264.06,1122.8;1277.52,1117.03;1274.34,1110.22
669	220030000	15	70571	0.1,350.1;1453.57,2528.83;1457.79,2525.95;1463.59,2526.21;1468.12,2529.7;1469.47,2534.93;1475.97,2538.12;1474.52,2541.8;1467.5,2540.24;1462.72,2543.17;1457.26,2542.95;1452.88,2539.49;1451.64,2533.96
670	220030000	30	70572	0.1,286.66;1643.21,196.81;1638,216.56;1632.5,221.88;1632.87,236.79;1646.51,254.16;1663.89,263.2;1694.43,255.16;1721.89,249.19;1720.29,217.8;1706.14,207.01
671	220030000	1	70573	247.54,1047.54;1753.18,674.72;1758.03,737.94;1833.99,797.75;1868.95,809.02;1971.42,790.94;2021.52,736.56;1977.51,687.28;1875.57,688.85;1809.16,675.67
672	220030000	40	70574	223.48,623.48;2582.14,831.54;2541.94,862.51;2543.32,899.94;2487.92,945.86;2462.31,964.84;2415.6,971.17;2413.5,991.35;2488.82,999.79;2527.69,966.65;2557.82,970.26;2636.25,1014.76;2752.27,1097.63;2821.04,1032.94;2817.73,1004.92
673	220030000	1	70575	0.1,800.1;1944.31,2164.21;2084.66,2150.15;2251.64,2299.21;2287.76,2363.46;2311.9,2410.7;2322.73,2485.04;2161.08,2807.4;2010.34,2900.81;1822.27,2840.11;1839.19,2536.13;1741.25,2324.44;1793.4,2267.49;1841.99,2246.27
674	220030000	50	70576	0.1,800.1;2075.48,2154.96;2240.46,2373.88;2344.34,2367.62;2381.38,2351.95;2439.79,2316.34;2499.62,2216.62;2575.12,2257.93;2660.59,2223.74;2639.22,2128.3;2643.67,2049.51;2378.54,1937.77;2463.57,1863.35;2342.12,1602.84;2382.41,1475.01;2361.3,1385.9;2275.71,1374.17;2092.8,1460.94;2131.92,1590.21;2289.05,1770.23;2305.28,1832.22;2233.45,1861.53;2178.62,1929.9;2121.88,2054.83
675	220030000	1	70577	247.52,267.52;1605.3,2198.13;1598.62,2152;1595.64,2102.29;1565.89,2088.49;1483.68,2092.03;1471.74,2084.26;1466.82,2064.7;1478.83,2045.56;1513.69,2060.24;1572.42,2049.66;1613.22,2048.39;1623.91,2031.26;1677.24,2023.3;1700.56,2010.36;1689.95,1982.45;1646.77,1982.77;1616.57,1966.83;1597.24,1950.11;1579.08,1954.89;1529.92,1914.54;1517.96,1875.05;1506.89,1850.25;1508.33,1826.34;1507.32,1779.51;1531.36,1717.18;1583.12,1675.12;1662.16,1651.18;1728.14,1641.33;1730.37,1662.88;1780.91,1684.92;1817.25,1722.08;1832.89,1803.78;1830.44,1859.49;1800.76,1939.48;1753.5,1973.59;1761.38,1997.98;1880.72,1999.03;1903.41,1977;1916.91,1945.48;1923.65,1831.93;1926.84,1720.85;1909.15,1651.83;1891.31,1629.9;1895.36,1585.91;1882.78,1528.74;1827,1528.58;1792.32,1562.15;1777.49,1537.97;1754.13,1544.75;1729.45,1581.67;1704.09,1587.57;1671.88,1579.96;1649.1,1587.14;1624.62,1580.36;1548.91,1596.06;1513.37,1600.4;1455.16,1627.7;1420.34,1686.3;1351.59,1713.54;1361.55,1667.96;1358.43,1635.93;1323.38,1573.61;1348.23,1552.94;1332.72,1484.86;1275.61,1458.38;1272.58,1403.54;1232.49,1361.55;1219.63,1330.54;1216.98,1299.52;1189.75,1272.29;1163.95,1276.9;1134.44,1271.23;1112.28,1240.51;1117.57,1210.63;1143.29,1185.29;1137.75,1137.36;1108.63,1119.21;1088.2,1088.57;1061.35,1033.73;1094.3,1012.05;1117.37,1006.37;1126.07,969.69;1097.71,953.42;1071.61,959.09;1064.42,931.48;1053.83,861.89;1037.19,834.65;1005.04,840.71;989.53,820.28;1002.01,786.24;1032.65,752.2;1068.37,765.62;1090.68,716.83;1058.53,669.55;1015.41,675.98;1003.31,614.33;1032.22,544.51;1010.87,504.64;959.81,510.31;959.71,481.72;556.24,557.07;576.62,656.97;670.9,720.02;706.95,721.22;727.38,750.72;747.8,783.25;743.64,799.89;776.17,807.83;814.37,787.41;863.54,749.96;891.79,759.16;874.39,791.31;838.46,849.18;849.8,888.52;852.45,931.64;881.73,946.23;929.01,922.78;939.22,931.86;943.01,947.75;978.76,991.38;960.61,1011.05;930.35,1023.16;924.67,1038.29;925.43,1060.22;961.74,1085.19;987.46,1096.16;974.98,1147.97;974.22,1187.31;1001.56,1240.1;989.07,1262.04;1000.42,1315.75;1017.82,1332.77;1037.11,1337.68;1045.05,1355.46;1038.25,1371.73;1048.46,1388.75;1100.28,1405.39;1121.96,1387.72;1187.71,1420.14;1183.17,1454.94;1173.41,1516.36;1196.01,1541.78;1209.62,1599.12;1213.64,1608.71;1170.14,1626.65;1119.56,1602.4;1047.36,1587.15;989.96,1665.18;964.41,1701.05;962.16,1785.35;946.47,1797.91;943.78,1811.81;977.14,1846.73;1055.61,1919.37;1078.48,1971.84;1111.67,1992.02;1115.25,2019.82;1146.64,2045.38;1138.57,2057.49;1146.19,2080.35;1165.87,2092.68;1223.27,2104.78;1173.95,2115.99;1182.22,2154.8;1253.3,2159.73;1273.03,2134.67;1286.59,2106.73;1308.36,2123.16;1301.79,2176.58;1298.5,2186.03;1273.03,2172.06;1253.72,2174.93;1254.13,2160.96;1267.27,2137.54;1181.81,2140.01;1181.4,2159.73;1184.34,2222.96;1038.6,2217.13;1033.67,2239.55;1030.98,2293.36;1021.11,2299.64;987.48,2298.29;958.34,2322.51;943.99,2348.52;978.51,2383.04;969.99,2413.54;950.38,2434.04;879.52,2441.72;853.05,2467.33;847.93,2516;861.59,2548.44;845.37,2594.54;753.16,2588.56;701.94,2635.52;706.21,2661.98;779.63,2729.43;697.67,2784.07;682.3,2810.53;724.99,2884.81;800.12,2923.23;849.63,2933.47;774.64,2951.79;825.01,2994.47;780.62,3054.23;779.77,3097.77;997.47,3096.92;1065.77,2909.1;1029.06,2903.98;976.98,2877.51;950.38,2883.1;908.54,2838.71;940.98,2789.19;943.55,2754.19;906.83,2686.74;918.79,2667.11;953.79,2691.86;970.01,2660.28;952.08,2617.59;989.65,2595.39;1010.14,2527.95;1003.63,2463.31;1042.64,2466;1079.41,2498.73;1113.38,2497.83;1118.7,2506.82;1093.72,2517.5;1080.06,2529.85;1188.05,2546.16;1198.23,2530.51;1215.82,2492.82;1222.43,2497.23;1222.4,2527.55;1228.61,2562.91;1210.56,2609.91;1192.46,2633.44;1200.39,2606.99;1184.53,2584.51;1196.43,2532.49;1091.41,2520.25;1080.2,2530.11;1087.38,2578.54;1073.03,2585.27;1046.8,2626.46;1055.77,2664.57;1012.27,2686.99;990.3,2756.05;1002.41,2807.62;1002.86,2860.98;1040.52,2878.02;1085.37,2869.5;1080.88,2880.26;1079.98,2917.03;1017.96,2897.15;922.34,3100.34;1012.08,3092.85;1212.25,3085.7;1212.92,3061.53;1212.92,2985.64;1239.39,2902.32;1195.74,2857.99;1251.82,2847.92;1279.35,2827.44;1272.3,2757.93;1241.41,2728.71;1239.35,2698.48;1230.25,2670.28;1299.04,2657.74;1313.31,2616.87;1302.64,2551.85;1364.43,2625.17;1410.36,2639.72;1449.18,2638.63;1486.99,2645.67;1506.85,2670.88;1523.6,2663.75;1537.86,2647.65;1567.31,2673.33;1585.95,2666.18;1586.12,2642.11;1587.18,2630.83;1590.17,2605.98;1567.29,2585.47;1547.56,2576.59;1505.31,2578.53;1473.25,2574.41;1439.56,2554.79;1424.79,2525.77;1441.49,2510.21;1472.81,2509.87;1499.35,2516.64;1541.72,2523.13;1556.71,2496.76;1549.39,2446.93;1547.16,2406.64;1534.48,2389.97;1505.14,2400.69;1479.85,2383.69;1483.31,2354.07;1447.87,2339.11;1403.44,2367.47;1385.84,2400.23;1318.13,2367.47;1269.84,2355.03;1312.64,2323.8;1357.81,2297.23;1387.6,2237.37;1408.42,2216.55;1427.21,2238.24;1488.26,2247.02;1523.86,2224.29;1551.79,2240.08;1582.32,2238.09
676	220030000	1	70578	247.52,1047.52;1172.32,2199.8;1032.09,1674.25;1407.57,1556.85;1308.53,1370.56;1164.68,1322.22;1112.8,1052.21;1109.26,882.42;1192.98,737.4;1221.27,637.18;1163.5,434.38;780.95,495.11;773.11,-26.7;-85.58,-48.83;-70.04,3106.61;2003.74,3116.82;2006.72,2909.79;1821.89,2848.18;1835.39,2539.08;1738.34,2322.04;1788.56,2272.42;1843.64,2247.55;1951.86,2153.67;1810.33,2011.21;1736.8,2014.45;1679.25,2030.99;1485.51,2081.3
677	220040000	2	70579	0.1,1000.1;1648.01,-110.09;1665.78,406.58;1579.67,630.75;1775.13,726.43;1788.8,842.61;1870.69,937.2;1825.35,1047.13;1848.36,1231.18;1802.35,1404.33;1936.75,1411.59;1997.29,1467.29;2124.43,1423.7;2147.43,1227.55;2204.34,1153.68;2200.29,1046.35;2350.86,886.09;2463.46,698.41;2537.33,520.42;2400.5,363.01;2222.51,543.42;2054.36,626.68;1940.52,535.07;1831.17,228.89;1731.39,-108.73
678	220040000	2	70580	0.1,800.1;1240.13,979.71;1291.52,1245.35;1194.96,1420.46;1401.73,1676.54;1518.92,1714.79;1671.75,1678.21;1845.47,1373.87;1834.86,1207.67;1636.9,1115.19;1491.28,841.83
679	220040000	1	70581	0.1,500.13;393.62,-14.49;610.02,347.27;600.74,560.6;440.94,644.58;409.58,633.11;362.98,673.69;365.06,718.47;300.43,658.2;198.86,603.45;136.85,631.5;66.38,610.98;-25.45,764.15;79.13,759.73;118.17,803.19;138.79,979.94;178.56,954.16;222.01,828.96;273.66,806.05;341.8,926.11;339.9,1013.76;299.5,1085.48;310.3,1141.92;342.06,1152.95;373.79,1140.72;437.17,1150.56;499.8,1119.39;533.02,1173.18;506.93,1242.97;530.21,1285.12;597.13,1327.09;596.59,1245.25;624.77,1214.37;637.24,1166.41;668.25,1152.11;709.71,1068.67;723.79,951.5;840.93,958.56;855.32,933.86;889.21,920.96;897.22,863.77;936.31,794.55;1008,799.06;1038.53,764.64;1003.11,672.27;998.85,533.97;965.44,471.94;961.55,344.02;830.25,299.63;813.25,369.06;777.25,457.88;836.48,484.77;852.94,544.35;864.94,609.01;868.85,626.77;860.81,720.44;810.56,817.45;765.24,839.64;665.52,804.44;645.6,891.14;571.38,939.95;527.37,991.83;492.15,988.43;461.65,958.82;426.4,873.27;505.95,743.24;625.77,743.76;724.71,631.6;718.53,506.3;771.88,439.63;858.88,501.63;862.63,350.13;796.72,348.88;739.66,251.41;783.28,210.58;883.04,78.87;845.99,-18.65;681.25,-19.63;652.38,112.88;512.95,-13.15
680	220040000	15	70582	220,250.03;309.88,442.38;312.63,442.63;314.63,436.76;320.63,437.26;320.76,443.38;322.51,443.88;320.76,462.63;307.26,460.63
681	220040000	5	70583	387.75,587.75;1721.11,1289.26;1675.48,1363.36;1669.29,1420.18;1742.72,1448.38;1795.94,1444.5;1845.88,1297.64;1829.08,1252.52;1786.32,1242.95
682	220040000	11	70584	220,250.03;287.26,267.87;300.26,290.13;304.88,287.13;309.13,295.75;318.26,290;314.76,282.13;318.88,278.88;307.51,255.62
683	220040000	14	70585	220,250.03;462.62,338.12;457.75,350.75;447.62,345.87;446.5,342.62;444,341.37;445.5,335.87;449,336.12;452.12,334.37
684	220040000	2	70586	0.1,800.1;-151.75,1755.96;-151.75,2097.87;267.95,2275.98;540.24,2149.05;499.29,1962.74;570.95,1717.07;312.99,1526.66
685	220040000	1	70587	0,800;-27.01,-4.38;-39.39,671.88;199.3,778.5;318.49,831.08;381.26,925.23;466.96,1077.33;583.9,1179.59;726.27,973.77;859.36,989.25;989.35,815.93;941.73,447.49;946.51,19.02;856.62,-39.97
686	220040000	16	70588	220,250;254,396.63;257.75,397.5;260.12,393.25;265.87,398.5;261.5,406.75;263,410.63;259.63,415;254.75,414;246.37,407.25
687	220040000	52	70589	369.26,399.26;1858.82,1297.86;1873.06,1277.89;1892.42,1280.63;1903.87,1296.35;1903.67,1315.68;1880.42,1330.06
688	220040000	50	70590	187.43,380.73;492.48,2209.67;489.95,2216.79;493.6,2223.48;500.71,2225.81;507.26,2222.49;509.89,2215.23;506.21,2208.58;499.1,2206.3
689	220040000	12	70591	0.1,800.1;1521.83,715.78;1553.91,903.21;1601.43,990.46;1776.78,1027.94;1865.7,938.18;1788,837.15;1765.62,738.07;1670.94,700.88
690	220040000	3	70592	0.1,250.1;377.71,287.66;365.1,282.5;341.54,289;323.94,315.2;331.11,319.7;326.22,322.79;320.46,318.56;309.66,316.8;276.92,288.21;263.85,308.86;279.49,337;297.22,338.49;305.4,342;314.2,345.82;313.52,347.06;301,341.21;296.47,344.12;293.9,335.37;272.43,331.52;266.76,343.22;266.82,368.9;289.07,369.35;299.77,382.82;308.02,400.8;327.71,406.97;341.63,412.38;350.85,414.37;377.57,407.75;366.98,387.56;335.87,385.7;323.01,369.1;318.23,353.74;313.39,347.19;306.2,343.32;306.33,342.53;314.69,345.9;320.87,336.16;327.15,323.74;321.38,319.1;324.89,315.17;335.96,324.28;362.57,321.12;377.16,333.47;385.11,355.32;377.36,371.17;367.2,387.72;378.53,407.27;390.12,405.11;403.39,395.07;425.17,393.9;433.75,385.05;423.08,368.98;423.05,356.3;412.63,349.02;406.42,332.4;401.62,324.77;400.76,321.09;402.64,307.14;394.68,295.21
691	220040000	0	70593	0.1,800.1;1419.99,2531.55;1340.04,2491.91;1270.1,2650.78;1425.09,2738;1480.46,2785.53;1635.53,2664.18;1724.45,2703.57;1846.86,2871.76;1995.5,2877.85;2075.18,2773.87;2016.65,2686.21;1956.82,2726.44;1880.15,2594.22;1853.01,2554.96;1735.41,2611.71;1675.58,2567.05;1753.33,2510.56;1752.48,2465.05;1641.24,2426.28;1561.18,2459.57;1541.98,2551.25;1472.68,2581.4
692	220040000	53	70594	384.43,434.43;2060.33,1315.79;2004.15,1349.79;1998.24,1380.83;2049.49,1403.5;2071.66,1358.66
693	220040000	50	70595	360.16,460.16;2054.16,78.57;2075.19,77.2;2093.26,87.86;2106.67,113.21;2092.48,130.6;2082.15,141.54;2064.11,137.84;2058.78,141.77;2045.59,140.14;2030.88,113.38;2032.64,89.95
694	220040000	2	70596	162.25,362.25;316.52,176.02;256.61,203.14;201.05,278.77;199.8,356.98;220.69,417.14;253.12,440.62;270.95,470.55;293.42,474.74;332.84,477.74;345.83,464.12;375.38,467.05;413.44,438.65;475.62,370.28;488.66,334.54;481.84,296.8;459.01,264.63;399.13,195.67
695	220040000	12	70597	220,250;383.5,239;377.12,254.63;382.25,257.25;386.63,258.88;391.5,259.5;397.37,244.63
696	220040000	2	70598	0.1,700.1;2592.55,1389.53;2557.58,1393.78;2477.77,1329.06;2432.84,1319.51;2384.73,1362.41;2298.19,1369.61;2277.81,1437.36;2254.31,1441.43;2176.05,1410.41;2054.06,1472.33;2041.93,1559.88;2122.27,1546.59;2204.01,1548.73;2330.46,1493.34;2345.11,1449.26;2408.77,1460.26;2457.26,1428.89;2472.07,1427.66;2497.24,1482.66;2552.06,1486.19;2665.51,1416.32;2677.62,1387.34;2731.52,1414.52;2736.76,1429.58;2717.66,1473.17;2734.24,1512.49;2802.93,1538.11;2826.16,1565.28;2803.38,1599.42;2805.3,1686.58;2836.1,1709.79;2880.63,1683.74;2899.39,1808.29;2757.17,2082.51;2677.35,2158.07;2693.25,2194.79;2865.92,2182.73;2854.96,2115.31;3090.53,1815.93;3090.05,1633.99;2930.86,1480.95;2880.71,1480.62;2784.46,1474.12;2786.19,1453.36;2818.5,1397.87;2773.09,1372.72;2671.84,1304.3;2635.7,1319.92;2623.23,1363.49
697	220040000	2	70599	0.1,800.1;2307.93,-34.23;2372.99,378.08;2522.82,536.2;2447.63,724.29;2330.32,892.11;2278.25,904.2;2175.5,1045.48;2196.9,1148.23;2244,1138.81;2325.34,1088.29;2363.01,1031.78;2439.22,1014.66;2495.73,1042.91;2555.51,1056.51;2606.03,999.14;2623.16,920.37;2540.1,896.39;2593.19,786.79;2680.52,725.15;2679.72,605.47;2842.41,470.18;3137,527.91;3127.77,-29.84
698	220040000	17	70600	226.23,256.25;228.25,360.63;231.63,371;246,366.13;244.88,362.63;247.75,361.63;245.88,357.63;243.5,358.38;242.38,355.75
699	220040000	4	70601	0.2,550.2;2257.13,1159.83;2193.23,1198.5;2173.8,1267.75;2194.65,1358.21;2224.29,1378.09;2274.5,1371.99;2308.42,1349.37;2356.47,1355.03;2370.79,1318.45;2440.21,1271.64;2405.94,1229.59;2373.08,1144.44;2346.23,1152.21;2307.11,1142.67
700	220040000	1	70602	350,750;100.02,65.14;62,253.89;89.16,600.16;336.3,710.16;616.03,555.35;667.63,143.9;364.82,44.77
701	220040000	5	70603	0.1,1000.1;2120.6,2827.72;1756.44,2830.01;1752.91,3118.23;3130.26,3119.25;3128.41,2809.81;2922.39,2810.73;2551.26,2492.57;2367.59,2492.57;2270.98,2547.43
702	220040000	50	70604	342.05,385.05;2030.91,926.08;2019.4,949.98;2015.27,973.88;2032.09,1000.14;2071.63,992.17;2074.87,939.36
703	220040000	10	70605	92.79,170.79;1375.03,984.16;1378.51,1064.97;1399.47,1063.01;1398.6,1053.2;1404.08,1051.07;1404.38,985.06;1415.33,984.75;1417.77,923;1406.15,909.31;1378.39,909.7;1377,941.86;1343.23,944.6;1344.45,984.45
704	220040000	1	70606	425,725;434.53,3150.5;356.66,2978.67;305.89,2811.01;406.3,2640.86;712,2456.19;952.35,2455.15;1133.76,2653.15;1117.78,3145.02
705	220040000	50	70607	281.63,351.63;94.51,1480.29;85.57,1506.25;108.56,1534.56;160.06,1518.81;151.97,1476.67;123.88,1473.26;111.75,1469.86
706	220040000	11	70608	161.82,178.82;1441.34,1133.38;1440.88,1147.33;1459.7,1149.76;1460.19,1157.93;1483.34,1160.06;1492.77,1154.17;1503.62,1150.76;1505.29,1143.97;1503.92,1133.81;1484.06,1123.91;1462.33,1125.27;1459.19,1132.17
707	220040000	13	70609	220,250.03;449.75,278.12;457.75,290;441,299.87;439.38,297.75;434.13,301.37;430.38,294.87;435,290.87;434.13,288.62
708	220040000	3	70610	0.1,428.1;625.29,2505.03;538.69,2584.12;528.1,2625.95;352.26,2764.35;296.71,2787.7;285.02,2883.87;426.5,2959.07;447.97,3090.53;815.55,3077.89;893.35,2980.77;1023.64,2860.92;1000.32,2805.15;1041.06,2687.07;959.91,2525.28;916.16,2495.6;763.12,2522.51
709	220040000	1	70611	0.1,800.1;1386.21,1697.5;1120.66,2662.07;1088.11,3165.01;1785.17,3166.96;1780.62,2825.21;1779.92,2664.54;1860.39,2362.79;2037.13,2280.88;2104.66,2171.68;2093.16,1848.37;1861.82,1740.61;1664.97,1756.41
710	220040000	1	70612	0.1,1000.1;2469.83,1324.18;2430.88,1311.58;2398.8,1376.88;2432.03,1435.3;2461.81,1431.86;2499.61,1497.16;2472.12,1584.22;2404.53,1672.42;2448.06,1696.48;2532.83,1733.13;2571.78,1786.97;2608.44,1800.72;2803.17,1745.74;2848.46,1842.71;2803.33,1946.86;3133.43,2135.86;3130.61,1430.24;2861.6,1372.29;2837.54,1336.78;2845.56,1280.65;2795.16,1262.32;2782.56,1209.63;2745.9,1160.37;2859.31,1129.44;2881.07,1100.81;2853.58,1074.46;2797.45,1079.04;2788.28,1036.66;2815.78,917.52;2783.7,893.47;2677.17,925.54;2622.18,979.38;2559.18,1050.4;2560.32,1105.39;2445.77,1109.97;2404.53,1158.08;2405.68,1209.63;2500.76,1264.62
711	220040000	4	70613	0.1,800.1;1731.39,-54.91;1802.7,230.13;1875.66,390.85;1924.68,549.63;2054.78,643.46;2225.38,564.83;2406.87,383.38;2345.56,-53.26
712	220040000	3	70614	0.1,1000.1;2817.37,445.91;2670.06,598.64;2658.14,708.04;2563.91,778.45;2515.16,909.52;2585.57,927.93;2590.08,984.54;2627.91,998.23;2574.49,1063.6;2535.29,1042;2439.2,1008.06;2345.21,1027.11;2184.98,1164.09;2113.43,1413.61;2202.69,1450.86;2289.14,1403.77;2382.62,1386.2;2491.56,1318.73;2509.83,1253.36;2423.38,1196.43;2482.8,1125.66;2569.57,1109.28;2573.79,1060.79;2540.22,1043.72;2589.13,987.92;2629.98,1005.77;2660.31,951.76;2776.21,904.1;2811.96,917.1;2781.63,1038.41;2789.21,1077.41;2846.62,1080.66;2878.86,1099.68;2856.3,1120.23;2737.5,1156.39;2777.4,1211;2789.3,1262.81;2836.21,1281.01;2827.81,1336.32;2865.68,1394.54;3106.38,1451.02;3104.41,501.16
713	220040000	51	70615	331.36,376.36;2012.47,1091.03;2008.36,1114.34;2003.79,1121.88;2006.07,1131.93;2020.47,1143.58;2045.14,1135.82;2044.69,1097.89
714	220040000	1	70616	0.1,600.1;710.43,1373.99;700.84,1559.11;767.84,1627.58;913.35,1680.99;988.94,1593.38;969.32,1381.86;876.79,1294.21
715	220040000	1	70617	0.1,800.1;-38.05,699.32;-17,1750.27;281.78,1607.2;485.87,1765;441.69,1964.88;490.08,2124.79;243.9,2217.37;-23.31,2116.38;-33.83,3185.02;465.9,3188.46;330.21,2804.91;383.11,2774.78;559.33,2575.2;625.03,2512.2;638.51,2475.94;957.18,2471.96;1062.38,2621.35;1151.95,2688.9;1438.17,1668.11;1291.72,1531.45;1136.02,1426.25;1170.03,1348.23;883.88,967.4;728.18,902.17;593.52,1112.58;471.48,990.54;382.33,960.89;371.24,894.35;332.61,765.41;185.03,798.85;124.04,722.81
716	220040000	1	70618	0.1,800.13;890.24,-69.43;854.88,213.51;894.24,394.59;946.78,760.77;783.87,997.12;1074.52,1361.67;1315.92,1266.92;1258.78,993.95;1481.76,870.68;1617.74,1137.04;1839.43,1237.81;1813.23,1040.3;1865.63,911.31;1801.14,828.68;1795.09,715.82;1583.57,626.01;1683.66,412.24;1677.52,-60.27
717	220040000	1	70619	0.1,1000.1;3098.34,2086.1;2816.43,1949.14;2868.54,1833.07;2807.2,1742.67;2600.57,1791.09;2460.02,1667.72;2482.93,1591.98;2530.32,1471.83;2413.79,1322.22;2119.65,1452.73;1974.72,1401.29;1804.37,1393.64;1664.95,1647.35;1593.9,1720.21;1671.32,1764.07;1852.41,1750.63;2073.37,1848.02;2096.57,2170.38;2007.05,2279.24;1926.93,2296.21;1851.56,2368.05;1792.78,2671.73;1878.63,2858.73;2169.26,2845.15;2277.9,2555.88;2370.93,2502.24;2517.65,2505.6;2893.89,2831.1;3104.58,2838.27
718	220040000	6	70620	657.18,807.18;2294.1,2438.2;2277.44,2606.85;2414.76,2668.18;2545.41,2644.85;2508.08,2448.87
719	220040000	4	70621	0.1,400.1;1414.23,298.06;1427.39,346.58;1421.7,399.29;1416.75,433.12;1444.49,451.76;1463.84,448.1;1488.05,422.19;1499.11,356.71;1489.86,319.51;1457.47,281.39
720	220040000	50	70622	325.06,351.08;1284.38,294.75;1298.65,300.58;1299.09,299.69;1301.84,299.73;1302.85,297.84;1303.06,296.4;1301.26,294.6;1301.39,293.53;1287.29,287.84;1286.64,288.84;1283.97,288.72;1282.72,291.92;1284.5,293.63
721	220050000	10	70623	0.1,800.1;1508.36,2758.42;1506.1,3093.03;2247.74,3093.01;2255.58,2904.83;2396.41,2623.17;2106.91,2669.4;1947.74,2766.31;1681.86,2623.22
722	220050000	2	70624	0.1,800.1;1156.78,-55.54;1062.68,3.56;1062.55,149.91;727.35,358.19;606.87,559.86;626.93,719.33;690.17,830.36;812.68,920.52;947.93,929.35;936.17,820.56;1014.97,812.51;1155.12,827.21;1163.94,658.64;1292.62,609.7;1448.22,648.03;1476.64,524.54;1552.09,506.14;1621.68,442.44;1683.42,458.12;1739.29,540.44;1854.93,510.06;2082.43,558.33;2160.67,657.42;2468.73,618.03;2484.54,-84.45
723	220050000	2	70625	0.1,800.1;-44.59,1638.65;-35.18,2216.86;144.87,2253.99;211.48,2242.43;293.9,2272.42;318.51,2338.31;389.14,2360.55;597.83,2188.53;728.7,2204.03;841.1,2168.23;831.59,2065.86;872.43,2031.89;853.04,1938.31;765.36,1837.14;785.61,1671.42;658.11,1611.7;642.47,1527.66;602.13,1512.75;581.49,1620.68
724	220050000	4	70626	0.1,300.1;162.32,1979.89;131.7,2005.7;139.22,2044.4;177.54,2062.18;213.1,2052.86;234.61,2032.31;262.45,1997.89;296.58,2030.4;328.97,2040.09;387,2030.95;432.25,1979.22;489.37,1943.63;551.81,1929.51;606.7,1866.73;625.24,1815.95;658.82,1786.39;683.26,1704.41;724.11,1623.54;684.88,1617.09;626.31,1771.88;588.69,1796.6;575.8,1841.48;529.24,1890.55;466.91,1909.09;443.12,1933.32;394.79,1889.89;351.93,1876.71;312.16,1882.08;278.57,1906;264.87,1950.87;226.81,1972.39;203.46,1965.82
725	220050000	13	70627	30,57;1400.27,1902.92;1391.8,1913.8;1399.2,1919.53;1407.88,1908.72
726	220050000	5	70628	0.1,300.1;256.84,2924.98;223.88,2959.18;236.82,3013.09;264.54,3020.17;341.87,3004.16;354.81,2978.89;339.71,2938.54;315.99,2927.75;307.36,2907.73;306.75,2874.76;281.49,2872.92;267.01,2894.79
727	220050000	2	70629	5.1,305.1;-135.25,-523.83;-142.72,452.19;-27.68,448.89;241.36,545.62;450.93,600.7;602.62,538.04;728.25,357.44;1057.94,145.82;1273.96,-13.76;1291.3,-542.6
728	220050000	3	70630	0.1,5.1;-155.38,-560.03;-157.19,808.86;785.07,807.02;800.58,535.55;1223.3,200.09;1297.48,-22.65;1303.02,-559.94
729	220050000	10	70631	0.07,35.1;2305.57,1935.32;2304.47,1935.7;2302.85,1939.2;2303.22,1940.22;2307.28,1942.17;2306.52,1944.08;2308.06,1944.62;2310.01,1945.42;2310.5,1945.85;2316.93,1948.75;2320.59,1940.64;2318.69,1939.75;2320.29,1936.61;2314.89,1934.43;2313.45,1937.65;2309.99,1936.12;2309.54,1937.07
730	220050000	50	70632	0.1,300.1;2234.24,158.3;2217.58,158.88;2218.23,200.66;2234.73,200.09;2276.68,211.79;2314.05,219.05;2352.7,168.88;2352.29,149;2313.77,135.29;2276.41,135.99
731	220050000	1	70633	200,700;152.75,2293.35;110.67,2325.79;87.68,2363.75;106.49,2408.79;90.03,2460.1;155.01,2533.73;223.16,2518.44;261.59,2507.98;304.52,2505.54;407.32,2347;394.81,2288.38;327.97,2226.99;245.99,2179.33;198.16,2218.05
732	220050000	3	70634	0.1,200.1;435.84,1538.61;434.13,1569.61;446.5,1589.15;473.86,1592.57;498.21,1584.93;509.82,1557.22;505.7,1530.58;481.5,1516.2;453.03,1518.25
733	220050000	4	70635	0.1,230.1;68.09,2327.4;97.95,2471.71;156.59,2481.74;207.62,2420.76;289.34,2455.39;355.06,2334.03;355.06,2250.26;197.48,2179.77
734	220050000	3	70636	5.1,805.1;-150.36,-544.35;-150.24,694.32;246.62,641.12;559.79,895.7;751.74,865.39;773.96,804.78;713.35,786.59;642.63,562.32;775.99,400.68;1095.22,184.49;1168.73,-62.8;1285.31,-64.73;1293.73,-553.06
735	220050000	5	70637	0.1,400.1;1202.9,1962.47;1199.04,1941.51;1213.85,1890.58;1258.69,1853.86;1297.91,1817.67;1311.14,1814.27;1358.71,1780.61;1410.89,1786.01;1469.81,1805.35;1524.69,1844.93;1560.68,1914.2;1570.03,1967.4;1562.83,2016.88;1545.84,2060.84;1518.75,2104.6;1480.52,2140.58;1432.84,2164.42;1383.11,2174.42;1328.88,2170.49;1281.66,2154.31;1240.99,2126.32;1240.97,2076.34
736	220050000	2	70638	0.1,170.1;147.6,1296.1;144.69,1322.71;165.03,1339.37;195.92,1332.49;211.05,1314.91;207.69,1284.33;187.51,1268.73;158.61,1276.07
737	220050000	9	70639	0.1,400.1;982.48,2494.37;1035.61,2584.07;1127.63,2673.42;1183.26,2748.58;1291.01,2778.01;1379.44,2743.7;1426.29,2669.52;1440.31,2616.59;1575.37,2513.92;1614.74,2388.13;1541.46,2233.91;1334.73,2178.12;1179.41,2168.28;1026.28,2287.5
738	220050000	2	70640	0.1,800.1;828.5,896.9;718.92,810.72;572.24,836.98;534.57,918.02;538,1108.65;457.69,1426.21;579.36,1527.99;630.73,1543.4;644.32,1622.54;760.75,1703.58;837.53,1666.39;1014.85,1638.7;1084.25,1825.8;1468.18,1827.55;1830.84,2052.65;1935.82,1857.83;1994.47,1520.32;2151.07,1486.87;2268.04,967.03;2191.95,666.22;2100.96,523.32;1841.86,471.21;1746.4,511.41;1714.98,440.26;1627.34,424.07;1545.84,491.05;1448.71,496.08;1435.32,629.27;1303.02,585.17;1141.69,635.97;1128.29,803.78;1067.44,798.2;998.78,792.06;923.98,808.81;925.65,906.49
739	220050000	2	70641	6.11,36.11;219.61,96.7;222.9,103.06;234.21,99.93;241.8,95.8;249.89,89.11;264.23,77.28;257.64,69.01;248.56,74.04;240.9,78.14;230.91,84.48
740	220050000	2	70642	0.2,400.2;2148.32,-11.8;2146.91,73.98;2155.22,115.88;2131.21,148.79;2125.02,184.72;2134.96,226.15;2117.45,258.61;2119.72,297.72;2130.14,330.34;2087.2,389.27;2088.23,419.17;2108.91,429.28;2122.03,427.88;2135.79,435.3;2144.86,513.55;2156.28,536.84;2208.19,542.3;2244.24,512.73;2219.45,319.77;2217.94,267.38;2211.17,221.14;2210.84,142.09;2228.96,72.19;2205.75,-11.17
741	220050000	12	70643	0.1,30.1;1949.15,2047.98;1952.05,2056.36;1954.03,2055.68;1955.25,2059.12;1960.39,2057.25;1959.26,2053.82;1962.77,2052.55;1962.45,2051.52;1966.82,2050.15;1967.17,2049.13;1965.91,2045.27;1964.93,2044.89;1960.66,2046.29;1959.87,2044.28;1958.74,2044.81;1957.92,2045.29;1956.34,2045.76;1956.02,2045.74
742	220050000	1	70644	5,605;2010.04,3182.3;2049.02,2891.27;2288.08,2687.28;2474.76,2616.97;2691.07,2550.62;2697.69,2456.18;2825.75,2334.07;2908.22,2237.5;3073.23,2124.47;3431.44,2117.99;3435.44,3412.43;2009.48,3417.75
743	220050000	1	70645	0.1,800.1;981.36,3112.06;1033.62,3024.18;975.84,2947.28;950.03,2849.85;994.55,2724.66;979.07,2642.06;945.34,2418.38;832.31,2289.79;790.54,2338.12;692.26,2382.35;671.86,2388.72;669.04,2669.46;552.72,2619.5;454.24,2671.33;404.71,2674.21;272.47,2469.51;365.37,2319.56;400.92,2318.37;599.38,2180.47;728.14,2198.19;807.84,2160.57;799.16,2043.81;835.14,1957.28;734.5,1861.83;751.73,1714.54;830.86,1622.1;1026.72,1616.61;1094.88,1792.89;1241.19,1802.39;1339.72,1781.38;1344.92,1816.52;1212.87,1932.07;1218.9,1970.52;1262.78,2070.29;1300.6,2143.41;1412.25,2152.71;1486.69,2108.85;1529.22,2050.37;1578.26,1864.15;1830.09,2044.06;1713.76,2285.79;1670.86,2413.01;1689.15,2685.64;1946.3,2789.05;2110.82,2667.18;2399.18,2623.54;2304.33,2856.89;2069.91,3101.17
744	220050000	1	70646	0.1,600.1;2913.41,2246.71;2901.11,2407.81;2778.51,2521.52;2734.8,2578.08;2138.17,2698.39;2042.48,2825.66;1890.46,2858.14;1621.35,2701.33;1618.92,2416.39;1689.08,2198.12;1922.05,1853.04;1968.99,1504.14;2145.85,1459.27;2404.77,1625.66;2467.2,1753.04;2601.98,1780.38;2727.35,1662.01;3009.16,1393.48;3102.96,1508.09;3103.09,2115.07
745	220050000	11	70647	0.1,29.15;2786.49,1950.08;2786.91,1951.14;2785.2,1954.72;2783.91,1955.02;2780.09,1953.2;2779.64,1954.15;2776.26,1952.62;2774.55,1955.84;2769.68,1953.28;2771.21,1950.08;2769.03,1949.23;2773.12,1941.32;2779.55,1944.32;2780.05,1944.81;2781.08,1945.38;2781.58,1945.53;2783.42,1946.32;2782.59,1948.11
746	220050000	1	70648	5,505;1912.22,3253.68;2036.57,3025.62;2252.07,2835.97;2367.17,2663.6;2710.28,2574.97;2822.3,2533.39;2864.12,2521.29;2980.76,2313.31;3420.71,2312.63;3418.99,3403.9;1910.15,3406.82
747	220050000	12	70649	0.2,59.2;1280.14,1922.62;1279.89,1933.74;1297.03,1934.13;1297.04,1931.54;1302.8,1931.54;1302.85,1925.78;1296.94,1925.42;1297.12,1922.85
748	220050000	7	70650	5.1,35.1;-122.2,-504.46;-130.04,334.94;24.41,326.81;58.56,84.56;69.94,219.51;70.2,321.42;115.69,415.5;169.66,430.95;239.8,418.05;347.18,401.99;499.52,407.03;547.54,483.61;536.28,551.25;560.59,606.21;520.96,651.83;533.61,720.44;566.58,766.73;632.64,814.2;654.62,843.51;699.25,814.2;698.92,789.22;608.55,720.44;558.59,666.15;593.56,608.54;559.26,548.92;596.89,512.62;584.55,461.56;645.57,375.55;666.97,264.76;721.11,235.8;790.35,263.5;1023.27,116.2;1033.34,24.29;762.11,-105.47;780.27,-197.08;853.43,-245.86;1082.68,-83.27;1221.14,-77.71;1258.53,-69.58;1268.02,-523.87
749	220050000	2	70651	0.1,800.1;637.31,2550.92;651.2,2642.98;695.89,2727.93;725.44,2743.08;793.77,2741.23;910.43,2603.11;997.3,2534.03;1001.07,2403.91;840.03,2256.04;787.74,2326.71;648.03,2385.62
750	220050000	11	70652	0.1,300.1;231.47,2579.96;219.6,2583.05;201.49,2595.78;199.23,2605.83;211.37,2618.93;222.49,2612.71;235.61,2611.5;242.81,2600.88;240,2590.51
751	220050000	6	70653	0.1,150.1;183.98,2291.16;154.66,2316.46;111.05,2352.3;133.75,2384.86;112.54,2447.58;145.1,2478.94;189.3,2422.79;287.91,2427.05;332.2,2375.63;347.05,2321.92;301.35,2242.18;242.76,2198.19;200.95,2223.28
752	220050000	3	70654	5.2,405.2;1614.72,818.94;1607.48,940.8;1641.26,1043.35;1771.57,1119.36;1900.66,1098.85;1995.97,1004.74;2021.31,909.43;2006.83,798.43;1963.4,748.96;1864.47,675.37;1802.93,670.54;1706.41,715.18
753	220050000	10	70655	30,63;1397.13,2037.26;1400.42,2035.22;1397.18,2029.48;1403.18,2026.22;1406.48,2031.86;1410.14,2029.92;1418.6,2044.65;1405.61,2052.42
754	220050000	1	70656	0.1,600.1;2485.49,955.45;2130.25,1242.47;2128.94,1504.15;2355.99,1682.28;2439.07,1812.11;2630.9,1817.66;2920.86,1535.15;3143.44,1465.13;3143.44,946.32
755	220050000	1	70657	0.1,5.1;1722.57,3388;1725.24,3086.16;3084.22,2204.59;3397.26,2201.47;3402.39,3384.84
756	220050000	1	70658	5,25;2336.37,2943.48;2199.7,3005.47;2106.51,2997.26;2033.48,3060.06;1926.27,3257.98;1923.38,3369.94;3381.77,3371.13;3372.07,2329.27;3063.11,2329.74;3052.88,2453.02;3005.43,2482.33;2977.98,2513.96;2964.02,2548.38;2970.07,2572.11;2994.73,2578.62;2983.56,2587.93;2993.8,2610.72;2979.38,2601.42;2960.3,2591.18;2947.28,2609.79;2959.05,2649;2939.56,2702.35;2884.26,2680.26;2795.4,2735.79;2776.63,2757.5;2764.95,2735.79;2549.63,2739.76;2465.12,2801.52
757	220050000	14	70659	1,56;1333.15,2024.39;1327.48,2040.32;1339.47,2044.64;1345.43,2028.8
758	220050000	3	70660	176.39,826.39;-58.14,3107.71;-52.12,2172.14;251.04,2200.96;430.8,2298.73;315.99,2495.4;400.45,2621.63;408.78,2655.95;442.39,2658.4;449.98,2646.51;549.17,2602.78;643.14,2634.83;684.92,2659.37;728.13,2709.04;783.34,2719.62;929.02,2583.68;999.77,2622.58;1016.98,2727.93;965.81,2854.42;992.33,2941.75;1066.47,3028.43;1018.77,3098.24
759	220050000	1	70661	0.1,140.1;1870.94,2565.89;1822.44,2577.64;1773.56,2703.84;1894.63,2760.56;1922.65,2647.8;1912.77,2588.11
760	220050000	8	70662	5.2,65.2;728.27,1370.66;691.17,1457.64;671.53,1481.59;695.37,1574.06;746.57,1583.11;794.67,1548.02;804.38,1520.43;788.05,1476.08;774.37,1454.45;792.82,1408.59;832.63,1380.52;851.07,1316.95;836.44,1287.38;918.75,1239.71;951.75,1257.55;999.83,1230.28;1012.24,1211.82;1042.42,1182.88;1061.16,1182.67;1092.59,1153.74;1104.72,1137.82;1162.18,1165.3;1196.01,1217.66;1170.69,1246.96;1141.43,1265.2;1146.85,1315.12;1106.69,1343.4;1084.64,1344.15;1089.76,1377.42;1047.44,1386.98;1088.56,1448.91;1070.73,1463.26;988.49,1450.63;934.09,1470.28;910.71,1508.84;932.55,1536.49;973.85,1529.49;1014.99,1567.49;1064.64,1598.54;1079.51,1640.83;1055.44,1663.37;1057.49,1686.92;1077.21,1701.26;1087.7,1754.52;1132.51,1781.15;1149.5,1800.26;1245.27,1775.16;1281.37,1779;1331.56,1752.68;1335.4,1718.12;1368.18,1687.65;1374.54,1677.46;1405.01,1669.78;1419.09,1653.65;1446.91,1667.03;1463.81,1687.26;1465.91,1729.75;1482.57,1804.71;1493.67,1826.14;1560.65,1876.06;1566.96,1893.01;1553.8,1930.16;1578.96,1936.16;1589.64,1925.41;1610.86,1909.55;1624.03,1875.23;1644.72,1859.14;1667.25,1846.69;1730.93,1852.46;1753.75,1826.65;1788.38,1800.14;1796.31,1784.28;1774.06,1747.9;1803.09,1679.6;1809.86,1654.34;1797.47,1620.89;1808.69,1592.84;1796.69,1566.71;1783.73,1553.94;1782.38,1503.64;1775.67,1482.06;1835.23,1443.34;1846.57,1421.74;1786.26,1365.46;1779.94,1371.94;1639.04,1409.55;1642.96,1444.33;1653.88,1448.96;1654.88,1465.51;1683,1467.83;1681.02,1493.31;1667.76,1547.91;1718.53,1579.46;1721.82,1609.84;1750.84,1675.92;1720.08,1722.94;1725.32,1750.69;1695.33,1794.42;1680.43,1806.41;1670.35,1796.39;1626.62,1798.13;1621.78,1825.41;1609.79,1825.99;1611.35,1818.23;1592.6,1798.26;1569.32,1799.15;1551.97,1789.44;1558.91,1754.04;1505.47,1708.24;1519.35,1651.33;1508.25,1640.23;1472.4,1645.91;1457.74,1634.12;1450.41,1624.88;1450.73,1608.95;1473.23,1598.21;1498.88,1601.78;1526.71,1612.11;1556.4,1613.64;1575.07,1623.74;1609.97,1590.99;1607.33,1550.12;1636.1,1541.55;1574.46,1547.52;1561.6,1555.48;1557.32,1577.82;1533.44,1575.07;1525.79,1567.42;1516.3,1569.25;1503.14,1558.23;1487.52,1560.99;1481.25,1541.48;1490.46,1531.18;1475.63,1502.96;1450.73,1534.07;1434.86,1575.89;1408.23,1582.04;1385.18,1603.03;1378.78,1587.41;1350.1,1577.17;1342.94,1544.91;1342.66,1543.11;1302.49,1520.99;1286.35,1519.56;1280.97,1536.2;1300.28,1572.48;1303.65,1609.04;1275.23,1649.24;1257.56,1717.29;1231.95,1725.23;1207.79,1702.29;1170.15,1652.1;1136.87,1660.29;1116.64,1647.75;1114.85,1616;1099.83,1587.46;1076.85,1550.54;1059.55,1550.54;1044.85,1529.27;1050.94,1514.1;1091.57,1500.7;1102.67,1516.45;1110.42,1537.89;1125.91,1539.69;1132.62,1506.38;1119.61,1488.6;1134.95,1450.87;1134.43,1442.6;1122.04,1421.69;1123.26,1380.93;1132.37,1375.72;1182.96,1368.97;1206.54,1377.68;1218.85,1387.94;1225.69,1432.37;1243.46,1465.87;1318.66,1468.61;1302.11,1521.46;1340.3,1541.53;1367.84,1492.49;1388.33,1480.51;1409.2,1473.42;1467.54,1540.05;1488.31,1514;1458.03,1494.62;1458.03,1467.2;1453.4,1450.81;1487.59,1444.05;1509.32,1462.57;1507.9,1484.65;1452.04,1527.61;1478.93,1545.19;1493.97,1529.56;1505.3,1526.03;1518.61,1515.06;1548.55,1526.42;1575.43,1534.07;1576.4,1548.85;1634.26,1540.63;1668.75,1547.38;1681.86,1495.01;1631.2,1526.86;1604.88,1511.25;1585.18,1503.88;1546,1462.92;1536.43,1445;1583.63,1408.63;1601.66,1403.18;1633.63,1410.85;1598.54,1380.53;1568.97,1382.76;1543.1,1409.49;1449.95,1413.81;1428.09,1420.67;1445.81,1401.77;1421.4,1382.48;1417.86,1347.44;1447.38,1315.55;1456.83,1296.26;1466.68,1304.13;1519.51,1307.34;1508.34,1263.88;1457.62,1243.5;1417.07,1254.53;1402.9,1278.54;1389.12,1282.48;1385.57,1275.39;1376.52,1272.64;1356.83,1273.82;1345.02,1296.26;1350.14,1305.31;1380.85,1306.1;1382.42,1320.28;1365.89,1340.75;1364.31,1360.43;1380.85,1372.64;1381.24,1417.13;1361.16,1428.94;1354.47,1452.95;1345.33,1461.77;1330.97,1434.43;1305.67,1446.05;1312.51,1436.48;1287.22,1428.96;1266.71,1434.43;1267.39,1393.41;1236.93,1348.23;1186.26,1300.33;1198.85,1280.6;1231.39,1264.31;1245.64,1250.46;1235.67,1224.46;1256.33,1200.58;1280.48,1187.12;1288,1204.93;1306.21,1214.83;1327.58,1219.18;1314.12,1271.04;1288.79,1299.54;1310.96,1307.46;1339.85,1302.71;1357.67,1272.62;1373.9,1220.37;1369.54,1196.22;1323.23,1186.33;1294.33,1179.2;1236.93,1161.78;1209.99,1153.62;1192.78,1105.79;1214.71,1071.95;1250.44,1031.34;1279.68,996.42;1325.36,987.21;1346.47,987.48;1350.78,1007.39;1338.38,1037.34;1337.87,1051.55;1309.98,1062.91;1313.26,1083.37;1287.18,1110.22;1238.3,1161.25;1301.95,1181.69;1318.68,1169.62;1329.78,1148.96;1341.92,1147.67;1362.58,1122.36;1360.77,1106.61;1362.4,1077.88;1378.41,1056.97;1390.03,1056.97;1401.91,1077.63;1418.29,1094.09;1409.96,1121.51;1424.52,1132.76;1413.93,1155.59;1443.82,1194.16;1471.18,1196.96;1499.98,1187.69;1502.62,1158.9;1494.91,1130.8;1427.11,1089.24;1440.42,1065.56;1474.71,1065.56;1479.36,1076.61;1583.98,1084.16;1580.13,1104.71;1542.63,1109.02;1531.85,1150.83;1503.4,1166.78;1501.25,1180.58;1550.39,1179.71;1555.13,1214.2;1538.32,1244.37;1508.66,1262.4;1518.57,1307.65;1564.69,1326.62;1626.33,1336.1;1598.72,1380.58;1633.26,1410.63;1780.04,1372.12;1754.18,1367.37;1745.76,1352.21;1725.39,1363.16;1710.51,1333.11;1713.08,1327.24;1681.11,1276.51;1680.03,1276.51;1659.67,1289.57;1636.25,1304.21;1611.25,1300.76;1611.68,1267.14;1635.81,1229.64;1690.99,1233.09;1703.3,1248.93;1680.45,1276.08;1712.81,1327.51;1726.1,1320.57;1766.81,1304.5;1782.55,1314.75;1770.19,1337.17;1782.91,1345.48;1798.1,1351.81;1786.1,1365.12;1846.61,1421;1842.7,1369.75;1882.35,1342.58;1774.53,1066.22;1742.41,1061.6;1734.45,1047.38;1712.27,1039.99;1707.11,1001.71;1659.95,992.22;1649.65,959.79;1641.44,879.66;1654.22,826.77;1744.89,758.77;1794.87,694.26;1826.68,699.69;1854.58,735.14;1897.58,773.5;1915.02,770.01;1926.06,804.89;1958.03,831.04;1969.07,900.2;1953.94,928.09;1956.85,959.47;1939.24,970.73;1921.98,986.79;1905.53,998.63;1896.99,1007.71;1877.82,1043.21;1846.36,1038.15;1831.52,1055.17;1806.03,1049.56;1797.54,1079.03;1779.01,1070.44;1773.6,1065.73;1879.68,1337.76;1895.23,1337.81;1900.57,1287.82;1957.87,1236.7;1936.53,1191.48;1937.67,1171.03;1966.73,1165.22;1984.16,1134.99;1973.12,1060.02;2041.12,1044.33;2045.19,981.56;2092.28,936.82;2075.43,871.14;2028.35,803.14;2039.98,767.69;2014.98,742.12;2026.61,697.95;2018.47,674.7;1937.11,646.22;1906.3,610.19;1873.76,616;1861.71,608.83;1748.38,639.05;1696.65,655.9;1639.11,593.13;1602.5,596.62;1593.78,687.29;1586.81,779.7;1565.88,805.27;1556.08,854.59;1533.99,899.34;1508.42,903.99;1495.05,952.23;1470.06,980.13;1419.21,999.9;1399.32,983.37;1379.7,982.08;1361.64,955.8;1311.01,928.46;1294.22,954.45;1265.88,969.07;1229.87,1011.31;1213.63,1012.39;1195.76,1043.53;1166.25,1049.21;1166.05,1075.81;1117.97,1068.33;1092.78,1079.57;1060.74,1077.34;1053.66,1123.35;1017.11,1129.32;975.06,1163.87;958.69,1196.89;898.96,1181.38;867.34,1139.59;814.14,1073.14;782.45,1066.63;752.21,1039.93;731.69,1047.43;702.77,1040.57;687.11,989.59;693.14,955.27;709.39,933.54;731.76,882.44;736.62,858.17;694.91,809.18;647.68,831.47;656.87,926.7;624.31,990.19;680.59,1084.42;673.53,1109.14;698.02,1122.38;708.39,1148.86;725.03,1152.2;765.2,1197.88;744.45,1246.87;755.01,1296.87;787.07,1308.79;782.64,1343.65
761	220050000	11	70663	0.1,53.1;1293.77,2007.65;1292.92,2009.91;1293.85,2014.13;1296.75,2016.87;1299.04,2017.21;1305.6,2013.58;1309.81,2007.88;1307.54,2003.84;1300.5,2004.27
762	220050000	2	70664	0.1,800.1;-38.92,614.1;-40.02,1700.49;596.87,1677.55;607.74,1525.2;491.14,1409.81;559.66,1118.93;556.05,920.61;588.5,828.05;470.71,724.68;225.51,588.86
763	220050000	3	70665	0.1,800.1;2403.35,-49.13;2366.95,543.71;2157.48,616.96;2205.19,1067.65;2183.48,1237.44;2544.78,1006.44;3194.35,998.54;3158.81,-73.54
764	220070000	6	70666	1,401;2433.61,2493.26;2419.26,2481.4;2386.03,2503.4;2383.74,2538.92;2401.33,2550.05;2445.27,2555.51;2514.22,2536.6;2545.01,2556.82;2589.05,2555.1;2603.51,2536.71;2595.28,2520.18;2563.26,2490.49;2543.42,2486.69;2530.59,2494.4;2518.94,2498.85;2468.06,2514.42
765	220070000	51	70667	400,460;647.66,553.69;568.6,571.71;552.08,623.4;643.16,636.54;681.44,580.75
766	220070000	51	70668	306.9,376.9;2968.84,865.55;2967.2,896.99;2983.08,914.42;3021.85,919.09;3066.56,861.29;3045.15,814.08;2994.61,852.67
767	220070000	3	70669	1,1001;2483.32,1973.14;2473.54,2140.14;2455.54,2206.5;2592.88,2372.65;2626.28,2302.53;2709.71,2144.34;2671.44,2135.35;2659.74,2084.8;2601.23,1862.16
768	220070000	2	70670	162.7,193;1038.02,2415.77;1002.45,2465.91;1029.44,2509.19;1070.96,2561.19;1102.34,2574.71;1010.74,2565.44;995.42,2591.38;1005.72,2604.75;1039.74,2613;1054.74,2646;1074.74,2634;1055.74,2688;1112.96,2713.07;1143.01,2680.58;1193.72,2604.72;1170.08,2527.35;1136.1,2518.2;1084.1,2456.42;1149.66,2383.62;1225.87,2366.17;1254.62,2340.57;1268.75,2351.4;1249.15,2399.8;1274.05,2420.15;1240.05,2487.56;1170.46,2527.34;1194.11,2605.48;1216.98,2597.97;1297.88,2615.51;1341.79,2577.94;1374.48,2513.54;1394,2446.69;1394.48,2390.09;1354.34,2282.83;1315.79,2243.79;1240.65,2223.79;1205.12,2248.46;1138.35,2255.94;1094.58,2374.82
769	220070000	51	70671	236.01,276.01;820.78,1354.74;811.11,1418.02;816.09,1447.84;828.1,1495.52;856.08,1490.84;846.57,1459.04;858.57,1416.3;869.27,1386.82;877.58,1348.54;867.95,1328.12
770	220070000	3	70672	130,1000;2106.88,376.39;1882.46,800.33;2040.24,1013.2;2153.96,1105.95;2267.42,1064.69;2294.23,995.93;2247.54,922.83;2310.11,874.01;2294.2,780.85;2369.84,742.34;2431.72,761.59;2464.04,813.16;2544.49,855.11;2657.12,849.07;2767.46,984.16;3123.74,1117.95;3124.51,375.41
771	220070000	22	70673	276,386.1;469,1633;475,1579;508,1549;527,1549;555,1574;540,1618;503,1652
772	220070000	4	70674	296,996;2461.28,1294.84;2396.95,1361.84;2387.81,1389.3;2374.25,1436.75;2368.39,1531.19;2411.63,1556.56;2436.92,1589.86;2517.92,1574.76;2656.79,1632.75;2717.92,1524.29;2650.2,1392.28;2555.07,1262.23
773	220070000	58	70675	195.92,270.92;2392.67,1358.36;2391.84,1412.99;2401.38,1413.03;2401.31,1444.19;2389.36,1451.79;2388.74,1498.83;2402.4,1505.35;2403.07,1530.28;2418.71,1542.4;2418.71,1586.51;2397.94,1600.09;2397.76,1642.64;2557.21,1642.01;2556.46,1571.28;2512.65,1571.41;2513.3,1530.34;2604.5,1530.06;2604.46,1418.82;2623.42,1418.83;2622.84,1358.66
774	220070000	4	70676	1,1001;1734.32,1710.65;1851.43,1740.15;1873.64,1792.82;1963.1,1782.03;2003.74,1802.26;2052.57,1908.3;2031.21,2057.14;1935.82,2162.11;1826.68,2189.4;1746.31,2170.21;1716.91,2135.46;1701.04,2045.36;1624.9,1972.39;1631.25,1849.92
775	220070000	3	70677	368.3,398.3;856,2817;804,2857;757,2893;722,2900;731,2930;774,2998;791,3012;859,3020;912,3049;978,3029;991,2954;984,2925;975,2875;952,2851;976,2804;1012,2806;1027,2779;1123,2712;1063,2670;1015,2697;1031,2642;955,2606;943,2643;933,2719;880,2746
776	220070000	2	70678	1,1001;1038.06,657.69;1044.37,801.16;998.68,974.28;1057.25,1094.69;1018.34,1222.75;1026.45,1360.03;1086.8,1534.65;1187.72,1563.67;1235.92,1624.76;1387.99,1677.58;1551.97,1538.23;1605.71,1565.24;1744.01,1562.73;1825.65,1506.36;2076.77,1549.23;2134.86,1488.68;2133.79,1453.81;2186.82,1360.12;2217.7,1288.56;2228.98,1224.42;2149.56,1169.31;2173.98,1055.46;2045.16,995.5;1921.09,815.87;1581.77,815.59;1214.02,641.15
777	220070000	1	70679	1,1001;-32.69,2081.26;-31.24,2584.44;246.47,2567.58;302.63,2654.75;430.39,2692.01;530.65,2658.3;567.92,2405.43;633.57,2332.68;553.72,2269.68;577.68,2161.44;519.12,2086.91;448.14,2041.66;349.41,2098.09;276.66,2018.24;207.43,2037.89
778	220070000	13	70680	360.14,560.14;2413.25,1992.23;2401.28,1969;2403.08,1880.33;2454.37,1786.32;2420.27,1754.67;2396.18,1704.94;2412.58,1625.47;2457.19,1581.89;2524.87,1569.58;2647.4,1628.03;2598.18,1803.11;2583.63,1894.5;2556.77,1945.61;2496.13,1998.85;2494.63,2023.19;2490.53,2128.32;2512.93,2161.33;2491.65,2233.78;2458.04,2213.24;2419.2,2166.93;2420.01,2092.89;2389.32,2040.33
779	220070000	52	70681	203.77,363.77;1416.39,887.19;1493.08,899.68;1457.93,1081.81;1385.31,1072.51
780	220070000	12	70682	554.74,569.74;1845.04,2954.55;1861.23,2946.25;1874.08,2968.18;1855.82,2977.3
781	220070000	2	70683	1,1001;341.69,837.26;303.95,983.99;326.96,1140.68;567.8,1135.38;649.2,1161.64;762.25,1567.97;868.72,1484.11;839.11,1344.37;951.09,1277.73;1051.02,1283.55;1077.88,1100.04;1017.49,980.19;1057.32,799.74;1004.49,590.04;842.94,478.28;691.25,496.37;450.23,638.55
782	220070000	2	70684	1,131;1062.14,2132.75;1077.33,2142.78;1077.26,2169.17;1171.16,2166.8;1152.82,2150.89;1166.25,2126.89;1189.87,2123.69;1208.11,2131.87;1214.56,2147.4;1206.79,2175.12;1170.65,2167.14;1077.11,2169.69;1067.73,2177.58;1050.23,2181.98;1036.8,2165;1040.88,2145.13
783	220070000	50	70685	280,350;2252.83,1579.98;2249.37,1604.2;2267.28,1683.18;2253.44,1690.91;2230.03,1736.51;2248.35,1791.87;2311.66,1790.04;2318.37,1734.68;2376.79,1722.87;2420.07,1705.72;2419.94,1682.53;2387.17,1651.63;2347.48,1637.99;2322.65,1559.83
784	220070000	18	70686	553,567;1695.44,2880.82;1723.14,2875.53;1726.66,2892.11;1699.33,2899.69
785	220070000	56	70687	331.28,355.28;1007.82,759.51;1008.03,761.58;1002.13,764.41;1001.79,770.01;1002.53,775.56;1004.38,780.16;1009.14,779.58;1010.87,783.73;1028.42,780.97;1025.22,755.98
786	220070000	14	70688	560,575;1906.01,2891.97;1911.45,2872.86;1934.26,2879.15;1929.17,2898.16
787	220070000	1	70689	1,1001;-54.86,2570.18;-43.84,3108.76;648.95,3103.25;656.55,2931.08;585.9,2732.9;535.18,2643.58;428.88,2669.46;315.11,2637.35;252.72,2552.94
788	220070000	12	70690	427.56,577.56;2743.57,2479.91;2721.77,2473.37;2740.86,2599.17;2751.38,2598.72;2815.92,2559.98;2835.67,2531.14;2855.84,2487;2893.44,2484.27;2919.6,2489.72;2941.4,2435.77;2959.38,2448.3;2998.07,2440.67;3037.86,2380.18;3075.35,2378.78;3076.3,2705.35;2961.57,2721.58;2937.98,2690.58;2898.18,2672.04;2864.42,2676.24;2826.48,2700.76;2792.73,2685.65;2777.48,2687.3;2759.66,2668.02;2668.54,2762.35;2684.62,2785.61;2689.5,2812.21;2661.8,2845.27;2634.26,2873.64;2653.7,2964.33;2708.75,2997.18;2732.81,2968.03;2754.56,2911.58;2807.76,2867.17;2807.76,2805.63;2897.74,2775.56;2971.77,2783.42;2961.11,2723.43;3078.15,2706.27;3079.28,2379.22;3079.71,2274.62;3009.52,2322.41;2952.84,2358.93;2932.13,2392.17;2926.14,2413.42;2898.34,2393.8;2869.29,2368.04;2815.77,2387.1;2763.71,2431.07
789	220070000	2	70691	1,1001;2082.66,1863.31;2074.03,1978.14;2096.89,2057.74;2091.81,2114.48;2035.92,2119.56;1945.68,2214.03;1974.32,2322.06;1991.51,2308.97;2115.91,2300.78;2187.11,2271.32;2402.07,2452.42;2503.53,2388.82;2596.82,2357.59;2530.36,2252.35;2442.7,2157.77;2432.04,2077.31;2430.96,1886.27;2479.2,1768.02;2417.44,1711.71;2417.23,1682.81;2427.94,1634.85;2399.67,1639.48;2399.16,1600.42;2422.34,1594.09;2423.18,1557.03;2221.05,1415.98;2149.07,1398.19;2124.51,1447.31;2121.12,1477.8;2070.64,1526.77;1799.47,1484.48;1683.45,1568.32;1701.55,1609.51;2068.95,1746.95;2129.07,1801.99
790	220070000	11	70692	1,601;2235.32,1113.09;2277.96,999.58;2166.52,1050.75;2116.49,1191.76;2145.73,1215.08;2193.52,1258.38;2172.72,1350.23;2114.74,1355.14;2092.97,1460.16;2205.63,1444.12;2260.69,1511.04;2349.29,1541.59;2394,1540.77;2396.67,1509.75;2396.44,1437.11;2356.93,1421.29;2297.1,1370.33;2335.41,1245.21;2398.04,1169.98;2322.8,1149.35
791	220070000	1	70693	570,1070;1703.58,2444.67;1492.01,2642.47;1488.08,3142.36;2245.79,3140.39;2237.92,2890.45;2136.56,2589.33;1963.37,2442.7
792	220070000	2	70694	1,1001;1201.53,1824.45;1154.31,1914.54;1246.06,2019.83;1290.95,2055.36;1286.23,2148.87;1283.06,2203.43;1409.33,2332.24;1556.95,2314.04;1611.72,2160.2;1603.63,2048.29;1595.61,1961.57;1594.31,1907.85;1547.87,1852.98;1588.69,1815.81;1640.51,1739.11;1561.37,1668.98;1414.54,1778.26;1382.68,1746.73;1352.88,1738.7;1277.27,1780.53
793	220070000	3	70695	1,81;922,1361;901,1389;912,1406;922,1413;935,1424;967,1428;1015.72,1468.37;1007,1490;1011,1529;1030,1555;1048.37,1545.78;1084.73,1571.16;1071.62,1584.33;1100.5,1606.97;1133.69,1623.78;1144.79,1611.81;1126.15,1577.56;1108.46,1568.13;1084.7,1570.94;1048.5,1545.69;1055,1542;1050,1524;1056,1500;1043,1479;1043,1460;1021,1454;1015.77,1468.3;967.01,1427.96;977,1406;960,1395;951,1379;937,1364
794	220070000	2	70696	0.1,600.1;674.36,1615.22;671.53,1735.21;813.84,1801.89;952.99,1797.95;1010.28,1746.78;1051.97,1646.65;987.68,1566.77;967.03,1495.47;878.72,1441.94
795	220070000	20	70697	1,162.7;1003.36,2441.45;947.06,2587.68;1129.99,2762.72;1321.56,2681.64;1431.19,2475.37;1409.55,2337.75;1292.71,2217.44;1067.04,2256.19
796	220070000	1	70698	1,1001;660.88,1685.14;570.01,1603.6;529.51,1641.93;466.22,1615.43;454.44,1597.03;359.26,1573.48;416.18,2076.82;557.78,2174.38;540.16,2280.11;633.45,2352.29;849.31,2244.02;888.77,2273.62;908.82,2235.61;989.43,2171.18;994.83,2122.96;1064.46,2090.8;1067.44,2072.61;1145.96,2066.21;1057.21,1966.97;1175.79,1777.88;1175.79,1653.27;1049.82,1635.56;951.18,1782.46;822.28,1783.99
797	220070000	1	70699	1,1001;2482.39,2380.87;2388.02,2448.6;2379.56,2544.79;2412.42,2582.98;2325.9,2745.58;2550.2,3125.01;3099.37,3126.92;3102.79,2010.94;2829.4,2049.78;2674.28,2011.42;2720.25,2096.98;2599.22,2270.73
798	220070000	10	70700	390,490;2131.39,2303.89;2113.4,2353.56;2164.35,2417.82;2198.03,2429.78;2240.36,2410.8;2245.98,2337.16;2191.07,2286.64
799	220070000	57	70701	337.51,355.51;828.59,712.74;829.76,726.78;833.12,727.05;834.03,731.2;838.17,731.74;843.16,731.57;846.52,730.27;846.66,726.39;849.93,725.45;849.29,711.52
800	220070000	10	70702	293.41,363.41;812.72,765.93;795.61,760.93;745.59,738.26;710.79,706.53;703.15,696.55;690.98,673.58;670.32,655.83;654.98,687.95;658.59,711.08;676.01,731.21;701.85,737.22;716.29,755.21;765.8,779.39;768.96,787.67;763.6,802.77;736.75,826.4;715.2,834.64;668.69,828.92;660.36,847.95;661.46,881.27;692.82,883.88;709.81,870.74;720.18,871.44;727.65,880;740.33,895.18;738.72,924.42;755.89,948.84;753.75,968.15;760.45,986.4;779.77,996.86;800.43,999.28;810.36,992.3;803.11,982.11;789.43,985.86;775.48,975.94;771.19,961.72;777.09,947.23;794.53,944.54;813.04,962.52;803.65,981.57;810.89,992.3;818.68,990.42;830.48,969.76;826.19,941.06;814.11,926.84;796.14,920.93;774.14,924.15;762.6,909.67;767.97,882.57;740.86,865.23;730.01,860.55;730.72,851.9;746.72,839.78;756.06,844.17;768.96,839.3;781.38,822.01;790.01,798.19;800.43,781.14
801	220070000	53	70703	291.41,311.41;1426.55,1173.42;1439.56,1165.21;1456.51,1163.51;1464.47,1187.94;1454.52,1191.13;1444.51,1193.36;1440.61,1192.02;1431.68,1196.04
802	220070000	13	70704	560,575;1878.46,2933.49;1891.71,2919.15;1910.65,2934.71;1897.18,2950.59
803	220070000	15	70705	0.1,340.1;1205.56,1022.23;1184.95,1106.34;1153.75,1042.6;1091.44,1083.22;1085.45,1191.53;1145.02,1195.99;1184.16,1138.6;1186.17,1213.17;1250.54,1231.88;1287.73,1084.56;1274.5,1021.76
804	220070000	3	70706	1,1001;2517.47,1552.93;2425.89,1582.28;2413.63,1672.53;2412.51,1711.89;2453.51,1789.01;2401.89,1885.29;2434.48,2162.51;2473.71,2207.01;2514.34,2235.8;2525.23,2166.02;2494.12,2129.67;2496.67,1986.63;2591.74,1891.24;2619.01,1971.64;2597.25,1988.62;2665.75,2139.68;2683.32,2144.95;2730.15,2127.97;2740.69,2079.37;2690.34,2013.8;2620.08,1971.64;2592.28,1890.55;2654.87,1615.35
805	220070000	8	70707	1,361;798.27,1892.68;769.26,1930.89;778.01,1973.63;770.7,1993.11;770.08,2026.91;780.56,2055.37;800.55,2060.72;826.89,2059.52;855.76,2063.3;896.45,2031.35;916.76,2019.71;912.48,1972.28;896.7,1938.05;913.6,1915.95;897.53,1883.85;850.59,1854.52;825.05,1858.89
806	220070000	30	70708	1,551;237.2,1158.17;195.15,1188.92;182.95,1226.85;205.36,1306.7;271.03,1331.6;307.93,1320.09;352.6,1275.64;372.82,1265;381.25,1221.3;359.29,1156.09;305,1141.37
807	220070000	14	70709	100,500;1310.69,2080;1430.04,2034.28;1474.02,2031.8;1591.6,2120.87;1643.79,2134.58;1654.75,2238.07;1575.76,2318.01;1407.84,2333.85;1314.45,2226.14;1309.27,2164.88
808	220070000	55	70710	290,310;1458,1419.83;1469.57,1419.85;1479.43,1424.4;1484.64,1443.58;1461.88,1454.04;1442.47,1442.35;1443.95,1426.16
809	220070000	0	70711	1,131;2891.84,690.4;2756.32,885.94;2903.46,1038.68;3073.93,1039.28;3073.45,721.58
810	220070000	1	70712	1,1001;1482.27,2649.72;1482.64,3104.91;1720.18,3098.89;1726.25,3029.14;1706.22,3016.99;1727.43,2974.1;1691.81,2904.7;1688.28,2875.47;1699,2823.72;1745.76,2748.66;1784.29,2701.57;1856,2667.32;1928.78,2680.16;1958.75,2732.61;1927.8,2923.92;1902.84,2960.19;1881.43,2978.54;1861.77,2987.72;1790.11,2985.53;1758.51,3046.38;1730.49,3030.85;1724.61,3098.89;2590.23,3096.67;2365.39,2775.27;2345.47,2730.83;2431.29,2575.28;2395.28,2536.21;2407.54,2447.33;2345.2,2402.36;2192.96,2268.52;2112.97,2295.71;1987.79,2303.08;1661.52,2531.28;1578.35,2490.84
811	220070000	1	70713	1,651;1702.73,2798.75;1695.4,2821.07;1685.31,2879.95;1689.09,2904.76;1721.93,2975.79;1700.03,3019.3;1758.74,3052.02;1795.08,2989.02;1860.26,2990.97;1881.71,2981.72;1905.71,2961.14;1932.63,2924.97;1943.14,2877.45;1959.95,2848.53;1972.04,2783.85;1977.29,2726.26;1937.29,2661.89;1845.31,2649.61;1771.73,2695.49;1736.51,2741.08
812	220070000	50	70714	207.34,307.34;618.64,521.02;593.06,539.35;588.53,569.48;604.29,598.66;603.7,641.56;605.45,659.36;580.06,658.2;564.42,680.94;525.25,710.02;517.54,731.74;519.49,758.34;551.34,755.58;588.53,766.94;643.08,723.79;658.14,689.37;689.22,714.96;712.07,735.16;754.11,728.67;789.18,726.4;804.12,742.23;819.81,741.15;830.08,729.95;832.67,715.05;806.57,666.95;819.73,640.33;879.1,636.96;884.31,591.36;865.03,560.75;827.07,556.47;792.18,582.79;772.6,569.93;792.49,538.41;788.51,512.7;773.51,501.68;733.12,499.85;718.2,518.73;715.36,543.61;673.45,554.89;668.78,526.87
813	220070000	9	70715	1,331;383.74,1370.86;417.26,1414.62;431.51,1445.96;448.87,1469.02;467.69,1486;471.92,1515.67;527.76,1525.64;553.01,1561.13;595.69,1564.19;604.34,1548.99;600.5,1531.67;593.84,1512.4;572.98,1490.06;550.95,1486.35;556.27,1470.54;554.77,1452.05;568.09,1445.72;577.22,1456.68;588.75,1478.6;611.25,1477.59;624.25,1473.36;643.84,1477.08;636.01,1516.99;621.24,1536.49;601.81,1535.94;605.13,1549.22;596.21,1564.29;622.16,1564;659.02,1561.44;683.53,1554.38;688.4,1537.5;682.39,1517.76;685.87,1500.31;703.41,1491.7;721.43,1495.71;736.59,1473.68;724.05,1449.22;694.54,1435.7;706.55,1408.75;697.97,1383.29;674.52,1372.13;654.87,1379.71;641.91,1400.74;642.36,1382.7;638.39,1357.65;619.31,1340.1;640.04,1333.3;670.86,1342.23;695.03,1309.45;700.03,1275.14;684.48,1259.91;690.53,1235.86;671.32,1229.3;644.77,1254.43;638.68,1286.33;613.49,1275.19;620.37,1239.85;604.31,1231.13;585.33,1240.73;573,1260.53;574.13,1278.84;580.85,1290.42;573.96,1310.83;576.98,1331.13;561.02,1347.54;568.85,1361.59;584.59,1365.52;577.86,1385.33;567.03,1366.64;546.85,1375.61;528.54,1395.04;522.94,1368.89;527.79,1353.94;525.93,1331.52;536.76,1317.7;556.94,1320.31;573.66,1310.57;580.07,1291.52;573.47,1279.69;571.46,1262.03;583.47,1241.85;547.21,1239.67;514.77,1235.4;505.2,1256.45;496.63,1244.57;473.05,1229.75;437.59,1231.68;407.88,1252.24;383.61,1269.5;384.33,1301.7;384.66,1340.22;382.07,1291.02;337.72,1280.66;296.29,1329.21;278.48,1389.74;349.05,1388.13;379.48,1371.62;383.69,1343.13
814	220070000	1	70716	0.1,700.1;867.79,1324.02;920.4,1262.41;942.2,1234.23;1057.06,1250.18;1064.51,1286.34;1046.43,1350.15;1094.44,1390.92;1120.97,1406.66;1113.85,1449.11;1126.42,1528.31;1155.71,1542.2;1221.47,1544.7;1246.92,1606.2;1287.56,1609.53;1323.69,1583.19;1387.08,1647.98;1547.71,1507.29;1628.84,1535.54;1702.88,1510.1;1738.7,1598.7;2007.69,1703.19;2085.5,1735.25;2151.16,1800.91;2110.21,1867.28;2117.27,1957.65;2119.39,2002.13;2134.92,2136.27;2050.11,2152.18;1983.04,2230.55;1961.37,2242.98;1990.75,2322.59;1809.17,2450.34;1726.38,2411.22;1725.31,2464.8;1695.31,2546.25;1640.65,2552.68;1582.78,2521.6;1573.14,2593.4;1524.91,2649.12;1540.99,2704.85;1524.91,2715.57;1498.12,2789.51;1458.47,2767.01;1371.67,2798.09;1375.95,2898.82;1326.66,2952.4;1264.5,2943.83;1262.36,2696.28;1395.24,2682.35;1448.82,2584.83;1494.91,2409.07;1563.49,2404.79;1591.36,2444.44;1624.58,2447.65;1644.04,2382.3;1533.56,2309.25;1595.08,2167.21;1651.94,2114.14;1667.11,1971.03;1747.39,2147.9;1892.91,2141.76;1997.95,2055.08;2017.72,1937.88;1966.04,1807.68;1863.66,1805.57;1837.54,1749.79;1746.46,1747.67;1708.45,1771.35;1656.58,1861.38;1664.97,1966.66;1650.32,2109.26;1596.31,2161.19;1585.63,2070.41;1568.08,1959.79;1564.26,1904.1;1516.96,1853.75;1578,1813.31;1606.24,1756.51;1562.96,1700.01;1415.46,1797.21;1357.47,1755.88;1218.82,1832.55;1175.21,1913.24;1244.48,1987.57;1306.8,2058.22;1299.3,2213.67;1127.74,2241.46;1082.34,2276.77;1011.09,2305.78;936.69,2317.13;881.83,2272.36;883.73,2252.18;979.44,2160.69;993.91,2120.71;1065.32,2086.41;1066.44,2067.97;1099.51,2061.68;1073.81,2041.82;1042.16,1985.31;1040.01,1937.97;1096.12,1797.19;1132.09,1761.63;1133.05,1673.17;1042.21,1655.44;976.59,1572.49;960.84,1504.66;842.96,1480.97;851.91,1413.38;845.91,1338.71
815	220070000	11	70717	550,580;1775.53,2933.67;1774.52,2935.89;1769,2933.12;1763.62,2945.28;1761.75,2944.29;1748.6,2971.39;1751.65,2974.35;1744.25,2990.89;1735.57,2985.67;1721.12,3008.93;1750.78,3027.78;1764.64,3004.98;1758.04,2997.34;1768.38,2981.33;1771.85,2983.18;1785.04,2955.05;1783.15,2953.3;1788.51,2942.21;1782.72,2939.6;1783.63,2937.43;1785.23,2930.51;1779.4,2928.02
816	220070000	20	70718	1,429.7;63.95,2145.62;48.98,2197.58;-17.13,2188.53;-17,2206.97;-11.16,2192.05;46.02,2199.39;43.37,2246.42;55.34,2342.13;122.69,2374.9;178.4,2369.19;227.55,2290.04;246.87,2246.78;206.15,2181.56;143.19,2140.99
817	220070000	17	70719	558,569;1707.91,2824.1;1716.56,2805.83;1738.85,2816.55;1729.93,2834.03
818	220070000	1	70720	1,1001;-48,1397.8;-47.72,2119.17;273.34,2057.48;336.41,2142.67;450.83,2077.66;396.26,1586.79;333.65,1448.82;171.59,1395.86
819	220070000	4	70721	162.75,662.75;1132.93,2245.18;1080.81,2285.4;1012.31,2312.63;957.86,2343.37;908.67,2540.97;977.49,2590.64;1088.72,2686.76;1108.04,2748.24;1153.71,2751.75;1219.58,2685.01;1393.64,2565.25;1427.72,2349.51;1413.67,2347.76;1294.46,2219.98
820	220070000	3	70722	130,1000;2768.9,947.24;2653.1,981.22;2577.28,1108.07;2524.41,1279.66;2639.62,1398.77;2705.77,1521.29;2796.51,1505.56;3097.1,1540.48;3090.67,1047.95
821	220070000	18	70723	213.44,248.44;707.4,691.55;767.78,671.96;779.25,706.03;713.23,730.39
822	220070000	11	70724	427.95,577.95;2347.51,2656.34;2345.81,2678.16;2309.34,2654.52;2281.84,2678.9;2269.99,2731.83;2337.09,2749.64;2394.93,2760.55;2435.61,2736.49;2430.97,2706.97;2474.31,2696.38;2471.81,2637.17;2408.27,2580.46
823	220070000	51	70725	360,430;1648.74,1110.65;1649.13,1160.11;1688.87,1192.14;1758.74,1138.11;1744.97,1058.06;1677.44,1076.73
824	220070000	7	70726	296.42,376.42;2445.45,1344.21;2431.38,1355.5;2424.14,1366.3;2433.56,1391.36;2421.35,1417.66;2424.29,1449.03;2434.75,1486.61;2439.97,1515.04;2468.08,1525.5;2505.98,1520.59;2517.75,1496.08;2539.32,1459.81;2548.18,1400.21;2548.18,1365.17;2530.1,1354.43;2508.69,1361.51;2486.84,1341.8
825	220070000	54	70727	291,306;1255.89,1341.79;1275.87,1342.59;1283.39,1356.85;1283.71,1367.4;1279.2,1371.84;1271.76,1376.35;1256.62,1378.15;1250.51,1359.2
826	220070000	50	70728	400,430;1732.36,1781.12;1735.08,1775.6;1755.1,1756.6;1774.71,1753.04;1785.66,1753.02;1798.88,1758.56;1810.42,1767.9;1811.89,1775.55;1821.59,1826.74;1808.78,1847.06;1798.27,1849.61;1796.19,1858.6;1785.2,1860.62;1782.67,1853.62;1768.89,1857.54;1751.18,1848.03
827	220070000	56	70729	307.01,334.01;2111.36,1232.05;2110.21,1248.17;2121.9,1257.97;2125.33,1257.32;2135.55,1255.02;2138.54,1254.26;2143,1248.05;2143.68,1232.76;2126.36,1223.09
828	220070000	11	70730	280,350;949.86,2062.63;910.74,2092.74;931.31,2117.18;1003.12,2121.25;1059.18,2111.59;1061.95,2070.24
829	220070000	21	70731	329.9,368.7;705,2904;716,2902;768,3085;896,3084;978,3050;1033,2957;962,2851;992,2811;1025,2803;1116,2717;949,2608;918,2711;863,2736;837,2813
830	220070000	3	70732	0.1,1000.1;2244.41,1037.31;2215.96,1122.68;2302.11,1182.75;2355.86,1183.54;2289.02,1284.57;2274.73,1370.31;2336.08,1428.93;2388.03,1444.17;2397.49,1392.71;2403.45,1371.35;2473.1,1299.49;2551.91,1283.48;2596.63,1133.12;2661.67,1001.82;2768.88,971.71;2798.48,951.07;2692.54,800.52;2541.06,807.95;2440.69,717.81;2374.09,708.78;2281.65,765.79;2277.03,861.31;2204.55,913.72;2252.38,1009.22
831	220070000	4	70733	429.7,459.7;154.85,2174.19;89.24,2160.66;72.06,2199.8;58.53,2309.16;91.89,2345.52;134.57,2354.09;160.09,2350.9;202.03,2310.01;224.69,2289.87;228.22,2255.88;205.3,2231.7;190.86,2196.82
832	220070000	55	70734	343.48,359.48;889.71,655.69;891.2,649.77;881.14,634.42;858.23,649.49;867.54,664.8;872.97,661.19;876.44,666.4;880.32,663.8
833	220070000	55	70735	290,330;1951.3,1395.53;1962.2,1394.42;1965.41,1394.22;1976.87,1398.96;1975.4,1414.87;1957.15,1428.13;1935.58,1420.3;1934.39,1404.34;1947.33,1395.82
834	220070000	2	70736	0.2,1000.2;389.09,1119.36;343.32,1158.09;371.9,1223.19;365.48,1260.22;339.31,1268.12;283.03,1321.94;167.01,1410.68;320.79,1461.31;381.92,1598.85;444.87,1600.71;459.59,1620.58;524.36,1646.34;559.6,1624.47;671.86,1712.84;686.36,1642.55;791.83,1566.84;662.16,1147.54;575.82,1120.31
835	220070000	5	70737	1,501;2858.39,2885.12;2877.58,2910.44;2916.75,2899.99;2905.4,2964.17;2887.79,2957.01;2870.48,2960.29;2865.7,2971.33;2873.76,2983.87;2869.58,2991.63;2869.58,3005.07;2870.48,3017.9;2897.64,3026.86;2918.54,3018.5;2923.17,3003.04;2923.61,2984.17;2905.4,2964.77;2917.04,2899.99;2936.33,2901.73;2935.98,2872.21;2913.05,2862.12;2880.38,2860.65;2858.91,2870.01
836	220070000	15	70738	530,543;1864.58,2859.41;1867.36,2859.93;1876.57,2858.01;1897.69,2869.54;1888.85,2886.88;1867.25,2876.27;1863.84,2867.91;1860.82,2866.27
837	220070000	16	70739	530,543;1760.74,2807.9;1784.05,2819.24;1781.69,2823.96;1788.98,2828.48;1785.27,2835.96;1777.87,2832.84;1774.36,2837.74;1752.13,2825.9
838	220070000	1	70740	1,1001;876.32,2252.4;827.71,2225.3;625.95,2328.84;556.04,2407.6;511.79,2628.83;572.85,2742.1;641.67,2933.7;626.44,3126.97;1514.49,3119.93;1509.1,2647.66;1804.5,2426.82;1680.38,2368.15;1593.01,2300.83;1415.56,2329.59;1319.99,2201.37;1125.21,2234.53;1079.46,2269.9;1007.94,2299.47;940.47,2308.93
839	220070000	3	70741	1,1001;2786.87,1494.55;2700.66,1513.68;2629.69,1649;2573.96,1881.18;2611.11,1982.67;2683.37,2029.55;2828.69,2061.61;3080.76,2040.39;3081.88,1522.51
840	300030000	1	70742	0,1000;-394.62,-656.35;-388.81,1596.9;1177.23,1583.35;1171.42,-648.61
841	300040000	1	70743	100.1,120.1;919.86,474.79;911.12,457.19;912,444.44;899.44,421.93;882.21,415.88;863.23,418.14;858.71,416.02;846.08,403.91;834.38,403.18;814.47,390.15;795.39,401.46;780.06,420.87;784.15,434.16;775.29,449.15;782.79,474.01;798.8,467.88;814.13,455.62;810.72,434.16;816.81,420.3;829.57,416.1;837.98,420.77;848.12,430.91;850.39,436.68;861.33,440.69;873.08,433.83;877.82,439.36;884.2,451.17;886.57,466.98;894.29,482.51;903.15,497.74;912.72,506.94;931.09,537;967.39,563.21;991.47,569.05;1007.23,565.86;1016.27,569.23;1038.26,567.87;1037.57,589.84;1039.97,605.98;1048.9,625.21;1060.78,649.67;1091.82,630.36;1090.45,611.82;1092.85,584.69;1091.48,559.97;1082.21,547.95;1035.17,533.53;1014.85,526.91;1002.45,523.72;978.72,528.32;967.39,531.16;958.01,524.96;930.23,481.15
842	300040000	3	70744	0.1,130.1;123.64,826.06;136.77,836.34;135.62,846.77;138.55,860.84;148.83,870.23;163.19,866.16;174.23,845.4;162.17,838.3;160.75,828.73;150.54,821.1;130.72,814.01
843	300040000	4	70745	100,120;299.27,690.35;274.77,720.83;265.69,743.48;260.16,754.54;275.09,767.48;285.1,771.44;293.79,765.36;301.38,736.49;318.81,729.91;333.13,720.1;354.52,708.51;367.14,709.32;383.26,694.33;387.22,644.28;409.56,609.49;433.52,585.08;485.44,579.53;484.43,514.51;456.2,521.06;392.69,522.07;384.74,568.61;346.78,621.94;346.22,665.2;339.29,669.7;324.59,681.44
844	300040000	1	70746	99.25,299.25;1142.16,1193.98;1126.48,1220.4;1126.34,1245.09;1135.75,1269.69;1165.11,1294.69;1194.97,1299.06;1227.11,1281.33;1244.11,1252.54;1239.94,1216.99;1223.22,1178.24;1177.76,1177.59
845	300040000	2	70747	0,300;-34.83,1032.97;-33.34,1544.18;505.67,1546.27;502.85,1476.71;534.61,1425.54;526.07,1343.05;493.99,1248.6;464.75,1183.1;403.93,1131.05;324.78,1056.73;299.96,1095.46;232.68,1030.94;146.42,992.78
846	300040000	1	70748	100.19,300.19;1174.87,1193.83;1157.93,1201.54;1171.57,1228.66;1176.12,1226.29;1185.17,1232.17;1187.34,1236.86;1182.84,1242.47;1176.64,1238.01;1171.16,1228.24;1176.19,1226.74;1166.96,1197.24;1157.67,1201.84;1138.85,1239.74;1153.81,1270.05;1188.28,1287.58;1217.03,1263.6;1224.39,1229.8;1208.5,1202.19
847	300040000	1	70749	0.2,300.2;384.42,733.7;334.43,836.29;476.6,955.87;718.66,1012.42;787.14,966.25;863.77,837.73;692.21,643.84;514.03,594.73;407.06,633.05
848	300040000	10	70750	0.1,200.1;209.78,331.11;247.01,390.79;292.19,405.04;319.78,341.19;320.66,302.56;311.71,275.63;259.07,268.21;240.27,275.32;222.94,294.2
849	300040000	1	70751	0.1,800.1;506.74,1732.86;561.79,1313.49;712.18,1218.38;710.81,1122.29;715,1068.49;738.76,988.85;864.45,838.71;1031.43,815.29;1107.78,651.9;1384.76,643.94;2012.54,769.31;1734.92,2035.45
850	300040000	1	70752	0.1,800.1;466.62,-85.08;386.94,474.72;332.63,563.59;409.2,631.81;436.84,610.97;503.56,591;631.09,658.61;685.64,644.78;866.96,860.67;1045.9,839.65;1132.15,679.42;1192.45,673.9;1322.92,667.72;1514.86,376.25;1510.03,-106.69
851	300040000	1	70753	0.1,800.1;-81.61,1556.07;556.69,1565.14;589.72,1327.33;722.36,1229.15;732.48,1143.53;739.22,1074.43;759.44,993.54;894.87,846.8;700.4,631.65;633.05,644.7;510.03,580.66;429.89,599.44;410.16,613.25;348.02,559;398.33,478.12;335.2,427.82;243.52,454.14;236.16,467.54;206.19,480.16;189.9,480.42;132.54,495.87;-75.11,466.29
852	300040000	10	70754	0.1,170.1;659.96,1178.02;650.39,1193.59;656.51,1206.17;668.91,1218.54;696.48,1207.94;701.43,1179.68;671.94,1151.47;664.06,1158.19
853	300040000	2	70755	100,120;582.25,299.82;580.22,322.27;579.96,337.83;566.41,352.44;555.93,358.06;550.43,366.51;551.37,375.76;557.4,380.05;568.13,380.05;584.08,389.3;594.54,405.13;589.31,421.49;573.49,443.07;533.4,450.19;516.77,464.94;509.8,484.78;500.95,498.19;477.25,521.84;454.4,531.84;447.61,580.06;495.47,573.98;509.75,555.77;529.33,535.32;536.35,510.53;537.56,488.81;533,476.07;539.57,471.64;557.67,473.39;575.68,461.93;594.05,444.1;603.71,443.29;611.24,431.77;620.49,427.35;628.27,429.36;632.96,439.15;652.53,448.3;671.9,442.02;677.93,429.14;703.59,410.76;706.01,403.92;727.19,399.9;737.38,403.52;745.7,411.3;750.08,419.34;749.72,450.21;763.14,464.53;776.61,469.86;783.99,473.03;798.57,467.75;783.9,434.19;775.22,448.42;768.22,439.83;769.12,419.6;769.83,401.2;765.37,392.44;753.31,390.91;752.26,385.69;756.96,380.76;753.08,371.29;745.47,367.71;739.88,368.45;735.74,367.12;732.71,354.78;723.05,346.06;717.96,330.24;704.98,318.57;699.21,309.19;684.87,306.64;675.75,298.6;662.31,278.85;648.08,267.82;631.19,239.26;626.34,224.63;616.96,234.82;611.32,246.76;596.44,268.21;596.98,282.72;586.39,287.28
854	300040000	1	70756	0.1,250.1;32.77,174.92;43.79,471.87;132.34,498.84;193.37,482.76;209.28,485.32;240.54,469.15;245.78,456.32;332.8,432.94;376.85,295.7;364.61,173.19
855	300040000	3	70757	100,300;97.47,688.85;147.23,759.61;76.34,771.19;36.38,838.39;37.07,978.81;76.81,999.15;144.45,988.96;249.69,1009;341.3,966.24;319.76,833.67;351.73,730.35;311.42,665.48;275.07,680.05;319.3,582.08;305.88,490.09;260.92,461.61;149.71,513.04;176.59,574.67
856	300040000	20	70758	0.1,100.1;770.98,409.75;506.33,481.23;440.23,513.11;379.42,521.2;430.8,617.73;506.33,579.21;546.25,523.97;520.05,478.72;734.76,426.07;760.12,487.08;823.41,460.22;829.45,427.91;864.68,453.71;871.2,449.48;893.81,498.64;935.11,561.57;1000.99,585.66;1049.67,655.48;1114.07,627.94;1086.05,535.51;1002.96,513.88;968.05,520.77;966.58,513.88;912.01,423.91;870.33,404.22;802.88,378.4
857	300050000	20	70759	170,270;507.74,637.91;492.33,669.97;514.4,726.57;535.24,726.82;558.18,664.67;542.39,638.28
858	300050000	10	70760	170,270;604.76,548.89;604.76,581.99;633.04,598.9;683.92,583.84;682.93,544.2;628.84,532.47
859	300050000	1	70761	0.1,800.1;390.81,251.58;163.16,382.49;152.21,651.35;298.6,851.02;460.12,841.15;777.43,622.5;687.98,328.54
860	300050000	10	70762	174.46,219.46;500.74,554.7;501.37,574.31;513.65,586.92;530.76,587.17;539.53,582.61;545.28,576.05;546.43,561.12;540.29,550.71;530.48,543.67;513.01,542.77
861	300050000	30	70763	170,270;507.04,405.54;489.35,463.78;503.6,490.33;542.31,489.96;555.95,458.99;537.51,404.8
862	300060000	1	70764	0.1,400.1;280.7,262.62;285.32,724.52;638.46,724.12;639.48,261.15
863	300070000	1	70765	0.1,250.1;484.22,437.86;483.83,477.22;504.87,479.8;524.74,477.09;524.74,438.76;503.84,435.54
864	300070000	1	70766	0.2,250.2;471.87,419.87;418.68,452.17;440.89,511.1;450.38,556.18;575.03,554.25;581.96,497.14;567.47,457.26;554.78,418.82
865	300070000	1	70767	0.1,800.1;172.34,185.67;167.01,938.05;855.43,953.15;852.77,186.56
866	300080000	1	70768	0.1,1200.1;181.07,-442.27;194.23,-342.14;225.79,-287.48;195,-221.29;188.84,85.08;207.24,297.53;280.82,382.38;284.2,411.03;251.2,468.64;236.14,526.26;232.43,585.85;237.67,645.88;254.91,703.94;295.15,769.11;312.48,851.09;256.1,1213.64;358.9,1373.91;382.11,1680.08;401.12,1885.09;691.6,1908.88;902.05,1757.58;939.19,1659.08;890.56,1514.28;704.86,1487.76;694.91,1411.49;742.44,1390.49;813.18,1237.96;712.6,1181.58;659.54,1140.69;657.5,1038.54;600.03,862.8;612.19,811.95;542.55,729.05;522.97,687.96;535.63,658.49;530.98,636.21;504.35,605.43;504.57,565.05;538.84,520.09;522.85,475.32;568.17,366.73;577.82,50.85;551.06,-86.37;548.75,-178.74;578.77,-234.16;509.77,-454.86;388.21,-555.36;226.56,-543.81
867	300080000	1	70769	0.1,1200.1;981.3,-588.18;64.92,-593.7;71.89,1936.82;967.15,1941.97
868	300080000	10	70770	100,600;555.11,480.28;563.6,558.91;577.14,572.41;577.07,601.09;548,615.07;529.01,688.24;821.92,735.55;824.15,479.05
869	300080000	20	70771	333.41,433.41;205.99,385.65;159.39,511.97;149.97,653.55;209.14,791.78;273.42,762.16;246.3,705.61;230.56,647.39;225.35,585.99;230.45,525.08;245.89,465.47;269.46,414.04
870	300090000	1	70772	0.1,400.1;88.76,10.24;93.38,472.14;446.52,471.74;447.55,8.77
871	300100000	5	70773	798.2,878.2;699.51,442.8;712.99,479.56;726.23,485.08;746.9,476.07;753.13,456.87;740.1,426.64
872	300100000	1	70774	1020.76,1520.76;4.7,44.8;16.32,1045.98;1271.11,1041.63;1267.58,26.24
873	300100000	10	70775	1012.21,1042.21;626.7,446.67;626.79,461.39;652.3,455.23;667.3,456.22;685.45,461.01;699.26,465.43;698.92,452.78;676.47,448.37;653.33,447.32;636.71,447.96
874	300100000	1	70776	930,975;508.79,456.93;457.85,445.67;405.36,439.35;382.78,450.75;318.04,458.84;305.11,453.53;292.76,440.01;274.54,440.6;231.62,488.81;231.03,525.26;262.54,562.58;281.48,600.18;313.53,603.74;357.72,615.27;420.99,621.1;477.17,621;525.96,586.85;644.9,587.56;661.03,578.35;748.91,577.07;789.23,528.57;791.2,471.79;758.14,430.44;684.99,440.06;596.68,438.2
875	300100000	1	70777	982.59,1032.59;745.37,404.28;744.7,632.33;941.43,633.94;940.13,403.08
876	300100000	1	70778	850,905;541.28,437.51;598.62,434.95;632.85,456.55;631.77,550.91;591.38,578.63;537.99,573.66;530.92,505.98
877	300100000	2	70779	1069.91,1119.91;380.02,483.2;370.03,502.42;368.72,517.48;379.37,536.61;438.8,536.03;439.48,483.23
878	300100000	1	70780	857.13,922.13;325.07,415.85;276.48,442.53;233.32,451.16;229.34,534.16;286.44,609.19;342.79,605.97;396.42,583.55;527.93,584.12;531.3,606.28;636.42,586.13;636.35,529;658.24,519.34;658.88,500.02;636.35,492.3;638.92,436.28;533.16,415.26
879	300100000	4	70781	940,970;306.75,369.08;307.98,468.75;393.02,460.18;407.72,453.71;433.6,450.77;504.17,463.71;549.11,468.28;548.47,366.79
880	300100000	1	70782	854.64,914.64;652.22,562.61;730.1,560.53;739.63,521.05;736.82,486.45;721.95,482.97;698.12,465.74;688.98,453.7;646.79,454.24;654.98,497.95;654.77,522.04
881	300100000	1	70783	975.6,1045.6;660.58,532.63;655.54,549.75;665.05,559.18;678.2,559.22;689.11,545.88;682.73,534.52
882	300100000	6	70784	1002.07,1037.07;687.49,431.96;690.7,449.63;697.11,468.15;721.36,468.1;733.57,467.73;743.42,451.43;743.62,429.84
883	300100000	20	70785	980,1045;667.34,460.06;635.69,460.78;641.89,468.91;641.89,488.73;638.84,525.78;637.65,552.15;628.06,554.55;628.63,577.2;744.31,574.92;765.46,555.36;808.43,525.18;809.62,497.62;757,459.21;744.41,480.88;733.05,487.19;721.69,488.45;698.97,467.63
884	300100000	2	70786	940.21,970.21;167.7,470.02;164.68,542.47;265.22,564.16;273.25,505.15;264.66,449.66
885	300100000	1	70787	940,990;453.55,473.49;453.86,551.92;533.48,552.2;532.59,474.93
886	300100000	1	70788	861.71,881.71;691.4,481.95;697.07,486.68;705.53,487.32;706.03,479.37;721.34,475.71;717.29,465.63;698.75,470.99
887	300100000	3	70789	940,970;306.37,598.31;331,597.13;348.56,600.64;377.83,604.74;421.73,604.74;530.2,607.64;531.36,726.47;319.21,726.47;281.83,597.13
888	300110000	1	70790	200.1,700.1;48.21,356.86;51.46,1209.12;1019.98,1216.53;1000.91,337.82;613.44,334.32;544.62,369;478.41,382.68;430.1,374.7;363.99,338.64
889	300110000	1	70791	200,700;244.7,621.69;248.24,1096.59;684.02,1093.54;672.86,624.64
890	300110000	1	70792	200,700;-172.46,-842.5;1264.65,-860.41;1314.52,1314.96;-173.73,1296.21
891	300120000	20	70793	74,374;589.25,618.36;566.02,648.77;555.67,694.63;563.63,713.1;592.29,737.77;632.63,735.99;673.81,694.31;683.84,651;676.09,616.3;645.63,608.33;630.18,608.02
892	300120000	1	70794	0.1,400.1;286.96,45.78;288.48,970.82;750.62,973.85;739.27,49.56
893	300120000	10	70795	74,374;398.24,609.09;371.4,635.48;372.05,702.57;409.41,729.88;454.26,735.16;490.71,713.39;495.24,694.88;489.54,665.1;459.74,621.09;431.87,608.45
894	300130000	20	70796	74,374;589.25,618.36;566.02,648.77;555.67,694.63;563.63,713.1;592.29,737.77;632.63,735.99;673.81,694.31;683.84,651;676.09,616.3;645.63,608.33;630.18,608.02
895	300130000	1	70797	0.1,400.1;286.96,45.78;288.48,970.82;750.62,973.85;739.27,49.56
896	300130000	10	70798	74,374;398.24,609.09;371.4,635.48;372.05,702.57;409.41,729.88;454.26,735.16;490.71,713.39;495.24,694.88;489.54,665.1;459.74,621.09;431.87,608.45
897	300140000	20	70799	74,374;589.25,618.36;566.02,648.77;555.67,694.63;563.63,713.1;592.29,737.77;632.63,735.99;673.81,694.31;683.84,651;676.09,616.3;645.63,608.33;630.18,608.02
898	300140000	1	70800	0.1,400.1;286.96,45.78;288.48,970.82;750.62,973.85;739.27,49.56
899	300140000	10	70801	74,374;398.24,609.09;371.4,635.48;372.05,702.57;409.41,729.88;454.26,735.16;490.71,713.39;495.24,694.88;489.54,665.1;459.74,621.09;431.87,608.45
900	300150000	1	70802	1,421;368.27,246.27;367.28,775.14;855.55,774.15;849.6,241.32
901	300150000	1	70803	1,401;301.5,74;301.59,857.86;937.22,857.82;936.49,72.94
902	300160000	1	70804	1,501;1549.62,985.93;1557.02,1298.86;1882.85,1302.85;1883.96,872.4;1455.17,790.9;1411.12,820.46;1443.3,880.44
903	300160000	2	70805	160,240;502.94,1263.95;504.26,1327.71;532.13,1328.38;536.01,1366.42;600.05,1332.67;599.17,1263.18;537.8,1226.02;531.13,1262.75
904	300160000	1	70806	1,501;1093.79,670.16;1093.72,715.28;1103.71,747.1;1207.49,761.96;1246.01,846.59;1095.71,777.12;1029.94,842.21;1104.25,1154.37;1080.51,1206.04;1100.76,1238.32;1153.36,1226.08;1186.5,1266.73;1316.11,1268.13;1310.47,981.27;1340.49,988.15;1339.24,945;1311.1,929.99;1292.56,812.2;1316.95,797.82;1317.57,765.93;1293.19,741.54;1290.83,671.61
905	300160000	1	70807	97.8,137.8;1365.24,755.01;1354.28,778.78;1369.33,803.58;1400.48,800.1;1409.31,784.47;1402.64,763.71;1380.5,751.44
906	300160000	1	70808	100,250;1095.62,784;1196.57,730.52;1248.53,748.75;1231.72,865.85
907	300160000	1	70809	75,425;903.81,265.56;893.43,793.46;994.01,858.35;1109.84,742.13;1109.12,665.48;1205.85,636.33;1209.99,264.35
908	300160000	1	70810	80,580;1301.28,756.03;1299.96,794.46;1317.62,871.95;1327.32,930.33;1327.52,925.02;1320.36,935.37;1321.15,983.92;1324.18,1195.83;1545.09,1199.24;1545.05,990;1500.4,888.88;1413.5,849.62;1480.12,801.55;1617.31,805.61;1612.68,528.4;1295.05,531.62
909	300160000	1	70811	80,380;312.36,1007.58;311.16,1812.95;1198.17,1808.05;1198.95,1290.42;1109.73,1226.76;1090.61,1194.54;1022.73,839.24;1116.04,756.81;1117.6,640.94;1189.14,642.5;1191.47,232.69;962.85,232.69;963.4,640.86;540.75,649.37
910	300170000	10	70812	99.9,600;1386.4,1348.95;1416.32,1325.59;1466.5,1330;1525.4,1296.29;1631.81,1336.27;1686.87,1431.16;1664.46,1575.72;1630.26,1642.95;1444.98,1649.93;1354.85,1586.18;1351.84,1458.45;1376.86,1396.17
911	300170000	40	70813	160.09,460.09;305.45,1302.54;547.4,1091.42;820.5,1411.63;572.01,1624.02
912	300170000	1	70814	1,187;-123.12,339;-114.56,2194.3;2361.11,2197.16;2354.03,723.69;1347.72,858.34;998.1,761.49;375.36,762.09;374.25,561.21
913	300170000	2	70815	1,219.6;383.03,98.41;386.5,614.98;531.22,865.21;1036.14,871.04;1035.44,643.27;1040.2,606.66;1083.25,607.11;1082.05,580.06;1073.3,572.52;1072.78,558.84;1083.25,548.69;1123.24,527.97;1157.6,508.4;1156.17,396.73;1016.71,383.48;997.58,348.31;973.34,289.22;967.96,94.87
914	300170000	1	70816	225.5,425.5;940.5,1476.5;1116.5,1489.5;1137.77,1486.2;1251.79,1382.24;1307.54,1369.92;1318.54,1353.14;1347.45,1360.61;1388.98,1316.35;1429.85,1275.57;1461.88,1210.5;1425.44,1182.52;1437.58,1157.45;1435.39,1084.04;1395.99,1037.11;1323.71,1037.48;1300.07,1114.94;1270.2,1142.65;1222.9,1182.16;1188.62,1237.57;1142.91,1242.63;1127.31,1223.13;1154.13,1201.18;1151.3,1131.27;1029.44,1023.32;1069.6,1001.18;1122.39,969.58;1132.92,894.95;1104.97,825.4;1059.5,810;944.5,798.13;825.5,864.5;717,1122.5
915	300170000	1	70817	187,217;-16.64,441.13;-4.74,2066.51;2085.59,2061.81;2089.3,1049.7;1720.41,1045.99;1649.97,1170.19;1720.16,1372.8;1689.09,1666.63;1307.23,1668.48;1181.18,1492.38;1483.33,1256.96;1425.87,1047.5;1320.2,1043.79;1208.98,1175.4;1051.42,1015.98;1147.81,867.69;1091.71,814.13;541.98,818.89;149.32,442.89
916	300170000	20	70818	186.9,307;912.75,-13.22;886.48,161.66;916.45,205.49;961.32,219.43;1016.09,249.19;1067.27,259.06;1067.41,345.41;1031,389.5;1034.13,465.06;1004.72,464.46;1000.19,604.8;1100.7,660.3;1119,719;1207.5,780;1223.5,780;1307.5,715.5;1308,653;1575.5,654;1570.84,176.85;1431.5,177.52;1431,56;1196,57;1196.5,-11.5
917	300170000	1	70819	187,1187;-85.7,274.83;-66.65,2242.22;2207.5,2246.5;2204,-134.5;1605.82,-138.92;1610.6,551.55;1504.43,900.85;1505.17,982.89;1559.95,994.79;1591.48,1055.9;1578.66,1117.96;1526.13,1140.42;1483.65,1110.74;1454.89,1074.84;1467.74,999.9;1504.15,982.55;1503.05,899.03;1449.25,694.78;1014.21,693.71;478.19,746.37;337.34,495.22;320.37,296.67
918	300170000	1	70820	1,451;1468.29,998.71;1435.24,1085.95;1437.02,1120.3;1463.57,1139.32;1526.64,1136.11;1575.6,1114.55;1588.49,1054.72;1571,978.13;1503.23,982.04
919	300170000	30	70821	219.6,339.6;540.01,7.37;373.38,182.17;370.85,446.13;539.57,687.34;788.74,746.4;989.16,689.12;1007.3,464.61;1052.49,464.38;1052.03,439.94;1043.03,430.95;1042.57,417.35;1050.39,403.64;1084.35,381.42;1096.93,365.58;1136.77,358.07;1135.46,258.84;1014.94,243.58;900.41,162.19;872.44,8.34
920	300190000	1	70822	1070,1470;189.04,743.75;123.58,912.73;207.14,1039.9;342.53,1046.31;306.32,911.99;307.06,890.03;326.06,766.24;281.12,765.52;231.95,755.5
921	300190000	2	70823	1178.23,1198.23;259.51,328.99;260.01,350.56;269.27,343.61;263.22,352.18;260.62,357.34;264.46,363.03;272.42,357.5;275.8,351.96;275.29,347.64;270.22,343.66;282.75,350.56;293.27,332.57;282.8,317.56;263.58,317.17
922	300190000	1	70824	1070,1270;73.9,287.32;25.33,566.98;63.64,795.21;155.89,819.52;191.19,752.2;206.78,730.04;209.25,701.3;231.41,656.15;220.74,637.27;224.84,615.1;210.07,569.95;150.96,601.97;116.48,538.76;154.24,509.2;239.62,523.98;266.71,505.92;276.56,468.16;261.79,452.56;264.25,428.75;227.31,413.15;241.26,357.33;254.4,337.63;245.37,273.59;249.47,185.75;154.63,166.79
923	300190000	1	70825	1070,1370;233.43,206.76;235.58,277.37;241.51,338.91;224.46,356.71;206.66,416.77;251.15,440.49;258.56,475.34;222.97,508.71;132.51,493.88;92.47,534.66;143.64,618.45;209.63,607.32;215.56,619.93;189.61,675.54;197.76,727.44;221.49,765.26;294.75,779.54;514.14,630.04;416.93,213.61
924	300190000	1	70826	1230,1315;460.96,771.1;423.69,808.37;459.23,822.24;467.03,862.98;492.16,868.18;535.5,912.38;564.97,871.64;519.9,827.44;481.76,814.44
925	300190000	50	70827	1266.89,1366.89;452.95,741.58;399.58,757.96;417.07,785.6;432.07,804.69;466.49,778.94
926	300190000	1	70828	1230.24,1310.24;427.97,809.48;462.54,816.97;469.54,864.1;449.98,879.64;426.34,882.88;388.15,898.26;373.41,926.24;350.39,928.72;327.45,945.97;337.68,960.95;366.26,946.82;336.71,965.17;356.34,990.15;388.45,987.47;393.8,961.6;370.61,944.65;397.94,944.35;411.46,917.83;401.33,946.54;424.53,966.69;455.98,939.84;443.54,911.08;413.48,913.86;465.46,896.7;489.1,866.54;492.36,860;505.73,869.11;535.47,907.98;564.01,871.32;516.3,827.57;482.58,814.37;465.71,782.56;449.72,737.78;339.99,771.48;313,842.53;311.21,857.83;320,873.02;347.99,877.02;363.18,857.83;349.59,835.44;332,834.64;320,833.04;343.99,772.28;449.72,740.18;460.92,776.96;452.34,780.97
927	300190000	2	70829	1324.17,1424.17;646.48,826.29;640.43,838.02;646.57,850.08;658.71,853.19;669.17,845.34;670.21,831.69;661.14,824.16
928	300190000	1	70830	1190,1590;354.73,1007.24;496.93,1018.87;580.85,907.99;716.36,971.9;825.12,783.4;564.19,658.91;330.34,768.47;285.43,889.44;283.58,908
929	300200000	10	70831	140,180;170.32,357.33;210.8,357.45;216.72,346.04;232.26,345.98;237.92,356.36;276.37,356.21;276.58,243.47;246.59,242.94;236.46,240.49;213.9,240.32;198.53,243.27;170.21,242.98
930	300200000	3	70832	120,200;285.11,435.8;285.11,419.45;266.86,419.42;257.48,417.76;248.97,408.95;243.59,403.12;247.9,392.15;249.81,372.97;245.93,362.19;230.48,357;212.89,360.19;199.92,371.34;206.97,378.53;224.36,371.2;234.22,383.16;231.64,394.73;235.9,410.59;244.45,421.49;254.52,428.83;264.96,431.63;271.16,434.27
931	300200000	1	70833	80,210;192.77,204.61;192.71,224.37;196.39,231.56;206.97,242.67;215.31,246.48;231.6,246.75;236.91,245.15;247.15,237.67;255.26,227.65;257.45,214.01;254.96,200.1;245.05,189.2;235.38,182.62;215.28,181.86;208.01,184.76;195.47,197.16
932	300200000	2	70834	125,185;176.45,38.73;176.39,151.99;217.55,152.01;217.56,175.22;183.01,175.18;183.42,252.88;265.01,252.88;263.82,118.86;202.47,119.3;202.79,38.59
933	300200000	1	70835	110,210;45.81,55.77;45.81,146.21;124.46,146.39;124.71,75.78;116.98,55.77;45.81,55.77
934	300200000	1	70836	60,100;194.62,398.12;248.28,432.38;265.21,409.97;261.72,393.63;240.02,359.64;214.71,357.76;192.88,364.19
935	300200000	1	70837	60,260;99.62,218.05;170.46,340.92;276.56,341.3;276.59,268.3;336.3,246.18;336.98,-21.24;98.64,-21.1
936	300200000	1	70838	80,284.62;77.57,317.82;77.57,521.64;454.61,521.64;454.92,234.6;357.82,234.63;330.16,269.87;322.36,294.59;324.11,319.39;287.67,318.84;271.3,328.04;266.72,343.25;246.49,343.34;231.96,331.7;215.34,331.76;199.96,344;175.78,344.07;175.72,317.82;78.14,317.82
937	300200000	4	70839	140,180;201.79,243.14;223.11,290.63;269.19,311.32;268.47,243.19
938	300200000	2	70840	80,130;272.19,321.01;325.27,327.63;344.52,306.74;352.55,279.35;352.38,232.65;272.39,232.52
939	300210000	1	70841	200.1,700.1;48.21,356.86;51.46,1209.12;1019.98,1216.53;1000.91,337.82;613.44,334.32;544.62,369;478.41,382.68;430.1,374.7;363.99,338.64
940	300210000	1	70842	200,700;244.7,621.69;248.24,1096.59;684.02,1093.54;672.86,624.64
941	300210000	1	70843	200,700;-172.46,-842.5;1264.65,-860.41;1314.52,1314.96;-173.73,1296.21
942	300220000	1	70844	300,800;614.66,216.94;675.35,222.13;675.35,285.97;612.18,285.3
943	300220000	1	70845	100,400;280.26,593.35;171.98,712.37;190.89,864.99;308.83,921.16;431.23,872.5;486.36,750.2;447.62,649.25;410.56,697.19;374.95,663.31;318.48,672.15;274.07,670.87
944	300220000	1	70846	300,800;450.67,-22.32;397.23,162.42;490.1,272.21;610.21,274.26;656.46,280.84;804.35,272.68;899.3,133.04;785,-29.05
945	300220000	1	70847	100,800;428.33,454.26;-2.02,459.76;-9,1149.56;546.87,1146.75;994.77,943.64;993.7,291.09;801.95,263.41;662.36,264.35;613.61,256.99;491.73,261.59;456.61,289.43
946	300230000	50	70848	124.62,204.62;336.45,121.45;392.43,130.42;405.99,190.67;402.72,204.39;382.61,224.87;306.91,213.02;300.72,156.17
947	300230000	1	70849	200,260;590.18,797.63;590.19,740.37;698.58,739.73;698.75,809.08;595.02,810.05
948	300230000	2	70850	200,260;546.07,744.68;547.97,750.45;547.7,772.59;547.42,801.5;538.71,801.5;538.6,851.55;595.84,852.2;595.29,800.81;590.73,800.4;590.03,783.65;590.31,764.7;594.57,744.67
949	300230000	1	70851	1,301;398.21,258.35;364.42,312.71;348.23,360.1;424.92,405.24;443.82,373.7;443.56,344.38;498.76,349.72;545.97,261.74;523.44,234.56;459.38,230.75;437.53,196.05
950	300230000	1	70852	160,260;640.89,465.14;634.19,570.2;633.94,592.62;623.11,667.79;622.43,722.5;790.41,722.1;790.41,464.18
951	300230000	1	70853	200,260;488.59,746.12;488.97,792.3;531.59,792.2;531.72,774.13;528,771.32;532.41,765.23;532.15,758.36;528.43,746.27;520.1,746.3;514.39,740.86;508.95,740.99;504.54,746.05;496.35,746.2
952	300230000	55	70854	160,260;407.85,590.62;406.79,691.38;487.82,675.84;536.86,675.85;544.78,671.6;546.54,665.29;539.8,647.4;540.09,632.44;544.78,617.77;544.64,609.56;538.13,605.77;486.26,605.16
953	300230000	1	70855	160,240;455.43,530.07;453.66,605.36;537.69,605.33;550.38,614.97;547.13,617.72;619.07,615.17;618.58,669.8;575.64,667.54;567.5,664.29;547.02,664.4;545.46,672.67;536.87,675.73;454.86,675.73;455.61,858.88;613.32,859.61;614.67,808.6;592.04,794.51;592.04,750.75;619.2,733.4;619.7,667.5;634.25,592.23;634.43,569.95;631.53,528.12
954	300230000	1	70856	1,401;111.97,61.01;110.09,509.65;584.75,504.12;629.25,451.77;681.38,449.84;688.73,62.32
955	300230000	5	70857	160,260;547.8,615.41;539.84,632.6;539.71,648.3;547.13,665.19;567.89,665.53;574.97,669.48;606.24,669.48;617.86,665.07;623.09,640.88;618.75,615.8;609.59,611.31;574.89,611.4;572.65,615.73
956	300230000	3	70858	186.16,226.16;695.23,499.44;694.81,511.64;695.11,521.8;694.81,525.43;688.1,529.91;694.58,535.48;694.86,537.05;694.69,553.11;695.8,563.04;759.79,562.92;759.96,499.17
957	300250000	1	70859	180,230;123.15,669.12;111.64,722.64;-14.33,883.22;-9.4,1536.02;704.46,1547.65;648.63,1291.29;586.12,1150.9;590.93,1048.01;595.74,971.09;572.66,925.89;639.97,850.89;725.64,807.37;703.52,753.52;796.48,752.94;878.22,799.09;932.06,807.75;942.64,677.93;872.45,646.2;855.14,462.54;982.06,401.96;993.6,378.89;1050.34,363.5;1083.99,326.96;1089.76,255.81;1057.07,231.77;955.14,282.73;949.37,344.27;905.14,370.23;810.91,406.77;812.83,468.31;785.9,487.54;754.17,444.27;700.64,494.86;589.1,642.94;582.36,647.75;580.44,648.71;570.83,652.56;563.13,658.33;511.12,657.62;434.2,562.42;396.69,567.23;369.77,624.92;337.08,683.58;298.62,641.27;240.79,636.45;226.5,729.73
958	300250000	1	70860	180,280;-116.39,381.59;-55.91,1556.59;609,1548.99;677.24,1369.3;672.4,1258.89;663.26,1093.3;695.76,919.52;959.03,835.21;991.19,629.56;944.71,486.14;1111.1,392.03;1258.26,311.69;1262.29,161.61;1116.56,27.4;870.15,32.09;791.85,233.6;467.12,477.42;358.94,547.16;202.47,396.39;28.89,359.85
959	300250000	1	70861	299.9,500;1078.41,831.89;1189.41,829.89;1187.41,1005.89;1071.41,998.89
960	300250000	0	70862	208.38,238.38;1176.03,1144.99;1172.68,1124.73;1163.32,1122.08;1151.02,1123.61;1152.94,1134.77;1164.85,1158.4;1181.34,1170.56;1197.83,1167.9;1210.68,1147.09;1216.55,1126.55;1225.91,1128.92;1232.18,1138.38;1244.6,1133.21;1244.6,1133.21;1248.98,1124.28;1243.14,1109.56;1233.73,1114.67;1207.89,1111.46;1190.98,1143.73
961	300250000	2	70863	279,579.1;948,820;950,1036;1190,1045;1298,1014;1328,849;1186,801
962	300250000	1	70864	250,850;-63.03,355.18;-61.89,1555.4;603.02,1547.8;671.26,1368.11;666.42,1257.7;657.28,1092.11;659.56,908.25;953.05,834.02;985.21,628.37;905.28,571.27;932.68,479.91;1105.12,390.84;1159.94,211.55;1077.71,165.87;883.58,337.17;682.99,400.94;524.58,554.39;461.14,476.23;352.96,545.97;196.49,395.2;22.91,358.66
963	300250000	2	70865	1,341;1225.73,621.49;1225.66,646.18;1237.55,673.92;1266.03,685.64;1278.87,678.44;1292.56,676.7;1301.89,663.54;1304.9,647.5;1284.53,612.22;1270,607.69;1252.6,621.5;1237.55,614.86
964	300250000	1	70866	0.1,600.1;1573.28,-96.84;-37.9,-69.31;-52.32,439.34;179.6,424.05;236.26,470.97;304.68,559.04;331.73,600.53;457.4,507.5;496.36,621.22;560.21,624.72;569.39,565.73;682.13,441.18;789.63,407.1;884.07,370.68;1067.72,209.48;1113.5,236.96;1074.27,365.48;1265.02,300.22;1381.61,336.31;1444.54,419.59;1451.94,652.79;1573.75,651.28
965	300250000	2	70867	265,325.1;1276,926;1280,925;1282,928;1282,931;1281,932;1278,934;1275,932;1274,930
966	300250000	3	70868	240,280;1234.72,872.12;1233.72,902.12;1255.72,903.12;1264.72,937.12;1291.72,937.12;1282.72,877.12;1281.72,831.12;1257.72,832.12;1254.72,863.12
967	300250000	1	70869	299.9,500;655,869;667,1017;751,1006;777,991;800,991;823,1002;913,1005;968,1010;962,828;882,803;758,813
968	300250000	2	70870	245,275;1262.81,832.41;1260.76,865.59;1246.16,878.97;1252.07,900.92;1268.82,891.77;1277.96,880.08;1279.65,866.17;1279.32,831.54
969	300250000	3	70871	290.88,421.74;738.02,1052.04;755.31,1036.86;762.45,1005.38;776.32,976.5;805.08,977.53;828.83,1044.49;888.41,1077.28;887.16,1123.7;835.88,1158.15;733.11,1158.51
970	300250000	1	70872	180,220;576.63,640.54;611.07,694.36;699.32,619.73;739.5,577.41;746.68,618.3;799.05,699.38;617.08,743.89;495.57,915.47;502.88,1024.04;609.2,1010.53;607.51,927.84;673.33,829.96;799.77,768.26;905.96,809.16;939.68,674.99;902.37,568.8;869.37,467.63;776.81,454;713.67,449.69;687.12,499.92;637.62,550.85
971	300250000	2	70873	147.05,207.05;1372.62,1013.9;1350.42,1020.34;1341.92,1047.16;1359.42,1055.67;1376.18,1074.7;1389.21,1139.06;1372.95,1162.97;1365.18,1201.15;1407.32,1212.87;1426.27,1174.44;1455.25,1174.02;1450.04,1089.29;1407.44,1030.6
972	300250000	1	70874	0.1,180.1;-28.12,385.53;491.26,499.33;530.12,585.08;682.03,420.37;767.28,400.18;1003.11,168.37;1179.97,242.07;1110.3,386.78;906.63,500.67;910.65,593.12;988.37,720.41;944.15,875.84;843.66,828.94;821.38,787.5;674.89,849.59;660.59,969.73;612.36,1070.22;648.53,1189.47;655.23,1279.25;663.27,1355.62;700.79,1576.71;-30.8,1571.35
973	300250000	1	70875	1,801;924.91,456.39;897.39,577.44;952.53,647.77;956.19,735.78;932.8,834.65;1201.31,816.27;1321.45,858.74;1558.19,859.97;1561.12,698.75;1461.23,411.87;1409.29,322.36;1273.01,281.06
974	300250000	4	70876	163.37,413.37;1121.98,1069.7;1132.85,1125.91;1201.15,1109.29;1239.86,1113.05;1224.03,1136.62;1216.28,1159.45;1217.91,1205.52;1250.93,1253.63;1289.05,1273.87;1386.49,1263.01;1406.57,1205.07;1419.84,1167.54;1395.44,1104.69;1366.23,1075.61;1328.95,1064.62;1344.44,1055.04;1352.39,1024.06;1349.74,982.27;1278.4,980.64;1264.69,1055.28;1227.93,1051.85;1172.47,1056.23
975	300250000	1	70877	180,480;737.94,1217.63;736.41,1600.97;1308.76,1598.68;1312.48,1270.99;1270.03,1258.72;1230.87,1220.99;1221.53,1179.58;1179.93,1170.8;1166.63,1171.93;1161.65,1159.11;1156.44,1119.76;1125.02,1031.06;947.12,1031.3;881.18,1028.73;859.77,1069.41;876.9,1082.68;874.76,1080.97;875.19,1081.39;878.18,1120.36
976	300250000	10	70878	250,305;1154.13,495.88;1153.62,480;1172.2,478.25;1176.26,495.69;1198.88,521.02;1196.46,562.14;1175.92,561.15;1177.77,526.54;1170.65,516.49
977	300250000	1	70879	1,180;877.69,1127.56;634.25,1338.46;629.83,2164.49;1599.98,2172.24;1551.48,1400.19;1290.11,1192.87;1095.94,1136.7;1001.49,997.55;883.91,984.72
978	300250000	4	70880	1,183;1252.99,1144.18;1250.02,1193.2;1280.28,1232.79;1327.25,1241.15;1375.53,1220.54;1390.76,1170.59;1374.42,1123.43;1326.14,1097.43;1280.47,1106.67
979	300300000	1	70881	1.1,1001.1;1512.67,536.66;1512.67,956.18;2096.21,962.49;2103.57,531.41
980	300300000	1	70882	1,401;1232.53,1664.21;1199.11,1706.57;1196.36,1769.25;1259.12,1848.68;1385.69,1828.56;1420.47,1771.56;1344.2,1745.16;1316.95,1759.83;1289.71,1758.99;1279.24,1734.26;1289.27,1709.48;1309.41,1704.93;1327.43,1712.05;1336.23,1731.33;1345.18,1745.08;1421.04,1771.07;1428.16,1685.99;1385.69,1626.97;1301.45,1627.39
981	300300000	1	70883	1,1001;1376.3,-53.05;1372.66,482.77;1955.86,485.2;1963.15,-48.19
982	300300000	1	70884	1,1001;1030.5,583.88;1033.54,1013.23;1488.78,1017.8;1484.21,580.83
983	300300000	1	70885	1,1001;963.19,1516.13;957.47,2102.69;1499.73,2105.15;1499.62,1506.59
984	300300000	1	70886	0.1,1000.1;1531.76,1539.48;1521.51,2150.5;2085.37,2140.25;2091.52,1545.64;2089.47,1551.79
985	300320000	1	70887	0.2,700.2;1090.92,605.71;1093.33,981.41;1429.16,981.41;1425.54,606.92
986	300320000	1	70888	0.1,700.1;1079.89,35.04;1079.89,453.02;1419.35,456.64;1419.35,30.21
987	300320000	1	70889	0.2,700.2;1554.85,1090.95;1554.85,2032.82;2030.91,2034.28;2030.91,1093.88
988	300320000	1	70890	0.3,700.3;984.37,1417.91;986.33,2081.5;1527.84,2089.38;1523.91,1421.85
989	300320000	1	70891	0.1,700.1;42.24,-14.45;50.34,776.63;737.33,774.31;729.23,-21.39
990	300320000	1	70892	0.1,700.1;1454.75,-32.67;1459.56,1051.18;2100.01,1058.39;2097.61,-38.68
991	300320000	1	70893	0.1,700.1;-46.85,1191.6;-48.56,2105.28;899.34,2105.28;899.34,1191.6
992	300350000	20	70894	160,281;1891.59,1161.15;1919.37,1166.87;1964.56,1166.66;1965.88,1196.37;1981.46,1197.67;1982.39,1214.37;1964.77,1216.78;1964.77,1241.27;1942.83,1271.31;1870.06,1298.9;1870.76,1191.54
993	300350000	20	70895	160,360;1898.29,854.88;1897.2,898.8;1920.52,919.13;2004.02,920.22;2004.29,973.63;1956.3,972.81;1882.84,972.54;1882.29,1009.41;2015.68,1011.31;2016.49,855.43
994	300350000	1	70896	160,360;1877.78,833.52;1873.39,1027.81;2023.51,1032.37;2025.43,833.23
995	300350000	1	70897	160,360;1922.09,1151.25;1924.98,1205.92;1941.12,1206.65;1938.47,1165.94;1964.96,1165.94;1964.96,1196.29;1982.3,1198.69;1980.38,1233.62;1971.95,1253.61;1971.22,1267.1;1964.24,1266.45;1963.6,1222.39;1951.16,1222.04;1951.2,1252.55;1936.75,1246.25;1926,1246;1911.78,1250.51;1913.75,1234;1913.67,1222.11;1899.45,1221.33;1880.63,1229.02;1880.84,1250.62;1897.31,1250.84;1899.23,1267.51;1939.91,1266.85;1938.23,1289.49;1988.32,1291.66;1997.24,1190.26;1985.68,1149.56
996	300350000	30	70898	160,360;1914.17,934.84;1930.22,934.54;1930.34,923.41;1967.7,923.5;1968,934.25;1982.46,934.82;1982.38,958.83;1966.95,958.55;1967.33,969.93;1930.73,970.46;1930.35,958.26;1914.42,958.55
997	300350000	10	70899	160,360;1914.25,1201.25;1912.5,1239.5;1917,1247;1924.75,1249.75;1938.75,1250;1951.5,1250.25;1955.5,1221.5;1951,1203.75
998	300350000	1	70900	1,801;505.37,118.48;506.08,404.88;870.26,414.78;870.26,122.72
999	300350000	1	70901	1,381;1296.14,1027.61;1294.36,1067.5;1290.36,1085.36;1303.9,1116.41;1347.92,1114.99;1376.79,1095.1;1372.96,1075.84;1374.8,1044.23;1343.81,1023.57
1000	300350000	1	70902	1,401;611.35,1698.32;585.92,1781.31;612.12,1858.12;710.78,1861.46;767.56,1782.33;714.63,1698.07
1001	300350000	2	70903	1,171;569.68,1639.98;568.54,1910.4;784.06,1916.56;793.32,1653.21
1002	300350000	1	70904	1,701;1080.48,735.84;1087.67,1435.08;1731.21,1434.34;1719.69,733.85
1003	300350000	1	70905	1,701;1454.88,1437.61;1432.78,2053.89;2057.41,2057.15;2072.56,1442.06
1004	300360000	1	70906	0.2,700.2;-25.94,952.17;-60.94,1668.56;704.45,1586.89;711.45,809.83
1005	300360000	20	70907	0.1,172.1;18.64,1012.55;563.25,971.55;630.6,1513.24;331.94,1615.72;-66.27,1548.38
1006	300360000	1	70908	0.1,600.1;1546.99,692.28;1543.17,1361.24;2040.11,1384.18;2059.22,688.46
1007	300360000	1	70909	0.1,700.1;602.48,1664.52;594.14,1949.34;806.27,1957.68;827.72,1668.09
1008	300360000	1	70910	0.1,600.1;1698.43,1539.65;1688.15,1924.4;1978.92,1949.37;1959.83,1489.72
1009	300420000	20	70911	160,281;1891.59,1161.15;1919.37,1166.87;1964.56,1166.66;1965.88,1196.37;1981.46,1197.67;1982.39,1214.37;1964.77,1216.78;1964.77,1241.27;1942.83,1271.31;1870.06,1298.9;1870.76,1191.54
1010	300420000	20	70912	160,360;1898.29,854.88;1897.2,898.8;1920.52,919.13;2004.02,920.22;2004.29,973.63;1956.3,972.81;1882.84,972.54;1882.29,1009.41;2015.68,1011.31;2016.49,855.43
1011	300420000	1	70913	160,360;1877.78,833.52;1873.39,1027.81;2023.51,1032.37;2025.43,833.23
1012	300420000	1	70914	160,360;1922.09,1151.25;1924.98,1205.92;1941.12,1206.65;1938.47,1165.94;1964.96,1165.94;1964.96,1196.29;1982.3,1198.69;1980.38,1233.62;1971.95,1253.61;1971.22,1267.1;1964.24,1266.45;1963.6,1222.39;1951.16,1222.04;1951.2,1252.55;1936.75,1246.25;1926,1246;1911.78,1250.51;1913.75,1234;1913.67,1222.11;1899.45,1221.33;1880.63,1229.02;1880.84,1250.62;1897.31,1250.84;1899.23,1267.51;1939.91,1266.85;1938.23,1289.49;1988.32,1291.66;1997.24,1190.26;1985.68,1149.56
1013	300420000	30	70915	160,360;1914.17,934.84;1930.22,934.54;1930.34,923.41;1967.7,923.5;1968,934.25;1982.46,934.82;1982.38,958.83;1966.95,958.55;1967.33,969.93;1930.73,970.46;1930.35,958.26;1914.42,958.55
1014	300420000	10	70916	160,360;1914.25,1201.25;1912.5,1239.5;1917,1247;1924.75,1249.75;1938.75,1250;1951.5,1250.25;1955.5,1221.5;1951,1203.75
1015	300420000	1	70917	1,801;505.37,118.48;506.08,404.88;870.26,414.78;870.26,122.72
1016	300420000	1	70918	1,381;1296.14,1027.61;1294.36,1067.5;1290.36,1085.36;1303.9,1116.41;1347.92,1114.99;1376.79,1095.1;1372.96,1075.84;1374.8,1044.23;1343.81,1023.57
1017	300420000	1	70919	1,401;611.35,1698.32;585.92,1781.31;612.12,1858.12;710.78,1861.46;767.56,1782.33;714.63,1698.07
1018	300420000	2	70920	1,171;569.68,1639.98;568.54,1910.4;784.06,1916.56;793.32,1653.21
1019	300420000	1	70921	1,701;1080.48,735.84;1087.67,1435.08;1731.21,1434.34;1719.69,733.85
1020	300420000	1	70922	1,701;1454.88,1437.61;1432.78,2053.89;2057.41,2057.15;2072.56,1442.06
1021	300430000	1	70923	0.2,700.2;-25.94,952.17;-60.94,1668.56;704.45,1586.89;711.45,809.83
1022	300430000	20	70924	0.1,172.1;18.64,1012.55;563.25,971.55;630.6,1513.24;331.94,1615.72;-66.27,1548.38
1023	300430000	1	70925	0.1,600.1;1546.99,692.28;1543.17,1361.24;2040.11,1384.18;2059.22,688.46
1024	300430000	1	70926	0.1,700.1;602.48,1664.52;594.14,1949.34;806.27,1957.68;827.72,1668.09
1025	300430000	1	70927	0.1,600.1;1698.43,1539.65;1688.15,1924.4;1978.92,1949.37;1959.83,1489.72
1026	310010000	1	70928	179.9,240;199,206;205,298;263,325;319,310;321,241;324,201;286,184;255,196
1027	310010000	1	70929	0.1,1000.1;-35.88,-96;-33.88,578.88;709.5,576.5;721.25,-95.13
1028	310020000	1	70930	179.9,240;199,206;205,298;263,325;319,310;321,241;324,201;286,184;255,196
1029	310020000	1	70931	0.1,1000.1;-35.88,-96;-33.88,578.88;709.5,576.5;721.25,-95.13
1030	310030000	1	70932	0.1,800.1;-587,-789;-585.02,1265.25;1055.41,1265.25;1055.41,-789
1031	310030000	1	70933	180,250;196.41,229.96;193.81,268.6;206.45,289.75;265.61,306.43;288.03,293.87;299.47,258.35;298.52,213.09;233.07,187.62
1032	310040000	1	70934	0.1,800.1;-587,-789;-585.02,1265.25;1055.41,1265.25;1055.41,-789
1033	310040000	1	70935	180,250;196.41,229.96;193.81,268.6;206.45,289.75;265.61,306.43;288.03,293.87;299.47,258.35;298.52,213.09;233.07,187.62
1034	310050000	1	70936	0.1,300.1;152.5,134.77;153.03,384.74;366,381.56;390.76,244.49;390.96,215.05;394.06,136.56
1035	310060000	0	70937	1115.24,1243.25;1757.5,743.13;1783.55,733.65;1824.22,737.51;1842.22,733.81;1870.04,748.12;1872.13,769.34;1860.39,786.7;1850.58,816.92;1843.99,829.62;1811.2,826.73;1782.1,817.41;1761.52,801.01;1748.98,780.43;1747.22,759.21
1036	310060000	4	70938	1217.73,1269.73;1661.9,748.92;1647.72,751.84;1652.3,800.27;1671.41,807.59;1694.14,836.45;1710.05,839.68;1716.7,833.69;1728.28,821.72;1735.2,801.54;1719.31,784.77;1725.44,748.25;1730.95,743.03;1727.11,728.07;1725.3,728.8;1707.81,709.32;1694.45,710.06;1678.39,730.48
1037	310060000	3	70939	1370,1435;1696.23,758.74;1694.67,779.36;1699.66,797.62;1717.15,812.83;1729.75,818.93;1737.99,815.89;1743.41,815.56;1754.42,815.56;1757.1,802.11;1753.45,758.46;1719.17,744.01
1038	310060000	10	70940	1074.16,1169.16;1918.68,840.63;1930.41,865.25;1948.52,847.19;1949.73,827.78;1957.55,813.58;2006.52,709.83;1953.3,680.43;1904.03,668.89;1893.35,697.35;1876.32,734.97;1868.88,775.46;1863.95,787.59;1850.5,818.92;1855.07,823.01;1876.48,830.33;1900.34,844.6
1039	310060000	16	70941	1083.47,1208.47;1910.25,671.84;1853.01,652.09;1834,648.69;1828.29,670.93;1844.86,695.85;1849.01,689.25;1896.92,704.73
1040	310060000	15	70942	1167.91,1262.91;1721.06,667.02;1711.08,685.95;1736.16,715.81;1721.11,729.86;1721.76,756.98;1748.47,742.23;1767.19,723.87;1779.59,732.84;1781.45,708.63;1763.47,696.27;1747.92,681.06;1756.56,670.9;1778.71,667.99;1788.45,683;1804.42,673.43;1801.26,651.21;1792.93,640.21;1745.59,651.18;1731.61,658.03
1041	310060000	14	70943	1094.83,1204.83;1820.48,908.3;1827,907.19;1853.25,892.69;1857.55,870.18;1844.95,872.03;1842.26,873.97;1839.08,875.61;1824.01,880.51;1814.46,889.55;1813.33,902.92
1042	310060000	13	70944	1168.28,1273.28;1734.14,871.04;1728.73,863.67;1751.57,843.01;1754.91,831.88;1750.17,822.38;1729.51,794.38;1722.16,818.56;1733.29,832.03;1701.78,853.35;1698.68,861.86;1710.92,881.72;1737.85,898.31;1778.54,908.2;1774.65,923.46;1792.49,929.34;1798.09,909.03;1798.31,890.87;1784.59,882.42
1043	310060000	6	70945	1118.92,1244.92;1748.96,760.34;1750.44,779.89;1763.11,799.69;1782.54,816.31;1813.38,827.64;1843.22,829.76;1863.25,816.91;1867.24,789.11;1871.04,769.16;1868.62,747.67;1842.27,734.83;1816.97,732.06;1796.91,729.66;1783.95,734.61;1758.61,743.27
1044	310060000	2	70946	1383.75,1399.75;1750.71,801.54;1745.5,813.76;1753.67,815.98;1758.67,814.13;1763.82,811.65;1765.96,808.83;1768.17,800.68;1767.68,793.8;1766.24,790.17;1770.16,789.12;1770.29,777.09;1763.42,778.49;1761.84,779.26;1754.61,786.67;1755.5,800.41
1045	310060000	1	70947	0.1,2500.1;656,-561;634.22,2042.7;3641.84,2105.07;3680.45,-654.06
1046	310060000	5	70948	1185.12,1237.12;2070.3,725.13;2055.94,721.67;2035.41,726.63;2020.19,738.83;2002.21,735.3;1975.79,741.85;1965.76,764.86;1972.2,790.47;1998.47,801.3;2022.74,799.69;2044.72,791.4;2059.89,779.62;2063.46,769.69;2075.37,755.99;2076.27,739.99
1047	310060000	0	70949	1083.66,1271.76;1914.15,678.53;1900.69,703.87;1823.89,736.73;1780.74,731.58;1736.8,750.58;1738.78,796.5;1785.5,822.63;1811.23,827.38;1848.83,833.71;1865.46,818.67;1901.88,836.48;1917.32,843.21;1950.97,825.4;1960.47,819.46;1977.1,832.92;1979.47,850.34;1985.01,868.15;1968.39,902.6;1948.59,927.54;1933.16,928.33;1888.42,926.74;1863.88,924.76;1832.6,909.72;1815.19,911.7;1792.62,930.31;1774.41,923.18;1770.85,910.91;1736.41,897.84;1710.68,881.61;1698.8,861.82;1701.57,838.86;1667.53,806.79;1639.02,791.28;1632.56,747.61;1663.57,744.64;1695.24,710.6;1707.11,705.06;1711.07,686.05;1723.08,666.29;1747.49,650.43;1793.41,639.74;1831.42,647.65;1853.98,651.61;1878.52,665.07
1048	310060000	8	70950	1080.42,1138.42;1912.45,884.73;1908.12,890.21;1908.01,920.86;1932.95,934.18;1952.85,930.7;1972.66,900.28;1990.52,869.22;1986.67,853.21;1980.39,836.27;1970.41,823.03;1960.71,818.61;1949.86,820.84;1942.01,828.64;1941.59,847.67;1947.04,849.07;1933.92,860.44;1917.27,873.94
1049	310060000	11	70951	1159.9,1214.9;1784.56,830.78;1768.71,851.08;1768.53,875.59;1782.17,885.34;1780.73,890.34;1798.08,895.61;1800.4,890.58;1808.29,888.45;1819.9,888.95;1827.18,884.29;1843.18,878.57;1831.74,865.23;1832.79,849.37;1828.62,834.85;1803.22,825.93
1050	310060000	7	70952	1177.75,1232.75;1855.37,848.75;1849.27,861.48;1851.43,873.7;1847.24,891.87;1851.31,905.63;1861.58,916.85;1877.3,915.9;1876.77,909.61;1887.18,889.51;1904.13,893.4;1926.94,888.23;1938.77,871.64;1940.38,851.97;1933.56,835.55;1912.84,824.82;1893.53,827.24
1051	310060000	9	70953	1078.19,1142.19;1851.22,910.1;1863.01,925.06;1891.54,926.96;1904.91,913.51;1916.04,884.65;1906.84,845.3;1906.1,830.79;1880.16,819.76;1862.29,823.68;1854.28,838.72;1849.01,869.88;1846.13,873.46;1843.21,897.01
1052	310060000	12	70954	1163.47,1218.47;1778.68,695.41;1780.47,715.42;1795.63,736.16;1822.31,736.18;1850.28,720.1;1854.2,685.31;1834.74,665.54;1811.46,672.03;1803.67,667.07;1784.52,676.42
1053	310060000	0	70955	1062.49,1168.92;1915.1,678.9;1982.15,701.54;1994.44,713.83;1992.86,730.86;1980.57,744.37;1971.45,767.02;1960.04,818.62;1945.12,827.92;1917.03,842.32;1902.29,835.82;1880.52,825.29;1865.6,818.1;1858.05,822.13;1851.56,815.46;1861.56,786.15;1873.32,768.07;1901.23,703.82
1054	310070000	4	70956	1217.73,1269.73;125.72,219.45;111.54,222.37;116.12,270.8;135.23,278.12;157.96,306.98;173.87,310.21;180.52,304.22;192.1,292.25;199.02,272.07;183.13,255.3;189.26,218.78;194.76,213.56;190.93,198.6;189.12,199.33;171.63,179.85;158.27,180.59;142.21,201.01
1055	310070000	3	70957	1370,1440;161.79,219.52;144.55,236.19;148.44,270.48;180.97,283.36;189.12,296.22;207.24,296.41;218.23,286.09;222.44,272.35;220.58,219.93;188.58,212.9
1056	310070000	10	70958	1074.16,1169.16;382.49,311.16;394.23,335.78;412.34,317.72;413.55,298.31;421.37,284.11;470.34,180.36;417.12,150.96;367.85,139.42;357.17,167.88;340.14,205.5;332.7,245.99;327.77,258.12;314.32,289.45;318.89,293.54;340.29,300.86;364.16,315.13
1057	310070000	16	70959	1083.47,1208.47;374.07,142.37;316.83,122.62;297.82,119.22;292.11,141.46;308.68,166.38;312.83,159.78;360.74,175.26
1058	310070000	15	70960	1167.91,1262.91;184.88,137.55;174.9,156.48;199.98,186.34;184.93,200.39;185.58,227.51;212.29,212.76;231.01,194.4;243.41,203.37;245.27,179.16;227.29,166.8;211.74,151.6;220.38,141.43;242.53,138.52;252.27,153.53;268.24,143.96;265.08,121.74;256.75,110.74;209.41,121.71;195.43,128.56
1059	310070000	14	70961	1094.83,1204.83;284.3,378.83;290.82,377.72;317.07,363.22;321.37,340.71;308.77,342.56;306.08,344.5;302.9,346.14;287.83,351.04;278.28,360.08;277.15,373.45
1060	310070000	13	70962	1168.28,1273.28;197.96,341.57;192.55,334.2;215.39,313.54;218.73,302.41;213.99,292.91;193.33,264.91;185.98,289.09;197.11,302.56;165.6,323.88;162.5,332.39;174.74,352.25;201.67,368.84;242.36,378.73;238.47,393.99;256.31,399.87;261.91,379.56;262.13,361.4;248.41,352.95
1061	310070000	6	70963	1118.92,1244.92;212.78,230.87;214.26,250.42;226.93,270.22;246.36,286.84;277.2,298.17;307.04,300.29;327.07,287.44;331.06,259.64;334.86,239.69;332.44,218.2;306.08,205.36;280.79,202.59;260.73,200.19;247.77,205.14;222.43,213.8
1062	310070000	2	70964	1383.75,1399.75;214.53,272.07;209.32,284.29;217.49,286.51;222.49,284.66;227.64,282.18;229.78,279.36;231.99,271.21;231.5,264.33;230.05,260.7;233.98,259.65;234.11,247.62;227.24,249.02;225.66,249.79;218.43,257.2;219.32,270.94
1063	310070000	1	70965	0.1,2500.1;-469.28,-929.23;-498.34,1563.14;2283.5,1654.65;2253.44,-418.83
1064	310070000	5	70966	1185.12,1237.12;534.12,195.66;519.76,192.2;499.23,197.16;484.01,209.36;466.03,205.83;439.61,212.38;429.58,235.39;436.02,261;462.28,271.83;486.56,270.22;508.54,261.93;523.71,250.15;527.28,240.22;539.19,226.52;540.09,210.52
1065	310070000	8	70967	1080.42,1138.42;376.27,355.26;371.94,360.74;371.83,391.39;396.77,404.71;416.67,401.23;436.48,370.81;454.34,339.75;450.49,323.74;444.21,306.8;434.22,293.56;424.53,289.14;413.68,291.37;405.83,299.17;405.41,318.2;410.86,319.6;397.74,330.97;381.09,344.47
1066	310070000	11	70968	1159.9,1214.9;248.38,301.31;232.53,321.61;232.35,346.12;245.99,355.87;244.55,360.87;261.9,366.14;264.22,361.11;272.11,358.98;283.72,359.48;291,354.82;307,349.1;295.56,335.76;296.61,319.9;292.44,305.38;267.04,296.46
1067	310070000	7	70969	1177.75,1232.75;319.19,319.28;313.09,332.01;315.25,344.23;311.06,362.4;315.13,376.16;325.4,387.38;341.12,386.43;340.59,380.14;351,360.04;367.95,363.93;390.76,358.76;402.59,342.17;404.2,322.5;397.38,306.08;376.66,295.35;357.35,297.77
1068	310070000	9	70970	1078.19,1142.19;315.04,380.63;326.83,395.59;355.36,397.49;368.73,384.04;379.86,355.18;370.66,315.83;369.92,301.32;343.98,290.29;326.1,294.21;318.1,309.25;312.83,340.41;309.94,343.99;307.03,367.54
1069	310070000	12	70971	1163.47,1218.47;242.5,165.94;244.29,185.95;259.45,206.69;286.13,206.71;314.1,190.63;318.02,155.84;298.56,136.07;275.28,142.56;267.49,137.6;248.34,146.95
1070	310080000	1	70972	0.1,400.1;198,121.62;198.38,356.62;358.13,356.62;358.5,121.25
1071	310090000	20	70973	990,1005;526.04,563.42;549.88,579.47;563.12,558.84;539.63,543.22
1072	310090000	1	70974	981.75,1031.75;419.28,434.7;394.31,468.3;378.06,500.82;340.23,539.61;373.5,560.65;399.03,596.8;420.52,545.3;416.65,511.77;422.28,486.51;456.14,480.06;473.66,452.04;497.72,457.9;521.78,452.04;503.42,430.77;538.69,433.18;543.9,450.74;562.91,457.6;575.78,515.7;580.44,538.99;545.17,591.56;527.2,602.87;471.85,612.95;501.92,645.45;525.21,688.04;561.69,716.26;569.82,687.99;555.17,660.01;608.05,592.04;604.46,538.12;633.1,531.45;615.12,490.82;611.82,460.06;631.1,399.57;611.12,396.9;591.14,452.19;557.3,426.34;547.15,429.28;543.25,444.89;518.53,447.49;494.47,426.68;474.31,418.22;453.5,430.58
1073	310090000	10	70975	950,1014.5;461.9,481.34;459.73,494.54;457.17,523.71;466.48,552.45;499.45,567.46;519.37,565.37;529.07,555.64;532.2,557.22;536.43,551.07;535.79,542.31;517.64,546.45;516.06,552;510.41,554.5;503.04,545.29;489.2,538.61;480.47,536.57;474.6,530.81;476.93,524.06;473.45,512.9;472.9,491.93;481.22,478.47;488.02,479.3;493.69,470.7;488.68,466.22;486.79,463.08;470.43,468.79
1074	310090000	1	70976	343.6,2143.6;-711.41,-336.06;-736.96,1547.37;436.29,1819.86;1297.54,1569.7;1360.32,-383.73;446.88,-645.63
1075	310090000	30	70977	950,1005;494.84,463.02;480.5,484.22;474,506.89;477.45,521.36;487.35,533.2;496.99,544.43;518.85,547.54;538.12,545.12;545.86,545.66;564.61,530.41;570.68,507.95;564.03,480.2;551.61,463.6;521.42,452.33
1076	310100000	30	70978	1021.05,1033.05;484.4,361.69;507.28,370.26;498.96,395.25;492.1,392.97;491.06,395.62;482.94,392.71;484.05,390.76;476.51,388.54
1077	310100000	20	70979	980,1031.7;402.6,398.08;396.73,417.44;398.14,432.95;404.39,446.9;414.84,458.63;430.53,467.37;447.63,469.1;460.61,462.3;508.39,453.47;510.31,430.02;504.77,408.48;492.5,395.68;486.59,392.51;474.2,383.49;458.23,376.3;443.33,373.99;425.33,376.87;410.89,386.21
1078	310100000	1	70980	343.6,2143.6;-711.41,-336.06;-736.96,1547.37;436.29,1819.86;1297.54,1569.7;1360.32,-383.73;446.88,-645.63
1079	310100000	40	70981	1021.05,1038.46;488.66,424.34;493.8,415.82;472.05,405.09;477.89,392.48;491.28,396.63;504.87,409.79;505.66,425.49;503.43,442.01;486.47,439.47
1080	310100000	1	70982	954.54,1044.54;335.69,405.94;356.59,475.12;414.43,493.63;450.14,537.24;543.85,521.14;585.71,391.61;522.77,372.05;516.83,407.13;515.62,458.64;435.69,479.52;396.26,452.99;387.25,434.82;398.21,386.84;431.1,367.07;461.01,367.09;483.91,350.13;516.79,372.05;508.29,401.56;577.53,415.12;594.81,464.08;592.77,510.95;599.9,524.2;638.54,525.6;652.9,466.11;623.34,413.12;656.97,342.81;637.61,325.48;585.64,340.77;522.05,328.27;493.92,286.76;461.18,313.95;418.51,344.84;392.01,331.6;358.38,372.36
1081	310110000	12	70983	130,250;536.24,188.26;535.92,281.5;506.57,294.86;506.69,306.5;511.22,311.05;595.57,311.31;611.67,280.15;718.38,280.06;720.36,189.12;672.67,186.12;659.85,186.12;611.57,187.86
1082	310110000	1	70984	0.1,400.1;213.15,78.28;210.94,903.17;796.79,907.01;801.21,79.54;693.3,79.47;688.96,183.6;602.39,182.78;603.54,79.07
1083	310110000	17	70985	130,250;424.29,668.51;424.77,696.75;449.74,707.94;463.62,707.85;484.01,697.01;483.89,669.22;469.35,652.07;440.8,652.78
1084	310110000	1	70986	130,250;611.49,117.85;611.91,187.66;671.09,188.39;686.16,188.68;685.76,117.98
1085	310110000	53	70987	160,230;434.07,513.25;450.29,496.76;455.33,498.74;462.65,491.82;459.78,485.1;475.53,467.78;521.63,513.71;477.11,559.22;458.5,540.45;461.66,533.14;454.15,526.12;447.62,528.1
1086	310110000	2	70988	100,180;425.87,669.04;425.63,695.83;448.77,705.99;449.04,713.23;457.41,714.29;449.14,713.52;449.83,720.99;434.74,738.77;426.39,748.86;424.37,762.89;424.47,791.06;440.52,808.56;442.5,854.9;466.63,855;466.62,809.22;487.08,806.34;493.62,794.71;494.81,757.37;462.71,721.76;463.27,713.33;457.5,714.38;463.37,713.04;463.98,706.59;483.47,696.58;482.85,669.93;469.26,653.58;441.66,653.83
1087	310110000	52	70989	160,230;339.08,477.15;339.77,537.52;386.55,537.54;387.84,535.04;397.7,534.67;398.23,537.77;417.11,539.07;416.42,476.12;385.69,476.87;384.15,479.21;375.87,479.58;374.2,476.65
1088	310110000	10	70990	110,360;566.78,387.62;566.38,485.73;568.59,485.73;568.59,496.42;566.47,496.42;566.46,581.67;752.51,582.38;752.45,387.54
1089	310110000	51	70991	160,230;280.95,463.55;234.51,510.91;282.85,560.1;299.76,542.58;299.39,534.88;306.82,528.06;314.99,527.66;330.19,512.56;314.79,497.55;306.54,497.33;299.85,490.38;300.1,483.34
1090	310110000	54	70992	175,225;354.26,713.14;353.94,789.97;428.01,789.23;431.67,714.39;399.02,711.74;397.49,716.62;387.64,716.85;385.7,711.99
1091	310120000	1	70993	179.9,240;199,206;205,298;263,325;319,310;321,241;324,201;286,184;255,196
1092	310120000	1	70994	0.1,1000.1;-35.88,-96;-33.88,578.88;709.5,576.5;721.25,-95.13
1093	320010000	1	70995	179.9,240;199,206;205,298;263,325;319,310;321,241;324,201;286,184;255,196
1094	320010000	1	70996	0.1,1000.1;-35.88,-96;-33.88,578.88;709.5,576.5;721.25,-95.13
1095	320020000	1	70997	179.9,240;199,206;205,298;263,325;319,310;321,241;324,201;286,184;255,196
1096	320020000	1	70998	0.1,1000.1;-35.88,-96;-33.88,578.88;709.5,576.5;721.25,-95.13
1097	320030000	1	70999	0.1,800.1;-587,-789;-585.02,1265.25;1055.41,1265.25;1055.41,-789
1098	320030000	1	71000	180,250;196.41,229.96;193.81,268.6;206.45,289.75;265.61,306.43;288.03,293.87;299.47,258.35;298.52,213.09;233.07,187.62
1099	320040000	1	71001	0.1,800.1;-587,-789;-585.02,1265.25;1055.41,1265.25;1055.41,-789
1100	320040000	1	71002	180,250;196.41,229.96;193.81,268.6;206.45,289.75;265.61,306.43;288.03,293.87;299.47,258.35;298.52,213.09;233.07,187.62
1101	320050000	1	71003	0.1,2000.1;-1532.26,-124.83;-1560.15,1149.91;-1251.51,1988.79;-129.4,2255.1;787.17,2254.33;1560.25,1972.94;2019.19,1137.46;2033.82,-373.29;1597.8,-1214.32;9.28,-1643.44;-1033.88,-977.54
1102	320060000	0	71004	1115.24,1243.25;1757.5,743.13;1783.55,733.65;1824.22,737.51;1842.22,733.81;1870.04,748.12;1872.13,769.34;1860.39,786.7;1850.58,816.92;1843.99,829.62;1811.2,826.73;1782.1,817.41;1761.52,801.01;1748.98,780.43;1747.22,759.21
1103	320060000	4	71005	1217.73,1269.73;1661.9,748.92;1647.72,751.84;1652.3,800.27;1671.41,807.59;1694.14,836.45;1710.05,839.68;1716.7,833.69;1728.28,821.72;1735.2,801.54;1719.31,784.77;1725.44,748.25;1730.95,743.03;1727.11,728.07;1725.3,728.8;1707.81,709.32;1694.45,710.06;1678.39,730.48
1104	320060000	3	71006	1370,1435;1696.23,758.74;1694.67,779.36;1699.66,797.62;1717.15,812.83;1729.75,818.93;1737.99,815.89;1743.41,815.56;1754.42,815.56;1757.1,802.11;1753.45,758.46;1719.17,744.01
1105	320060000	10	71007	1074.16,1169.16;1918.68,840.63;1930.41,865.25;1948.52,847.19;1949.73,827.78;1957.55,813.58;2006.52,709.83;1953.3,680.43;1904.03,668.89;1893.35,697.35;1876.32,734.97;1868.88,775.46;1863.95,787.59;1850.5,818.92;1855.07,823.01;1876.48,830.33;1900.34,844.6
1106	320060000	16	71008	1083.47,1208.47;1910.25,671.84;1853.01,652.09;1834,648.69;1828.29,670.93;1844.86,695.85;1849.01,689.25;1896.92,704.73
1107	320060000	15	71009	1167.91,1262.91;1721.06,667.02;1711.08,685.95;1736.16,715.81;1721.11,729.86;1721.76,756.98;1748.47,742.23;1767.19,723.87;1779.59,732.84;1781.45,708.63;1763.47,696.27;1747.92,681.06;1756.56,670.9;1778.71,667.99;1788.45,683;1804.42,673.43;1801.26,651.21;1792.93,640.21;1745.59,651.18;1731.61,658.03
1108	320060000	14	71010	1094.83,1204.83;1820.48,908.3;1827,907.19;1853.25,892.69;1857.55,870.18;1844.95,872.03;1842.26,873.97;1839.08,875.61;1824.01,880.51;1814.46,889.55;1813.33,902.92
1109	320060000	13	71011	1168.28,1273.28;1734.14,871.04;1728.73,863.67;1751.57,843.01;1754.91,831.88;1750.17,822.38;1729.51,794.38;1722.16,818.56;1733.29,832.03;1701.78,853.35;1698.68,861.86;1710.92,881.72;1737.85,898.31;1778.54,908.2;1774.65,923.46;1792.49,929.34;1798.09,909.03;1798.31,890.87;1784.59,882.42
1110	320060000	6	71012	1118.92,1244.92;1748.96,760.34;1750.44,779.89;1763.11,799.69;1782.54,816.31;1813.38,827.64;1843.22,829.76;1863.25,816.91;1867.24,789.11;1871.04,769.16;1868.62,747.67;1842.27,734.83;1816.97,732.06;1796.91,729.66;1783.95,734.61;1758.61,743.27
1111	320060000	2	71013	1383.75,1399.75;1750.71,801.54;1745.5,813.76;1753.67,815.98;1758.67,814.13;1763.82,811.65;1765.96,808.83;1768.17,800.68;1767.68,793.8;1766.24,790.17;1770.16,789.12;1770.29,777.09;1763.42,778.49;1761.84,779.26;1754.61,786.67;1755.5,800.41
1112	320060000	1	71014	0.1,2500.1;656,-561;634.22,2042.7;3641.84,2105.07;3680.45,-654.06
1113	320060000	5	71015	1185.12,1237.12;2070.3,725.13;2055.94,721.67;2035.41,726.63;2020.19,738.83;2002.21,735.3;1975.79,741.85;1965.76,764.86;1972.2,790.47;1998.47,801.3;2022.74,799.69;2044.72,791.4;2059.89,779.62;2063.46,769.69;2075.37,755.99;2076.27,739.99
1114	320060000	0	71016	1083.66,1271.76;1914.15,678.53;1900.69,703.87;1823.89,736.73;1780.74,731.58;1736.8,750.58;1738.78,796.5;1785.5,822.63;1811.23,827.38;1848.83,833.71;1865.46,818.67;1901.88,836.48;1917.32,843.21;1950.97,825.4;1960.47,819.46;1977.1,832.92;1979.47,850.34;1985.01,868.15;1968.39,902.6;1948.59,927.54;1933.16,928.33;1888.42,926.74;1863.88,924.76;1832.6,909.72;1815.19,911.7;1792.62,930.31;1774.41,923.18;1770.85,910.91;1736.41,897.84;1710.68,881.61;1698.8,861.82;1701.57,838.86;1667.53,806.79;1639.02,791.28;1632.56,747.61;1663.57,744.64;1695.24,710.6;1707.11,705.06;1711.07,686.05;1723.08,666.29;1747.49,650.43;1793.41,639.74;1831.42,647.65;1853.98,651.61;1878.52,665.07
1115	320060000	8	71017	1080.42,1138.42;1912.45,884.73;1908.12,890.21;1908.01,920.86;1932.95,934.18;1952.85,930.7;1972.66,900.28;1990.52,869.22;1986.67,853.21;1980.39,836.27;1970.41,823.03;1960.71,818.61;1949.86,820.84;1942.01,828.64;1941.59,847.67;1947.04,849.07;1933.92,860.44;1917.27,873.94
1116	320060000	11	71018	1159.9,1214.9;1784.56,830.78;1768.71,851.08;1768.53,875.59;1782.17,885.34;1780.73,890.34;1798.08,895.61;1800.4,890.58;1808.29,888.45;1819.9,888.95;1827.18,884.29;1843.18,878.57;1831.74,865.23;1832.79,849.37;1828.62,834.85;1803.22,825.93
1117	320060000	7	71019	1177.75,1232.75;1855.37,848.75;1849.27,861.48;1851.43,873.7;1847.24,891.87;1851.31,905.63;1861.58,916.85;1877.3,915.9;1876.77,909.61;1887.18,889.51;1904.13,893.4;1926.94,888.23;1938.77,871.64;1940.38,851.97;1933.56,835.55;1912.84,824.82;1893.53,827.24
1118	320060000	9	71020	1078.19,1142.19;1851.22,910.1;1863.01,925.06;1891.54,926.96;1904.91,913.51;1916.04,884.65;1906.84,845.3;1906.1,830.79;1880.16,819.76;1862.29,823.68;1854.28,838.72;1849.01,869.88;1846.13,873.46;1843.21,897.01
1119	320060000	12	71021	1163.47,1218.47;1778.68,695.41;1780.47,715.42;1795.63,736.16;1822.31,736.18;1850.28,720.1;1854.2,685.31;1834.74,665.54;1811.46,672.03;1803.67,667.07;1784.52,676.42
1120	320060000	0	71022	1062.49,1168.92;1915.1,678.9;1982.15,701.54;1994.44,713.83;1992.86,730.86;1980.57,744.37;1971.45,767.02;1960.04,818.62;1945.12,827.92;1917.03,842.32;1902.29,835.82;1880.52,825.29;1865.6,818.1;1858.05,822.13;1851.56,815.46;1861.56,786.15;1873.32,768.07;1901.23,703.82
1121	320070000	1	71023	0.1,2000.1;-39.66,-37.22;-35.86,602.69;515.75,616.94;498.66,-54.31
1122	320080000	30	71024	400,640;192.52,516.2;207.04,541.39;220.05,551.88;266.86,568.17;288.21,569.56;296.07,564;291.9,546.26;307.9,533.74;309.99,520.53;294.33,504.53;287.03,441.92;264.77,424.19;235.73,426.21;191.51,428.67
1123	320080000	1	71025	410,480;564.02,428.86;564.86,448.76;557.01,458.3;536.55,457.74;526.45,475.4;520.29,487.45;540.19,498.39;567.66,481.57;572.55,500.72;674.2,493.06;688.49,467.27;687.65,425.22;673.08,408.96;647,407.55;630.24,415.54;574.95,411.48
1124	320080000	30	71026	200,700;283.9,438.07;292.07,503.19;307.55,519.74;306.85,532.41;290.66,544.02;292.07,560.21;258.98,569.71;208.71,545.47;218.1,596.88;206.31,610.2;208.21,632.5;220.45,634.4;238.27,620.08;256.22,633.81;254.46,641.59;283.67,665.52;315.34,665.17;342.44,645.46;354.76,655.32;366.73,657.08;373.77,653.21;338.57,609.21;349.67,576.6;368.32,553.37;406.08,529.62;406.42,522.85;374.94,525.56;346.5,506.26;354.57,479.02
1125	320080000	1	71027	250,750;344.02,574.7;336.44,610.61;370.46,652.51;384.95,658.49;407.29,649.31;423.1,672.82;427.64,680.83;445.19,686.81;491.47,694.79;512.21,688.41;555.64,655.46;580.77,650.67;589.55,640.7;604.71,590.43;624.56,577.25;657.27,553.71;611.59,520.06;573.59,517.43;532.72,487.56;493.43,499.15;477.13,505.06;456.56,489.45;429.65,445.6;417.68,446.39;412.1,466.34;411.04,522.44;373.14,541.99;351.6,563.53
1126	320080000	10	71028	350,650;583.62,649.45;553.61,650.05;508.32,686.76;531.34,688.47;563.74,679.94;581.64,683.78;595.28,693.16;594.31,734.12;630.09,758.26;691.2,740.05;709.11,676.53;743.21,666.3;770.92,612.16;710.81,587.86;687.37,582.75;676.72,568.66;640.9,552.9;622.14,573.37;596.14,611.31
1127	320080000	30	71029	200,490;437.24,543.91;427.3,584.6;427.3,614.44;446.73,641.11;478.38,646.99;504.6,642.92;524.5,621;534.67,589.8;533.08,559.06;497.82,532.61
1128	320080000	1	71030	480,505;128.16,540.63;148.83,528.96;177.69,544.1;188.33,547.5;206.48,558.5;213.32,567.06;206.16,589.61;175.31,581.49;157.89,571.58;142.27,574.16;131.43,593.64;129.39,611.26;121,620.5;93.86,619.38;94.14,567.9;107.03,562.87
1129	320080000	10	71031	530,620;415.36,667.97;406.12,640.75;384.86,651;384.06,691.03;389.73,707.29;415.12,761.16;604.26,760.89;604.35,698.19;573.02,679.16;554.74,682.24;526.04,690.98;516.9,683.75;495.63,688.87;453.31,686.03;427.03,682.6
1130	320080000	20	71032	450,530;317.92,654.61;327.69,671.21;350.15,685.95;368.18,690.7;391.6,692.85;433.44,673.49;409.25,640.74;388.8,654.34;379.75,650.48;367.05,659.96;353.56,657.34;336.31,643.84
1131	320080000	20	71033	400,700;228.6,690.41;243.18,749.7;259.03,749.58;274.9,704.99;265.33,680.66;282.13,653.87;255.24,640.23;224.79,670.64
1132	320080000	1	71034	574.43,704.43;525.14,401.25;559.97,404.93;570.62,424.19;566.94,452.87;519.82,482.37;498.51,484.83;490.32,469.26;496.05,461.48;505.48,432.8;507.94,426.65
1133	320080000	10	71035	500,545;381.57,475.41;357.97,476.87;346.46,495.04;342.24,516.91;368.58,530.41;404.36,518.59;414.04,526.39;419.22,507.79;414.43,485.62;390.52,488.55
1134	320080000	20	71036	400,600;152.36,426.95;235.93,426.96;267.99,419.89;285.91,441.39;347.46,479.35;359.22,487.27;393.46,485.94;393.42,385.31;318.27,385.31;318.27,366.36;287.47,366.39;287.4,325.55;152.36,325.54
1135	320080000	1	71037	574.33,704.33;432.73,448.64;453.84,492.69;474.35,507.85;495.68,497.01;506.62,488.35;497.46,466.44;491.08,461.27;503.42,444.36;514.05,417.68;525.01,397.82;520.29,346.42;433.35,346.52
1136	320080000	10	71038	220,310;645.98,218.35;508.07,414.7;520.12,488.99;554.54,508.93;608.48,528.32;612.7,574;665.7,594.76;732.33,598.34;826.53,588.3;899.23,561.83;945.68,325.89;936.39,247.78;853.86,239.72;776.35,274.57;717.93,229.99
1137	320080000	1	71039	220,420;641.54,208.26;494.8,399.91;509.4,481.78;538.61,504.35;602.78,518.07;687.55,590.53;779.97,605.46;917.5,603.34;1002.76,375.17;953.44,215.91
1138	320080000	1	71040	480,550;89.11,649.02;143.78,648.9;154.85,644.22;185.51,632.3;214.04,636.98;224.08,632.45;208.12,604.27;217.87,562.47;194.45,521.6;85.59,521.97
1139	320080000	10	71041	514.41,674.41;253.09,675.22;254.16,703.6;245.95,748.57;380.99,749.74;417.52,707.06;389.19,684.87;377.59,698.89;348.81,687.53;318.02,663.32;296.74,663.39;270.7,659.77
1140	320080000	20	71042	400.1,550.1;205.9,475.9;196.27,498.33;222.67,533.32;251.96,505.14;280.71,499.1;283.26,492.75;284.01,469.49;269.99,444.56;226.64,462.14
1141	320080000	1	71043	500,600;142.89,759.22;238.41,759.24;246.8,718.92;240.22,675.53;238.54,654.63;267.5,634.39;246.09,619.24;221.9,634.31;189.16,628.67;168.23,637.32;139.25,654.58
1142	320090000	1	71044	0.1,400.1;198,121.62;198.38,356.62;358.13,356.62;358.5,121.25
1143	320100000	1	71045	0.1,500.1;-85.25,-113;-83.13,694.25;572,676;556.5,-112.5
1144	320100000	1	71046	0.1,250.13;222.93,232.93;203.88,274.5;145.25,273.18;137.16,241.49;87.15,243.6;75.02,279.47;98.88,310.8;133.6,307.46;146.24,279.64;143.32,263.84;207.59,264.24;203.36,274.11;204.64,279.55;208.25,295.75;206.63,344.5;256.75,379.25;283.13,383.38;322.75,398.75;339,379.5;311.5,364.63;307.38,343.38;308.88,297.88;283.25,270.63;269.63,256.38;265.88,235.13;243.01,233.5;214.02,189.57;215.45,188.88;242.93,193.68;252.83,184.17;261.62,148.28;243.31,124.2;188.84,104.06;157.56,190.89;172.02,200.56;206.64,215.97;214.3,189.57;215.06,189.16;244.63,233.48
1145	320110000	1	71047	162.5,362.5;248.06,453.94;247.72,551.39;379.28,546.99;379.4,522.92;387.95,510.61;387.95,492.51;378.27,477.93;378.2,453.15
1146	320110000	1	71048	182.73,232.73;555.33,482.64;547.27,502.55;554.77,519.1;574.75,528.56;595.95,523.6;600.6,517.74;600.68,482.99;561.19,482.72;561.02,454.75;559.4,454.75;559.07,418.85;348.44,420.99;348.44,418.8;318.43,418.97;319.23,420.22;325.12,420.32;325.93,452.11;336.32,470.21;331.26,471.82;318.33,482.64;317.3,500.13;338.04,500.13;337.71,500.74;317.19,500.7;317.76,517.87;331.26,529.19;346.1,530.42;360.27,519.6;363.72,501.05;338.28,500.85;338.73,500.13;363.26,500.36;363.15,475.94;337.25,469.98;326.85,452.11;325.93,420.32;560.03,418.46;560.69,482.51
1147	320110000	1	71049	162.4,362.4;642.25,455.76;643.11,600.53;501.07,598.76;386.93,590.69;387.67,514.9;379.04,508.91;379.16,491.88;387.43,485.05;386.96,455.31;500.1,457.16
1148	320120000	1	71050	0.1,500.1;250,241;256,765;752,756;747,236
1149	320130000	1	71051	100,250;238.55,132.32;234.58,591.39;409.67,591.4;429.54,611.75;468.15,612.47;490.38,587.09;562.71,587.11;562.9,666.93;731.61,666.92;730.91,132.69
1150	320130000	50	71052	189.18,289.18;560.54,698.32;562.12,768.83;581.75,769.68;583.05,774.56;642.42,789.8;642.13,697.72
1151	320130000	1	71053	150,250;336.03,601.39;316.65,626.67;316.26,664.04;336.32,690.4;365.83,694.73;397.1,685.98;414.97,654.51;417.07,669.21;410.7,677.97;393.24,703.57;377.42,729.82;377.67,771.52;442.33,804.4;455.86,845.78;500.06,845.92;517.2,795.39;517.2,777.39;505.9,769.67;496.28,765.64;492.58,746.13;491.74,678.7;476.69,678.96;476.76,629.95;481.36,631.28;482.18,647.17;495.18,646.71;495.78,690.23;523.2,690.21;523.55,686.49;537.1,685.87;538.87,689.15;550.06,689.54;549.85,645.77;522.32,645.77;522.44,639.97;508.72,640.25;508.41,646.03;482.46,646.6;482.11,632.26;483.87,635.77;507.49,635.66;508.81,640.06;522.08,639.88;522.1,635.66;535.02,635.7;534.45,594.04;486.15,593.16;483.42,596.63;483.41,608.12;485.62,610.07;485.89,621.4;483.14,622.64;482.99,631.25;476.69,629.51;459.1,629.51;455.85,632.31;440.42,632.4;436.81,629.87;421.47,629.51;414.97,653.97;399.22,625.49;389.04,612.9;372.62,597.06
1152	320130000	1	71054	100,250;234.63,591.55;236.01,939.19;731.14,939.95;731.77,667.28;562.58,667.24;562.4,587.4;489.67,586.64;466.8,604.85;429.08,604.87;409.36,591.48
1153	320140000	1	71055	179.9,240;199,206;205,298;263,325;319,310;321,241;324,201;286,184;255,196
1154	320140000	1	71056	0.1,1000.1;-35.88,-96;-33.88,578.88;709.5,576.5;721.25,-95.13
1155	320150000	1	71057	1,501;97.09,-16.52;96.81,733.16;833.76,732.76;834.46,-15.97
1156	320150000	20	71058	0.1,400.1;483.86,45.9;392.1,206.15;453.47,322.7;527.37,356.28;662.87,373.17;763.42,206.95;681.74,62.49
1157	400010000	2	71059	2766.14,3166.14;420.71,848.9;680.41,953.43;789.17,1145.39;609.4,1386.09;290.46,1232.97;225.07,1009.11
1158	400010000	95	71060	2917.21,2949.24;1765.98,2291.71;1760.57,2288.56;1755.83,2283.87;1756.82,2278.58;1757.08,2260.43;1765.59,2235.23;1780.1,2219.31;1758.28,2220.36;1748.34,2223.09;1741.5,2242.05;1736.96,2272.3;1742.26,2290.95;1753.85,2303.3;1753.01,2309.45;1760.95,2314.09;1766.87,2316.68;1805.81,2322.03;1820.5,2301.7;1821.83,2293.48;1809.85,2284.27;1803.45,2291.12;1799.12,2291.77;1791.15,2299.86;1780.46,2297.66;1779.25,2296.73
1159	400010000	62	71061	2853,2868;2690.87,753.62;2685.56,754.43;2681.2,765.33;2686.69,767.91;2687.94,772.04;2697.96,777.77;2715.88,761.24;2722.34,733.8;2699.64,729.03
1160	400010000	1	71062	1361.76,1861.76;1102.84,684.83;1001.67,457.28;616.28,491.24;478.71,710.39;454.89,1051;731.62,1217.36;950.77,1140.57;813.2,1314.93;717.22,1644.45;706.03,1882.8;977.27,1986.1;1235.5,2085.95;1270.69,1854;1393.86,1687.64;1491.44,1726.03;1697.62,1401.43;1855.79,948.93;1632.2,838.25;1360.1,646.41;1150.55,670.4;1361.7,1099.1;1430.48,1108.69;1489.67,1217.47;1380.89,1281.45;1307.6,1246.6;1297.71,1222.27;1287.65,1187.58;1317.58,1146.32;1293.09,1138.97;1369.87,1055.79;1198.71,699.08
1161	400010000	33	71063	1454.34,1499.48;2638.36,2911.99;2651.89,2896.73;2655.07,2845.74;2617.16,2822.5;2581.73,2833.91;2580.65,2861.53;2568.95,2863.32;2563.48,2871.08;2558.6,2890.12;2574.98,2913.3;2597.69,2923.28;2622.68,2922.49
1162	400010000	5	71064	2850,2930.03;2068,2287.12;2127.63,2383.75;2126,2469;2192,2475.5;2227.38,2411.12;2329,2453;2227.5,2498;2258,2591.5;2341.88,2598;2409.5,2562.5;2359.5,2494.87;2306.38,2462.62;2214.5,2419.12;2245.13,2362.75;2154.88,2233.87
1163	400010000	65	71065	2850,2871.92;2696.06,808.44;2718.04,811.3;2720.16,802.35;2720.88,795.88;2722.75,776.04;2714.28,760.31;2697.29,776.7;2698.25,790.96
1164	400010000	82	71066	1641.1,1649.6;951.32,3023.76;964.09,3010.24;981.27,3026.4;968.61,3039.71
1165	400010000	1	71067	2800,3300;1496.75,1378.13;1314.25,1870.5;1424,2392.75;1507.92,2469.09;1686.4,2663.31;1830.76,2542.58;1652.28,2421.84;1631.28,2345.73;1657.53,2295.86;1725.77,2164.62;1854.38,2164.62;1920,2253.86;1878.01,2408.72;1749.4,2429.72;1578.79,2545.2;1711.25,2710.75;2030,2794.88;2510.88,2655.75;2823.88,2334.13;2828.14,2183;2833.39,1991.39;2707.41,2091.13;2605.04,2175.12;2544.68,2256.49;2405.57,2180.37;2353.07,2101.63;2410.82,2015.02;2531.55,1986.15;2620.79,2075.38;2710.03,2114.76;2846.51,2025.52;2887.63,1763.38;2583.38,1296.88;2129.98,1064.88;2087.98,1151.5;2132.6,1214.49;2174.59,1324.72;2059.11,1400.84;1948.87,1371.97;2009.24,1161.99;2158.85,1159.37;2178.6,1096.25;2129.98,1057.01
1166	400010000	4	71068	2970,3040.03;2628.88,2015.5;2593.63,2003.75;2558.38,2008.75;2543.38,1980.25;2486.26,1980.25;2415.88,2015.5;2384.01,2049;2394.13,2141.25;2442.76,2178.25;2464.51,2156.38;2439.13,2127.25;2425.26,2104;2433.01,2060.75;2495.63,2031;2534.76,2029.13;2547.76,2047.88;2573.51,2104.38;2560.13,2144.63;2494.76,2173.13;2446.13,2144.63;2429.38,2168;2474.63,2203.25;2561.76,2198.25;2608.76,2087.63;2607.01,2169.75;2633.76,2231.88;2682.51,2233.38;2689.26,2010.38
1167	400010000	86	71069	1645.94,1653.44;888.39,3005.6;903.17,2988.85;916.19,3001.09;901.16,3017.33
1168	400010000	75	71070	2940.97,2963.13;2037.18,1236.54;2019.58,1247.14;2013.99,1271.6;2015.98,1279.68;2030.73,1282.21;2033.45,1274;2037.13,1272.27;2043.8,1262.65;2051.49,1260.67;2053.64,1259.81;2065.1,1260.12;2065.54,1243.01;2050.08,1241.18
1169	400010000	59	71071	1538.29,1546.29;2943.5,905.42;2925.81,890.11;2938.24,876.85;2955.24,891.76
1170	400010000	58	71072	1546.05,1554.05;3011.33,952.85;2993.32,936.97;3006.56,922.34;3024.1,938.86
1171	400010000	8	71073	1503.14,1573.14;2937.86,1073.29;2954.35,1130.86;2983.55,1180.47;3037.04,1148.19;3011.45,1062.75
1172	400010000	61	71074	1544.38,1554.38;3008.05,904.89;3007.17,900.54;3031,895.03;3035.45,914.16;3011.27,919.5
1173	400010000	34	71075	1485.63,1505.63;2568.06,2863.62;2567.6,2834.92;2539.17,2835.79;2539.23,2862.92
1174	400010000	10	71076	1629.64,1679.64;1115.98,2933.71;1128.97,2989.84;1204.02,2980.54;1243.83,2955.44;1196.71,2899.64;1171.13,2918.06
1175	400010000	7	71077	1498.81,1568.81;2746.17,868.29;2709.68,925.57;2818.28,969.02;2826.77,905.8
1176	400010000	92	71078	2930.7,2943.7;1829.01,2331.85;1842.59,2313.17;1820.92,2297.63;1806.96,2317.67
1177	400010000	35	71079	1481.39,1503.42;2775.27,2594.3;2782.78,2577.97;2796.69,2576.79;2795.8,2557.71;2773.62,2558.84;2769.72,2582.55;2752.6,2593.75;2751.94,2602.88;2751.87,2609.34;2762.16,2647.27;2794.46,2653.38;2794.69,2650.87;2797.22,2636.12;2793.38,2631.59;2787.29,2629.71;2776.84,2625.12;2774.69,2614.42;2775.07,2612.94
1178	400010000	5	71080	1436.58,1636.63;992.5,1338.71;1068.49,1389.97;1184.4,1383.63;1302.48,1497.3;1344.85,1519.48;1395.21,1545.25;1454.94,1568.67;1446.74,1654.17;1478.36,1670.56;1552.14,1603.81;1594.31,1523;1576.74,1486.69;1630.61,1460.93;1630.61,1405.88;1666.24,1276.67;1675.49,1233.92;1739.03,1209.66;1771.39,1149.58;1742.5,1106.83;1780.63,1065.23;1814.14,1001.68;1779.47,964.71;1684.73,1008.62;1651.22,927.74;1571.96,1030.54;1467.97,912.69;1442.55,816.79;1352.43,782.13;1258.84,752.09;1209.16,719.74;1213.78,822.57;1209.37,907.49;1186.05,931.18;1225.52,985.01;1232,977.81;1279.91,1107.56;1248.97,1190.4;1269.93,1285.21;1382.71,1309.16;1408.66,1274.23;1491.49,1270.24;1502.47,1217.34;1438.6,1102.57;1459.56,1065.64;1431.61,1029.71;1383.71,1079.61;1246.97,1091.59;1241.98,1134.51;1345.78,1128.52;1423.63,1135.5;1441.59,1208.36;1431.61,1239.3;1342.01,1261.23;1307.17,1245.14;1327.25,1208.5;1275.63,1212.5;1279.34,1188.54;1317.13,1182.13;1317.13,1182.13;1318.83,1082.61;1247.97,963.84;1277.2,944.1;1328.88,938.71;1357.96,902.1;1398.87,995.78;1462.4,959.17;1510.85,922.56;1562.53,967.78;1555.32,1051.37;1581.9,1079.1;1562.26,1142.64;1613.09,1203.88;1638.51,1274.36;1696.28,1300.94;1666.24,1407.23;1614.06,1371.97;1543.95,1374.26;1526.38,1407.05;1498.27,1467.95;1447.91,1460.93;1410.43,1417.59;1326.11,1467.95;1269.9,1508.94;1219.54,1456.24;1240.62,1433.99;1231.25,1340.3;1186.74,1308.68;1184.4,1231.38;1103.59,1171.65;1028.64,1236.06
1179	400010000	54	71081	1544.38,1556.88;2990.04,882.89;3008.13,861.98;3021.75,873.67;3003.69,895.11
1180	400010000	20	71082	1496.64,1513.34;2773.71,2558.87;2773.56,2576.19;2794.59,2575.84;2795.35,2558.57
1181	400010000	85	71083	1641.1,1649.6;886.37,2963.06;899.33,2948.6;916.8,2965.3;903.53,2979.58
1182	400010000	2	71084	1524.39,3074.39;2003.26,572.98;1983.23,622.24;1978.44,668.61;2006.16,739.03;2071.6,756.94;2141.74,758.25;2188.56,710.45;2193.66,659.34;2187.26,615.41;2131.95,554.41;2067.57,547.99
1183	400010000	60	71085	1538.13,1546.13;3004.85,959.48;2987.21,943.94;2999.49,929.45;3016.31,945.81
1184	400010000	32	71086	1478.59,1498.59;2787.52,2677.79;2791.64,2649.9;2767.97,2645.75;2762,2675.81
1185	400010000	1	71087	1524.39,3174.39;1573.29,2889.01;1553.26,2938.28;1548.47,2984.65;1576.19,3055.07;1641.63,3072.98;1711.77,3074.29;1758.59,3026.48;1763.69,2975.38;1757.29,2931.45;1701.98,2870.45;1637.6,2864.03
1186	400010000	62	71088	1544.38,1554.38;2963.62,878.19;2966.9,852.75;2986.69,855.33;2983.48,880.25
1187	400010000	91	71089	2898.38,2942.92;1792.76,2214.05;1772.77,2218.1;1760.81,2234.65;1758.29,2254.46;1756.69,2269.08;1767.31,2285.73;1789.29,2301.7;1808.48,2289.08;1818.9,2294.69;1827.94,2291.79;1843.29,2279.52;1844.17,2251.15;1832.03,2229.51;1811.6,2215.11
1188	400010000	1	71090	1019.75,2019.75;2883.98,2345.69;2678.03,2402.79;2651.89,2499.99;2708.29,2527.42;2840.9,2525.9;2889.68,2643.27;2871.39,2635.65;2825.66,2716.43;2714.39,2687.47;2665.61,2585.35;2722.01,2507.61;2670.18,2458.83;2450.69,2817.04;2491.84,2849.05;2546.72,2769.78;2677.8,2797.22;2702.19,2865.81;2651.89,2942.03;2584.82,2937.45;2513.18,2885.63;2493.37,2850.57;2536.05,2771.31;2508.61,2731.68;2401.34,2864.74;1895.69,2949.88;1933.8,3398.02;2195.97,3553.49;2539.57,3319.85;3031.66,3401.19;3328.89,3084.14;3460.28,2826.29;3257.25,2433.28;3536.19,2393.65;3577.35,1963.8;3213.05,1633.03;2748.15,2038.49;2783.2,2233.6
1189	400010000	9	71091	1610.73,1670.73;930.18,2689.5;922.18,2726.87;930.26,2800.69;990.14,2801.17;991.21,2739.1;995.73,2702.32
1190	400010000	100	71092	1582.26,2832.28;1351.88,1355.75;1140.63,1838.5;1235.13,2425.5;1587.88,2812.63;2159.13,3004.88;2753.38,2893.75;3049.51,2417;3173.26,1717.38;2758.51,1134.75;2184.01,904.38;1706.76,1089.63
1191	400010000	2	71093	2930,3000.03;1953.62,1358.75;2183.37,1358.75;2148,1420.88;2067.5,1449.38;2112.87,1554.88;2044.12,1623.63;1968.62,1563.25;1958.62,1501.25;1908.37,1446;1968.62,1424.13
1192	400010000	1	71094	2870,2940.03;1579.75,1623.62;1620,1672.25;1625,1774.5;1723.88,1823.12;1819.5,1853.37;1915.13,1868.5;1809.38,1949;1735.63,1962.37;1715.5,1861.75;1740.63,1813.12;1653.38,1767.87;1658.5,1814.75;1599.88,1850;1524.38,1791.25
1193	400010000	122	71095	2301.07,2321.07;2202.71,1957.02;2208.56,1913.42;2183.37,1908.81;2180.32,1915.41;2178.17,1925.58;2177.29,1927.74;2173.47,1956.77
1194	400010000	71	71096	2911.67,2956.8;2068.27,1347.23;2086.04,1337.2;2105.65,1290.02;2077.36,1255.71;2042.79,1260.42;2030.13,1280.73;2018.49,1278.61;2010.79,1284.16;1999.98,1300.57;2007.92,1327.83;2026.14,1344.66;2050.03,1352.04
1195	400010000	2	71097	2300,2930;2609.2,872.42;2763.57,884.16;2829.57,830.04;2825.82,750.66;2860.81,668.23;2811.15,520.9;2911.43,457.86;3197.49,601.68;3313.27,1015;3140.8,1371.08;2811.97,1363.12;2673.57,1049.79
1196	400010000	57	71098	2872.31,2892.46;722.75,2900.75;694,2901.88;692.25,2923.5;698.25,2930;725.5,2939.5;730.75,2945.63;736.88,2952.75;750,2967.38;770.88,2946.88;772,2909.25
1197	400010000	4	71099	1530.07,1680.07;794.07,1638.58;885.46,1737.95;804.96,1846.97;904.82,1886.39;981.04,1954.83;1037.13,1999.34;1146.84,1983.2;1175.89,1913.82;1143.62,1850.9;1217.84,1815.4;1214.61,1765.38;1256.56,1723.43;1304.96,1637.92;1304.96,1604.04;1146.84,1554.02;1108.12,1508.84;1058.1,1576.61;1026.36,1593.11;970.97,1576.61;943.54,1483.03;899.98,1476.57;859.64,1568.54
1198	400010000	54	71100	1634.86,1674.87;958.29,2958.72;969.23,2968.3;961.65,2976.41;971.21,2988.87;969.06,2991.53;981.11,3003.83;971.53,3013.98;965.86,3012.19;952.53,3025.81;940.21,3025.64;925.8,3015.84;913.87,3004.89;902,2989.09;901.86,2978.83;914.63,2962.67;911.96,2958.17;921.51,2948.58;933.64,2959.02;937.2,2956.54;950.12,2967.17
1199	400010000	125	71101	2299.8,2321.96;2128.01,1953.55;2120.23,1942.89;2113.5,1939.31;2104.86,1938.95;2104.94,1922.33;2081.9,1919.56;2079.81,1945.43;2110.88,1947.4;2122.09,1966.85;2131.47,1968.03;2137.93,1968.1;2175.86,1957.8;2180.27,1924.84;2179.46,1925.27;2166.13,1922.84;2158.13,1932.47;2153.71,1943.13;2143.01,1945.27;2141.53,1944.89;2126.32,1944.73
1200	400010000	11	71102	1457.64,1485.64;1282.94,1188.94;1279.47,1193.09;1281.33,1199.34;1289.42,1201.87;1293.9,1197.28;1290.57,1188.38
1201	400010000	101	71103	1945.88,2795.9;1836.63,1516.5;1674.88,1743.25;1656.13,2049.75;1828.26,2308.37;2085.76,2395.75;2329.13,2357.12;2545.26,2211;2604.76,1895.12;2488.88,1586.37;2178.38,1458
1202	400010000	70	71104	2856.11,2886.13;774.27,2981.51;777.38,2978.27;781.44,2971.73;778.62,2945.59;766.64,2933.57;768.72,2925.41;755.89,2909.98;745.72,2909.24;739.18,2914.46;741.75,2925.03;756.06,2940.68;762.38,2954.68;757.29,2966.27;761.7,2968.45;765.23,2970.65
1203	400010000	3	71105	1641.22,1761.22;719.27,705.08;704.43,632.57;749.05,578.44;811.36,599.19;853.97,629.14;882.88,573.83;960.82,545.87;975.13,658.03;878.43,708.69;936.56,764.5;1002.49,732.17;1040.38,818.38;1083.16,887.7;1051.56,974.48;950.52,1004.67;872.82,1041.27;795.69,999.51;780.17,1077.65;627.73,1047.27;606.12,953.63;681.66,886.3;625.73,845.06;628.43,772.59;571.03,721.63
1204	400010000	31	71106	1449.11,1494.25;2862.69,2602.62;2853.61,2584.36;2807.52,2562.31;2771.78,2588.76;2769.09,2625.88;2794.29,2637.23;2791.57,2648.74;2796.7,2656.73;2812.53,2668.38;2840.17,2661.88;2857.93,2644.56;2866.55,2621.1
1205	400010000	1	71107	0.1,5000.1;-857.06,-1235.9;-856.33,4917.16;5385.53,4999.13;5359.62,-1242.67
1206	400010000	83	71108	1652.89,1661.39;944.18,3019.11;957.21,3005.26;974.78,3021.43;961.61,3035.18
1207	400010000	61	71109	2819.46,2864;2615.39,798.13;2624.16,816.55;2669.85,839.4;2706.05,813.58;2701.18,776.34;2697.57,775.08;2691.37,771.9;2684.22,764.19;2686.87,753.54;2682.31,745.19;2666.69,733.26;2638.95,739.28;2620.89,756.28;2611.86,779.59
1208	400010000	72	71110	2944.88,2959.88;2016.06,1275.54;2021.38,1251.57;2020.3,1249.51;1994.11,1247.44;1989.8,1269.94
1209	400010000	12	71111	2686.59,3136.59;2402.75,574.38;2355.79,757.44;2400.04,884.59;2602.31,936.44;2621.32,828.96;2606.95,776.91;2617.93,752.91;2639.94,733.85;2667.63,728.84;2695.02,736.87;2700.95,722.26;2728.21,729.5;2766.8,753.22;2789.14,773.18;2807.16,791.68;2800.68,833.31;2776.22,846.32;2738.01,865.63;2691.6,836.67;2669.26,850.84;2630.5,836.1;2560.06,839.23;2545.14,911.74;2600.27,929.68;2640.13,1178;2755.92,1484.48;2997.69,1668.37;3202.01,1622.4;3506.79,1298.89;3499.98,1009.44;3421.66,646.77;3258.2,563.34;3120.29,427.13;2890.88,358.93;2612.89,335.18
1210	400010000	80	71112	1654.48,1665.48;907.44,3035.62;926.37,3015.02;914.45,3003.91;895.51,3024.33
1211	400010000	81	71113	2997.63,3042.17;2432.37,2101.53;2444.15,2124.09;2479.71,2150.81;2519.5,2130.97;2528.6,2094.88;2505.75,2079.32;2510.43,2068.46;2506.76,2059.7;2493.2,2045.48;2466.17,2048.76;2442.05,2063.71;2432.41,2083.91
1212	400010000	56	71114	2760,2873;687.17,2893.55;659.68,2918.69;640.62,2955.04;641.42,2971.9;644.54,2982.02;640.32,3001.48;657.63,3033.4;663.52,3029.31;668.23,3034.3;688.85,3032.7;694.55,3037.98;717.93,3039.51;754.62,3024.86;780.46,2999.99;801.27,2965.05;802,2947.53;796.32,2938.11;800.53,2917.58;771.93,2887.45;752.74,2888.91;744.65,2883.17;725.68,2882.99
1213	400010000	41	71115	1462.11,1507.24;1445,1208.46;1444.48,1188.07;1412.03,1148.61;1368.46,1157.47;1350.33,1189.98;1368.37,1210.92;1361.04,1220.2;1362.32,1229.61;1371.74,1246.86;1399.54,1252.65;1422.95,1244.46;1440.68,1226.83
1214	400010000	3	71116	2850,2930.03;2372.37,1599.7;2369.3,1676.68;2449.38,1648.25;2507.95,1617.74;2625.5,1705.38;2640.5,1727.13;2692.5,1728.75;2794.75,1747.38;2762.88,1660;2689,1613.13;2623.88,1717.13;2497.72,1624.25;2504.75,1601.38;2564.78,1587.78;2613.96,1616.61;2652.97,1613.22;2627.53,1536.9;2554.6,1555.56;2434.24,1522.81
1215	400010000	19	71117	1452.77,1472.77;2727.64,2668.72;2739.26,2675.66;2743.6,2668.66;2749.69,2659.55;2760.42,2650.69;2786.69,2649.16;2808.76,2638.98;2797.86,2620.82;2781.75,2634.92;2771.52,2631.71;2753.95,2638.33;2739.26,2649.88;2731.95,2659.17
1216	400010000	1	71118	2596.63,2996.63;3170.02,2319.83;3171.36,2587.81;3373.88,2793.87;3600.52,2630.08;3582.98,2267.68;3297.32,2224.2
1217	400010000	36	71119	1483.82,1506.05;2619.34,2835.27;2616.03,2813.35;2606.84,2813.78;2600.46,2814.83;2564.9,2831.56;2564.49,2864.43;2567.01,2864.22;2581.97,2864.15;2583.23,2855.6;2586.55,2853.25;2589.26,2842.16;2599.43,2838.19;2600.95,2838.31
1218	400010000	2	71120	2500,3300;414.6,2641.96;309.87,2795.73;282.78,2908.7;278.59,3038.03;333.28,3192.64;401.71,3308.29;495.16,3388.53;654.8,3437.53;778.09,3433.46;918.54,3401.88;1026.86,3334.87;1106.29,3278.76;1184.56,3123.67;1211.81,2994.69;1183.88,2835.48;1108.82,2676.3;1033.32,2581.45;953.15,2534.85;752.93,2503.75;629.71,2513.56
1219	400010000	121	71121	2269.68,2314.82;2128.08,1857.49;2110.32,1867.52;2090.71,1914.7;2119,1949.01;2156.21,1949.76;2166.22,1924;2177.86,1926.11;2183.72,1909.38;2196.38,1904.15;2188.44,1876.89;2170.21,1860.06;2146.33,1852.68
1220	400010000	42	71122	1474.59,1507.91;1340.21,1257.89;1355.95,1228.15;1339.31,1199.91;1315.11,1171.85;1304.33,1168.24;1291.94,1185.12;1281.29,1193.07;1287.19,1199.98;1306.35,1187.6;1305.72,1200.36;1328.63,1218.52;1306.32,1246.86
1221	400010000	81	71123	1645.94,1653.44;913.09,3029.07;928.13,3012.8;940.81,3024.62;925.73,3040.25
1222	400010000	84	71124	1652.56,1661.06;891.16,2970.16;904.21,2956.05;922.08,2972;908.78,2986.31
1223	400010000	85	71125	3026.63,3049.48;2518.25,2125.39;2540.18,2128.63;2542.45,2119.72;2543.31,2113.31;2537.71,2074.41;2514.12,2065.89;2505.13,2066.28;2499.66,2082.19;2508.92,2087.1;2510.63,2088.77;2520.45,2094.61;2521.13,2105.5;2520.71,2106.91
1224	400010000	45	71126	1492.02,1514.18;1374.4,1165.98;1355.89,1153.77;1350.07,1160.89;1346.58,1166.33;1335.21,1203.95;1353.8,1232.7;1360.89,1224.24;1370.86,1213.07;1365.34,1206.42;1365.83,1202.38;1359.4,1192.94;1363.25,1182.73;1364.35,1181.68
1225	400010000	128	71127	2315.1,2329.1;2087.14,1924.6;2105.68,1924.34;2107.69,1947.83;2087.27,1947.1
1226	400010000	82	71128	3030.93,3044.23;2509.11,2066.41;2532.41,2074.2;2539.36,2047.51;2517.43,2040.88
1227	400010000	53	71129	1532.86,1572.86;2961.67,882.52;2964.32,879.27;2982.91,878.86;2990.21,881.05;3005.1,894.28;3010.75,898.02;3014.22,919.43;3008.73,922.7;2987.99,945.5;2980.27,953.74;2961.43,937.73;2948.01,952.26;2940.66,945.54;2953.29,930.9;2935.18,914.46;2942.52,904.67
1228	400010000	57	71130	1546.13,1554.13;2949.06,898.27;2931.41,881.57;2944.06,867.51;2961.81,883.73
1229	600010000	10	71131	1,701;473.03,632.41;472.73,905.86;850.37,906.3;850.15,632.26
1230	600010000	10	71132	1,501;600.01,148.07;433.51,166.56;392.4,48.42;598.69,24.5
1231	600010000	11	71133	1,501;831,164.49;866.62,230.06;1061.97,165.91;1036.62,83.03;917.37,101.38
1232	600010000	1	71134	1,701;-76.21,1587.72;1577.84,1603.1;1578.11,942.14;1086.58,934.04;1077.91,973.97;1041.74,1072.69;964.98,1073.66;965.34,1140.28;671.96,1215.49;608.39,1116.73;517.12,1091.14;456.22,1123.95;339.07,1124.2;210.28,1268.62;-74.27,1270.36
1233	600010000	10	71135	1,501;931.87,584.93;972.35,638.05;1021.72,638.1;1033.35,608.53;1029.11,472.64;955.7,472.46
1234	600010000	2	71136	1,501;648.42,1141.53;682.46,1222.56;683.54,1357.89;854.02,1434.3;918.37,1325.29;856.73,1298.94;870.66,1194.22;801.21,1067.6;731.97,978.78
1235	600010000	10	71137	1,266;-25.25,899.54;-23.12,1258.88;207.74,1259.8;339.89,1110.67;339.77,898.83
1236	600010000	12	71138	1,501;977.81,891.97;946.93,934.64;947.19,1052.09;1046.25,1052.57;1068.81,962.18;1054.8,909.09;1032.35,907.13;1025.72,903.26;1021.03,891.88
1237	600010000	6	71139	1,331;1181.88,746.37;1223.65,745.17;1252.72,692.59;1213.05,641.02;1150.46,650.16;1157.81,713.92
1238	600010000	1	71140	1,701;1182.81,965.32;1088.12,974.4;1060,906.3;1029.43,906.5;1011.19,891.85;995.65,844.92;995.57,688.34;1008.3,639.83;1064.93,575.18;1180.11,564.55;1372.55,611.28;1372.79,964.9
1239	600010000	3	71141	300,340;762.62,1215.9;781.42,1232.91;828.82,1227.04;860.64,1190.57;814.89,1105.72;771.47,1105.21;740.89,1118.51;729.77,1149.09
1240	600010000	4	71142	1,321;645.45,1365.6;485.22,1257.78;499.91,1187.67;533.52,1167.73;608.59,1174.91;695.97,1259.23
1241	600010000	1	71143	1,501;1316.37,822.52;1450.21,821.57;1450.21,716.27;1316.37,716.27
1242	600010000	5	71144	1,321;341.31,1228.64;295.13,1280.43;325.05,1330.61;441.3,1309.93;433.73,1239.76
1243	600010000	10	71145	1,501;433.6,1361.45;388.23,1485.17;607.67,1485;627.23,1377.43
1244	600010000	4	71146	1,501;938.54,1070.27;1028.3,1070.38;1028.91,1124.7;938.33,1125.08
1245	600010000	5	71147	320,370;474.07,389.52;434.14,460.95;478.38,490.62;524.67,423.21
1246	600010000	3	71148	1,501;429.38,603.23;574.25,603.96;574.47,507.55;429.24,507.5
1247	600010000	7	71149	465.5,1165.5;248.39,200.78;301.28,343.52;454.85,324.15;541.71,426.53;656.31,352.05;690.64,468.95;815.22,468.84;837.66,387.07;889.64,374.43;876.13,263.42;907.54,213.36;853.98,106.26
1248	600010000	12	71150	1,501;860.28,1440.79;932.19,1320.16;868.14,1295.91;873.71,1187.79;737.62,962.35;619.03,1127.34;684.87,1216.62;688,1358
1249	600010000	9	71151	1,701;1566.34,971.02;1171.7,972.04;1108.02,1034.61;1038.55,1067.33;1055.38,1091.72;1130.01,1059.01;1133.07,1154.33;1118.66,1119.08;1059.13,1094.51;869.41,1292.36;1096.44,1375.04;1209.55,1588.25;1565.95,1590.79
1250	600010000	6	71152	330,380;436.54,1082.78;473.39,1146.88;529.63,1113.82;490.79,1053.13
1251	600010000	11	71153	0.1,500.1;1080.3,1399.62;1019.13,1489.49;845.42,1406.01;900.7,1312.24;1072.81,1397.12
1252	600010000	11	71154	1,701;528.83,1051.6;529.54,1094.27;622.51,1117.55;642.35,1156.93;681,1157;733.58,1070.48;839.19,1069.59;839.36,1134.99;1007.66,1134.57;1042,1059;934.11,1059.12;934.01,930.43;1060.8,930.57;1052.02,835.38;1001.09,835.63;1001,699.79;1052.33,699.84;1052.25,601.76;931.42,601.95;931.36,465.23;1072.27,464.92;1039.95,385.18;838.33,389.57;839.88,455.52;741.65,455.81;726.41,393.92;622.14,394.29;622.46,440.75;520.79,440.77;515.08,488.24;414.74,488.33;415,1051
1253	600010000	1	71155	1,701;234,278.07;339.6,398.75;339.85,615.81;473.73,615.88;473.92,489.72;426.94,465.32;426.56,392.02;515.34,445.08;521.89,437.66;641.2,438.02;721.59,534.96;753,535;861.26,384.77;981.36,383.28;982.24,458.32;1032.78,471.98;1053.09,627.57;1590.07,524.89;1590.97,-27.08;234,-26.33
1254	600010000	8	71156	1,701;1559.35,570.63;1560.5,-22.87;1219.81,-25.18;1054.45,411.37;1135.55,412.2;1144.52,513.75;1097.78,475.4;1045.41,452.91;1034.37,480.24;1087.24,516.18;1099.07,477.11;1215.93,571.5
1255	600010000	4	71157	1,701;416.17,228.77;416.17,269.77;374.01,278.43;369.4,256.49;346.3,258.86;324.93,231.66;319.83,239.63;313.42,180.84;349.68,117.54;394.58,129.79;397.15,157.28;360.18,149.06;340.28,134.42;313.42,181.12;319.83,239.08;313.38,248.98;346.3,258.8;369.97,256.49;369.4,240.32
1256	600010000	2	71158	1,301;336.23,1024.72;336.36,1126.31;294,1173.89;131.16,1221.16;23.89,1184.41;23.95,1092.38;108.71,967.07;246.5,966.87
1257	600010000	3	71159	1,501;441.54,1204.37;505.3,1203.9;596.14,1169.2;597.07,1113.26;505.05,1077.31;449.54,1105.5
1258	600010000	2	71160	1,701;497.75,293.02;584,419.53;509.69,458.11;453.1,418.8;412.92,355.02;425.29,315.94
1259	600010000	1	71161	1,701;-45.12,667.87;465.18,668.24;465.3,489.29;430.66,460.27;414.04,347.21;273.16,346.78;181.82,254.74;-45.12,228.74
1260	600010000	1	71162	1,701;-54.99,1311.59;204.25,1311.59;323.36,1179.39;424.72,1179.6;450.51,1075.1;451.44,860.52;-54.12,859.45

 