6	2707	
id	mapid	type	priority	name	poly
int	int	int	int	string	poly
1	110010000	0	17	68464	561.31,661.31;1483.67,1408.47;1510.28,1395.86;1524.29,1362.24;1529.69,1324.17;1469.97,1196.41;1398.7,1218.31;1366.12,1265.91;1408.98,1354.67;1453.42,1379.21;1461.75,1399.57
2	110010000	0	16	72100	500,700;1681.21,2103.91;1700.88,2228.28;1781.46,2307.72;1867.98,2308.62;1926.94,2260.25;1956.03,2133.15;1901.77,1998.42;1840.91,1960.14;1744.93,1969.28
3	110010000	0	15	68466	560.8,660.8;1896.66,1398.78;1909.16,1376.46;1933.08,1389.27;1919.64,1411.73;1908.92,1405.76;1907.65,1408.63;1903.9,1406.53;1905.7,1403.67
4	110010000	0	15	68468	528,548;1816.26,2178.12;1813.09,2181.62;1809.52,2187.7;1807.82,2194.98;1808.75,2202.38;1811.87,2209.14;1816.93,2214.24;1823.24,2218.03;1828.43,2219;1833.81,2219.13;1839.51,2217.61;1843.5,2216.17;1849.38,2210.72;1852.95,2204.28;1854.64,2197.29;1853.69,2190.19;1850.58,2183.01;1845.93,2178.31;1839.47,2174.46;1832.64,2173.25;1829.09,2173.26;1828.19,2167.72;1820.1,2170.28;1821.41,2174.91;1820.69,2175.63
5	110010000	0	15	72101	556.24,656.24;1952.93,1499.55;1974.7,1498.64;1974.7,1414.28;2101.69,1418.82;2103.51,1603.86;1971.07,1602.96;1971.07,1523.13;1954.75,1523.13
6	110010000	0	14	72102	558.7,658.7;1349.15,1501.15;1349.15,1524.83;1296.16,1542.3;1267.97,1512.99;1295.6,1484.8
7	110010000	0	15	72103	550,650;1327.14,1687.49;1424.67,1591.88;1446.66,1610.53;1458.12,1602.31;1469.32,1592.88;1488.18,1614.69;1467.3,1633.49;1522.53,1662.18;1409.78,1784.91
8	110010000	0	15	68470	560,660;1281.81,1415.33;1322.27,1328.44;1438.94,1379.33;1455.55,1412.62;1463.79,1423.91;1449.91,1452.71;1436,1446.73;1415.81,1471.49
9	110010000	0	16	72104	564.48,664.48;1833.57,1390.5;1843.28,1358.61;1885.81,1367.6;1941.68,1395.56;1965.03,1432.25;1965.86,1587.35;1935.51,1629.12;1857.51,1672.65;1840.95,1633.48;1832.44,1632.03;1833.39,1411.27
10	110010000	0	14	68472	650.33,850.33;1829.17,1509.34;1832.52,1493.72;1842.56,1476.98;1859.85,1468.62;1886.63,1474.2;1900.02,1481.45;1906.71,1492.6;1906.16,1509.34;1902.81,1537.79;1883.84,1546.72;1863.76,1549.51;1847.02,1550.62;1835.87,1541.14;1828.61,1525.52
11	110010000	0	14	72105	526.26,626.26;1663.94,1487.18;1658.96,1489.7;1655.73,1494.05;1655.88,1502.18;1659.91,1506.03;1663.66,1507.11;1675.12,1503.92;1676.5,1489.24
12	110010000	0	16	72106	500,650;1401.94,1479.37;1401.63,1549.62;1434.11,1627.09;1470.45,1640.84;1647.02,1738.87;1685.16,1620.65;1681.75,1572.34;1690.72,1462.05;1697.74,1336.87;1530.06,1341.79;1479.3,1395.6;1443.05,1425.94;1407.18,1446.58
13	110010000	0	14	72107	545,566;1598.72,1482.59;1599.09,1476.66;1603.54,1468.88;1612.06,1460.36;1622.43,1460.36;1626.51,1471.47;1629.84,1472.59;1630.21,1492.96;1625.77,1498.89;1626.14,1524.09;1630.58,1524.09;1636.14,1530.39;1635.4,1551.14;1632.81,1551.88;1629.47,1563.36;1616.88,1563.73;1607.24,1557.06;1605.02,1550.39;1602.43,1543.35;1606.87,1527.42;1614.28,1524.83;1613.91,1501.12;1604.28,1498.52;1599.83,1490.74
14	110010000	0	15	72108	557.8,657.8;1828.62,1432.69;1901.88,1435.13;1901.77,1588.66;1834.65,1587.5;1834.94,1576.92;1824.02,1536.87;1825.29,1484.3;1832.74,1445.04
15	110010000	0	14	68474	550,650;1636.78,1340.62;1694.99,1341.47;1692.44,1378.43;1685.21,1395.85;1686.06,1415.82;1675.02,1429.84;1633.81,1412;1632.53,1358.46
16	110010000	0	16	68476	543.63,643.63;1837.87,1716.47;1865.9,1700.71;1903.35,1700.38;1904.19,1709.62;1905.93,1710.08;2006.91,1712.97;2006.04,1800.56;1971,1801.43;1971,1826.83;1944.72,1828.58;1943.85,1804.94;1836.99,1803.18
17	110010000	0	15	68478	526.16,626.16;1682.27,1392.32;1852.53,1319.66;1831.5,1388.5;1839,1389.5;1837.75,1413.75;1831,1432.25;1830.5,1450.75;1826.25,1470.25;1823.75,1538.75;1834.25,1580;1833,1587;1836.12,1630.59;1870.13,1699.25;1838.39,1719.63;1750.72,1712.03;1667.64,1682.47;1628.09,1635.38;1628.3,1594.99;1640.04,1578.46;1637.12,1457.73;1645.47,1468.03;1661.17,1469.01;1672.14,1466.84;1680.15,1458.83;1686.88,1435.47;1682.19,1408.65
18	110010000	0	15	68480	558.73,658.73;1288.36,1512.22;1332.01,1572.8;1372.98,1577.72;1386.13,1563.7;1385.18,1539.63;1413.73,1533.19;1411.76,1488.62;1384.75,1485.69;1386.17,1474.04;1379.31,1463.74;1367.08,1458.09;1337.09,1451.99
19	110010000	1	8	72109	548.85,570.53;1613.14,1500.66;1594.57,1499.59;1593.66,1454.25;1631.97,1454.9;1631.63,1498.97;1626.33,1500.53;1628.17,1523.03;1636.93,1524.25;1637.62,1570.65;1599.37,1569.68;1600.08,1523.69;1612.67,1522.22
20	110010000	1	8	72110	571.91,601.91;1297.4,1411.7;1323.03,1356.86;1352.54,1369.38;1359.96,1354.29;1442.57,1393.05;1435.57,1407.81;1464.87,1421.21;1450.26,1451.18;1421.79,1438.27;1412.94,1457.04;1333.69,1418.33;1328.87,1427.06;1293.04,1410.97
21	110010000	1	8	72111	568.17,618.17;1400.29,1666.98;1375.39,1642.56;1421.58,1592.18;1447.73,1616.85;1465,1598.35;1482.65,1614.31;1463.74,1633.45;1477.14,1644.8;1483.84,1646.19;1499.16,1649.24;1508.13,1664.44;1501.21,1677.52;1487.44,1681.44;1468.96,1679.66;1442.29,1707.76;1416.32,1682.5;1408.14,1692.46;1404.58,1703.13;1391.78,1709.18;1380.75,1707.05;1374.35,1697.09;1376.92,1682.19;1390.12,1675.86
22	110010000	1	8	72112	588.87,608.87;1935.29,1582.59;1960.76,1582.22;1960.39,1556.76;1935.64,1556.74
23	110010000	1	8	72113	804.92,834.92;1853.06,1478.5;1853.06,1543.92;1881.25,1543.92;1881.25,1478.5
24	110010000	1	8	72114	527.71,552.42;1808.48,2198.98;1808.7,2191.9;1811.09,2185.12;1815.55,2179.02;1822.33,2174.7;1829.03,2172.84;1836.18,2173.36;1842.74,2175.96;1848.4,2180.13;1852.42,2186.02;1854.43,2193.24;1854.06,2200.17;1851.53,2207.84;1847.28,2213.28;1841.47,2216.93;1834.32,2219.01;1827.02,2218.79;1820.32,2216.03;1814.59,2211.86;1810.49,2206.05;1808.55,2199.27
25	110010000	1	8	72115	587.99,607.99;1936.98,1462.98;1962.09,1462.62;1961.73,1437.15;1936.98,1437.13
26	110010000	1	8	72116	580.9,600.9;1981.41,1586.4;2062.83,1586.76;2062.83,1435.79;1982.13,1437.6;1982.14,1504.44;1946.67,1504.44;1945.58,1517.61;1981.78,1517.61
27	110010000	1	8	72117	588.87,608.87;1934.22,1553;1959.69,1552.64;1959.32,1527.17;1934.57,1527.15
28	110010000	1	7	72118	582.66,632.66;1900.45,1433.04;1899.92,1588.87;1834.46,1587.89;1834.75,1436.66
29	110010000	1	8	72119	587.39,607.39;1916.32,1606.79;1892,1620.06;1905.64,1640.69;1927.01,1627.42
30	110010000	1	8	72120	570.92,592.64;1612.77,1568.29;1601.52,1564.5;1596.14,1559.07;1600.82,1548.9;1603.65,1528.64;1596.75,1516.83;1596.4,1506.64;1603.65,1495.62;1604.01,1478.22;1595.16,1464.35;1603.65,1456.92;1613.59,1455.5;1619.02,1464.6;1621.63,1473.53;1623.43,1498.13;1629.48,1503.43;1631.66,1511.7;1629.29,1520.41;1623.53,1525.07;1621.34,1549.24;1618.76,1558.76
31	110010000	1	8	72121	589.13,609.13;1920.61,1412.55;1933.06,1390.95;1909.97,1377.41;1896.76,1398.99
32	110010000	1	8	72122	587.71,607.71;1935.88,1496.76;1961.35,1496.39;1960.99,1470.93;1936.24,1470.91
33	110020000	0	16	72123	1000,1500;2095.43,1631.29;2166.76,1499.34;2257.69,1545.7;2181.91,1679.43
34	110020000	1	8	72124	1198.75,1240.6;2176.94,1653.3;2115.66,1619.11;2170.94,1523.23;2231.17,1559
35	120010000	0	16	68482	0,300;952.02,1028.24;934.03,1096.7;928.82,1098.99;920.66,1108.04;915.95,1125.01;918.99,1138.95;923.01,1142.73;906.61,1210.48;1045.09,1244.72;1060.38,1180.95;1101.99,1189.51;1104.19,1168.21;1065.35,1161.76;1088.91,1063.08
36	120010000	0	15	72125	0.1,300.1;804.19,1418.48;834.01,1388.95;844.57,1398.07;850.65,1393.01;858.9,1400.68;852.53,1407.48;870.91,1424.85;840.37,1455.68
37	120010000	0	16	72126	0,300;1325.26,1022.05;1325.4,1089.48;1365.51,1089.48;1365.36,1091.65;1372.09,1091.78;1371.98,1089.33;1411.8,1089.5;1411.97,1021.83
38	120010000	0	16	68484	0,300;1226.07,1448.15;1220.77,1461.83;1181.12,1448.66;1173.94,1451.73;1164.54,1475.49;1161.28,1474.47;1159.86,1475.29;1147.95,1510.19;1139.41,1551.3;1146.8,1573.71;1145.22,1597.37;1209.15,1619.94;1223.52,1598.24;1244.02,1585.41;1278.38,1493.1;1273.08,1492.07;1274.44,1483.87;1273.44,1479.61;1235.3,1467.3;1240.94,1453.62
39	120010000	0	16	68486	0,300;1171.93,1283.9;1153.32,1283.75;1153.2,1266.81;1122.47,1266.66;1122.43,1274.49;1105.89,1274.49;1105.93,1307.52;1123.03,1307.48;1123.04,1315.08;1152.65,1315.14;1152.69,1299.07;1172.18,1299.02
40	120010000	0	16	72127	208.88,508.88;1138.47,1358.89;1128.96,1363.99;1128.96,1387.1;1133.8,1389.59;1139.11,1391.78;1155.01,1391.72;1155.09,1378.92;1156.39,1378.92;1156.55,1372.12;1155.25,1372.12;1155.02,1359.36
41	120010000	0	16	68488	0,300;1375.3,1175.81;1375.3,1189.74;1372.46,1189.74;1372.46,1196.77;1375.45,1196.77;1375.45,1230.17;1406.45,1230.17;1406.45,1175.81
42	120010000	0	15	72128	0,203;1433.75,1289.76;1434.09,1297.53;1429.48,1297.54;1429.48,1316.93;1447.68,1316.9;1447.76,1332.23;1440.06,1336.22;1433.57,1345.55;1425.78,1359.89;1424.16,1369.47;1424.31,1431.63;1426.32,1441.62;1430.72,1450.2;1439.54,1459.16;1439.56,1481.1;1499.2,1481.19;1499.23,1451.38;1505.88,1451.38;1505.86,1447.52;1522.5,1447.41;1522.46,1430.52;1506,1430.43;1506.13,1372.6;1522.34,1372.66;1522.47,1355.84;1505.34,1355.83;1505.34,1351.92;1498.59,1351.91;1498.57,1332.24;1490.28,1332.37;1490.26,1315.7;1452.82,1315.73;1452.97,1294.06;1438.99,1294;1438.97,1289.76
43	120010000	0	17	68490	190,490;1345.93,1388.52;1345.93,1414.09;1384.7,1413.88;1384.7,1447.7;1427,1447.5;1426.8,1414.92;1453.99,1415.01;1453.9,1408.25;1456.53,1408.25;1456.67,1394.03;1453.9,1394.03;1453.99,1386.95;1434.4,1386.97;1434.19,1354.39;1392.13,1354.39;1392.13,1387.8
44	120010000	0	20	68492	0,300;933.42,1378.33;924.57,1382.2;904.11,1402.73;890.92,1416.58;871.94,1432.05;862,1438.53;850.99,1441.34;835.38,1440.1;855.16,1461.26;892.55,1485.19;928.44,1451.49;949.06,1440.05;964.64,1438.84;990.38,1447.45;1004.29,1456.38;1037.47,1486.82;1029.59,1494.7;1039.95,1505.37;1048.24,1497.3;1093.92,1542.02;1113.9,1523.17;1113.9,1510.23;1136.38,1487.33;1113.9,1464.66;1118.31,1461.68;1106.62,1445.58;1106.29,1445.04;1098.47,1451.71;1088.23,1457.7;1076.16,1444.12;1093.22,1426.59;1043.96,1378.33;1000.68,1354.07;981.47,1390.02;957.55,1377.58;941.25,1376.12
45	120010000	0	16	68494	0,300;841.07,1321.07;797.3,1277.07;767.15,1308.34;810.31,1351.62;801.37,1361.52;807.16,1367.77;784.47,1390.27;816.18,1419.25;839.73,1395.48;863.33,1419.59;878.49,1404.44;892.24,1416.75;904.95,1403.41;894.33,1390.13;911.4,1372.81;883.87,1345.24;906.63,1322.09;875.81,1292.31;855.2,1314.61;851.36,1310.78
46	120010000	0	18	68496	0,300;1105.26,1251.01;1105.03,1315.41;1137.22,1315.93;1137.66,1346.55;1122.37,1357.79;1122.51,1396.2;1144.2,1418.49;1101,1450.96;1110.15,1466.55;1153.72,1436.9;1154.36,1477.26;1137.55,1550.83;1144.26,1574.06;1143.36,1599.08;1209.94,1622.77;1225.58,1599.08;1246.13,1587.02;1271.6,1519.12;1278.04,1523.28;1283.57,1523.47;1287.77,1521.95;1291.79,1517.28;1300.92,1529.82;1297.38,1544.46;1303.95,1567.69;1327.18,1576.78;1390.8,1555.07;1391.81,1533.86;1379.69,1506.08;1364.95,1466.96;1369.91,1457.42;1369.96,1445.73;1358.08,1426.15;1346.07,1426.15;1346.12,1413.87;1346.05,1388.2;1367.37,1388.07;1367.28,1344.19;1418.54,1344.13;1418.54,1290.25;1444.96,1289.9;1445.2,1243.36;1424.04,1243.1;1423.69,1270.92;1377.86,1271.09;1377.74,1246.65;1361.63,1246.62;1361.63,1251.21;1338.7,1251.21;1338.71,1253.35;1285.12,1253.39;1285.12,1264.33;1266.34,1264.33;1266.34,1251.03;1205.95,1251.11;1205.95,1246.42;1194.92,1246.42;1194.92,1251.11;1123.35,1251.05
47	120010000	0	16	68498	0,300;1031.1,1495.78;1008.09,1518.88;992.81,1505.24;975.45,1502.34;959.98,1504.28;886.51,1577.8;901.49,1615.58;919.47,1636.07;955.28,1649.02;1027.79,1577.62;1032.27,1557.56;1028.8,1540.69;1016.67,1526.86;1039.28,1503.59
48	120010000	0	18	68500	180,480;1455.16,1392.64;1455.38,1409.16;1505.15,1409.05;1505,1429.14;1521.85,1429.1;1521.85,1448.08;1600.59,1447.92;1600.59,1439.01;1647.33,1438.46;1647.33,1415.72;1684.27,1415.68;1684.27,1386.04;1647.56,1386.08;1647.52,1364.64;1599.83,1364.49;1599.91,1355.18;1522.15,1355.35;1521.85,1374.7;1505.39,1374.71;1505.2,1392.67
49	120010000	0	20	68502	0,300;1095.23,1168.22;1091.85,1186.87;1166.12,1193.71;1166.17,1246.71;1188.06,1246.55;1212.95,1246.45;1212.77,1224.27;1223.33,1224.27;1223.17,1144.5;1254.93,1144.57;1281.52,1127.55;1304.34,1112.13;1332.08,1109.61;1332.11,1168.65;1327.52,1168.65;1327.49,1223.73;1344.64,1223.61;1344.74,1251.39;1362.79,1251.38;1362.91,1223.95;1374.25,1224;1374.11,1163.18;1402.12,1162.9;1402.77,1089.53;1331.44,1089.84;1331.3,1092.63;1330.46,1092.63;1330.74,1092.63;1325.71,1092.63;1300.66,1092.41;1265.83,1113.02;1254.59,1121.4;1244.81,1126.71;1236.4,1128.4;1235.58,1085.24;1233,1065.36;1226.54,1050.93;1198.7,1054.93;1170.06,1065.62;1165.26,1073.53;1164.94,1156.67;1168.91,1161.57;1168.44,1170.43;1165.7,1173.86
50	120010000	0	16	72129	0,300;1224.22,1149.18;1224.22,1244.14;1266.23,1244.14;1266.23,1265.68;1285.36,1265.63;1285.23,1244.49;1325.75,1244.34;1325.88,1148.78
51	120010000	0	16	72130	0,300;1329.6,1435.65;1317.18,1441.12;1314.69,1434.62;1301.27,1439.4;1303.72,1446.41;1281.7,1454.62;1284.32,1460.82;1282.1,1464.77;1286.74,1477.93;1283.88,1479.03;1291.15,1499.29;1293.72,1498.75;1304.45,1533.35;1301.56,1543.02;1309.55,1566.55;1327.53,1573.8;1387.95,1552.87;1389.11,1535.91;1377.17,1507.6;1371.61,1509.62;1360,1475.28;1363.53,1472.25;1359.75,1459.5;1355.51,1460.95;1348.69,1440.8;1343.16,1437.04
52	120010000	1	8	72131	212,227;1173,1455.79;1162.69,1485.76;1201.65,1500.13;1213.05,1470.49
53	120010000	1	8	72132	211.25,226.25;1070.42,1403.61;1039.56,1434.26;1062.84,1457.17;1093.58,1426.26
54	120010000	1	8	72133	207.08,220.08;1427.81,1414.89;1388.24,1415.03;1387.88,1447.07;1427.83,1447.05
55	120010000	1	8	72134	209.15,229.15;1359.49,1468.76;1334.86,1440.43;1292.04,1456.06;1288.36,1485.71;1302.25,1543.49;1312.14,1579.87;1396.66,1549.24;1385.63,1520.07
56	120010000	1	8	72135	207.08,225.08;1406.67,1176.35;1375.42,1176.44;1375.47,1230.07;1406.35,1229.97
57	120010000	1	8	72136	211.25,226.25;999.07,1354.69;980.19,1390.67;1008.56,1407.44;1029.9,1371.3
58	120010000	1	8	72137	211.25,241.25;884.12,1344.46;905.97,1322.42;875.78,1292.69;854.35,1314.73
59	120010000	1	8	72138	212,227;1161.63,1558.17;1147.9,1596.42;1205.35,1617.24;1219.23,1578.79
60	120010000	1	8	72139	144.38,202.18;1508.92,1330.65;1453.84,1330.6;1453.09,1289.73;1427.91,1289.86;1427.91,1323.89;1421.17,1356.31;1420.37,1439.36;1434.91,1460.51;1435.05,1484.1;1496.52,1484.44;1508.88,1480.09
61	120010000	1	8	72140	208.6,221.93;1135.5,1390;1135.5,1362;1154.5,1362;1154.5,1390;1135.5,1390
62	120010000	1	8	72141	211.25,241.25;808.65,1412.02;831.3,1389.54;807.69,1367.06;786.26,1389.1
63	120010000	1	8	72142	212,227;1160.43,1487.24;1150.12,1517.21;1189.08,1531.58;1200.48,1501.94
64	120010000	1	8	72143	212,227;1217.17,1536.18;1206.16,1566.54;1245.98,1580.5;1257.01,1550.8
65	120010000	1	8	72144	211.03,241.03;870.98,1424.63;841,1455.36;804.32,1418.58;834.05,1388.53;844.2,1398.29;850.47,1392.1;859.14,1400.69;853.26,1407.5
66	120010000	1	8	72145	211.25,226.25;1114.32,1463.41;1081.95,1494.7;1106.37,1518.46;1137.56,1486.81
67	120010000	1	8	72146	211.25,241.25;811.58,1354.72;843.89,1322.51;794.34,1273.43;762.45,1305.64
68	120010000	1	8	72147	207.08,220.08;1433.67,1354.65;1389.56,1354.88;1389.61,1387.25;1433.69,1387.22
69	120010000	1	8	72148	211.25,226.25;1046.9,1380.54;1016.04,1411.19;1038.94,1433.58;1070.19,1403.06
70	120010000	1	8	72149	212,227;1236.47,1482.57;1218.35,1532.36;1257.78,1545.94;1275.42,1496.42
71	120010000	1	8	72150	212,227;1150.47,1517.87;1139.89,1546.95;1178.85,1561.19;1189.17,1531.92
72	120010000	1	8	72151	231.1,260.43;1108.5,1305;1108.5,1277;1144,1276.5;1144,1305
73	120010000	1	8	72152	204.46,224.46;1410.32,1023.4;1326.79,1023.76;1326.99,1086.76;1409.92,1086.59
74	120010000	1	8	72153	212.34,253.34;1318.73,1157.28;1231.97,1157.14;1232.35,1238.13;1318.88,1238.3
75	120020000	0	16	72154	230,330;1532.73,1339.09;1477.56,1446.6;1560,1489.86;1612.97,1381.41
76	120020000	1	8	72155	256.88,306.88;1558.96,1456.82;1587.92,1403.74;1556.07,1386.75;1568.05,1365.22;1548.04,1355.05;1537.57,1376.59;1532.87,1374.16;1513.91,1391.15;1508.45,1404.19;1505.87,1428.61;1509.06,1430.28;1497.99,1451.36;1517.25,1461.52;1528.62,1440.59
77	110070000	0	12	72156	100.17,200.17;433.38,294.29;434.33,349.14;574.18,349.24;575.28,294.36
78	110070000	0	14	72157	100.17,200.17;455.06,192.62;455.15,301.71;543.03,301.03;543.16,193.88
79	110070000	0	20	68504	121.02,221.02;409.89,174.81;630.53,173.84;630.24,367.82;412.52,368.35
80	110070000	0	12	72158	84.67,184.67;431.94,214.81;432.51,292.85;463.9,293.14;463.9,214.81
81	110070000	0	12	72159	100.17,200.17;538.53,219.44;539.33,289.71;626.1,289.47;625.87,218.41
82	110070000	1	8	72160	120.71,164.5;421.82,354.5;421.82,201.09;635.96,200.2;635.23,354.5
83	120080000	0	12	72161	30.84,130.84;529.32,197.22;529.32,217.11;569.67,217.05;569.67,197.16
84	120080000	0	20	68506	53.93,173.93;434.27,155.1;435.24,365.25;640.98,362.55;639.73,156.16
85	120080000	0	12	72162	25.7,125.7;461.95,179.05;508.76,179.05;508.77,229.36;519.24,229.36;519.24,274.54;509.24,274.59;509.46,322.52;461.95,322.57
86	120080000	0	12	72163	25.7,125.7;519.06,282.78;585.22,282.78;585.22,359.23;519.29,359.23
87	120080000	0	14	72164	25.7,125.7;516.39,211.65;588.33,211.45;588.53,288.3;516.63,288.1
88	120080000	1	8	72165	62.23,137.23;440.96,385.1;441.57,175.17;584.39,175.59;586.09,381.89
89	210010000	0	19	68508	105,255;524.41,1952.03;712.35,1999.34;782.01,1854.43;635.45,1714.85;410.74,1630.57;322.35,1768.03
90	210010000	0	16	68510	95,245;612.06,1784.8;579.06,1828.62;551.26,1834.13;549.47,1870.21;583.16,1888.49;617.33,1942.66;706.34,1928.07;753.1,1855.06;669.76,1782.02
91	210010000	0	20	68512	90,240;616.46,1713.86;717.43,1664.41;733.87,1532.8;656.42,1308.04;507.56,1266.52;416.8,1362.6;405.4,1514.96;426.2,1642.33
92	210010000	0	16	68514	63.69,213.69;430.75,1725.15;448.87,1728.1;454.79,1752.42;445.12,1771.64;429.05,1772.47;410.35,1766.36;411.04,1738.5
93	210010000	0	16	69755	80,230;738.92,954.69;727.01,990.58;711.56,1007.05;674.35,1004.7;647.1,958.37;558.07,890.42;568.95,832.91;629.59,823.9;653.29,800.18;699.59,806.15;739.16,878.67;707.12,933.32
94	210010000	0	17	68516	92,242;815.3,1199.36;810.35,1188.66;815.94,1176.48;827.66,1171.24;844.91,1173.81;859.65,1169.27;872.6,1171.73;885.7,1190.61;883.96,1206.21;893.91,1213.87;891.79,1256.18;846.19,1291.88;812.46,1301.23;789.16,1280.5;787.34,1258.65;794.39,1228.11;803.89,1207.66
95	210010000	0	17	68518	69.1,219.1;31.51,1319.38;335.84,1238.58;443.92,718.08;36.76,714.93
96	210010000	0	17	68520	95,245;487.61,2013.67;376.38,2141.43;232.6,2165.46;166.69,2035.85;143.55,1750.12;203.6,1688.78;320.8,1760.23;413.36,1838.15;453.56,1889.74
97	210010000	0	16	69756	80,230;568,1081.42;558.44,1098.44;559.63,1117.85;578.57,1135.16;607.26,1125.68;617.09,1097;601.52,1073.37
98	210010000	0	18	68522	80,230;1086.12,902.66;1269.99,1016.57;1286.45,1138.4;1197.15,1268.35;930.63,1310.09;829.56,1306.25;806.06,1281.71;844.96,1036.61;1005.48,958.61;1029.02,909.82
99	210010000	0	16	68524	80,230;922.05,1046.26;960.9,1046.43;988.25,1114.6;986.21,1138.63;956.94,1143.7;943.17,1136.32;917.14,1140.24;881.13,1086.66
100	210010000	0	19	68526	67,217;808.17,1286.65;846.98,1037.85;679.5,759.27;530.11,828.17;442.81,1062.21;461.15,1145.17;486.07,1215.73;430.6,1231.55;430,1268.33;484.07,1273.54;501.41,1253.93;507.36,1269.73;651.94,1308.47
101	210010000	0	16	68528	63.59,213.59;488.71,1572.85;467.58,1582.31;453.77,1570.02;445.12,1552.55;456.42,1530.69;476.59,1526.94;491.5,1533.39;496.07,1543.01;503.66,1562.63
102	210010000	0	18	68530	69,219;327.71,1767.99;397.49,1669.59;258.95,1539.46;373.6,1396.47;412.53,1297.52;441.48,1279.72;436.24,1221.86;394.43,1223.72;141.03,1286.19;72.49,1492.73;65.89,1617.8;154.31,1677.5
103	210010000	1	8	72166	125.02,225.02;649.54,1869.41;660.05,1849.66;674.15,1851.75;703.27,1880.17;698.61,1907.66;670.99,1918.39;659.12,1906.1;648.04,1882.01
104	210010000	1	8	72167	117.92,126.39;857.39,1247.03;864.03,1257.42;871.9,1252.24;870.71,1250.43;874.1,1248.23;870.88,1243.22;867.52,1245.41;865.21,1241.92;864.28,1242.57;861.61,1238.48;860.63,1238.1;856.55,1240.71;856.6,1241.68;859.35,1245.74
105	210010000	1	8	72168	109.05,127.83;819.91,1253.36;819.9,1246.1;826.93,1246.09;826.96,1253.3;830.89,1253.33;830.93,1270.88;815.88,1270.91;815.87,1253.38
106	210010000	1	8	72169	87.72,237.72;118.85,1168.6;90.46,1062.04;158.73,962.21;302.95,944.38;338.42,1042.53;285.91,1137.89;234.17,1179.44;221.13,1185.71
107	210020000	0	18	68532	30,830;20.12,1998.82;24.84,2452.92;354.32,2449.15;451.91,2380.09;459.34,2234.89;455.76,2173.55;457.31,2171.8;458.48,2167.91;469.95,2154.89;486.66,2145.75;487.74,2145.24;439.73,2077.94;434.18,2084.6;423.07,2073.25;414.4,2062.61;400.37,2052.04;397.09,2030.9;405.31,2005.43;292.02,1953.5;96.59,1948.78
108	210020000	0	5	69757	200,400;893.48,2213.68;928.44,2262.08;958.87,2237.68;960.84,2214.48;950.7,2190.43;935.11,2188.17
109	210020000	0	17	68534	30,830;1475.39,1703.28;1469.61,1706.8;1465.48,1713.67;1409.36,1799.92;1380.23,1848.75;1262.39,1867.92;1303.66,1910.74;1304.42,1941.13;1325.74,2011.91;1328.4,2016.46;1349.04,2024.76;1357.6,2026.81;1367.87,2032.97;1379.79,2056.02;1377.06,2081.7;1375.57,2084.88;1457.37,2128.93;1453.37,2185.44;1651.79,2374.33;1786.69,2345.71;1865.31,2267.37;1874.57,2125.63;1812.51,2038.55;1810.37,1959.1;1773.91,1915.35;1736.26,1875.18;1726.73,1872.2;1716.89,1860.88;1682.07,1826.83;1663.97,1836.53;1650.28,1840.98;1637.61,1857.07;1633.16,1854.68;1618.44,1833.79;1605.77,1792.02;1594.13,1764.64;1512.22,1704.19;1519.41,1662.76;1521.46,1637.77;1518.38,1617.23;1511.19,1608.33;1498.87,1597.37;1490.65,1604.9;1481.06,1608.33;1479.69,1625.45;1489.62,1635.03;1493.73,1646.67;1497.84,1660.71;1495.1,1677.14;1492.7,1688.1;1484.49,1703.16
110	210020000	0	15	68536	30.2,830.2;1768.9,946.74;1756.05,936.12;1751.78,934.34;1750.88,929.17;1742.89,920.68;1739.38,909.17;1737.25,903.12;1732.89,899.96;1735.03,893.06;1739.7,885.06;1746.51,876.05;1755.78,871.83;1777.29,875.89;1790.69,894.68;1796,900.34;1798.16,906.64;1796.66,912.98;1793.4,916.07;1792.96,925.23;1792.74,939.93;1790.04,946.71
111	210020000	0	16	68538	1,801;33.4,276.41;61.27,399.21;119.59,491.66;226.74,512.44;246.04,526.8;270.7,537.95;294.25,527.35;308.38,511.65;345.45,485.95;421.98,451.79;463.16,408.55;469.11,374.61;502.34,213.94;442.75,114.41;393.11,61.28;254.62,32.54;172.75,41.25;89.14,82.19;41.24,183.22
112	210020000	0	17	68540	30,830;16.32,1604.23;36.59,557.02;172.7,554.43;187.09,568.3;223.15,572.02;230.57,578.91;230.04,595.88;194.51,629.29;200.94,644.13;216.73,647.97;216.73,663.35;227.86,672.9;241.12,673.43;244.83,670.25;251.2,654.34;283.02,647.44;332.34,598.12;357.7,602.12;361.88,622.78;372.56,630.46;381.95,653.95;380.75,673.6;425.16,673.6;426.01,660.37;437.96,650.12;445.65,635.6;449.92,624.08;454.74,624.13;458.87,641.75;469.98,643.72;477.24,650.55;482.55,681.23;499.89,681.1;509.97,667.77;525.62,665.6;531.36,671.66;543.26,671.07;565.09,630.06;578.01,623.04;628.15,701;781.44,749.51;875.86,953.46;974.36,1038.85;1136.56,989.18;1257.55,1150.01;1243.56,1222.92;997.39,1474.31;800.31,1444.23;792.95,1487.17;805.22,1496.99;801.53,1520.31;686.88,1687.55;699.26,1703.02;661.97,1708.09;662.08,1689.7;659.48,1683.26;638.36,1673.35;619.59,1656.3;553.72,1625.81;534.15,1646.56;511.55,1650.47;499.62,1665.68;494.85,1678.81;487.69,1685.07;478.74,1685.97;457.04,1668;424.66,1645.77;410.13,1644.37;392.63,1641;379.78,1647.71;303.44,1585.38;260.29,1588.79;234.26,1604.31;225.26,1613.75;210.68,1627.07;136.18,1596
113	210020000	0	15	68542	30.1,830.1;1606.07,2266.25;1606.07,2244.92;1621.52,2225.06;1634.63,2214.69;1656.88,2216.46;1663.81,2214.55;1675.87,2212.44;1678.8,2208.16;1690.29,2226.41;1686.01,2227.77;1679.85,2235.82;1676.69,2265.52;1659.04,2287.59;1633.29,2291.26;1618.58,2289.79
114	210020000	0	17	68544	30,830;1263.79,2423.81;1305.71,2377.58;1541.94,2387.93;1539.4,2575.79;1504.22,2619.26;1487.13,2642.3;1456.53,2780.31;1501.26,2874.89;1465.95,3018.48;1151.91,2994.27;1162.11,2555.29;1221.7,2474.49;1253.23,2439.92
115	210020000	0	15	68546	30.1,830.1;1589.2,1566.47;1571.76,1578.71;1540.67,1580.33;1533.64,1588.71;1523.9,1583.03;1512.28,1571.95;1511.47,1561.67;1521.47,1551.4;1551.86,1538.77;1559.17,1538.69;1571.73,1525.63;1582.84,1509.82;1582.69,1497.6;1623.34,1487.47;1640.52,1514.28;1649.49,1541.02;1634.81,1567.95
116	210020000	0	16	68548	30,375;1321.18,1174.82;1159.98,1404.11;1234.4,1453.2;1240.87,1468.12;1256.45,1478.06;1261.43,1486.27;1303.44,1517.36;1309.53,1510.65;1318.07,1502.73;1327.82,1502.73;1340.93,1508.21;1352.52,1513.7;1354.35,1523.46;1358.62,1533.82;1360.08,1542.61;1440.87,1560.56;1465.62,1591.51;1485.41,1593.65;1548.07,1596.02;1655.64,1598.93;1762.99,1417.45;1735.41,1241.6;1703.51,1226.08;1682.78,1224.84;1678.9,1219.66;1673.34,1205.39;1651.79,1193.33;1633.77,1161.45;1629.66,1148.85;1608.43,1162.54;1604.45,1150.91;1614.14,1127.78;1624.15,1116.52;1634.19,1112.29;1652.6,1112.45;1656.31,1096.9;1641.97,1094.85;1630.18,1090.24;1631.72,1078.97;1635.31,1045.67;1624.04,1041.06;1604.06,1068.72;1599.4,1100.45;1592.31,1118.33;1587.14,1131.26;1542.32,1162.29;1505.25,1157.12;1456.98,1173.5;1363.02,1161.43
117	210020000	0	15	69758	30.1,830.1;1528.43,1797.19;1497.33,1772.57;1504.68,1744.05;1534.5,1731.73;1560.73,1754.31;1554.88,1783.71
118	210020000	0	14	68550	30,830;2169.26,1904.87;2129.02,1990.4;2140.8,2043.61;2171.41,2126.07;2188.42,2157.04;2198.39,2160.47;2216.25,2168.93;2225.64,2190.54;2266.99,2209.34;2304.58,2269.48;2352.51,2266.66;2391.97,2218.74;2462.1,2196.62;2476.55,2208.4;2499.1,2200.88;2539.51,2155.78;2529.17,2006.36;2599.65,1820.3;2587.31,1727.98;2543.27,1638.93;2430.5,1683.1;2421.33,1682.77;2299.66,1644.63;2293.43,1640.64;2270.29,1635.4;2251.18,1630.28;2191.81,1755.46
119	210020000	0	16	68552	30,830;1330.04,334.14;1321.08,367;1328.08,373.46;1314.88,424.35;1364.87,469.87;1411.32,516.87;1582.99,500.69;1602.65,460.51;1536.75,303.6;1447.73,201.77;1391.59,199.86;1366.01,271.84;1368.78,310.19;1332.58,324.3
120	210020000	0	16	68554	0.2,800.2;706.41,2304.93;699.61,2311.6;691.77,2313.34;683.51,2294.2;686.55,2287.45;697.21,2268.96;685.51,2223.09;701.39,2189.14;788.42,2161.28;848.19,2195.21;844.95,2226.93;841.47,2249.19;857.63,2254.1;862.74,2258.19;835.98,2292.66;827.8,2288.18;809.19,2283.68;789.56,2300.65;778.95,2291.82;765.36,2291.51;760.66,2296.21;744.42,2302.46;723.32,2298.98;710.48,2294.85
121	210020000	0	17	68556	30,830;2048.17,1250.11;2141.93,1210.1;2186.72,1223.24;2244.06,1219.06;2287.65,1166.5;2532.85,1105.21;2587.08,1185.32;2588.87,1265.35;2665.32,1374.04;2704.2,1479.12;2622.66,1610.93;2541.87,1654;2496.75,1653.24;2450.98,1688.75;2423.08,1704.95;2250.22,1649.13;2207.1,1611.88;2193.43,1603.8;2173.93,1587.81;2164.18,1557.63;2156.4,1541.99;2145.02,1519.6;2131.43,1512.8;2131.25,1506.27;2051.01,1416.45;2064.72,1376.96;2037.37,1306.06
122	210020000	0	15	68558	30.1,830.1;1691.83,680.33;1694.54,636.95;1752.84,584.07;1811.14,588.14;1812.59,670.82;1770.03,696.96;1767.35,688.58;1759.64,685.9;1751.49,688.47;1721.66,688.47
123	210020000	0	18	68560	30,830;16.3,2468.1;16.3,3049.62;536.02,2973.63;540.14,2804.11;520.95,2704.43;506.64,2627.7;494.53,2601.05;484.2,2603.69;411.35,2545.27;404.72,2543.62;389.82,2508.85;344.54,2467.08
124	210020000	0	15	68562	30,830;972.72,1495.06;987.86,1531.06;1017.4,1696.51;1142.86,1832.15;1154.87,1852.02;1226.35,1857.32;1252.27,1852.83;1390.92,1852.16;1469.8,1728.17;1464.58,1720.71;1465.07,1713.99;1469.8,1707.53;1475.76,1704.05;1485.14,1703.78;1493.73,1687.03;1498.19,1660.94;1489.77,1635.37;1481.04,1625.34;1481.68,1608.51;1490.1,1604.95;1499.06,1596.17;1452.01,1545.62;1355.4,1525.5;1352.3,1513.77;1328.7,1502.95;1317.05,1503.6;1312.2,1508.13;1282.44,1486.37;1278.33,1488.08;1265.32,1488.76;1256.42,1478.49;1241.35,1468.56;1234.16,1453.16;1229.71,1442.54;1108.61,1347.59
125	210020000	0	16	68564	30.1,830.1;113.14,1312.72;84.61,1295.83;79.35,1208.77;109.95,1137.88;239.45,1139.1;289.53,1162.63;326.14,1191.22;333.12,1207.39;363.76,1244.81;379.62,1254.64;383.16,1260.4;284.34,1305.43;257.24,1303.04;210.06,1277.52;171.4,1282.94;133.28,1321.18
126	210020000	0	17	68566	0.1,800.1;403.58,2004.32;417.91,1977.73;536.69,1973.97;565.5,2003.56;749.16,2019.47;780.76,2051.74;802.02,2099.06;840.18,2128.99;895.75,2214.58;930.42,2262.21;953.96,2408.52;987.19,2456.78;1062.4,2564.73;991.28,2966.28;548.12,2976.72;545.83,2525.21;566.51,2423.09;474.92,2377.64;443.2,2380.28;452.64,2226.54;450.79,2176.76;456.93,2172.15;458.46,2167.55;469.2,2154.66;478.9,2149.53;434.22,2085.25;414.03,2062.69;399.66,2051.59;396.75,2030.13
127	210020000	0	16	68568	0.3,800.3;803.34,2670.33;797.14,2655.24;800.33,2636.7;797.57,2606.79;809.5,2595.14;823.49,2583.69;833.52,2579.29;839.57,2568.6;846.02,2559.33;861.35,2552.56;868,2555.29;900.87,2541.62;909.54,2555.94;913.17,2561.99;941.41,2597.49;932.94,2611.6;924.3,2627.16;927.11,2637.2;929.92,2645.83;922.1,2666.51;908.85,2677.55;903.63,2691.42;902.41,2698.47;902.8,2716.93;879.09,2727.81;875.18,2714.58;866.84,2710.13;832.22,2702.23
128	210020000	0	14	69759	350,500;2302.16,2855.75;2304.76,2932.47;2373.19,2932.09;2376.42,2854.75
129	210020000	0	13	68570	30,345;1841.57,2595.67;1928.22,2536.76;1916.53,2510.23;1940.14,2457.77;1984.2,2453.57;2034.14,2476.57;2059.32,2450.34;2067.71,2401.55;2115.97,2350.15;2157.69,2367.05;2173.43,2401.68;2182.87,2347.12;2200.18,2335.06;2260.5,2361.81;2284.64,2384.89;2340.88,2428.65;2320.54,2486.05;2260.24,2507.12;2202.84,2522.38;2210.83,2557.98;2201.39,2589.22;2158.52,2601.57;2133.79,2642.78;2103.28,2648.59;2033.53,2577.39;1973.18,2564.11;1933.95,2552.48;1928.25,2536.79;1841.59,2595.7;1853.54,2619.31;1813.35,2764.68;1825.75,2773.65;1843.71,2765.1;1874.49,2721.92;1912.97,2717.22;1934.35,2692.85;1980.95,2691.56;2012.59,2736.88;2027.3,2746.27;2057.09,2745.79;2099.86,2729.45;2127.73,2748.19;2129.65,2788.08;2158,2763.09;2165.69,2708.79;2217.34,2682.9;2229.83,2724.22;2304.32,2717.01;2327.38,2671.84;2325.94,2639.17;2349.49,2632.44;2371.29,2638.8;2399.16,2694.06;2419.83,2716.65;2486.62,2810.35;2511.61,2800.26;2452.5,2680.61;2461,2650.46;2489.99,2660.9;2526.68,2708.52;2579.54,2732.55;2682.71,2754.31;2760.56,2762.48;2796.12,2700.49;2809.09,2690.4;2812.94,2609.67;2751.43,2577.47;2700.01,2599.58;2680.79,2631.29;2638.5,2605.34;2601.98,2621.2;2564.94,2603.6;2540.41,2618.1;2493.2,2608.06;2482.04,2576.09;2502.12,2512.15;2455.28,2528.88;2410.16,2515.94;2393.9,2472.45;2414.11,2426.32;2438.71,2416.22;2484.4,2374.48;2516.03,2341.97;2559.95,2366.06;2618.38,2391.54;2607.83,2441.18;2625.85,2430.2;2646.93,2353.32;2701.41,2320.81;2745.78,2247.88;2794.09,2250.7;2817.82,2233.12;2585.21,2100.32;2521.3,2183.62;2491.84,2209.33;2470.52,2209.95;2461.75,2194.28;2413.55,2208.96;2381.66,2223.71;2348.58,2261.97;2307.88,2274.81;2271.02,2218.54;2226.26,2193.9;2210.65,2168.03;2188.75,2156.15;2153.02,2178.33;2111.13,2148.35;2066.37,2164.78;2082.38,2211.59;2066.37,2242.39;2054.46,2266.88;2039.67,2266.47;2040.5,2315.34;1996.14,2335.46;1942.82,2312.32;1886.97,2390.35;1882.1,2408.97;1872.7,2414.77;1866.97,2430.91;1856.21,2444.08;1845.95,2452.14;1830.56,2457.27;1823.67,2461.11;1818.11,2475.59;1817.37,2486.95;1813.71,2492.81;1779.27,2492.81;1776.49,2527.82;1743.95,2562.12;1775.16,2579.37;1831.01,2577.32
130	210020000	0	18	68572	30,830;812.72,1459.39;798.11,1487.31;792.67,1520.79;742.12,1687.32;748.45,1741.33;718.64,1779.24;695.05,1783.08;700.87,1835.83;706.7,1833.24;718.35,1833.56;729.67,1841.98;738.09,1844.57;747.8,1844.89;737.11,1898.58;741.16,2025.48;801.48,2086.14;796.14,2103.49;833.16,2132;900.52,2150.87;1022.92,2035.88;1026.12,2044.2;1044.07,2048.79;1054.92,2055.47;1060.35,2051.71;1060.76,2035.85;1069.11,2015.4;1082.05,1989.94;1109.6,1966.37;1114.11,1966.94;1124.05,1878.29;1147.29,1862.72;1147.65,1826.31;1023.22,1692.46;994.18,1528.27;923.17,1465.85
131	210020000	0	15	68574	1,801;428.24,439.44;454.81,408.64;474.06,431.81;497.74,430.87;521.14,425.81;530.33,418.16;544.85,421.49;552.21,431.11;554.22,435.57;566.73,438.47;550.75,458.93;542.84,455.89;509.79,466.83;469.63,477.29;453.91,457.47
132	210020000	0	17	68576	30,830;1338.24,1071.46;1373,1163.91;1456.22,1175.41;1477.59,1168.87;1506.29,1158.84;1542.73,1164.58;1591.2,1127.91;1611.39,1135.87;1606.71,1152.63;1618.2,1167.54;1633.25,1159.65;1653.19,1194.18;1675.24,1207.76;1678.37,1220.21;1683.35,1222.59;1698.97,1223.35;1736.49,1241.49;1741.71,1277.04;1729.77,1307.65;1729.71,1336.53;1858.07,1310.67;1837.04,1142.02;1865.45,1148.42;1881.2,1119.3;1879.71,1098.81;1901.75,1066.05;1988.38,765.77;2026.24,580.93;1871.86,446.93;1622.31,513.93;1500.94,717.83;1489.63,770.86;1446.1,871.76;1424.17,873.25;1419.28,940.61;1409.84,979.86
133	210020000	0	16	68578	30,830;1460.84,2191.54;1454.7,2345.01;1400.34,2367.29;1342.98,2383.2;1311.19,2391.76;1253.23,2455.77;1136.74,2485.37;1002.2,2431.72;977.8,2456.4;957.94,2425.11;975.21,2409.04;963.36,2262.27;940.15,2249.8;956.97,2236.58;958.63,2213.77;949.61,2191.73;935.31,2189.89;910.37,2205.49;892.8,2148.08;1019.95,2029.71;1026.3,2043.75;1044.96,2048.95;1054.57,2055.49;1059.96,2052.02;1060.54,2036.06;1081.7,1989.5;1108.55,1965.42;1117.27,1879.94;1126.43,1876.88;1139.08,1863.36;1159.04,1856.04;1170.28,1855.59;1182.85,1840.99;1244.01,1843.9;1266.46,1863.27;1304.22,1910.88;1305.51,1940;1313.34,1961.04;1327.72,2014.15;1334.71,2018.27;1357.69,2026.36;1368.05,2032.51;1380.02,2054.19;1379.43,2065.06;1380.12,2071.08;1456.53,2113.79;1456.53,2144.13;1460.52,2172.7
134	210020000	0	14	68580	0.2,800.2;2422.71,2726.28;2407.54,2739;2403.25,2755.06;2412.89,2767.38;2423.61,2768.99;2431.1,2765.78;2442.28,2754.82
135	210020000	0	18	68582	30,830;471.45,477.74;509.62,466.51;540.75,456.33;553.93,435.13;545.04,422.52;530.15,419.66;520.69,426.82;498.63,431.12;480.87,431.69;465.11,418.51;454,402.7;470.93,350.41;493.58,254.05;494.23,240.14;485.98,232.43;447.15,28.46;1230.91,16.62;1287,150.15;1357.24,193.42;1366.53,309.41;1330.68,321.76;1313.65,344.59;1317.13,369.36;1326.42,374.39;1286.33,503.67;1303.46,659.7;1322.72,672.33;1335.59,658.45;1396.67,699.29;1396.43,718.63;1445.03,751.09;1460.13,768.5;1493.49,797.01;1465.59,865.35;1453.68,872.49;1423.22,871.82;1415.96,940.83;1398.4,994.27;1389.62,1027.1;1364.23,1048.24;1279.71,1051.23;1241.33,1097.8;1245.6,1156.21;1131.29,1007.2;970.92,1052.05;866.43,964.93;771.42,761.62;618.61,713.18;564.63,632.11;543.07,671.64;531,672.09;525.13,666.44;510.07,668.56;500.43,681.26;482.32,681.49;477.15,650.92;469.86,644.1;458.89,642.13;453.95,624.02;450.65,624.26;437.72,651.54;426.9,660.01;425.49,673.65;380.57,674.12;381.28,655.54;371.93,630.3;361.34,623.24;357.11,603.02;332.65,599.02;283.03,647.7;252,655.24;245.42,670.29;240.95,674.05;227.78,673.35;216.02,663.23;215.55,648.65;200.5,644.65;193.44,628.9;229.19,595.73;229.9,579.74;222.13,572.69;185.45,568.69;172.28,556.22;174.63,510.13;221.66,513.65;253.88,535.06;273.17,541.18;315.27,515.08;355.72,484.75;449.32,464.75
136	210020000	0	15	68584	30.2,830.2;1730.03,1427.2;1699.49,1466.47;1665.46,1466.47;1638.4,1428.95;1633.17,1399.28;1658.47,1356.52;1662.37,1313.95;1644.48,1299.9;1671.43,1242.47;1692.51,1229.99;1719.56,1234.75;1735.55,1245.79;1741.66,1281.66;1712.67,1332.68;1737.41,1408.78
137	210020000	0	15	68586	30.1,830.1;607,522.27;599.24,486.35;599.26,454.19;624.82,426.57;640.11,418.81;649.06,409.16;660.9,410.93;663.67,415.46;680.2,414.34;714.03,384.58;718.75,381.15;737.99,393.7;746.63,411.55;740.78,413.5;761.1,433.02;762.81,450.31;752.77,459.51;754.9,473.85;759.46,483.21;759.18,512.77;750.26,528.95;691.62,536.89;690.78,515.42;693.01,507.89;682.69,502.32;668.75,500.54;663.45,511.14;651.46,535.67;628.65,530.8
138	210020000	0	15	68588	30.1,830.1;1351.74,561.08;1432.19,514.62;1455.02,497.69;1560.15,486.53;1579.11,499.92;1568.04,526.4;1531.12,580.96;1429.13,708.11;1399.04,708.61;1332,662.82
139	210020000	0	16	68590	30,830;2047.65,1267;1876.9,1197.27;1858.93,1145.2;1879.91,1107.57;1954.06,1063.59;1967.2,1009.29;1944.69,961.76;2119.18,801.03;2058.86,660.08;2151.51,349;2399.56,210.29;2601.85,325.89;2695.34,386.23;2635.85,530.89;2620.55,793.06;2479.8,1016.79;2337.01,1073.74;2346.05,1120.99;2223.31,1230.48;2154.02,1222.33
140	210020000	0	15	68592	1,801;1939.41,1444.8;1922.18,1389.11;1933.08,1346.81;1979.23,1341.04;2003.59,1345.52;2030.51,1381.42;2047.96,1372.4;2058.12,1366.08;2064.58,1377.48;2056.24,1404.64;2050.09,1417.74;2027.23,1423.56;2008.82,1440.41;2001.04,1443.18;1993.56,1447.69
141	210020000	0	16	68594	30.1,830.1;723.73,992.97;740.14,979.06;759.97,982.48;772.96,1001.63;765.9,1024.43;746.98,1025.11;732.62,1011.43
142	210020000	0	16	68596	30.1,830.1;516.98,2603.29;481.39,2608.18;404.87,2546.3;400.03,2532.85;388.71,2510.28;386.47,2449.23;464.11,2404.19;482.68,2373.28;567.84,2415
143	210020000	0	15	68598	1,801;1925.59,2101.55;1885.09,2083.21;1853.72,2034.5;1825.51,2004.98;1822.36,1997.25;1825.79,1989.53;1837.94,1975.1;1859.42,1935.76;1940.12,1885.42;1965.97,1882.19;2000.86,1886.06;2009.91,1888.33;2021.37,1896.19;2028.97,1910.3;2029.52,1964.79;2023.41,2041.94;1985.2,2093.91;1953.1,2106.9
144	210020000	0	16	68600	285.99,1086;1663.68,1608.18;1596.15,1634.96;1593.95,1764.71;1605.42,1792.09;1617.84,1834.86;1632.27,1855.45;1637.88,1856.52;1648.58,1840.21;1676.12,1831.66;1714.1,1866.93;1786.73,1902.73;1771.72,1922.41;1812.36,1971.94;1815.03,2047.2;1815.7,2061.2;1869.46,2157.25;2048.89,2146.59;2153.58,2029.59;2146,1990.58;2171.56,1921.06;2207.72,1638.58;2207.04,1612.02;2191.12,1604.66;2175.32,1589.19;2167.43,1563.55;2157.68,1537.63;2146.09,1519.34;2132.68,1513.24;2132.49,1492.74;2055.31,1405.06;2051.13,1418.05;2027.26,1422.63;2010.44,1438.81;1994.25,1446.58;1759.67,1431.28
145	210020000	0	15	68602	0.1,800.1;1785.72,2321.63;1577.8,2366.41;1588.99,2494.37;1527.67,2547.37;1476.16,2611.52;1449.84,2782.27;1649.77,3054.17;3055.92,3005.76;3023.93,2271.61;2593.68,2076.48;2541.68,2147.68;2533.63,2161.4;2501.84,2200;2478.93,2207.22;2462.5,2196.43;2391.89,2216.87;2365.53,2247.1;2348.24,2265.18;2305.58,2268.77;2267.55,2207.78;2227.51,2189.94;2217.76,2166.83;2208.06,2161.04;2188.51,2123.13;2153.84,2100.47;2080.71,2099.67;1877.58,2173.24
146	210020000	0	15	69760	200,400;104.25,2336.46;92.36,2368.4;96.78,2412.22;116.82,2435.66;159.97,2427.51;180.01,2383.68;149.77,2338.5;135.85,2334.76
147	210020000	0	16	68604	30,830;9.57,1597.38;144.14,1585.99;219.76,1618.32;233.59,1604.24;234.68,1603.81;259.81,1588.76;320.54,1582.79;392.71,1639.92;409.96,1643.97;423.78,1645.01;449.47,1662.43;477.53,1685.16;487.08,1684.03;494.39,1678.55;499.08,1666.32;511.56,1650.13;534.08,1646.19;561.94,1616.13;620.9,1644.84;620.1,1652.46;626.01,1661;638.97,1673.32;659.22,1682.52;662.9,1690.27;662.22,1699.71;694.88,1694.88;699.41,1702.66;713.08,1703.72;720.8,1718.15;725.83,1724.2;735.91,1725.21;738.93,1730.58;746.32,1741.32;747.99,1743.67;726.84,1771.21;717.61,1779.99;702.59,1782.17;707.99,1833.09;718.48,1833.02;729.37,1841.49;738.81,1844.88;755.34,1844.46;747.25,1890.2;701.36,1883.65;683.8,1921.6;700.75,1923.16;704.93,1939.33;691.89,1970.62;659.81,1975.57;538.39,1998.47;384.84,2011.5;18.44,1872.86
148	210020000	0	15	68606	30.1,830.1;564.08,244.16;540.3,226.48;533.96,213.81;530.6,204.81;535.89,141;607.06,62.3;644.73,63.98;718.45,115.05;734.74,132.59;739.92,161.09;775.13,166.56;740.72,299.42;721.04,291.88;697.91,282.99;696.61,291.83;694.13,299.8;679,299.96;675.35,294.76;665.73,297.36;660.24,304.59;655.03,303.29;642.29,307.98;636.71,303.07;627.72,302.77;616.23,315.01;609.47,315.25;603.2,310.43;603.92,303.67;615.03,293.29;613.82,282.43;607.3,278.57;597.83,275.23;599.1,267.47;604.65,263.85;600.54,248.88;594.51,245.5;582.93,245.02;574.72,250.09
149	210020000	1	8	72170	262.28,269.3;269.36,2745.55;267.27,2742.75;267.44,2737.16;272.68,2735.24;277.05,2737.34;282.29,2748.34;279.15,2752.54
150	210020000	1	8	72171	262.98,269.98;313.24,2781.64;322.53,2785.55;327.42,2790.45;325.96,2794.85;318.13,2801.7;306.71,2787.84
151	210020000	1	8	72172	415.45,445.45;2278.25,470.16;2280.12,498.08;2267.59,503.55;2242.09,487.12;2234.04,457.8;2246.47,441.53;2269.59,435.64;2293.56,459.35
152	210020000	1	8	72173	421.14,441.18;1748.41,915.87;1744.91,911;1745.08,904.97;1748.82,899.97;1755.21,899.21;1757.35,893.05;1761.37,894.42;1759.34,900.62;1763.61,905.22;1763.84,911.45;1760.07,916.16;1754.24,917.83
153	210020000	1	8	72174	270.27,277.97;307.35,2787.24;308.19,2793.43;317.24,2803.89;326.25,2795.8;317.3,2785.7;311.92,2783.28
154	210020000	1	8	72153	344.5,362.5;1329.06,338.39;1331.67,391.5;1398.58,392.39;1423.96,409.66;1438.19,407.59;1518.61,406.87;1517.22,319.85;1448.46,319.85;1448.46,223.89;1394.43,224.27;1394.34,338.13
155	210020000	1	8	72175	361.48,367.74;1974.38,2029.5;1972.63,2029;1970.63,2026.63;1970.63,2025;1967.13,2019.13;1967.25,2017.75;1969.13,2016.38;1970.5,2016.75;1975.38,2021.5;1976.88,2021.63;1978.75,2024.13;1978.75,2026.13;1977.13,2028.63
156	210020000	1	8	72176	262.68,303.68;308.4,2735.07;328.26,2758.41;329.93,2767.36;341.24,2780.76;330.37,2790.02;319.05,2776.96;296.95,2796.29;266.14,2760.89;288.05,2741.49;276.68,2728.41;287.84,2719.13;299.05,2732.09
157	210020000	1	8	72177	267,274;295.55,2694.19;291.72,2689.97;290.9,2690.76;287.56,2686.63;284.22,2689.36;277.7,2681.13;280.66,2678.46;277.63,2675.06;291.91,2663.99;304.42,2679.39;302.62,2680.93;306.23,2685.31
158	210020000	1	8	72178	270.19,282.49;274.18,2753.63;283.08,2745.83;280.98,2736.21;263.28,2715.48;246.3,2730.4;263.9,2750.7
159	210020000	1	8	72179	259.5,267.5;372.5,2769.96;386.78,2778.36;394.02,2765.5;380.03,2757.27
160	210020000	1	8	72180	272.14,282.64;272.62,2768.38;254.54,2788.9;267.83,2804.26;290.23,2788.61
161	210020000	1	8	72181	361.35,365.8;1946,2056.5;1942.25,2044.88;1942.88,2043.75;1944.75,2043;1943.5,2039;1944.25,2037.88;1947.38,2037.13;1948.38,2037.5;1949.75,2041.5;1951.88,2041;1953,2041.63;1956.75,2053.13;1956.13,2054.38;1947.38,2057.25
162	210030000	0	20	68608	65,315;956.15,2634.43;948.45,2627.72;942.84,2601.55;958.05,2581;958.84,2581.4;966.35,2581.79;971.29,2581;983.88,2564.51;1026.63,2566.25;1029.41,2556.52;1034.97,2548.52;1045.04,2548.52;1068.73,2557.66;1093.68,2557.95;1095.42,2536.75;1108.63,2519.03;1122.97,2516.15;1160.68,2513.5;1208.1,2501.44;1254.92,2499.37;1278.6,2490.74;1324.23,2488.73;1334.73,2498.76;1338.73,2557.92;1345.52,2585.5;1370.99,2608.97;1362.88,2648.7;1376.47,2663.09;1388.46,2663.89;1394.85,2678.67;1400.45,2679.47;1417.63,2665.08;1438.08,2663.85;1523.63,2687.1;1547.73,2701;1529.9,2756.62;1519.12,2756.86;1513.59,2760.11;1510.98,2775.09;1513.26,2786.48;1445.84,2832.06;1315.25,2869.47;1193.2,2872.69;1102.58,2858.52
163	210030000	0	16	68610	112,212;1618.15,1445.52;1642.25,1426.71;1668.06,1415.26;1691.72,1414.53;1727.22,1425.13;1747.28,1449.34;1753.85,1481.78;1749.51,1512.34;1739.18,1528.91;1720.35,1546.59;1685.39,1560.65;1655.87,1560.71;1639.39,1546.88;1634.22,1549.05;1609.16,1517.58;1614.5,1509.55;1603,1492.29
164	210030000	0	16	68612	50,210;2195.98,930.2;2196.58,979.15;2252.65,984.65;2325.94,981.15;2360.24,981.71;2390.12,975.1;2420.62,959.13;2417.13,938.85;2407.15,926.02;2410.29,918.61;2418.56,911.77;2435.38,908.35;2443.07,900.41;2452.25,899.89;2457.02,905.85;2463.22,909.66;2483.96,910.38;2496.84,908.23;2515.77,909.05;2549.74,902.98;2565.23,882.64;2565.35,870.05;2570.85,860.73;2566.59,845.64;2555.19,841.9;2549.26,833.85;2547.57,821.36;2555.36,815.26;2553.12,802.86;2568,788.83;2580.75,772.2;2576.4,748.11;2573.44,745.31;2572.67,728.68;2562.1,717.49;2559.3,720.29;2559.3,727.91;2557.59,729.31;2545.62,728.53;2540.27,723.35;2523.33,723.04;2512.92,729.41;2193.47,559.86;2125.26,613.48;2141.13,629.35;2153.38,660.86;2142.49,682.17;2122.85,685.04;2112.62,680;2098.76,653.1;2087.39,634.69;2037.84,678.37;2047.3,682.83;2049.59,686.26;2054.62,687.86;2068.12,679.85;2075.9,677.79;2079.11,679.63;2078.65,685.12;2074.76,690.15;2069.95,690.38;2064.46,696.33;2063.09,708.46;2057.25,714.85;2061.94,732.49;2066.69,736.03;2072.87,729.16;2099.88,728.93;2108.12,736.26;2141.03,731.99;2147.47,720.85;2184.61,723.57;2189.88,707.43;2193.1,693.31;2202.75,686.38;2211.67,688.11;2214.89,698.1;2229.1,716.28;2231.67,720.55;2245.06,719.98;2252.4,735.83;2236.72,756.07;2238.71,772.04;2231.29,790.05;2245.1,838.42;2225.65,856.5;2225.53,876.96;2216.17,888.64;2215.25,912.9
165	210030000	0	16	68614	70,270;1664.58,2246.56;1664.31,2239.36;1706.91,2249.51;1704.34,2259.06;1701.39,2274.23;1704.9,2278.48;1705.15,2281.51;1706.72,2282.72;1707.09,2286.72;1709.03,2290.72;1711.21,2291.09;1711.09,2296.54;1712.91,2297.63;1713.15,2303.58;1708.42,2307.33;1703.61,2307.7;1689.94,2299.68;1665.99,2290.55;1656.08,2278.44;1655.61,2272.65;1657.25,2261.17
166	210030000	0	18	68616	55,305;1675,1047.39;1677.36,1059.92;1679.48,1066.07;1686.9,1064.79;1688.81,1058.22;1697.08,1045.29;1706.62,1044.44;1717.07,1014.33;1718.29,1013.48;1712.62,995.45;1715.16,975.52;1720.24,958.17;1725.54,947.99;1747.94,889.79;1734.92,857.08;1719.33,837.87;1719.75,831.31;1734.99,818.82;1750.65,818.82;1765.46,805.62;1783.87,769.43;1801.16,761.07;1823.37,728.26;1840.28,728.55;1852.31,716.8;1867.22,719.38;1886.42,726.83;1899.37,740.25;1926.55,743.25;1950.31,759.51;1961.2,749.7;1961.8,734.85;1961.16,715.16;1977.64,711.95;1996.33,696.77;2031.06,698.24;2030.79,720.67;2034.59,724.46;2034.27,739.15;2021.24,752.21;2002.86,769.11;2005.23,780.67;2016.2,780.67;2040.81,785.11;2063.84,774.66;2089.93,789.19;2113.35,785.63;2136.86,800.34;2144.48,817.35;2147.44,836.33;2138.29,845.06;2129.4,859.71;2115.71,882.05;2103.94,890.94;2085.45,890.22;2085.69,893.58;2079.44,904.63;2069.83,909.43;2082.56,924.81;2100.8,928.07;2129.59,901.11;2138.24,900.04;2154.52,904.76;2159.82,913.57;2158.03,982.5;2154.3,1003.93;2141.03,1004.39;2132.64,1011.85;2137.3,1042.12;2140.56,1043.06;2144.99,1042.36;2152.44,1034.21;2160.73,1032.96;2165.39,1025.51;2177.74,1012.7;2210.81,1006.64;2209.64,995.93;2193.54,975.5;2253.7,981.23;2255.32,991.39;2264.27,999.88;2270.07,1009.15;2295.97,1022.21;2315.87,1059.44;2284.66,1087.61;2269.16,1072.56;2248.95,1085.15;2196.24,1102.64;2183.52,1090.64;2176.94,1072.85;2155.35,1072.41;2138.06,1089.06;2118.51,1089.06;2112.88,1096.35;2111.88,1130.15;2098.37,1142.99;2052.49,1147.6;2041.67,1138.37;2031.14,1124.76;1990.31,1150.37;1973.45,1145.97;1939.72,1140.41;1930.54,1122.78;1915.37,1107.33;1902.96,1107.06;1897.17,1117.54;1890.28,1124.98;1874.29,1122.78;1858.98,1129.31;1843.81,1120.49;1818.18,1117.28;1798.32,1128.55;1761.38,1099.36;1762.25,1074.85;1758.08,1066.95;1749.08,1065.85;1739.64,1075.95;1725.59,1078.8;1720.77,1084.95;1722.08,1096.58;1709.5,1114.91;1692.6,1121.49;1672.79,1117.23;1662.61,1094.45;1650.83,1090.01
167	210030000	0	16	69761	0.1,300.1;2371.45,1116.9;2380.07,1116.24;2384.01,1119.62;2383.54,1128.24;2376.51,1131.8;2370.04,1127.02;2368.63,1121.49
168	210030000	0	16	69762	34.98,284.98;2571.8,1092.6;2601.84,1077.37;2630.64,1052.96;2646,1043.7;2670.45,1039.51;2686.26,1037.53;2705.28,1049.14;2709.47,1060.25;2706.26,1075.56;2706.76,1092.85;2687.74,1110.88;2643.43,1129.97;2635.04,1151.5;2602.72,1170.56;2571.08,1151.59;2560.32,1154.92;2552.9,1139.56;2561.35,1135.72;2565.92,1117.01
169	210030000	0	17	68618	80,190;1016.32,1866.43;1022.88,1888.05;1052.08,1903.15;1058.26,1931.11;1085.24,1903.4;1076.17,1884.83;1084.08,1872.71;1104.54,1870.23;1129.57,1896.02;1171.4,1881.69;1188.76,1862.35;1213.08,1870.53;1213.95,1811.49;1110.59,1751.77
170	210030000	0	17	69763	50.1,350.1;788.65,2471.02;777.75,2488.1;792.1,2507.72;801.92,2514.63;819.72,2514.99;832.63,2504.09;833.72,2484.83;824.81,2477.56;808.64,2475.92;797.74,2476.11
171	210030000	0	16	69764	26.93,276.93;1131.16,2764.17;1158.88,2713.32;1183.44,2718.16;1192.05,2717.79;1226.18,2729.04;1236.44,2727.95;1243.92,2724.19;1250.6,2700.35;1263.58,2696.75;1287.8,2704.44;1296.07,2724.1;1310.6,2763.43;1327.79,2811.08;1323.14,2830.79;1273.88,2853.98;1213.46,2853.17;1147.04,2791.35
172	210030000	0	20	68620	150,400;2308.05,2335.77;2247.95,2261;2184.04,2226.35;2201.35,2166.38;2229.15,2131.98;2233.66,2119.12;2235.75,2100.01;2235.03,2063.81;2192.15,2063.81;2185.55,2058.48;2178.6,2056.69;2171.8,2066.57;2172.91,2073.53;2164.29,2083.54;2147.33,2091.32;2113.4,2088.54;2106.44,2096.61;2105.05,2106.62;2067.59,2106.12;2060.36,2111.68;2054.8,2127.53;2039.51,2144.22;2038.46,2160.1;2047.45,2188.05;2069.74,2233.65;2078.06,2244.29;2082.72,2277.24;2071.41,2290.89;2061.76,2290.22;2055.1,2282.57;2044.45,2281.57;2034.47,2288.89;2019.64,2289.28;1996.09,2300.8;1979.12,2313.11;1977.46,2336.74;1963.81,2355.71;1949.11,2382.9;1957.57,2398.96;1958.23,2412.27;1952.91,2430.57;1966.55,2435.23;1967.88,2441.22;1958.23,2475.17;1960.89,2493.8;1958.9,2499.46;1958.92,2507.41;1955.26,2514.47;1948.19,2526.5;1941.13,2530.95;1938.26,2529.9;1935.9,2518.66;1933.81,2513.43;1929.63,2509.24;1914.72,2508.72;1907.13,2516.3;1896.93,2517.87;1894.05,2525.46;1888.56,2526.5;1884.9,2525.98;1880.98,2522.84;1873.41,2520.98;1850.37,2529.82;1808.58,2553.96;1808.28,2577;1818.26,2596.96;1829.96,2601.01;1852.97,2596.95;1896.33,2603.45;1912.55,2602.42;1921.51,2606.09;1927.62,2621.56;1922.67,2638.94;1915.5,2656.64;1914.94,2670.66;1917.33,2681.76;1915.22,2694.4;1907.36,2704.65;1908.09,2718.25;1914.24,2737.27;1911.27,2741.78;1906.23,2743.46;1903.71,2746.95;1904.18,2751.87;1900.82,2756.06;1856.94,2781.76;1856.45,2784.86;1862.53,2785.2;1866.86,2790.24;1867.04,2797.53;1863.05,2802.04;1859.75,2803.77;1855.58,2807.25;1857.14,2814.01;1859.75,2821.65;1882.62,2821.65;1890.01,2822.71;1891.91,2830.51;1889.38,2836.42;1889.87,2838.81;1885.33,2848.16;1887.71,2852.67;1898.6,2852.3;1917.53,2840.94;1925.19,2841.97;1928.92,2844.17;1938.4,2846.03;1949.92,2838.92;1955.7,2818.61;1960.61,2810.31;1971.96,2799.3;1978.9,2799.47;1986.43,2793.95;2002.96,2793.18;2007.18,2790.49;2016.4,2789.72;2022.55,2784.34;2022.55,2775.12;2011.79,2764.75;2011.41,2739.39;2012.18,2729.4;2018.13,2713.84;2021.29,2687.43;2019.26,2673.88;2024,2667.34;2028.97,2667.11;2033.71,2664.18;2036.64,2663.95;2043.87,2656.5;2046.12,2656.05;2049.74,2651.99;2054.75,2650.12;2057.88,2597.32;2282.94,2396.59
173	210030000	0	15	69765	50,200;1656.61,1087.9;1649.06,1101.44;1611.06,1134.65;1607.23,1153.96;1596.33,1163.13;1584.44,1162.14;1582.95,1170.31;1576.38,1177.92;1529.06,1161.32;1531.85,1158.55;1532.36,1147.87;1529.49,1143.24;1529.56,1127.95;1531.54,1123.26;1531.43,1104.21;1537.47,1098.13;1549.11,1106.15;1558.59,1105.98;1560.08,1096.56;1571.16,1086.41;1571.05,1079.8;1567.09,1077.07;1562.28,1073.54;1577.15,1058.98;1580.42,1057.58;1589.94,1046.99;1589.04,1039.35;1611.83,1013.3;1629.16,1017.57;1644.88,1034.62;1657.67,1033.83;1664.38,1024.17;1670.89,1026.55;1676.21,1052.75
174	210030000	0	17	68622	80,330;1506.87,2453.78;1506.7,2440.16;1534.39,2417.85;1551.32,2396.57;1552.43,2370.39;1553.72,2346.11;1551.4,2343.53;1548.56,2341.72;1542.36,2342.24;1528.69,2342.2;1532.3,2332.64;1552.95,2322.98;1559.53,2312.94;1587.47,2303.14;1637.35,2267.94;1655.54,2269.76;1656.75,2260.87;1664.03,2246.73;1663.01,2226.93;1669.25,2221.16;1671.98,2214.17;1751.53,2208.85;1758.56,2203.76;1768.19,2214.22;1780.3,2235.95;1779.75,2256.86;1783.6,2280.8;1796.25,2313.27;1800.66,2321.25;1808.09,2326.2;1818.54,2338.86;1823.04,2357.82;1817.75,2363.72;1818.46,2373.22;1817.28,2386.06;1815.38,2400.55;1816.33,2419.8;1813.24,2448.32;1800.51,2456.57;1799.09,2477.01;1789.1,2488.89;1789.1,2505.53;1793.86,2521.45;1795.35,2542.64;1753.46,2569.57;1713.34,2585.29;1699.82,2572.42;1691.78,2556.29;1686.39,2554.18;1670.99,2554.24;1667.2,2558.44;1649.17,2544.82;1638.55,2539.81;1633.12,2529.78;1625.08,2526.35;1623.21,2523.26;1620.41,2514.85;1605.2,2507.05;1601.6,2499.04;1593.99,2496.44;1588.79,2505.45;1584.79,2516.46;1578.45,2526.33;1564.19,2523.48;1560.15,2507.8;1558.25,2505.9;1552.07,2504.71;1546.13,2511.36;1535.99,2509.88;1518.88,2509.88;1511.75,2504.65;1512.49,2503.49;1517.18,2497.23;1516.56,2479.41;1505.61,2472.22;1503.11,2465.03
175	210030000	0	16	69766	200,400;2039.8,2395.43;2030.05,2409.08;2026.42,2433.1;2037.14,2460.59;2067.06,2466.49;2098.02,2459.98;2112.88,2436.39;2107.99,2400.83;2082.37,2377.61;2062.16,2385.26
176	210030000	0	16	68624	100,250;1700.08,2571.29;1713.68,2584.02;1754.45,2568.25;1794.53,2542.07;1793.21,2529.12;1793.22,2520.76;1788.65,2507.01;1755.52,2496.8;1746.19,2479.67;1724.71,2477.61;1701.35,2504.61;1678.67,2538.62;1677.71,2553.59;1686.12,2553.4;1692.97,2556.14
177	210030000	0	19	68626	90,440;2128.08,2014.33;2175.68,2023.53;2194.05,2069.26;2265.88,2068.91;2309.45,2068.76;2428.51,1992.35;2454.21,1927.86;2487.39,1919.92;2517.3,1938.61;2556.86,1931.04;2603.18,1877.99;2633.21,1862.51;2632.27,1811.29;2606.18,1807.02;2595.2,1747.85;2615.36,1672.51;2644.58,1616.3;2628.62,1596.1;2588.3,1598.76;2560.18,1611.49;2529.41,1599.82;2508.95,1607.49;2497.24,1621.87;2454.14,1623.29;2443.87,1595.84;2444.28,1581.19;2424.54,1560.76;2393.81,1561.26;2294.05,1583.08;2251.13,1569.41;2207.15,1598.19;2183.4,1602;2166.47,1621.94;2168.36,1709.11;2148.85,1743.52;2132.88,1755.23;2137.85,1782.91;2157.45,1798.12;2165.25,1815.86;2169.99,1840.59;2157.33,1874.05;2124.33,1920.78;2119.26,1945.21;2120.84,1994.71
178	210030000	0	18	68628	30,270;1134.81,1476.59;1447.34,1601.8;1475.87,1667.24;1461.57,1718.52;1449.65,1715.77;1426.56,1751.52;1427.47,1761.96;1418.72,1768.28;1419.88,1771.4;1418.23,1774.36;1414.12,1779.14;1412.63,1783.91;1408.85,1791.15;1404.76,1796.56;1403.77,1806.76;1403.28,1813.17;1400.15,1820.91;1397.19,1820.91;1390.45,1822.39;1386.33,1825.52;1386,1830.62;1385.02,1837.03;1381.23,1847.07;1380.08,1852.01;1376.51,1854.44;1373.07,1857.68;1371.66,1865.36;1371.46,1872.63;1372.47,1877.28;1371.46,1881.11;1372.07,1885.96;1369.84,1894.04;1367.01,1898.48;1367.62,1901.92;1366,1907.58;1364.39,1911.21;1368.99,1918.28;1367.01,1922.93;1367.42,1925.76;1372.03,1927.98;1375.46,1933.03;1377.07,1937.7;1382.12,1943.16;1383.74,1944.17;1385.55,1946.59;1388.58,1952.66;1395.45,1960.94;1408.39,1973.06;1410.5,1973.32;1414.74,1973.72;1423.23,1977.36;1425.45,1980.79;1423.83,1983.02;1430.7,1986.65;1435.45,1986.63;1437.47,1990.06;1437.47,1995.92;1437.88,1999.36;1440.5,2000.77;1446.57,2001.78;1451.62,2005.82;1454.04,2012.49;1454.24,2019.36;1454.24,2028.45;1455.38,2038.07;1459.42,2048.58;1458.2,2056.46;1453.15,2065.96;1445.88,2071.01;1444.35,2079.16;1437.89,2083.81;1431.42,2090.07;1426.57,2094.31;1417.08,2096.13;1418.29,2101.59;1415.46,2103.41;1410.41,2101.39;1399.7,2101.59;1396.27,2105.22;1387.43,2105.59;1381.26,2111.91;1374.95,2115.06;1363.61,2123.67;1358.88,2130.42;1354.57,2136.44;1350.27,2140.17;1350.27,2144.77;1348.26,2149.36;1341.94,2148.78;1338.64,2155.1;1338.21,2160.26;1333.35,2165.63;1332.34,2171.52;1330.48,2176.83;1330.19,2180.7;1331.48,2184.14;1333.2,2187.44;1333.78,2191.61;1332.77,2194.05;1336.36,2197.35;1340.47,2205.55;1344.51,2205.69;1346.56,2206.11;1348.9,2205.76;1350.81,2205.9;1353.42,2206.86;1371.43,2234.44;1371.59,2255.85;1366.55,2266.61;1335.54,2291.29;1321.67,2316.47;1307.49,2367.83;1266.13,2383.34;1196.84,2390.91;1155.9,2371.31;1150.04,2375.17;1131.97,2381.77;1115.58,2376.39;1108.04,2383.06;1099.06,2380.16;1087.1,2363.56;1087.18,2313.24;1108.9,2300.28;1118.46,2285.15;1118.46,2258.5;1106.07,2243.55;1080.63,2238.2;1083.51,2174.8;1126.48,2173.4;1140.5,2149.8;1146.92,2112.19;1146.59,2091.23;1117.38,2037.41;1102.06,2022.46;1096.21,1974.95;997.97,1922.56;983.24,1897.06;956.84,1801.35
179	210030000	0	16	69767	100,300;973.08,2579.7;1016.41,2643.8;1050.92,2643.84;1072.35,2585.87;1042.61,2541.71;997.62,2546.76
180	210030000	0	16	68630	135,195;1209.46,2240.02;1190.66,2207.62;1191.84,2191.03;1187.06,2170.84;1205.69,2157.87;1209.67,2162.58;1217.65,2162.77;1219.68,2157.06;1233.82,2145.87;1241.11,2143.83;1252.62,2142.51;1257.87,2139.31;1268.95,2123.27;1277.56,2122.83;1281.34,2123.58;1290.42,2134.74;1298.97,2135.4;1300.13,2142.46;1301.61,2145.92;1301.94,2146.82;1319.39,2160.56;1322.18,2162.54;1334.93,2181.65;1374.55,2219.26;1375.7,2222.44;1376.24,2225.36;1376.17,2227.56;1375.75,2229.75;1375.54,2232.65;1376.1,2234.23;1371.15,2239.55;1371.43,2253.04;1367.73,2260.69;1348.68,2279.14;1347.49,2279.73;1332.32,2279.43;1316.14,2297.95;1315.85,2304.8;1305.12,2314.47;1304.24,2326.28;1297.39,2329.05;1293.46,2326.28;1258.71,2314.26;1237.88,2289.72;1224.41,2271.04
181	210030000	0	17	68632	80,220;2264.53,1786.2;2307.96,1739.63;2392.73,1732.83;2434.59,1764.75;2449.89,1805.12;2457.01,1822.02;2452.9,1890.85;2406.86,1912.83;2335.17,1913.88;2279.18,1883.53
182	210030000	0	16	69768	100,300;2627.95,1814.53;2628.95,1849.87;2669.13,1851.34;2694.51,1859.28;2710.97,1860.47;2737.54,1850.79;2750.29,1803.04;2737.28,1786.28;2716.94,1775.93;2688.2,1774.19;2673.11,1788.21;2663.04,1806.21
183	210030000	0	19	68634	72,317;718.3,2368.73;725.47,2413.13;754.84,2410.09;777.79,2406.72;797.93,2393.51;813.29,2393.93;817.09,2449.89;822.4,2454.8;827.42,2462.25;829.61,2463.6;832.47,2472.18;833.3,2476.17;841.71,2500.53;843.69,2504.71;843.47,2509.77;844.13,2515.04;844.78,2519.88;842.15,2531.98;841.71,2536.6;837.31,2543.63;835.55,2549.79;838.12,2555.89;845.79,2561.47;852.92,2563.61;901.56,2550.67;910.98,2568.62;912.21,2600.24;895.57,2611.99;891.56,2622.03;886.97,2642.4;866.03,2681.11;832.48,2685.42;814.12,2707.79;794.13,2699.42;784.05,2704.61;726.91,2705.22;721.41,2685.36;704.16,2682.96;698.07,2691.04;655.27,2693.24;650.11,2680.91;635.03,2674.48;605.5,2639.19;609.46,2608.29;606.74,2587.03;600.78,2556.1;604.02,2540.27;604.57,2524.52;596.29,2509.61;579.16,2500.49;541.23,2443.65;590.54,2370.45
184	210030000	0	19	68636	180,380;1914.78,2737.39;1908.64,2718.23;1907.94,2705.13;1915.98,2694.89;1917.97,2682.2;1915.75,2670.21;1916.15,2657.12;1923.55,2638.7;1928.13,2621.62;1922.07,2605.44;1912.65,2601.69;1896.6,2602.68;1853.37,2596.15;1830.21,2600.24;1818.83,2596.22;1809,2576.05;1809.44,2557.62;1796.01,2551.79;1777.46,2568.15;1756.29,2573.32;1668.18,2662.35;1552.68,2677.91;1526.62,2758.47;1542.94,2762.63;1545.86,2766.71;1542.65,2772.54;1542.36,2779.83;1547.02,2787.4;1554.31,2795.27;1555.47,2799.94;1561.59,2804.6;1564.51,2812.47;1567.71,2816.26;1573.83,2819.46;1583.14,2822.42;1598.29,2822.71;1603.54,2818.63;1609.66,2819.22;1609.37,2841.36;1617.23,2848.94;1620.44,2857.68;1629.47,2859.14;1647.54,2857.68;1653.15,2841.33;1662.53,2830.54;1665.97,2830.84;1671.51,2832.88;1672.69,2834.46;1673.22,2838.81;1677.92,2839.16;1680.01,2841.25;1682.79,2844.73;1682.97,2847.17;1696.73,2851.06;1705.8,2857.47;1713.59,2844.19;1728.03,2821.09;1732.36,2808.67;1739.29,2802.89;1747.67,2790.77;1753.82,2776.97;1759.17,2772.32;1765.92,2769.3;1788.25,2769.53;1794.25,2778.25;1813.13,2781.16;1820.97,2780.62;1828.8,2775.22;1835.82,2777.11;1843.38,2783.59;1856.08,2782.24;1858.9,2784.28;1901.36,2759.86;1901.07,2756.48;1904.74,2752.06;1904.4,2747.06;1906.4,2744;1911.62,2742.16
185	210030000	0	17	68638	95,285;824.4,2335.89;829.29,2374.73;823.31,2380.7;820.39,2392.76;811.54,2394.73;815.25,2450.28;817.21,2450.28;822.19,2454.54;827.35,2462.37;829.7,2463.87;833.08,2474.72;833.43,2476.32;842.15,2501.39;843.57,2504.67;843.57,2510.72;844.76,2520.29;842.45,2530.42;841.73,2536.65;837.11,2544.29;835.33,2549.98;837.82,2556.56;845.65,2562.25;853.04,2565.23;900.81,2552.43;910.19,2568.81;911.13,2598.9;924.67,2603.04;944.07,2602.23;959.57,2581.86;965.3,2582.63;971.98,2582.24;980.07,2571.14;978.52,2562.16;979.03,2548.96;981.03,2526.36;995.51,2517.34;1040.66,2473.11;1058.67,2444.38;1062.98,2425.52;1066,2394.73;1078.54,2379.22;1079.46,2365.54;1088.68,2360.57;1088.8,2316.52;1082.42,2314.01;1079.46,2307.86;1064.15,2298.92;1047.74,2281.82;1047.51,2272.7;1054.35,2258.11;1082.4,2239.59;1085.26,2175.88;1068.5,2175.86;1058.56,2156.55;1027.32,2116.9;1016.7,2108.05;1015.18,2094.91;1010.89,2094.65;1009.88,2083.53;1009.58,2066.37;999.83,2037.68;972.78,2034.39;971.21,2009.14;944.58,2004.29;941.79,1983.3;920.52,1962.71;893.87,1961.15;852.53,1985.19;803.84,2017.51;756.6,2065.65;750.43,2101.4;757.76,2112.77;780.65,2117.72;775.09,2175.36;778.88,2201.4;774.08,2225.67;776.86,2249.69;793.8,2264.35;816.04,2270.17;825.4,2276.99;826.66,2285.08;822.11,2292.92;822.8,2315.83
186	210030000	0	16	68640	70,240;1393.39,1317.69;1443.12,1083.77;1537.17,944.13;1577.41,989.22;1584.56,992.39;1586.17,1003.9;1610.31,1007.76;1612.57,1013.29;1590.07,1039.83;1590.86,1047.51;1580.77,1058.71;1577.66,1059.91;1563.52,1073.53;1568.41,1077;1571.93,1079.21;1571.99,1086.88;1560.95,1097.18;1559.58,1106.9;1548.8,1107.2;1537.42,1099.17;1532.32,1104.88;1532.31,1123.99;1530.3,1128.34;1530.29,1142.82;1533.08,1147.33;1531.98,1159.27;1562.85,1170.4;1560.75,1189.19;1554.65,1201.39;1554.86,1218.21;1566.26,1227.03;1616.11,1238.55;1622.41,1260.5;1606.23,1280.8;1593.89,1281.35;1586.2,1268.18;1583.73,1267.35;1581.26,1267.63;1576.05,1270.65;1570.56,1281.07;1572.2,1294.24;1562.73,1299.79;1546.65,1292.57;1536.23,1290.2;1527.27,1291.48;1502.03,1317.84;1485.49,1343.41;1476.63,1350.67;1464.31,1353.83;1443.74,1377.02;1444.16,1387.97;1446.13,1402.39;1453.44,1419.97;1460.35,1426.48;1472.2,1431.42;1476.15,1438.73;1476.55,1442.48;1476.94,1456.11;1479.59,1469.66;1478.2,1480.13;1465.54,1495.1;1456.26,1503;1452.11,1504.97;1443.03,1504.97;1435.72,1502.21;1435.53,1496.28;1430,1494.51;1421.5,1499.05;1420.3,1519.11;1394.92,1541.43;1385.34,1439.33
187	210030000	0	16	68642	10.42,210.42;2353.91,824.9;2360.44,809.34;2385.59,803.22;2402.27,809.2;2414.91,823.51;2411.16,849.5;2397.96,864.23;2377.53,864.23;2360.02,854.92;2353.35,842.27
188	210030000	0	15	68644	50.47,200.47;2053.16,587.53;2075.8,566.89;2109.76,591.14;2142.95,625.16;2158.02,661.24;2146.13,685.91;2124.69,690.56;2110.72,683.91;2096.76,654.66;2090.95,645.69;2075.2,622.98
189	210030000	0	17	68646	77,377;1421.41,1629.9;1471.48,1671.57;1459.83,1715.23;1484.97,1746.44;1544.62,1766.69;1595.58,1799.67;1646.37,1810.64;1775.31,1828.15;1847.13,1825.73;1909.89,1840.93;1961.86,1814.95;1995.15,1789.19;2065.4,1669.27;2093.47,1474.71;1999.94,1320.88;1925.86,1273.27;1733.5,1205.51;1614.22,1237.64;1620.24,1260.31;1605.3,1278.76;1594.59,1279.27;1586.7,1266.05;1581.35,1265.63;1574.18,1270.01;1571,1275.59;1568.61,1280.36;1569.79,1293.06;1561.96,1297.55;1546.8,1290;1536.58,1288.25;1526.8,1289.53;1518.24,1297.99;1500.86,1316.42;1483.99,1341.93;1475.14,1349.51;1467.18,1351.43;1464.72,1352.06;1443.2,1376.35;1442.95,1388.43;1444.76,1403.45;1447.02,1409.39;1452.55,1421.63;1459.79,1427.87;1471.31,1432.89;1474.28,1438.42;1475.07,1442.37;1475.07,1455.8;1477.83,1470.21;1476.84,1478.7;1462.88,1495.57;1456.35,1501.68;1453.51,1502.63;1451.03,1503.46;1442.53,1503.35;1436.82,1501;1436.35,1494.65;1429.54,1493.01;1420.37,1498.41;1418.82,1518.36;1394.62,1539.04
190	210030000	0	19	68648	30,270;1410.93,1773.53;1426.78,1762.32;1438.53,1767.74;1458.7,1793.93;1458.4,1840;1445.75,1848.43;1446.96,1861.98;1455.09,1870.11;1481.72,1872.06;1491.96,1877.18;1523.87,1864.23;1549.17,1876.28;1552.72,1891.21;1563.86,1896.33;1567.18,1896.03;1588.19,1871.23;1609.27,1881.77;1600.84,1895.62;1603.24,1911.28;1606.56,1918.2;1618.6,1917.9;1626.43,1904.05;1641.18,1903.45;1649.62,1915.05;1650.69,1924.34;1664.27,1937.74;1674.49,1955.63;1688.69,1958.75;1691.81,1979.2;1707.43,1985.16;1698.91,1997.08;1701.18,2017.81;1675.63,2040.81;1676.2,2060.4;1693.23,2076.87;1718.22,2090.22;1719.69,2109.14;1721.2,2114.97;1717.77,2120.8;1718.28,2129.37;1732.34,2142.23;1747.65,2160.68;1752.96,2170.11;1751.69,2211.16;1672.12,2216.64;1669.38,2222.54;1663.64,2227.24;1664.94,2247.07;1657.42,2262.27;1656.18,2271.73;1638.4,2269.88;1588.11,2304.25;1559.91,2314.55;1554.08,2324.12;1532.61,2334.85;1530.93,2342.39;1532.33,2344.77;1528.78,2348.24;1529.23,2350.04;1525.18,2352.74;1519.34,2353.19;1517.54,2349.82;1515.52,2350.49;1507.42,2359.03;1486.29,2357.01;1478.49,2324.58;1478.56,2309.57;1473.7,2293.9;1455.55,2281.51;1443.14,2280.93;1432.21,2273.06;1425.37,2273.06;1418.12,2278.7;1394.65,2278.89;1381.75,2292.04;1378.27,2314.48;1356.17,2317.39;1346.47,2293.47;1358.18,2280.89;1367.79,2263.97;1370.91,2256.38;1371.3,2234.18;1353,2206.88;1350.37,2205.96;1348.09,2205.96;1346.83,2206.42;1344.54,2205.73;1341.57,2205.39;1339.02,2205.88;1332.45,2202.33;1331.53,2201.64;1331.22,2200.64;1330.53,2198.95;1329.53,2197.72;1328.08,2196.65;1327.31,2195.19;1326.24,2193.19;1325.77,2191.35;1325.69,2188.25;1323.77,2178.79;1324.61,2176.18;1324.19,2172.81;1325.11,2169.72;1324.32,2166.67;1331.67,2157.62;1335,2144.72;1347.36,2134.09;1353.19,2122.52;1358.83,2114.02;1366.63,2106.25;1385.32,2098.88;1400.65,2090.55;1417.68,2082.23;1420.9,2082.79;1423.92,2086.39;1427.71,2081.85;1435.66,2071.63;1441.95,2064.44;1443.66,2058.38;1449.94,2056.59;1449.37,2049.77;1448.24,2045.42;1445.02,2043.34;1442.37,2038.61;1440.67,2026.12;1442.18,2022.9;1445.59,2021.01;1445.34,2013.17;1435.32,2006.55;1425.72,1996.35;1406.53,1979.81;1401.07,1978.9;1374.43,1952.61;1373.52,1947.76;1365.63,1937.29;1355.19,1927.82;1354.81,1923.84;1352.92,1915.89;1353.49,1907.38;1356.14,1903.97;1360.36,1891.16;1356.26,1887.97;1356.26,1883.87;1362.03,1877.04;1359.9,1864;1362.18,1854.28;1366.58,1851.25;1370.07,1845.33;1370.41,1844.13;1372.99,1834.42;1374.36,1826.98;1377.66,1820.46;1380.09,1817.12;1391.92,1813.63;1393.14,1810.29;1392.68,1805.13;1397.22,1793.75;1404.42,1780.84
191	210030000	0	17	68650	116,296;2217.51,1115.79;2169.51,1166.87;2137.33,1227.18;2133.75,1253.82;2145.42,1286.02;2182.9,1329.52;2228.36,1360.72;2277.85,1361.18;2311.28,1358.47;2352.59,1343.07;2366.07,1349.37;2369.74,1360.22;2362.11,1370.71;2345.93,1379.47;2317.17,1382.16;2310.14,1451.02;2342.64,1491.32;2383.39,1493.97;2386.04,1510.87;2382.87,1530.49;2394.53,1540.6;2399.12,1562.77;2424.65,1562.01;2443.29,1581.61;2443.13,1595.83;2445.35,1601.21;2447.72,1608;2451.38,1617.73;2454.1,1625.02;2495.68,1623.45;2498.88,1620.2;2502.49,1617.8;2507.21,1585.87;2502.28,1562.94;2505.28,1531.44;2475.07,1528.44;2447.7,1528.47;2444.05,1517.53;2450.02,1493.35;2453.66,1482.08;2450.58,1469.98;2368.41,1431.55;2371.72,1417.96;2398.39,1413;2425.56,1403.06;2447.09,1372.9;2445.77,1357.33;2438.15,1356.67;2436.32,1347.01;2444.77,1342.75;2447.43,1335.46;2446.76,1319.89;2441.51,1314.33;2407.39,1322.94;2397.18,1317.01;2395.91,1293.91;2419.49,1274.97;2441.55,1210.55;2437.7,1197.25;2447.27,1189.88;2463.84,1190.54;2466.16,1196.84;2470.31,1207.98;2536.59,1221.28;2549.13,1217.61;2557.45,1203.83;2548.18,1185.77;2568.09,1156.89;2557.5,1132.33;2530.55,1136.13;2509.16,1110.68;2466.55,1123.83;2448.18,1145.62;2452.24,1163.69;2448.18,1169.22;2436.38,1170.7;2426.79,1165.17;2408.35,1131.6;2430.48,1110.58;2429.74,1096.93;2422.73,1068.53;2404.69,1060.23;2386.07,1053.02;2369.11,1048.96;2348.45,1049.81;2338.86,1065.3;2320.05,1063.83;2313.04,1055.34;2281.88,1083.27;2284.27,1094.81;2277.49,1099.97
192	210030000	1	8	72182	119.81,124.81;1701.52,1532.86;1695.77,1521.9;1697.88,1520.8;1695.56,1516.56;1695.57,1515.57;1699.85,1513.31;1700.81,1513.75;1703.09,1518.03;1704.21,1517.52;1706.19,1521.18;1709.67,1519.25;1712.56,1524.54;1708.94,1526.46;1710,1528.41
193	210030000	1	8	72183	116.25,136.21;1703.3,1476.25;1696.47,1468.99;1703.89,1461.81;1700.38,1457.63;1718.5,1440.61;1733,1456.18;1714.95,1473.26;1710.89,1468.88
194	210030000	1	8	72184	110.62,121.97;2076.06,600.33;2086.45,591;2103.17,609.41;2103.21,615.31;2102.58,616.4;2099.59,619.12;2098.47,619.55;2092.99,618.91
195	210030000	1	8	72185	101.25,111.06;1137.38,1862.95;1151.7,1854.8;1155.15,1855.18;1157.02,1858.25;1155.71,1861.63;1141.33,1869.81;1137.78,1869.29;1136.02,1866.24
196	210030000	1	8	72186	120.74,125.74;1647.57,1453.52;1646.4,1451.71;1654.45,1446.8;1660.76,1457.35;1658.74,1458.57;1661.3,1462.79;1660.87,1464.59;1657.96,1466.27;1656.21,1465.72;1653.69,1461.59;1652.68,1462.21;1650.54,1458.61;1647.1,1460.69;1644.11,1455.64
197	210030000	1	8	72187	116.25,126.7;1678.27,1540.83;1676.28,1525.41;1689.74,1523.78;1691.6,1539.24
198	210030000	1	8	72188	121.76,126.42;1669.24,1435.66;1682.89,1433.27;1685.71,1450.28;1682.04,1450.89;1682.78,1455.66;1682.01,1456.84;1677.96,1457.58;1676.74,1457.19;1675.88,1451.92;1672.34,1452.58
199	210030000	1	8	72189	119.69,125.59;1628.63,1489.73;1628.59,1486.42;1629.39,1484.94;1632.7,1483.04;1641.83,1480.98;1643.69,1481.59;1644.72,1484.03;1644.07,1485.47;1636.58,1491.1;1633.35,1492.54;1631.25,1492.24;1628.59,1489.73
200	210030000	1	8	72190	121.1,128.96;1727.97,1499.51;1710.94,1499.36;1711.09,1488.14;1728.12,1488.19;1728.12,1499.41
201	210030000	1	8	72191	144.5,151.85;1328.99,2248.72;1331.78,2245.88;1337.67,2250.73;1339.47,2251.16;1341.99,2253.62;1340.83,2258.39;1336.39,2259.37;1333.47,2256.46;1333.34,2254.84
202	210030000	1	8	72192	149.06,156.3;1265.77,2150.49;1276.26,2146.3;1281.27,2159.45;1278.24,2160.63;1280.1,2165.45;1275.52,2167.06;1273.75,2162.4;1270.67,2163.62
203	210030000	1	8	72193	97.5,110.44;2102.69,642.73;2102.1,635.01;2092.96,624.53;2093.05,618.92;2079.63,603.99;2089.69,594.77;2103.36,609.27;2110.32,609.61;2121.13,621.85;2125.41,622.19;2134.88,632.75;2111.74,653.38
204	210030000	1	8	72194	149.06,160.07;1236.14,2167.09;1247.57,2157.16;1259.04,2170.38;1256.23,2172.95;1260.53,2177.77;1255.17,2182.79;1250.68,2177.93;1247.69,2180.42
205	210030000	1	8	72173	101.14,140.39;2374.56,845.67;2371.27,842.69;2375.23,838.12;2373.04,832.21;2375.11,826.73;2380.22,823.56;2386.01,823.99;2390.52,827.76;2391.98,833.43;2389.79,838.97;2384.73,841.96;2378.52,841.16;2374.44,845.67
206	210040000	0	18	68652	100,700;2050.42,1861.95;2204.63,1913.82;2227.38,1912.27;2246.01,1879.63;2263.08,1860.96;2266.36,1804.97;2278.5,1790.57;2300.1,1781.23;2317.72,1749.69;2369.11,1750.05;2400.23,1762.72;2419.77,1791.67;2453.91,1789.61;2548.12,1783.48;2557.46,1791.82;2639.18,1791.51;2676.38,1791.83;2842.54,1743.54;2938.01,1959.66;2845.53,2127.88;2841.96,2149.86;2772.66,2265.28;2709.77,2300.36;2657.12,2319.1;2611.67,2278.26;2559.96,2242.96;2533.61,2265.67;2503.79,2236.46;2361.04,2269.56;2218.38,2333.74;2183.25,2309.91;2134.64,2258.41
207	210040000	0	15	68654	100,700;201.35,1976.96;191.45,1984.97;184.54,1995.81;180.77,2002.88;171.03,2010.42;168.83,2017.81;171.34,2037.13;179.51,2050.17;201.51,2065.88;209.05,2064.62;221.3,2057.87;236.23,2044.83;232.77,2027.23;235.28,2022.99;232.93,2007.12;243.61,1982.14;240.15,1979.63;225.23,1977.12;221.17,1977.02;221.66,1967.22;224.36,1960.11;224.11,1943.2;226.81,1935.6;236.61,1931.92;241.76,1914.77;231.46,1890.99;224.07,1889.12;207.41,1887.4;196.38,1883.48;192.95,1878.34;155.69,1882.26;147.11,1889.61;146.38,1923.92;153,1930.54;172.11,1932.25;178.73,1940.1;188.29,1953.09;197.6,1956.76;201.52,1967.3
208	210040000	0	16	68656	1,700;2080.84,2390.74;2066.37,2505.92;2021.93,2536.4;1917.87,2514.15;1853.06,2524.97;1811.25,2653.55;1920.8,2728.23;2260.72,2752.99;2352.74,2698;2440.74,2718.88;2478.36,2709.31;2487.28,2670.15;2474.45,2657.83;2448.33,2653.81;2442.32,2642.97;2470.07,2588.49;2488.65,2481.68;2409.31,2435.13;2449.65,2410.96;2392.49,2367.63;2349.44,2401.18;2235.92,2383.91;2180.36,2356.94;2131.3,2345.97
209	210040000	0	15	68658	100,700;1111.61,1678.81;1105.21,1682.01;1103.48,1688.66;1106.68,1695.23;1106.77,1705;1113.17,1711.65;1120.81,1713.21;1125.57,1710.67;1128.52,1704.75;1128.03,1691.21;1122.94,1683.24;1117.69,1679.06
210	210040000	0	16	68660	100,700;2319.72,365.71;2369.28,220.99;2490.21,230.9;2599.25,234.87;2680.53,333.99;2691.09,461.95;2643.68,477.47;2616.19,518.61;2598.83,548.86;2556.7,574.47;2506.07,561.98;2416.6,498.58;2334.26,454.76
211	210040000	0	16	69769	100,150;456.91,1016.84;457.07,1065.62;556.7,1065.48;556.89,1016.68
212	210040000	0	16	69770	100,150;358.75,652.24;359.2,753.92;402.85,753.92;402.4,652.24
213	210040000	0	16	68662	100,700;2115.28,1444.09;2120.81,1531.92;2164.44,1603.52;2208.3,1667.78;2311.24,1723.31;2456.96,1786.34;2548.54,1781.73;2568.9,1799.77;2637.59,1799.98;2637.81,1747.71;2660.1,1723.59;2659.46,1658.35;2667.66,1639.13;2678.47,1621.2;2673.05,1469.82;2587.86,1442.48;2556.88,1396.05;2511.89,1358.63;2474.76,1364.11;2459.23,1374.02;2478.95,1395.39;2468.37,1409.43;2459.21,1410.88;2452.11,1420.94;2391.08,1401.41;2220.27,1421.72
214	210040000	0	15	68664	100,700;1679.75,2500.62;1654.9,2520.16;1652.88,2524.62;1652.99,2533.33;1651.08,2535.66;1651.19,2538.53;1652.99,2538.96;1652.88,2546.18;1656.6,2564.65;1670.51,2573.89;1695.04,2571.66;1705.13,2545.86;1687.18,2503.06;1684.74,2501.47
215	210040000	0	15	68666	50,700;1441.16,2751.89;1451.28,2698.51;1471.82,2681.28;1474.26,2595.44;1721.01,2588;1772.07,2609.03;1770.86,2715.78;1754.87,2842.98;1663.01,2847.01;1617.28,2853.41;1567.86,2852.14;1524.38,2830.71;1484.65,2792
216	210040000	0	15	68668	100,700;1997.68,1374.1;1988.23,1384.51;1988.71,1400.17;1996.25,1411.18;1996.81,1417.86;1991.02,1423.69;2015.03,1445.62;2019.43,1441.53;2021.14,1435.62;2029.66,1425.28;2030.08,1425.18;2044.84,1425.23;2051.2,1428.8;2068.6,1409.36;2044.55,1397.52;2039.05,1389.15;2038.45,1374.56;2031.99,1367.62;2015.37,1366.78;2005.68,1374.56
217	210040000	0	15	68670	50,700;219.86,2914.27;255.5,2872.99;271.57,2851.56;270.59,2826.8;256.9,2817.71;259.91,2788.68;263.73,2778.6;302.62,2761.91;327.08,2759.17;348.86,2760.57;397.64,2767.88;412.97,2771.84;429.99,2779.39;470.29,2799.61;494.08,2821.31;561.72,2826.83;596.11,2823.61;622.42,2810.31;659.08,2826.12;666.7,2817.73;672.79,2818.88;676.25,2828.38;694.91,2847.86;730.48,2848.59;775,2848.98;783.79,2855.15;806.49,2880.12;824.44,2905.36;840.05,2927.69;833.42,3027.07;251.16,3062.41;182.28,2985.09;200.39,2915.05
218	210040000	0	15	68672	50,700;583.87,168.69;580.03,200.49;610.69,318.58;639.32,336.38;672.3,377.01;719.83,375.36;748.23,386.4;793.12,441.73;832.98,442.06;881.22,437.55;892.07,425.13;890.74,396.9;891.59,354.62;889.35,331.3;876.93,307.04;866.7,290.41;793.68,207.64;709.3,161.46;632.7,154.82
219	210040000	0	19	68674	100,700;2358.14,2355.88;2507.12,2247.11;2524.01,2258.65;2545.41,2240.93;2581.45,2239.9;2618.8,2264.44;2629.22,2293.19;2659.06,2317.19;2714.02,2295.62;2755.73,2264.63;2826.2,2148.62;2911.07,2065.23;2960.44,2069.05;3027.33,2092.26;3038.11,2131.89;3014.29,2176.42;2989.09,2660.72;2625.5,3063.69;2348.78,3019.6;2407.3,2784.45;2445.89,2735.68;2455.8,2714.69;2473.22,2710.16;2483.95,2666.73;2474.56,2657.64;2448.74,2653.49;2442.88,2643.26;2473.21,2588.65;2475.29,2439.7
220	210040000	0	16	68676	50,700;740.11,2108.73;788.84,2021.7;994.28,1983.73;1004.09,1969.58;1023.01,1956.3;1041.72,1955.9;1052.59,1962.06;1178.8,1897.99;1332.59,1941.37;1390.34,2018.34;1399.11,2039.35;1300.63,2214.61;1098.61,2319.68;1098.35,2305.56;1049.29,2287.42;1022.48,2325.06;998.11,2330.32;988.97,2329.77;975.4,2327.28;976.23,2323.68;988.42,2313.98;989.53,2281.58;991.41,2259.44;1001.77,2235.49;976.84,2224.41;962.44,2213.89;946,2210.33;936.96,2196.97;918.17,2183.84;901.5,2184.64;883.44,2198.14;864.17,2225.96;766.1,2227.94
221	210040000	0	16	68678	100,700;2854.48,2290.14;2841.86,2300.85;2848.09,2316.66;2848.57,2324.17;2845.53,2335.36;2839.14,2346.86;2840.1,2356.77;2846.01,2363.32;2867.26,2360.76;2876.85,2369.87;2888.35,2375.78;2909.28,2356.29;2914.55,2336;2907.37,2316.18;2908.32,2297.49;2902.09,2293.18;2891.23,2293.18;2878.93,2309.47;2870.14,2308.99
222	210040000	0	16	68680	100,150;292.2,299.24;292.79,348.94;343.88,347.36;343.88,343.49;388.75,343.39;394.42,337.07;394.07,304.44;387.44,297.62;341.85,301.34;341.82,296.69
223	210040000	0	17	68682	50,700;1741.99,2129.77;1750.9,2110.4;1779.62,2092;1835.75,2103.37;1846.12,2137.08;1876.33,2167.28;1889.32,2230.36;1879,2271.27;1767.97,2617.73;1717.46,2599.78;1469.27,2606.74;1340.47,2558.56;1332.97,2500.95;1323.91,2497.07;1304.66,2482.74;1295.78,2474.64;1287.3,2464.66;1279.99,2451.52;1274.28,2432.75;1272.96,2409.73;1275.39,2389.67;1283.16,2371.78;1270.8,2381.56;1251.23,2386.28;1210.21,2397.49;1204.35,2395.5;1202.1,2385.33;1206.63,2356.47;1221.85,2341.61;1236.59,2331.52;1276.75,2325.22;1297.27,2309.77;1326.64,2291.12;1348.58,2289.69;1385.25,2263.5;1464.24,2269.78;1505.63,2272.31;1540.87,2227.47;1567.9,2195.53;1589.66,2186.75;1606.31,2179.25;1609.74,2167.32;1658.64,2166.83;1659.18,2171.34;1705.69,2162.55
224	210040000	0	21	69771	50,700;138.48,439.66;262.59,166.63;458.9,94.42;542.39,175.65;544.92,401.89;560.44,419.35;553.12,489.26;658.46,715.32;694.84,764.39;694.59,802.63;696.69,804.99;696.29,812.46;707.56,813.9;719.62,821.63;721.06,827.27;726.43,831.07;728.19,838.42;742.21,843.93;755.58,853.36;776,861.25;779.8,875.54;780.07,879.6;774.69,883.66;770.24,883.4;764.34,886.41;746.12,885.08;738.13,878.4;716.16,884.59;709.3,887.18;697.75,899.4;699.59,903.46;655.71,950.94;670.74,992.7;678.27,993.97;679.3,997.89;683.01,998.92;683.49,1004.25;686.31,1005.41;680.45,1010.53;678.98,1009.86;674.56,1014.7;676.1,1015.5;665.66,1026.73;656.73,1027.17;655.32,1060.19;658.36,1059.31;661.41,1057.19;665.53,1057.31;678.12,1065.31;678.7,1074.48;674.47,1096.36;623.78,1109.18;593.73,1112.52;594.95,1092.34;594.83,1084.49;555.02,1085.37;553.34,1092.41;551.61,1096.05;551.72,1119.41;552.69,1143.36;547.12,1152.05;529.56,1160.92;522.43,1161.79;477.57,1104.15;434.01,1083.88;420.91,1094.89;377.68,1096.31;344.4,1140.22;343.82,1161.7;344.21,1172.34;340.14,1185.88;329.7,1187.04;323.76,1178.64;319.12,1167.22;320.67,1148.07;316.03,1141.88;309.45,1142.85;308.87,1130.85;311.94,1127.18;313.11,1110.71;271.93,1101.88;231.07,1117.89;215.54,1102.24;210.06,1087.93;190.87,1086.1;181.74,1062.34;175.34,1060.52;173.21,1086.4;161.94,1087.01;152.8,1077.88;129.05,1081.53;118.39,1090.06;114.73,1114.42;101.37,1117.83;87.97,1115.34;82.75,1107.89;66.36,1021.48;141.35,954.67;129.45,696.9
225	210040000	0	18	68684	1,700;933.38,2287.9;970.88,2325.54;989.43,2329;997.92,2329;1021.82,2323.34;1050.03,2286.57;1052.44,2280.61;1100.4,2298.69;1096.92,2312.15;1096.92,2320.33;1129.31,2320.01;1152.58,2317.18;1159.18,2322.84;1170.18,2340.77;1177.74,2353.84;1206.82,2355.74;1202.2,2384.02;1204.41,2394.46;1209.51,2396.6;1252.57,2384.42;1265.26,2378.68;1278.97,2370.31;1298.14,2369.9;1287.43,2388.51;1283.26,2409.21;1284.69,2429.78;1291.2,2447.7;1302.7,2466.36;1321.75,2481.3;1338.37,2491.92;1345.96,2557.76;1277.58,2583.69;1233.61,2620.55;1250.93,2669.4;1287.42,2712.61;1302.31,2760.67;1276.79,2842.34;1295.5,2865.74;1271.68,2897.64;1224.89,2839.37;1210.25,2835.35;1187.04,2821.5;1137.33,2590.54;959.86,2537.49;892.44,2581.03;885.88,2526.03;883.66,2509.58;879.27,2495.73;868.78,2478.56;857.18,2468.53;845.89,2461.48;830.84,2454.88;810.68,2452.6;782.42,2453.42;772.96,2423.49;771.69,2404.87;778.52,2363.81;859.68,2251.36
226	210040000	0	15	68686	80,700;708.76,583.89;701.76,590.69;701.28,605.33;698.93,608.19;697.28,613.26;685.07,640.71;686.43,656.1;693.82,659.58;723.79,659.41;731.37,654.7;741.5,636.61;738.77,622.22;730.5,612.47;730.55,596.37;722.06,586.91;714.95,581.45;711.73,581.5
227	210040000	0	15	68688	140.67,740.67;1723.05,230.31;1660.5,262.46;1651.09,342.46;1652.52,412.43;1660,425.91;1669.65,430.34;1673.87,448.62;1691.48,479.47;1825.7,559.77;1969.49,567.1;1980.39,539.87;1947.71,512.02;1883.98,460.19;1769.96,408.53;1768.04,311
228	210040000	0	15	69772	50,700;1104.87,69.28;1027.5,146.65;931.97,351.92;969.87,433.28;997.52,433.99;1023.96,426.78;1060.04,428.53;1061.57,453.97;1064.72,470.56;1082.43,484.28;1104.44,489.24;1111.1,484.02;1122.88,481.52;1143.53,478.23;1161.74,472.35;1235.48,470.38;1248.62,435.94;1336.67,436.07;1359.9,418.01;1399.22,412.05;1458.83,434.89;1474.19,431.14;1487.61,410.28;1489.18,374.64;1474.34,349.48;1474.34,268.35;1462.75,197.15;1399.6,148.8;1301.75,65.38
229	210040000	0	15	68690	50,700;1073.35,1355.36;1071.2,1358.24;1101.58,1300.87;1100.06,1265.78;1115.05,1231.69;1119.87,1215.64;1117.38,1211.33;1159.72,1157.08;1164.91,1163;1167.44,1161.13;1188.7,1140.94;1217.52,1126;1260.53,1131.25;1271.24,1148.03;1302.69,1147.97;1315.93,1148.86;1327.5,1208.14;1326,1233;1342.24,1249.24;1352.82,1281.37;1351.11,1307.75;1333.51,1332.59;1333.33,1368.63;1350.47,1389.62;1358.71,1402.97;1399.28,1439.94;1458.74,1439.39;1473.31,1448.2;1511.88,1615.79;1506.55,1613.38;1500.85,1614.32;1496.43,1611.08;1491.41,1611.67;1489.35,1609.01;1476.08,1609.01;1465.16,1619.63;1459.26,1619.34;1454.84,1623.17;1448.06,1623.76;1443.93,1628.19;1440.68,1640.28;1443.93,1643.82;1442.16,1649.42;1441.86,1661.51;1442.45,1682.45;1438.91,1686.88;1446.88,1687.17;1448.97,1684.96;1454.84,1685.11;1455.06,1689.05;1456.24,1698.59;1451.99,1708.46;1453.69,1721.28;1460.23,1726.64;1458.26,1741.94;1455.9,1748.65;1454.05,1749.16;1438.57,1764.81;1432.17,1769.52;1417.63,1768.02;1406.04,1762.57;1402.83,1753.33;1348.48,1821.57;1147.42,1913.85;1137.92,1908.93;1135.33,1899.85;1126.21,1897.94;1123.24,1885;1113.48,1871.43;1111.02,1830.62;1112.02,1814.14;1124.5,1798.91;1140.98,1788.68;1154.4,1775.26;1154.22,1754.53;1150.79,1747.51;1150.48,1737.38;1147.36,1733.95;1143.15,1735.36;1141.75,1724.44;1146.27,1719.46;1146.22,1717.02;1150.12,1710.79;1149.65,1708.92;1144.66,1704.87;1142.48,1699.72;1139.36,1688.81;1142.32,1680.08;1137.14,1667.29;1147.58,1641.11;1152.26,1638.61;1154.86,1632.13;1183.07,1578.97;1181.6,1544.31;1175.25,1536.02;1142.35,1516.83;1154.25,1502.74;1161.49,1502.94;1167.12,1497.3;1176.43,1496.08;1182.87,1489.04;1194.31,1488.73;1196.93,1485.31;1196.12,1476.26;1193.1,1472.24;1193.31,1468.41;1179.26,1467.9;1155.12,1447.38;1143.21,1440.71;1140.8,1428.44;1137.58,1420.79;1129.93,1420.59;1112.95,1394.87
230	210040000	0	16	68692	1,250;2846.1,2478.87;2844.79,2486.81;2842.8,2487.99;2839.71,2486.27;2776.59,2523.16;2773.1,2538.4;2781.6,2578.86;2771.87,2589.69;2780.13,2620.54;2804,2613.56;2828.23,2641.63;2859.45,2604.53;2931.65,2633.72;2935.51,2628.76;2926.7,2599.56;2948.85,2582.09;2947.75,2551.43;2933.8,2534.35;2880.52,2481.37;2857.52,2471.7
231	210040000	0	15	68694	100,700;2173.18,1602.34;2107.96,1633.95;2092.57,1722.33;2142.35,1730.12;2136.31,1840.17;2158.77,1889.91;2201.38,1915.55;2227.38,1913.08;2246.12,1880.53;2263.97,1861.01;2252.73,1761.98;2205.34,1652.18
232	210040000	0	16	68696	100,700;144.75,2410.07;130.57,2429.55;130.25,2443.24;134.71,2455.34;128.66,2469.34;120.7,2492.26;109.24,2494.49;101.81,2506.99;99.06,2544.78;108.93,2555.61;109.56,2568.34;98.1,2577.25;107.17,2593.36;142.14,2596.72;143.65,2589.44;148.3,2583.75;156.67,2583;168.66,2596.18;169.46,2598.3;179.77,2608.61;195.94,2622.31;207.05,2626.66;212.9,2629.92;219.5,2639.85;240.93,2640.62;248.42,2633.65;269.07,2627.15;286.89,2620.74;293.43,2586.39;315.69,2540.27;326.28,2526.44;327.12,2501.17;317.44,2481.02;298.21,2466.31;236.08,2443.62;236.61,2429.78;239.55,2416.13;244.57,2414.16;244.21,2404.66;239.19,2397.31;237.21,2385.83;233.64,2382.65;232.68,2377.87;185.27,2366.99;173.79,2390.29;151.51,2389.01;145.15,2402.06
233	210040000	0	17	68698	50,700;1465.26,1433.86;1471.58,1426.01;1502.45,1372.69;1525.38,1287.4;1580.79,1269.21;1628.19,1249.38;1756.4,1252.26;1811.16,1305.34;2048.08,1368.09;2085.33,1421.39;2122.47,1445.21;2128.32,1554.11;2124.38,1555.7;2104.91,1602;2093.7,1608.79;2061.23,1673.92;1963.92,1724.75;1938.95,1705.95;1890.09,1637.32;1843.35,1592.67;1765.63,1587.26;1758.65,1579.21;1734.49,1553.73;1709.42,1556.68;1687.3,1582.34;1669.6,1582.93;1635.42,1571.42;1622.52,1577.63;1606.66,1574.48;1600.46,1579.59;1590.74,1584.23;1582.43,1591.46;1539.44,1592.66;1537.64,1598.39;1532.08,1604.94;1521.77,1604.77;1519.96,1607.56;1517.04,1608.16;1510.95,1615.41;1507.04,1613.53
234	210040000	0	16	68700	50,700;108.71,1359.66;80.28,1267.43;86.39,1226.28;89.65,1122.38;101.87,1116.68;112.47,1115.46;117.76,1089.79;127.54,1081.23;151.99,1077.57;160.95,1085.71;162.18,1086.84;172.24,1086.03;175.26,1060.48;181.7,1061.69;190.95,1085.63;210.57,1087.7;215.82,1102.02;231.34,1117.54;272.08,1101.38;313.96,1110.82;312.19,1127.04;309.25,1131.17;310.43,1142.38;315.44,1141.49;321.63,1147.69;319.6,1167.46;324.32,1178.67;329.63,1186.93;340.24,1185.45;343.78,1171.59;343.78,1139.95;377.43,1095.64;420.54,1094.32;433.76,1083.46;477.88,1103.66;522.53,1161.5;528.46,1160.84;546.72,1151.82;552.22,1143.91;550.68,1096.4;553.1,1092.22;595.04,1092.05;594.3,1112;622.01,1108.7;668.64,1095.95;684.15,1116.94;714.44,1121.3;739.79,1083.69;782.2,1100.24;782,1145.5;785.4,1151.33;796.06,1151.33;801.49,1145.1;815.57,1148.52;820.81,1154.15;819.4,1167.63;899.89,1249.33;890.83,1339;732.42,1435.54;723,1435.54;673.71,1566.91;664.07,1591.09;660.55,1586.02;517.02,1532.72;454.27,1541.9;257.41,1532.14;240.97,1519.42;192.74,1442.59;113.47,1437.34
235	210040000	0	21	68702	100,700;1972.87,416.53;2074.06,360.25;2158.4,352.33;2235.43,423.12;2368.61,497.43;2354.83,526.53;2343.79,541.11;2335.36,544.53;2323.09,546.79;2292.24,591.93;2304.58,636.24;2310.47,638.6;2299.33,688.62;2299.01,754.68;2299.18,811.01;2171.89,1003.7;1977.61,1014.79;1864.4,1049.59;1803.11,1154.26;1685.05,1222.45;1632.77,1214.99;1597.93,1200.27;1572.49,1117.58;1617.78,1031.65;1728.12,732.95;1819.85,706.58;1931.17,568.27;1953.19,567.32;1959.49,569.84;1976.61,531.27;1970.71,527.52;1970.5,501.85;1948.09,494.05;1970.7,459.43
236	210040000	0	16	69773	250,700;2240.61,600.64;2236.31,604.38;2234.41,610.04;2236.68,615.37;2240.95,618.82;2248.05,618.63;2252.34,613.77;2252.27,607.07;2248.29,601.5
237	210040000	0	16	69774	130,180;203.34,563.92;194.89,609.54;243.89,640.67;255.32,656.18;300.46,657.44;315.33,573.82;302.18,564.29;262.38,555.77;258.15,574.18
238	210040000	0	15	68704	100,700;100.76,1652.28;106.92,1599.33;120.11,1545.36;173.15,1443.23;196.92,1442.36;244.03,1518.16;258.84,1532.73;266.15,1544.06;269.58,1573.32;262.77,1586.36;264.37,1601.14;261.65,1639.04;256.08,1645.12;255.07,1652.08;249.69,1697.76;194.44,1702.18;142.51,1710.32
239	210040000	0	17	68706	50,700;258.25,1528.64;258.41,1533.58;265.12,1544.06;268.89,1572.86;262.34,1586.29;264.02,1602.66;261,1638.56;256,1644.56;254.28,1652.83;254.44,1652.99;252.64,1654.14;247.08,1698.33;174.37,1707.06;176.33,1768.7;243.76,1850.67;339.03,1887.02;355.6,1955.97;366.18,1989.47;378.85,1998.93;390.72,2021.86;401.79,2035.54;430.16,2032.73;438,2037.96;450.29,2042.39;466.19,2044.61;510.44,1985.32;511.04,1979.28;510.44,1967.61;510.37,1961.06;517.28,1955.94;578.7,1930.31;582.4,1931.91;673.89,1945.34;688.21,1956.8;743.26,2016.02;788.09,1893.47;782.1,1854.31;736,1849.54;670.23,1728.61;701.78,1664.78;699.28,1649.27;674.45,1630.9;661.27,1585.14;515.53,1531.56;454.81,1537.04
240	210040000	0	20	68708	50,700;120.14,1863.2;218.18,1789.36;249.66,1845.04;344.63,1882.75;358.1,1942.91;368.77,1981.74;386.12,1999.41;396.59,2018.93;401.82,2026.78;406.96,2028.24;431.1,2025.43;442.57,2033.07;451.42,2035.08;463.55,2037.78;500.98,1987.81;504.61,1990.03;509.64,1983.59;509.64,1960.05;520.15,1952.81;521.99,1952.7;528.23,1950.69;529.23,1949.28;577.49,1927.46;583.32,1930.68;588.2,1931.11;674.37,1943.57;700.87,1964.58;727.94,1993.84;780.14,2049.79;739.76,2120.96;735.18,2143.34;608.39,2353.67;521.7,2374.86;348.43,2369.66;228.65,2329.69;39.95,2340.28;114.65,2147.81
241	210040000	0	15	69775	100,700;1667.94,96.09;1668.4,136.59;1715.63,136.6;1715.86,95.86
242	210040000	0	19	68710	50,700;331.53,2362.97;538.13,2369.96;726.3,2350.85;756.86,2429.97;771.21,2439.05;783.31,2437.55;800.5,2437.72;811.02,2440.48;824.36,2444.52;835.93,2449.39;851.21,2461.02;861.8,2473;871.93,2488.94;877.9,2505.81;881.97,2524.3;891.13,2605.76;817.3,2632.82;782.79,2704.06;797.65,2772.17;796.7,2797.72;781.88,2806.33;779.42,2851.22;774.28,2850;694.44,2848.18;675.84,2828.44;672.26,2819.06;667.05,2818.13;659.42,2826.71;637.34,2817.85;598.85,2832.36;556.09,2839.91;531.24,2835.94;493.41,2834.36;462.66,2810.53;441.6,2799.84;411.29,2785.98;392.84,2778.24;351.95,2772.97;330.15,2771.54;310,2777.43;269.83,2795.24;262.23,2818.22;271.39,2826.12;272.5,2851.45;266.74,2859.45;231.5,2903.34;231.73,2910.23;227.4,2914.81;107.95,2913.5;25.02,2829.07;26.38,2423.4;89.84,2271.61
243	210040000	0	18	68712	50,700;656.69,418.35;639.03,487.34;679.74,662.68;679.59,668.96;684.12,678.01;710.4,679.76;723.98,670.86;727.48,677.67;762.54,786.58;820.23,813.44;995.12,811.58;1020.47,752.36;1019.73,656.16;1006.11,596.88;989.87,540.73;939.65,503.96;857.95,499.13;788.49,460.04;742.43,407.3;696.42,399.22
244	210040000	0	17	69776	50,700;821.75,2624.65;920.46,2580.13;933.68,2564.75;982.71,2540.23;1040.32,2548.81;1075.78,2580.18;1128.48,2624.92;1161.85,2681.72;1180.22,2751.85;1187.93,2807.2;1200.71,2823.32;1226.04,2829.65;1260.19,2870.13;1274.74,2925.08;1254.1,2996.61;1152.3,3022.06;917.27,3070.71;832.14,3026.53;839.37,2926.94;806.58,2880.53;784.06,2855.87;777.64,2850.76;780.07,2806.31;796.76,2798.18;810.91,2699.76
245	210040000	0	15	68714	50,700;832.67,854.88;778.59,887.33;727.76,937.62;740.91,1068.4;800.87,1101.85;868.16,1149.72;900.21,1201.1;960.74,1183.62;1051.7,1174.97;1085.36,1081.74;1066.36,986.76;1009.03,910.69;988.54,859.33
246	210040000	0	15	68716	100,700;901.65,2183.62;883.29,2196.87;863.3,2225.76;859.91,2249.62;881.68,2270.62;917.22,2289.12;919.89,2285.96;942.1,2245.12;947.42,2210.23;937.43,2196.26;918.86,2183.27
247	210040000	0	16	69777	100,150;264.4,503.32;264.65,549.51;351.25,559.17;361.08,549.51;361.95,505.95;353.96,496.55
248	210040000	0	19	68718	50,700;1359.09,1845.11;1351.12,1831.04;1346.27,1814.26;1400.39,1746.35;1406.64,1762.43;1417.88,1767.72;1431.77,1769.4;1437.31,1765.63;1453.2,1750.25;1456.12,1748;1457.8,1742.52;1460.13,1726.66;1453.4,1721.27;1451.6,1708.41;1456.24,1698.1;1454.74,1689.72;1454.48,1685.64;1449.24,1685.31;1446.95,1687.28;1438.6,1687.28;1441.88,1682.86;1441.55,1650.12;1443.98,1644.55;1440.24,1640.96;1443.65,1628.5;1447.42,1623.75;1454.29,1622.93;1458.87,1619.17;1464.6,1619.17;1475.9,1608.86;1489.27,1609.05;1491.57,1611.18;1495.99,1611.02;1500.57,1613.96;1506.79,1613.31;1510.72,1615.27;1516.61,1607.91;1520.18,1607.34;1521.33,1604.72;1531.8,1604.56;1536.72,1597.85;1538.68,1592.44;1582.21,1591.1;1590.93,1584.31;1600.98,1579.32;1606.66,1574.19;1622.07,1577.24;1635.33,1571.02;1669.81,1582.69;1687.06,1582.2;1709.31,1556.29;1734.62,1553.42;1765.8,1586.89;1843.69,1592.58;1890.35,1636.51;1939.41,1705.74;1964.07,1723;1972.49,1717.35;2059.68,1673.64;2074.12,1690.97;2086.39,1724.19;2066.94,1744.84;2041.8,1773.87;2023.55,1775.06;1994.2,1819.39;1922.06,1905.83;1909.33,1930.31;1909.59,1947.44;1882.16,2002.83;1861.45,2057.55;1834.7,2107.01;1775.23,2096.06;1751.7,2110.42;1741.89,2130.47;1710.35,2158.53;1704.96,2163.56;1706.93,2175.26;1661.17,2182.58;1659.21,2170.27;1476.74,2174.54;1387.5,2028.79;1322.92,1942.28
249	210040000	0	16	68720	100,700;164.75,2628.87;137.94,2637.03;108.19,2652.01;109.75,2663.57;105.75,2670.02;105.3,2679.81;105.97,2685.81;104.02,2690.63;103.9,2696.12;108.19,2700.49;105.52,2705.82;104.86,2715.83;102.86,2719.39;104.63,2721.39;105.3,2726.72;111.08,2728.06;113.08,2732.06;110.02,2742.13;121.38,2765.97;144.17,2783.52;155.32,2793.97;167.76,2788.79;188.68,2793.31;192.23,2790.19;195.44,2789.47;209.32,2789.04;216.03,2784;222.23,2781.5;247.71,2771.36;251.24,2761.58;250.75,2747.81;249.89,2738.75;253.69,2732.52;255.32,2722.48;257.76,2720.04;258.03,2716.25;261.82,2711.91;262.11,2696.13;266.42,2691.01;249.31,2656.34;239.87,2641.28;218.4,2640.77;213.18,2631.37;190.08,2626.9
250	210040000	0	20	68722	50,700;922.76,44.83;515.71,146.18;540.54,245.62;542.68,401.38;554.89,414.57;549.12,488.28;529.87,509.89;628.7,659.06;654.7,719.21;692.23,767.65;690.57,801.42;696.12,804.98;695.9,812.94;707.61,814.48;719.33,821.78;720.38,827.66;725.99,831.51;727.73,838.64;741.58,843.99;755.57,854.05;775.87,861.5;779.66,875.83;779.66,879.46;774.23,883.41;770.27,883.24;764.01,886.04;745.89,884.89;738.35,878.18;715.79,884.18;709.36,886.87;703,893.36;697.4,899.26;699.31,903.46;652.22,954.04;665.52,992.64;677.95,993.9;678.84,998.36;682.66,999.12;683.17,1004.59;685.71,1005.36;680.24,1010.32;679.1,1009.56;674.26,1014.77;675.92,1015.54;665.48,1026.61;656.78,1026.9;652.96,1029.07;651.43,1063.33;658.37,1059.75;661.74,1056.93;665.54,1057.58;677.36,1065.28;678.34,1074.4;672.51,1103.37;683.95,1118.01;714.84,1122;740.74,1084.03;766.14,1093.66;782.09,1100.79;781.77,1145.67;785.1,1151.84;796.64,1151.52;802.01,1145.2;815.22,1148.99;820.78,1154.84;818.82,1167.91;920.32,1271.36;1071.86,1358.53;1102.07,1301.04;1100.65,1266.15;1116.08,1231.5;1120.62,1215.18;1160.82,1161.77;1192.11,1141.37;1216.94,1127.77;1259.84,1132.77;1270.99,1139.78;1322.83,1150.59;1397.11,1144.38;1428.17,1165.14;1470.45,1146.24;1479.82,1120.29;1543.21,1102.9;1615.46,1031.7;1724.41,724.78;1789.79,714.93;1810.16,549.61;1690.36,478.84;1672.87,447.83;1668.94,429.58;1659.66,425.34;1651.71,411.55;1650.45,342.02;1658.7,268.16;1739.29,229.64;1783.69,158.83;1762.77,94.25;1719.83,40.44;1637.93,24.01;1499.36,42.86
251	210040000	0	22	68724	100,700;2218.41,109.22;2444.34,67.26;2644.75,79.16;2848.32,163.81;2907.31,340.73;2911.35,490;2890.64,612.57;2770.97,782.49;2665.97,816.2;2477.49,868.49;2313.56,790.5;2292.13,742.29;2297.71,687.33;2307.98,637.17;2298.91,637.3;2285.73,591.65;2321.73,546.46;2325.55,543.02;2336.37,541.5;2366.19,503.38;2286.32,465.81
252	210040000	0	16	68726	100,700;2872.5,2170.66;2866.42,2174.95;2861.46,2175.09;2847.6,2198.01;2845.26,2211.17;2846.09,2227.05;2853.29,2240.36;2853.14,2247.98;2863.49,2250.83;2880.86,2248.9;2913.57,2218.75;2908,2190.8;2898.69,2184.15;2894.51,2162.99;2877.39,2162.56
253	210040000	0	16	68728	50,700;1332.39,1331.83;1350.49,1306.87;1352.18,1281.9;1346.83,1265.79;1341.33,1249.71;1325.03,1232.94;1323.45,1213.92;1311.75,1151.76;1321.42,1148.24;1377.42,1139.71;1418.91,1164.3;1479.99,1135.72;1585.51,1133.5;1600.79,1184.18;1524.06,1285.88;1501.15,1371.3;1471.04,1424.56;1459.47,1440.58;1397.88,1440.8;1358.23,1403.99;1349.28,1390.04;1332.04,1368.97
254	210040000	0	15	68730	100,700;2431.77,1245.12;2343.6,1290.87;2332.09,1344.8;2336.63,1362.37;2357.24,1366.31;2365.11,1374.19;2364.81,1383.28;2371.17,1396.61;2421.47,1399.34;2409.65,1406.91;2403.9,1412.97;2447.04,1426.39;2452.14,1423.57;2453.35,1419.27;2458.98,1410.68;2468.21,1409.95;2480.04,1395.64;2461.77,1375.81;2483.66,1364.8;2501.3,1364.86;2529.81,1386.95;2538.54,1422.25;2548.41,1460.98;2586.91,1497.01;2665.69,1481.95;2670.28,1576.24;2671.24,1612.77;2656.9,1635.49;2648.79,1656.24;2649.49,1733.45;2632.37,1743.98;2632.59,1792.48;2650.54,1792.44;2673.47,1792.06;2702.08,1726.42;2730.74,1701.73;2756.25,1478.4;2789.89,1404;2797.57,1318.54;2759.22,1248.2;2726.79,1225.66;2617.7,1220.11;2473.09,1225.27
255	210040000	0	15	68732	80,700;956.4,680.84;954.63,701.97;957.93,705.03;971.03,705.27;982.72,712.47;990.91,713.19;995.46,718.56;1004.92,709.8;996.98,682.83;992.63,682.61;976.82,676.36;966.79,676.36;960.88,681.08
256	210040000	0	18	68734	50,700;670.44,1631.08;670.94,1563.95;717.53,1436.81;885.6,1336.25;1073.08,1358.58;1083.61,1353.83;1118.31,1388.87;1115.31,1394.37;1130.04,1419.33;1137.78,1420.08;1142.27,1428.56;1144.02,1440.8;1154.75,1446.29;1179.41,1467.09;1193.44,1467.85;1193.95,1472.26;1196.44,1475.69;1197.38,1485.28;1194.9,1488.95;1183.56,1489.35;1176.58,1496.33;1167.47,1497.57;1162.03,1502.9;1154.21,1503.01;1145.62,1512.99;1176.64,1530.37;1176.52,1532.86;1174.99,1534.16;1176.17,1536.41;1181.84,1543.92;1185.75,1582.39;1160.55,1629.2;1156.86,1645.06;1144.68,1665.36;1150.48,1678.7;1156.28,1707.13;1159.57,1710.81;1152.8,1721.05;1159.18,1734.78;1164.79,1749.29;1160.71,1759.57;1163.8,1767.12;1164.77,1783.17;1152.2,1793.42;1131.32,1807.53;1127.64,1807.53;1120.1,1818.36;1120.1,1842.34;1119.52,1859.16;1119.14,1865.93;1136.93,1896.48;1170.28,1904.5;1146.32,1922.95;1054.2,1965.72;1041.45,1957.67;1023.29,1958.01;1005.48,1970.94;995.62,1984.39;898.13,1994.83;858.49,1898.01;778.16,1854.98;734.93,1852.04;668.98,1729.8;700.61,1665.38
257	210040000	1	8	72195	100.89,111.03;461.98,2978.6;466.06,2977.59;479.58,2986.63;492.04,2966.83;480.47,2959.42;477.87,2952.39;466,2944.81;449.91,2970.93
258	210040000	1	8	72196	414.92,420.47;2418.14,358.09;2418.53,354.02;2416.35,353.83;2417.09,344.49;2429.36,345.57;2429.15,347.98;2434.03,348.32;2434.85,348.88;2434.38,353.62;2433.45,354.18;2428.59,353.78;2428.51,354.99;2424.37,354.56;2424.01,358.54
259	210040000	1	8	72197	144.34,162.04;2780.92,1991.22;2781.43,1979.36;2808.97,1969.24;2833.42,1964.3;2854.79,1978.7;2852.78,2005.94;2830.67,2018;2805.79,2008.68
260	210040000	1	8	72198	118.16,122.26;1578.17,2734.57;1577.12,2735.16;1575.71,2739.04;1573.79,2738.45;1572.52,2739.06;1568.51,2750.41;1569.08,2751.83;1577.93,2754.8;1579.25,2754.11;1583.18,2742.76;1582.5,2741.44;1580.5,2740.7;1581.85,2736.68;1581.36,2735.63
261	210040000	1	8	72199	134.44,153.09;2658.24,2303.55;2638.14,2284.93;2641.86,2259.99;2664.71,2245.85;2694.27,2236.88;2703.42,2244.72;2694.15,2272.85;2682.79,2295.18
262	210040000	1	8	72200	121.46,134.52;458.18,1060.66;458.92,1018.73;502.62,1019.36;501.9,1061.19
263	210040000	1	8	72201	127.39,144.59;2232.84,2253.16;2223.81,2251.56;2221.78,2253.42;2218.33,2280.15;2208.06,2281.3;2197.44,2291.92;2193.19,2302.63;2197.09,2314.93;2209.3,2327.14;2221.25,2330.06;2232.93,2322.36;2237.89,2314.31;2242.58,2307.76;2243.11,2298.82;2235.67,2288.91;2234.17,2283.25;2227.35,2281.12;2229.39,2263.6;2233.02,2253.42
264	210040000	1	8	72202	116.09,133.97;307.98,547.23;264.77,546.57;265.56,504.58;309.06,505.3
265	210040000	1	8	72203	126.26,144.66;2326.99,2039.91;2317.14,2033.54;2322.57,2004.42;2331.15,1980.9;2354.58,1969.88;2376.82,1985.83;2375.64,2011.3;2355,2027.77;2327.17,2039.91
266	210040000	1	8	72204	414.58,419.25;2421.76,383.8;2419.11,372.88;2420.06,371.37;2434.22,367.9;2435.75,368.83;2436.41,371.19;2441.12,370.1;2442.46,370.94;2443.3,374.69;2442.8,375.96;2437.82,377.17;2438.28,379.56;2437.34,381.13;2423.27,384.63
267	210040000	1	8	72205	415.05,420.99;2438.77,327.18;2449.08,322.34;2442.03,306.9;2431.69,311.65
268	210040000	1	8	72206	142.44,162.5;2654.44,1879.97;2643.24,1870.8;2637.14,1841.54;2657.12,1815.19;2685.95,1819.55;2701.35,1843.04;2675.3,1876.1
269	210040000	1	8	72207	140.01,163.13;2401.21,2225.08;2396.49,2212.43;2376.28,2208.71;2362.26,2217.76;2352.09,2216.89;2335.72,2227.56;2335.84,2246.54;2350.97,2256.83;2360.77,2265.27;2365.49,2264.52;2374.66,2241.7;2384.71,2248.9;2392.77,2244.68;2400.71,2225.21
270	210040000	1	8	72208	64.13,225.93;1815.65,2554.55;1921.81,2470.76;2041.01,2520.28;2095.86,2446.78;2084.89,2378.77;2138.27,2342.76;2233.69,2369.4;2371.88,2399.44;2420.89,2429.63;2484.86,2524.98;2469.92,2560.86;2437.59,2600.52;2466.2,2686.29;2463.6,2701.87;2292.87,2758.85;2123.71,2751.04;1994.94,2753.93;1925.84,2704.56;1868.82,2698.52;1801.38,2639.85
271	210040000	1	8	72209	141.47,158.52;249.53,617.67;195.83,606.95;204.93,565.11;258,576.87;249.78,618.23
272	210040000	1	8	72210	108.25,133.52;341.19,348.56;297.32,350.77;294.28,299.5;339.31,297.01
273	210040000	1	8	72211	150.73,170.68;2773.59,2370.73;2785.32,2353.01;2799.71,2351.27;2825.01,2367.26;2830.09,2399.94;2806.88,2417.66;2779.3,2412.44
274	210040000	1	8	72173	174.61,202.61;1435.29,1366.63;1432.16,1362.27;1431.98,1356.54;1435.12,1352.45;1440.37,1350.03;1442.02,1343.95;1446.28,1344.89;1444.63,1351.14;1448.53,1356.06;1448.59,1360.61;1445.93,1365.39;1440.92,1368;1435.3,1366.7
275	210040000	1	8	72212	174.3,195.71;2820.32,1810.1;2808.24,1802.05;2800.37,1773.17;2818.57,1745.52;2848.15,1748.14;2864.6,1770.55;2841.15,1805.03;2820.5,1810.45
276	210040000	1	8	72213	152.82,171.66;2288.84,1862.72;2277.75,1835.6;2272.14,1811.33;2285.74,1789.31;2312.76,1790.51;2325.9,1812.07;2317.57,1837.42;2300.71,1862.92
277	210040000	1	8	72214	118.31,123.31;1560.61,2716.8;1554.21,2715.19;1552.56,2715.75;1549.41,2714.28;1548.64,2712.7;1548.6,2709.69;1550.95,2707.38;1552.77,2706.92;1555.71,2708.15;1556.52,2709.55;1562.29,2712.84;1562.99,2714.17;1562.05,2716.52
278	210040000	1	8	72215	164.21,181.91;2950.99,2112.63;2979.14,2104.27;3003.92,2101.09;3024.45,2116.98;3020.48,2143.82;2997.68,2154.41;2973.47,2143.55;2949.69,2124.35
279	210040000	1	8	72216	421.15,436.16;2446.9,269.48;2436.04,236.38;2456.96,229.54;2467.71,262.65
280	210040000	1	8	72217	411.66,417.36;2488.61,427.1;2485.26,426;2483.9,424.45;2483.52,420.71;2485.02,411.28;2486.03,410;2488.7,409.84;2489.98,411;2491.59,418.79;2492.79,420.14;2492.91,423.75;2491.75,425.54
281	210040000	1	8	72218	149.83,169.92;2513.39,2120.4;2483.08,2107.2;2480.6,2078.2;2499.39,2057.8;2537.7,2074.75;2546.62,2094.12;2540.51,2107.09
282	210040000	1	8	72219	122.63,132.02;1641.29,2772.53;1626.22,2772.57;1626.22,2755.05;1630.25,2755.07;1630.27,2747.81;1637.23,2747.78;1637.25,2755.03;1641.2,2755.03
283	210040000	1	8	72220	309.67,331.02;2768.61,1251.81;2733.32,1244.2;2736.32,1219.71;2753.45,1204.31;2777.73,1207.86;2791.2,1237.09
284	210040000	1	8	72221	122.96,140.11;360.25,752.15;360.24,708.46;402.08,708.68;402.22,752.29
285	210040000	1	8	72222	100.82,122.46;484.91,2981.62;484.68,2979.11;488.46,2973.23;490.52,2972.25;493.6,2972.66;514.49,2985.57;507.53,2997.17;486.41,2984.17
286	210040000	1	8	72223	120.88,129.99;133.5,1638.09;127.04,1624.54;142.97,1617.08;144.67,1620.73;151.25,1617.69;154.15,1623.99;147.67,1627.08;149.36,1630.65
287	210040000	1	8	72224	415.61,421.15;2502.11,302.89;2510.28,289.79;2521.68,296.92;2513.59,309.97
288	210040000	1	8	72225	120.08,125.08;1608.95,2699.99;1607.1,2700.2;1604.37,2698.64;1603.8,2697.23;1598.47,2692.97;1597.91,2691.68;1599.14,2689.73;1600.43,2689.4;1606.83,2692.07;1608.34,2691.79;1610.96,2693.47;1611.71,2695.2;1611.26,2698.16
289	210040000	1	8	72226	412.23,417.7;2446.15,409.55;2443.41,406.61;2441.82,408.09;2435.43,401.28;2444.41,392.93;2446.03,394.66;2449.58,391.25;2450.71,391.1;2453.81,394.4;2453.52,395.62;2450.01,398.98;2450.8,399.81;2447.75,402.61;2450.49,405.54
290	210050000	0	11	68736	300,370;1415.07,1184.1;1344.04,1215.29;1369.56,1270.08;1354.82,1288.7;1323.12,1301.24;1339.41,1341.58;1373.96,1330.06;1420.88,1340.01;1460.98,1375.72;1485.82,1424.92;1505.33,1416.16;1533.56,1470.9;1595.37,1441.58;1543.5,1331.59;1518.54,1342.85;1508,1316.4;1518.21,1279.65;1571.94,1252.03;1535.38,1178.99;1438.86,1229.87
291	210050000	0	8	69778	290,350;1379.7,2028.45;1345.47,2239.86;1339.51,2238.67;1329.73,2307.37;1394.02,2316.01;1404.38,2249.82;1397.24,2248.04;1431.45,2034.31
292	210050000	0	6	69779	250,300;2333.33,1959.43;2353.78,2052.06;2386.32,2045.32;2366.14,1953.35
293	210050000	0	12	68738	300,700;164.64,28.2;141.48,56.7;142.5,94.62;120.87,148.42;161.46,156.46;183.77,136.51;274.04,117.86;360.59,120.84;422.88,146.65;432.22,227.53;456.37,325.51;450.07,489.54;395.71,538.06;346.64,535.12;334.13,545.86;322.58,545.59;312.7,582.32;369.93,639.13;431.35,684.71;461.94,690.25;537.14,633.38;572.16,579.34;584.84,547.14;618.32,500.2;629.97,431.51;629.22,430.99;631.24,412.11;609.24,367.38;586.99,353.79;497.39,305.61;496.5,269.97;492.52,199.82;508.91,103.86;480.16,44.16;361.29,21.21;187.01,22.38
294	210050000	0	6	68740	570,620;272.19,491.85;261.26,512.2;269.01,533.4;286.21,542.29;312.75,548.1;334.94,549.06;348.94,538.45;366.79,540.38;367.27,513.36;351.35,499.36;327.08,491.95
295	210050000	0	10	68742	400,700;23.01,282.46;28.87,320.42;32.22,360.29;46.57,375.14;52.02,414.75;30.73,439;29.63,463.69;20.85,478.86;21.3,496.82;40.61,502.07;56.74,510.83;49.9,584.11;54.78,623.69;44.52,643.73;34.26,660.83;31.82,715.07;67.98,738.75;159.36,747.54;210.5,735.13;237.58,709.83;251.26,667.78;251.29,627.46;241.34,608.46;245.35,568.61;263.39,551.06;285.79,550.02;313.94,546.45;335.09,546.75;346.86,536.45;363.96,537.46;362.92,513.27;350.47,503.46;333.91,494.66;326.14,491.55;322.81,467.1;349.67,448.04;362.78,428.07;384.3,430.47;392.57,418.23;378.03,404.42;383.85,392.79;391.13,382.93;384.97,319.61;362.65,279.04;361.51,223.72;343.47,213.33;330.08,198.55;327.62,187.64;292.09,187.64;270.43,179.04;244.98,184.85;169.99,154.45;115.82,142.92;91.2,226.38;52.56,238.21
296	210050000	0	6	69780	380,530;2394.95,816.17;2435.06,892.82;2516.5,959.18;2581.08,846.26;2573.03,833.74;2574.9,781.3;2586.5,759.25;2589.59,740.69;2587.26,688.62;2557.57,668.83
297	210050000	0	12	68744	300,700;1500.98,183.26;1485.28,230.67;1496.36,259.96;1512.3,301.92;1524.49,311.06;1521.85,364.12;1492.9,391.21;1486.45,437.59;1450.11,462.78;1424.13,458.22;1432.2,474.69;1444.48,484.92;1466.99,495.83;1490.61,501.67;1491.54,528.57;1502.67,539.76;1528.56,547.78;1535.12,540.74;1580.57,538.84;1605.32,538.8;1615.06,531.27;1620.77,533.98;1631.97,548.68;1633.96,558.52;1643.14,567.07;1654.89,570.55;1671.85,594.48;1655.32,635.37;1641.5,648.45;1613.38,663.21;1606.38,671.84;1613.95,689.08;1613.89,693.12;1609.66,744.46;1663.26,769.38;1746.49,718.81;1790.31,641.44;1806.8,603.22;1808.95,567.23;1818.2,554.38;1815.63,533.3;1802.27,521.47;1867.06,398.09;1909.29,338.73;1932.43,333.08;2026.51,352.33;2035.04,319.58;2079.94,273.2;2096,267.98;2102.35,269.72;2106.97,278.95;2112.43,285.9;2134.2,280.92;2180.82,133.3;2123.58,119.55;2056.01,87.15;1779.96,52.08;1658.21,64.3;1561.9,102.88
298	210050000	0	12	68746	100,500;78.55,1526.46;26.29,1573.72;15.48,1776.49;53.23,1802.54;90.85,1813.62;112.88,1870.84;192.61,1863.01;200.64,1880.13;195.97,1951.12;242.06,2058.45;267.76,2057.26;285.91,2042.31;344.04,2091.23;347.76,2108.01;366.91,2111.75;593.28,2114.65;669.62,2045.26;676.64,2036.18;665.71,2010.01;659.52,2007.1;538.33,1889.28;486.63,1831.15;523.48,1700.54;620.19,1595.21;626.3,1595.5;640.64,1567.54;626.2,1554.02;634.35,1507.75;618.01,1463.42;553.86,1451.28;514.25,1471.37;448.94,1559.25;442.84,1564.24;396.93,1591.28;308.25,1614;154.96,1520.77
299	210050000	0	6	69781	380,430;1864.26,1036.16;1861.4,1056.98;1872.09,1061.47;1879.2,1059.47;1885.77,1052.62;1886.41,1041.24;1875.77,1032.12
300	210050000	0	12	68748	250,550;48.61,889.57;24.11,1027.88;64.65,1114.17;66.19,1145.86;44.4,1157.47;7.64,1286.52;33.61,1448.51;282.31,1493.81;505.16,1467.06;541.06,1404.71;531.24,1375.91;531.87,1322.33;531.49,1264.92;533.81,1221.9;540.95,1188.48;544.58,1179.55;527.2,1166.02;526.76,1162.78;595.89,1088.92;602.28,1075.8;604.99,1062.71;591.39,1046.16;552.22,1025.46;541.81,1014.63;539.46,1008.55;539.54,972.58;524.35,957.37;506.73,956.88;497.59,979.03;484.18,984.56;468.93,965.06;455.28,961.69;446.18,943.02;432.62,945.15;413.15,980.84;395.78,993.83;371.13,961.54;395.37,953;411.9,917.47;367,893.51;338.07,905.52;318.66,934.51;309.41,920.61;303.27,897.31;290.13,875.38;251.7,873.96;241.85,884.33;236.49,899.62;159.52,868.8
301	210050000	0	6	68750	380,480;538.73,1193.99;531.92,1223.53;547.66,1238.11;563.75,1248.09;597.21,1297;607.52,1341.16;647.38,1350.75;669.48,1341.56;685.68,1363.14;698.78,1333.07;689.14,1318.04;700.81,1294.34;693.1,1254.85;669.61,1205.61;652.31,1191.5;620.45,1160.29
302	210050000	0	4	68752	250,450;710.67,1819.33;696.06,1845.12;699.5,1883.37;723.13,1932.79;749.35,1962.01;795.33,1999.4;864.53,2084.07;935.01,2092.66;964.23,2054.41;959.08,1997.68;954.01,1905.57;950.9,1833.6;949.36,1804.7;896.76,1766.98;852.95,1764.19;813.87,1769.69;764.47,1785.17;729.22,1801.1
303	210050000	0	6	68754	440,490;1591.82,489.09;1587.75,521.34;1618.29,527.91;1630.76,538.79;1638.54,565.22;1653.42,565.11;1692.82,516.92;1677.76,496.52;1643.07,494.75
304	210050000	0	6	69782	480,560;2634.32,313.97;2614.5,375.13;2637.53,387.22;2657.05,377.75;2668.53,337.54;2665.3,316.38
305	210050000	0	6	69783	280,330;578.74,1570.85;572.11,1596.21;610.77,1595.37;606.39,1574.34;594.29,1566.47
306	210050000	0	6	69784	570,620;196.05,251.08;207.37,279.61;227.45,283.82;252.56,273.91;247.61,248.6;228.62,229.67
307	210050000	0	12	68756	100,600;2516.58,957.57;2550.81,991.3;2556.18,1020.63;2519.8,1070.62;2522.23,1111.95;2598.15,1136.12;2606.03,1158.76;2585,1181;2586.29,1213.86;2604.38,1244.28;2588.55,1255.82;2563.26,1246.75;2541.88,1269.78;2534.48,1289.51;2553.4,1307.61;2549.26,1333.41;2516.69,1342.26;2476.34,1415.51;2481.38,1446.1;2517.61,1440.78;2572.77,1438.11;2622.8,1420.6;2653.95,1402.63;2673.55,1385.93;2675.12,1357.07;2717.32,1315.65;2747.21,1306.33;2768.05,1310.69;2779.79,1334.72;2871.41,1344.04;2885.33,1364.93;2907.2,1351.46;2995.25,1307.65;3044.33,1136.04;3034.03,1110.43;3017.58,1028.19;2987.96,947.59;2967.57,915.55;2910.82,863.37;2769.3,745.95;2698.05,761.87;2613.98,779.33;2572.98,791.36;2571.78,834.05;2579.76,846.25
308	210050000	0	10	68758	200,500;633.5,1383.56;638.94,1396.33;641.67,1415.71;637.3,1428.53;630.13,1436.76;624.4,1441.94;624.95,1447.95;633.95,1451.77;640.5,1449.31;649.78,1437.85;652.51,1435.67;660.97,1440.31;659.61,1448.49;660.15,1467.05;649.78,1474.15;650.69,1492.43;634.32,1503.08;625.04,1554.38;639.5,1567.48;624.63,1594.62;629.81,1597.62;632.27,1611.54;637.75,1619.36;637.9,1639.86;616.38,1659.55;590.11,1657.75;577.15,1681.5;578.58,1688.17;587.59,1697.7;588.3,1715.89;580.18,1721.91;566.5,1738.11;542.62,1741.69;532.19,1753.93;520.68,1755.36;509.78,1767.65;499.29,1804.35;503.04,1817.45;511.65,1819.32;522.51,1816.33;543.1,1819.7;546.31,1828.88;545.56,1838.99;529.09,1845.73;528.25,1854.4;534.73,1869.53;548.57,1874.72;556.79,1880.21;561.11,1888.86;562.37,1892.94;607.78,1894.67;619.45,1919.32;624.62,1925.08;664.93,1930.35;680.4,1954.92;659.03,2000.32;679.76,2046.79;693.87,2080.14;787.25,2095.64;863.78,2045.66;872.8,2066.09;886.88,2078.1;934.22,2075.97;953.7,2051.22;952.78,2016.17;946.17,1989.21;942.1,1963.78;942.47,1911.85;947.2,1902.58;960.59,1903.77;962.62,1912.17;962.18,1918.19;966.01,1939.37;963.97,1946.49;983.81,1943.95;1006.69,1923.61;1063.53,1927.56;1063.98,1781.49;1039.66,1761.74;1032.31,1762.02;1022.92,1771.98;1008.72,1754.28;1006.46,1743.36;1003.19,1717.22;979.32,1694;982.69,1659.58;970.35,1628.54;962.63,1622.28;960.29,1608.52;956.46,1597.16;934.32,1588.91;927.87,1595.68;897.6,1597.01;894.64,1588.37;892.95,1551.57;896.62,1546.06;896.32,1531.05;891.72,1524.92;892.03,1515.74;893.86,1491.54;885.29,1475.92;883.44,1459.36;876.7,1455.07;876.59,1423.49;846.39,1421.8;833.53,1427.62;822.81,1434.97;809.42,1436.96;803.3,1443.08;795.33,1444.92;788.6,1448.29;776.04,1447.98;777.26,1408.17;772.06,1391.02;764.4,1379.07;763.58,1360.26;755.74,1341.74;747.42,1326.43;743.13,1311.11;732.11,1307.44;719.06,1306.07;712.73,1313.25;702.99,1314.96;698.23,1332.31;685.22,1360.08
309	210050000	0	10	68760	300,700;2181.28,123.98;2133.33,279.69;2112.78,284.38;2107.26,276.57;2103.09,267.49;2095.09,266.23;2078.77,271.92;2033.58,318.76;2026.39,343.05;2026.28,449.19;1993.78,522.75;2036.19,556.53;2043.31,567.12;2107.94,610.88;2133.52,627.06;2158.39,675.99;2175.63,681.89;2321.95,753.07;2391.29,820.31;2557.3,671.74;2583.58,688.95;2603.96,720.57;2656.97,710.07;2652.12,630.13;2612.12,618.79;2609.45,372.75;2640.05,282.41;2634.92,247.57;2591.78,83.19;2587.11,57.27;2514.91,35.62;2446.18,61.27;2391.97,90.8;2369.72,54.61;2319.55,29.34;2261.34,69.91;2224.53,116.06
310	210050000	0	14	68762	300,600;1657.16,763.93;1605.01,844.53;1607.19,904.58;1719.46,892.52;1774.44,742.46;1752.13,704.72
311	210050000	0	8	68764	450,700;2431.73,251.99;2414.26,278.25;2394.78,381.53;2431.18,383.44;2443.29,405.74;2470.39,404.38;2483.95,372.35;2574.2,387.14;2614.68,381.95;2638.96,309.41;2598.23,272.73;2493.9,284.21;2479.57,256.68
312	210050000	0	10	68766	300,700;576.22,139.77;556.71,194.5;575.61,349.82;616.87,375.38;703.81,424.09;800.97,633.2;861.9,690.82;957.8,690.28;1099.87,863.07;1126.02,871.56;1136.21,886.16;1173.57,888.2;1229.66,865.84;1365.27,838.45;1385.24,838.69;1548.39,775.04;1611.36,745.11;1614.32,695.1;1614.8,689.12;1608.13,673.11;1614.11,664.16;1642.39,649.39;1656.78,635.83;1673.59,594.51;1656.21,570.01;1643.5,566.18;1635.42,557.56;1632.67,548.11;1621.55,533.64;1614.87,530.26;1604.53,538.31;1580.01,538.4;1534.64,540.53;1527.2,545.93;1503.43,538.91;1492.82,528.68;1492.41,500.66;1465.38,494.08;1445.77,484.38;1433.42,475.22;1426.17,457.5;1412.24,456.11;1394.28,461.14;1380.61,477.7;1371.71,487.19;1298.68,467.72;1293.06,457.49;1260.44,436.24;1242.42,465.56;1209.72,543.16;1183.12,540.2;1081.68,490.63;1022.57,438.59;1028.82,291.41;993.39,153.17;945.38,111.64;880.92,93.22
313	210050000	0	10	68768	100,500;2269.23,930;2194.67,996.6;2058.88,1058.6;2041,1076.83;2058.92,1112.11;2061.71,1171.41;2062.32,1229.2;2063.21,1231.7;2048.26,1259.6;2083.14,1291.98;2101.76,1319.06;2119.2,1338.99;2128.17,1360.41;2119.2,1403.75;2104.98,1419.9;2075.9,1424.66;2044.83,1410.41;2001.71,1406.53;1968.74,1390.41;1963,1402.32;1947.37,1427.82;1930.09,1434.41;1929.27,1467.02;2052.43,1586.47;2129,1637.76;2210.82,1600.14;2308.37,1556.77;2484.02,1449.97;2478.21,1415.94;2517.82,1343.52;2550.32,1334.51;2555.37,1307.31;2536.34,1289.05;2543.33,1270.01;2563.92,1248.64;2588.79,1257.19;2606.42,1244.7;2588.01,1214.06;2586.84,1181.81;2607.44,1159.28;2599.28,1135.19;2524.29,1110.33;2521.61,1071.46;2557.35,1021.73;2551.91,990.26;2400.17,944.88
314	210050000	0	10	69785	100,600;1053.37,1090.98;1035.03,1108.86;1001.03,1125.17;953.75,1106.97;936.59,1121.52;906.44,1141.01;886.83,1143.17;860.64,1115.23;838.16,1114.09;822.62,1125.5;813.39,1130.31;808.97,1151.85;785.79,1174.9;770.29,1181.45;723.94,1179.12;714.75,1169.3;709.98,1174.71;705.84,1206.23;717.3,1204.32;740.04,1203.42;747.79,1210.98;754.62,1246.08;767.69,1272.97;779.99,1284.36;784.55,1297.58;784.1,1329.04;786.43,1355.36;801.2,1381.3;846.98,1382.93;873.88,1382.48;891.65,1365.61;899.86,1366.52;904.87,1388.4;915.81,1412.56;919,1434.79;999.43,1402.56;1075.58,1370.68;1132.76,1391.03;1139.84,1276.86;1160.15,1160.28;1128.6,1125.44;1091.85,1099.99
315	210050000	0	6	69786	440,500;355.62,911.96;342.1,911.11;330.51,933.38;333.04,953.15;359.87,988.8;395.8,992.17;415.14,975.95;421.46,960.58;432.51,940.31;393.4,884.98;384.65,896.47
316	210050000	0	6	69787	480,540;1944.31,216.44;1944.63,246.4;1970.31,249.06;1969.32,220.97;1952.88,215.13
317	210050000	0	6	69788	458.35,558.35;529.26,636;463.08,686.36;463.96,741.45;485.49,775.62;512.63,779.58;529.54,778.74;535.05,771.73;556.37,765.37;587.11,739.21;615.09,706.8;569.17,636.05
318	210050000	0	8	68770	200,400;1979.6,1691.48;1970.38,1704.92;1956.56,1710.3;1955.79,1721.44;1963.09,1727.2;1968.46,1729.12;1975.38,1738.34;1991.51,1747.56;1999.96,1752.16;1996.88,1758.31;1980.37,1770.22;1968.08,1779.05;1968.46,1789.42;1973.46,1802.48;1978.45,1848.95;1990.74,1868.54;1998.42,1902.72;2045.66,1901.95;2058.03,1881.05;2059.14,1869.15;2062.19,1865;2071.04,1864.44;2075.45,1859.86;2091.23,1860.41;2099.81,1846.85;2125.83,1825.25;2138.32,1825.78;2225.23,1769.87;2215.82,1759.9;2190.63,1736.1;2180.94,1690.98;2160.18,1686;2130.01,1708.42;2087.38,1709.8;2066.07,1698.17;2051.52,1693.76;2040.44,1704.28;2008.06,1690.16
319	210050000	0	6	68772	380,460;1066.51,783.57;1052.53,806.29;1065.77,839.49;1083.49,843.9;1083.79,851.52;1069.16,861.28;1056.69,889.41;1045.5,896.86;1033.83,890;1016.78,893.43;993.3,920.39;1011.25,952.15;1037.6,956.99;1072.44,987.24;1093.14,980.75;1101.57,988.4;1096.6,1007.31;1087.48,1025.65;1085.25,1061.19;1116.17,1080.51;1111.48,1095.67;1099.09,1101.65;1085.63,1104.3;1080.84,1115.48;1121.62,1134.49;1122,1124.2;1119.37,1115.66;1141.75,1090.83;1150.37,1081.79;1144.57,1065.19;1150.67,1045.94;1145.41,1017.97;1130.84,1010.83;1135.14,985.53;1141.73,978.43;1172.16,976.97;1211.85,976.32;1233.13,941.06;1259.9,912.91;1283.11,907.8;1284.93,879.17;1270.15,868.06;1234.64,867.48;1223.91,879.87;1234.88,900.85;1222.2,915.81;1209.17,906.41;1206.05,870.16;1185.45,850.3;1201.45,819.44;1229.16,791.38;1221.4,764.07;1194.8,748.33;1169.89,755.47;1152.67,779.71;1160.78,808.18;1155.51,828.71;1131.29,824.59;1114.32,835.65;1113.56,822.25;1121.49,809.45;1112.19,784.37;1081.03,780.35
320	210050000	0	8	68774	300,600;2654.16,1400.9;2621.09,1420.35;2621.09,1433.6;2633.67,1447.17;2639.63,1464.72;2650.75,1486.38;2640.6,1509.29;2650.26,1533.22;2677.68,1547.14;2713.09,1549.86;2726.53,1530.46;2760.39,1530.85;2785.68,1530.85;2801.25,1542.13;2840.16,1519.56;2840.39,1494.63;2856.96,1466.34;2857.55,1463.12;2836.93,1398.14;2796.3,1361.12;2768.65,1309.37;2747.46,1304.74;2716.22,1314.24;2672.88,1356.79;2671.04,1385.55
321	210050000	0	6	68776	300,400;1695.08,2179.29;1669.66,2272.26;1760.17,2297.72;1785.52,2203.5
322	210050000	0	6	68778	350,450;1675.14,1293.21;1663.53,1353.01;1681.38,1369.52;1736.71,1393.61;1763.93,1426.18;1784.35,1412.73;1812.22,1471.12;1836.38,1461.25;1813.58,1401.36;1842.46,1385.12;1846.47,1323.1;1854.06,1305.26;1837.55,1255.29;1778.21,1248.59;1726.01,1264.21
323	210050000	0	6	68780	400,550;2204.95,433.35;2096.37,563.45;2141.77,623.36;2166.65,669.17;2248.61,672;2294.41,700.84;2410.77,452.9;2407.73,414.3;2397.32,401.72;2359.59,403.46;2334,410.83;2326.19,425.58;2326.19,452.9;2313.18,462.45;2284.98,457.24;2245.01,435.51
324	210050000	0	6	68782	220,320;2465.85,1794.3;2420.33,1849.26;2473.5,1898.45;2521.2,1843.3
325	210050000	0	12	69789	1,501;2225.04,1768.28;2144.42,1829.63;2144.64,1831.99;2161.44,1859.79;2168.39,1887.36;2174.48,1900.63;2183.01,1906.17;2150.15,1933.96;2160.47,1967.42;2167.75,1974.01;2219.72,1975.16;2226.15,1988.45;2253.98,1992.61;2261.15,2011.56;2320.18,1985.5;2330.35,2002.69;2335.27,2015.2;2327.03,2032.8;2312.13,2052.07;2325.44,2077.51;2349.04,2077.51;2361.66,2089.72;2376.31,2123.08;2397.67,2153.25;2415.98,2203.3;2481.54,2240.81;2693.06,2229.64;2778.67,2243.12;2809.52,2227.12;2830.89,2155.72;3052.8,1988.81;2995.85,1683.43;3044.62,1387.21;2996.57,1382.93;2898.61,1562.17;2768.61,1577.98;2658.63,1541.86;2639.56,1496.53;2483.75,1447.33;2301.45,1559.55;2302.52,1640.8
326	210050000	0	8	69790	250,290;224.11,1211.1;228.99,1233.12;221.76,1260.63;229.83,1282.86;216.28,1295.44;233.21,1318.26;171.07,1372.53;203.14,1408.29;225.22,1389.54;209.76,1374.59;252.7,1337.66;256.21,1340.27;278.31,1324.79;289.74,1348.97;307.02,1361.31;321.34,1364.11;353.89,1360.72;363.16,1351.94;347.57,1329.86;338.45,1336.46;320.52,1340.58;309.24,1324.65;310.56,1311.78;264.64,1254.59;252.37,1264.99;248.47,1258.73;250.23,1223.14;237.11,1206.79
327	210050000	0	16	68784	100,600;1541.76,966.37;1519.01,985.76;1507.86,1091.04;1574.75,1128.4;1569.44,1179.01;1554.05,1214.43;1568.16,1277.23;1567.18,1282.41;1619.19,1307.39;1665.7,1352.4;1676.8,1294.67;1728.24,1265.07;1777.83,1251.01;1836.53,1256.93;1852.44,1305.04;1845.41,1322.8;1841.08,1384.32;1872.91,1397.39;1904.13,1387.72;1921.38,1361.32;1934.06,1363.79;1952.62,1384.44;2000.76,1406.99;2044.76,1411.22;2073.98,1426.36;2105.77,1420.92;2119.44,1405.57;2130.19,1358.87;2121.71,1337.93;2104.43,1318.43;2084.84,1290.95;2050.17,1259.58;2064.31,1232.6;2062.89,1170.4;2060.52,1111.72;2041.62,1074.1;2008.19,1042.46;1994.12,1018.92;1989.89,982.99;1978.08,980.05;1925.15,1026.98;1910.93,1030.21;1892.63,1033.29;1884.08,1017.31;1866.22,978.93;1833.27,961.88;1842.03,912.09;1795.98,875.63;1732.22,906.17;1689.98,886.72;1640.29,893.29;1643.46,934.53;1618.84,962.59
328	210050000	0	6	68786	250,350;196.47,1122.1;176.89,1159.28;182,1174.11;218.71,1192.51;230.47,1188.28;250.17,1150.54;245.45,1138.09;208.18,1118.05
329	210050000	0	16	68788	1,401;2320.96,1984.03;2261.6,2010.31;2256.73,2038.36;2204.56,2066.13;2166.46,2095.73;2159.86,2127.36;2161.18,2159.66;2179.64,2164.27;2194.14,2201.18;2209.96,2231.5;2225.11,2249.96;2232.36,2278.3;2221.16,2300.71;2183.59,2291.48;2141.41,2274.34;2107.8,2276.32;2061,2316.52;2049.8,2352.12;2063.04,2378.27;2164.93,2398.41;2188.14,2386.8;2225.77,2385.73;2280.48,2387.71;2292.34,2366.62;2291.68,2328.39;2298.93,2305.98;2318.71,2286.87;2338.48,2251.93;2327.27,2228.86;2290.36,2204.48;2269.27,2200.52;2252.8,2162.3;2262.68,2131.32;2277.84,2125.39;2307.5,2136.59;2322,2131.32;2315.41,2115.5;2294.32,2085.18;2326.89,2076.91;2312.94,2052.44;2327.94,2033.34;2336.31,2015.24;2331.47,2002.81
330	210050000	0	8	68790	300,400;1130.61,1950.07;1113.98,1980.78;1108.41,2008.15;1077.92,2012.59;1064.64,2034.61;1023.87,2118.82;1032.99,2190.16;1070,2219.66;1103.79,2218.59;1157.97,2185.33;1236,2126.65;1260.48,2107.68;1275.43,2073.08;1272.67,2043.25;1259.84,2017.76;1257.91,1986.65;1254.3,1969.4
331	210050000	0	10	68792	100,600;818.25,838.59;734.86,902.96;725.34,980.68;733.27,1002.44;714.64,1019.76;688.53,1019.91;683.12,1052.71;699.12,1068.58;726.42,1086.54;742.88,1120.51;738.27,1144.64;710.67,1173.4;722.55,1180.91;758.43,1183.52;771.54,1184.52;787.86,1176.39;811.46,1154.07;815.04,1131.58;822.33,1128.33;839.24,1116.33;860.44,1117.35;886.2,1144.92;906.95,1143.58;938.76,1122.74;954.45,1109.87;1001.12,1127.84;1039.02,1109.88;1052.75,1093.22;1080.44,1074.37;1077.89,1048.72;1034.28,964.25;1020.27,960.69;1016.51,954.64;989.52,907.98;952.28,860.39
332	210050000	0	6	68794	527.63,677.63;840.12,226.7;821.33,242.65;808.67,295.06;810.77,329.26;841.73,346.72;871.79,346.71;897.46,334.38;914.08,280.69;908.04,260.04
333	210050000	0	8	68796	400,750;1227.24,99.44;1178.44,132.9;1152.87,184.03;1180.22,321.06;1250.74,394.66;1258.91,436.29;1292.25,458.15;1298.61,469.85;1371.72,489.73;1396.18,461.9;1410.54,458.23;1450.18,465.04;1487.93,439.31;1493.96,393.57;1523.46,364.26;1525.41,309.6;1516.16,302.4;1502.32,248.24;1488.32,230.76;1491.15,221.6;1446.12,205.64;1400.99,145.68;1322.8,111.85
334	210050000	0	6	69791	310,370;1878.3,1718.41;1867.69,1736.24;1867.26,1754.49;1879.57,1768.08;1897.19,1775.93;1917.57,1762.13;1922.66,1740.7;1908.23,1719.68;1896.98,1715.86
335	210050000	0	6	69792	335,435;1244.83,2189.09;1259.36,2240.4;1301.58,2272.63;1398.29,2251.75;1412.37,2183.64;1391.93,2165.48
336	210050000	0	6	69793	340,390;725.76,1489.19;705.77,1499.98;706,1521.14;709.08,1525.01;721.46,1524.35;729.49,1515.41;729.63,1497.23
337	210050000	0	12	68798	280,700;2722.6,125.95;2671.39,232.48;2648.39,297.82;2630.73,297.71;2602.72,380.23;2632.15,405.23;2653.55,496.35;2696.02,625.31;2796.79,691.65;2889.94,692.27;2917.27,708.03;2961.06,704;2981.61,681.66;3020.48,674.52;3036.16,663.21;3038.39,546.68;3021.38,287.42;3002.48,115.78;2924.61,58.3;2881.9,48.41;2826.86,40.12;2769.17,69.86
338	210050000	0	6	68800	400,600;189.06,1860.67;108.24,1869.31;47.7,2060.13;36.52,2165.35;42.11,2228.38;102.6,2274.13;178.34,2267.01;234.77,2236.52;257.13,2199.41;269.33,2135.36;246.97,2078.43;217.99,2038.78;191.56,1984.89;189.53,1914.24;198.68,1882.72
339	210050000	0	6	69794	500,550;1038.36,575.37;1038.66,597.39;1064.04,597.74;1079.22,601.1;1082.84,592.97;1078.65,572.01;1071.13,565.64;1061.11,564.15;1047.7,569.58
340	210050000	0	8	69795	300,400;594.38,1677.96;542.06,1725.73;518.99,1771.55;514.77,1801.44;542.26,1872.86;582.39,1902.19;662.97,1915.19;684.75,1905.76;693.19,1800.48;691.57,1766.68;688.32,1733.86;646.4,1682.2
341	210050000	0	10	68802	1,501;1614.18,2015.57;1626.35,2073.73;1635.39,2117.12;1607.04,2203.23;1621.31,2242.87;1683.04,2310.29;1740.35,2310.6;1775.72,2328.84;1850.88,2328.29;1865.25,2313.92;1932.12,2310.6;1969.61,2292.24;2022.57,2236.82;2032.24,2222.5;2038.66,2215.18;2064.18,2192.99;2074.68,2159.08;2117.41,2155.75;2144.91,2176.79;2163.7,2158.36;2162.07,2125.55;2169.04,2095.78;2205.08,2067.78;2257.62,2039.87;2262.67,2010.81;2254.43,1991.94;2226.79,1987.38;2220.27,1974.65;2168.17,1973.39;2161.47,1967.06;2151.15,1934.02;2185.6,1905.55;2169.33,1887.48;2162.83,1858.43;2145.92,1830.25;2142.75,1822.72;2100.48,1844.37;2090.7,1859.66;2075.07,1858.92;2070.42,1863.13;2061.89,1863.64;2058.38,1868.13;2057,1881.42;2045.69,1901.07;1999.43,1902.1;1990.99,1867.54;1979.07,1848.69;1973.9,1802.24;1968.89,1789.26;1968.58,1779.4;1980.47,1770.64;1997.13,1758.67;2000.52,1752.18;1991.74,1746.85;1975.91,1737.92;1969.96,1728.67;1963.01,1725.89;1957.45,1721.13;1958.05,1710.21;1970.76,1705.84;1979.69,1692.33;2009.19,1690.93;2008.61,1624.43;2011.76,1573.3;2006.92,1564.04;1931.07,1453.77;1916.97,1457.66;1906.29,1457.16;1885.14,1477;1854.29,1454.08;1815.94,1463.33;1801.84,1473.91;1790.82,1474.35;1783.05,1485.64;1793.66,1511.55;1779.42,1530.19;1797.47,1580.12;1801.63,1605.92;1787.96,1606.2;1776.68,1610.08;1772.45,1617.48;1784.08,1644.27;1806.84,1687.2;1811.55,1706.18;1823.26,1720.63;1826.47,1751.78;1808.04,1758.07;1804.16,1766.28;1795.5,1771.17;1772.8,1770.96;1762.85,1777.91;1618.7,1931.66
342	210050000	0	6	69796	380,430;2714.66,902.99;2715.67,927.16;2732.03,944.28;2758.21,941.76;2763.5,926.4;2758.46,906.26;2739.58,899.72
343	210050000	0	6	68804	320,420;1281.83,1553.56;1206.07,1664.46;1268.34,1734.18;1311.1,1743.77;1328.07,1772.19;1347.91,1779.32;1394.42,1752.33;1385.33,1737.13;1411.05,1715.94;1464.67,1735.7;1473.11,1709;1430.32,1688.18;1445.33,1668.73;1470.91,1670.88;1483.16,1642.31;1448.74,1548.84
344	210050000	0	8	68806	350.1,450.1;999.87,1400.85;923.83,1431.42;937.58,1502.85;1025.74,1628.51;1064.62,1652.87;1111.9,1635.01;1131.46,1630.61;1136.97,1601.92;1148.87,1595.97;1152.43,1589.25;1205.15,1667.76;1277.33,1561.94;1122.18,1385.47;1075.22,1369.26
345	210050000	0	10	68808	350,600;1218.12,888.5;1129.37,969.2;1134.62,1091.9;1165.45,1173.66;1166.33,1234.6;1137.95,1276.98;1131.95,1384.7;1178.24,1414.88;1220.22,1477.19;1271.2,1554.98;1465.2,1551;1501.37,1527.07;1502.92,1497.92;1538.5,1471.34;1552,1441.48;1561.03,1365.87;1569.24,1276.93;1555.6,1215.23;1570.96,1178.75;1575.67,1127.56;1507.56,1089.62;1457.2,970.96;1445.41,939.19;1322.63,884.18
346	210050000	0	10	68810	350,550;221.86,856.13;234.82,883.72;242.78,884.89;252,874.46;289.28,876.52;302.5,898.63;307.84,921.99;337.63,941.81;361.48,983.66;376.13,994.12;397.05,994.96;414.21,981.57;433.47,946.41;445.13,945.15;454.17,963.46;468.04,967.04;483.71,986.29;498.36,980.43;507.48,958.01;523.42,958.96;537.59,972.86;537.84,1009.08;540.7,1015.37;551.22,1026.51;590.55,1047.36;596.62,1054.31;602.95,1062.79;600.94,1075.47;594.54,1088.61;525.29,1162.49;525.7,1166.17;543.02,1179.96;540.05,1188.05;538.41,1194.51;620.04,1161.67;654.2,1193.75;695.56,1222.1;702.02,1207.87;706.79,1206.6;710.93,1175.72;723.66,1162.04;739.39,1145.58;743.82,1121.5;732.27,1094.33;726.79,1084.47;702.13,1069.67;684.59,1053.23;688.98,1021.44;714.19,1022.54;734.78,1003.45;726.47,981.01;709.25,984.18;685.69,971.58;684.59,938.69;671.44,917.32;674.03,898.19;663.2,883.56;663.72,870.35;695.04,830.79;685.89,811.06;676.02,730.86;642.98,691.11;627.88,691.19;581.99,745.84;569.87,750.42;556.07,765.27;544.42,767.99;533.99,767.28;522.1,758.98;488.24,757.13;467.92,798.2;437.65,806.11;408.68,800.06;382.74,794.87;323.19,778.94;304.65,787.75;301.23,809.15;297,831.55;239.75,828.44
347	210050000	0	6	69797	450,478;569.58,433.63;560.67,457;574.95,473.35;589.33,477.3;600.61,463.09;601.16,439.38;587.13,428.68
348	210050000	0	12	68812	240,500;1063.19,1782.63;1062.39,1926.43;1045.94,1951.52;1043.72,1998.54;1064.76,2015.82;1073.69,2043.75;1059.01,2084.35;1027.62,2120.92;1029.2,2144.86;1041.98,2186.15;1080.74,2207.34;1092.89,2209.94;1122,2189.16;1216.72,2169.33;1234.62,2173.35;1246.8,2227.14;1290.11,2259.93;1362.79,2246.67;1448.75,2222.8;1517.86,2193.78;1571.93,2171.03;1597,2147.89;1597.89,2138.95;1600.46,2130.57;1601.6,2105.41;1612.28,2103.51;1615.71,2094.74;1610.75,2085.59;1615.37,2015.7;1619.59,1932.5;1721.7,1825.46;1700.83,1794.73;1668.98,1783.36;1653.82,1741.44;1620.83,1703.09;1591.47,1675.15;1552,1662.67;1511.28,1662.27;1470.05,1690.91;1462.41,1701.43;1465.41,1715.91;1458.42,1747.42;1460.25,1775.27;1440.91,1793.39;1412.36,1809.73;1382.85,1809.57;1329.05,1814.17;1304.85,1827.63;1289.09,1829.8;1278.12,1836.65;1267.62,1814.1;1264.89,1802.13;1245.72,1776.32;1233.6,1773.97;1219.13,1768.11;1209.74,1770.45;1201.76,1768.22;1193.51,1735.72;1185.64,1732.87;1168.37,1693.93;1153.28,1678.26;1131.51,1682.37;1117.96,1697.3;1109.57,1721.65;1064.93,1735.4;1038.09,1762.22
349	210050000	0	6	68814	320,420;826.2,1955.14;862.38,2036.83;941.06,2003.19;907.31,1919.78
350	210050000	0	4	68816	250,450;1651.2,1983.25;1622.54,2022.19;1604.9,2078.55;1591.52,2212.04;1600.99,2261.26;1762.41,2350.81;1844.18,2344.68;1896.7,2222.01;1894.57,2206.24;1922.26,2172.17;1921.25,2088.69;1904.65,2009.89;1868.77,1982.19;1830.4,1969.52;1755.57,1964.71;1703.39,1969.05
351	210050000	0	16	68818	100,450;610.12,1325.99;600.48,1337.36;598.27,1370.9;573.64,1408.03;575.28,1430.49;586.29,1446.04;614.98,1449.91;625.02,1443.03;638.29,1429.92;642.67,1416.41;639.61,1396.12;634.76,1384.38;685.33,1361.64;699.77,1332.44;704.15,1316.06;713.1,1314.28;718.99,1307.64;733.19,1309;741.6,1311.98;746.81,1327.85;754.26,1342.18;762.32,1360.54;763.35,1379.9;771.72,1392.02;776.38,1408.54;775.19,1449.48;789.37,1449.35;795.64,1445.14;804.46,1444.76;811.12,1437.32;823.07,1436.49;835.86,1428.07;846.62,1422.82;875.41,1424.98;875.49,1456.44;883.18,1460.74;884.29,1476.54;893.2,1492.62;890.94,1516;891.1,1525.48;895.5,1531.88;895.73,1546.72;892.3,1551.76;894.13,1588.71;896.88,1597.93;927.5,1596.51;934.63,1589.88;956.1,1597.91;959.96,1608.91;962.16,1622.7;969.74,1628.86;982.08,1659.66;978.36,1694.41;1002.01,1718.11;1007.1,1752.86;1022.53,1772.98;1032.43,1762.53;1039.85,1762.2;1066.04,1736.56;1111.2,1723.04;1121.22,1704.53;1131.91,1700.97;1144.47,1691.46;1165.72,1702.73;1169.11,1724.85;1192.03,1738.35;1197.92,1770.63;1209.92,1772.6;1219.95,1769.98;1234.72,1776.7;1244.59,1777.18;1263.02,1802.75;1268.34,1821.21;1277.71,1838.86;1291.71,1831.05;1305.05,1830.48;1329.36,1816.75;1413.84,1811.45;1441.95,1793.73;1462.89,1774.77;1461.72,1749.77;1467.39,1716.19;1464.32,1701.32;1470.86,1694.04;1521.44,1710.13;1536.5,1709.56;1583.03,1732.75;1590.04,1740.04;1626.94,1786.54;1722.07,1824.99;1773.3,1772.05;1796.18,1772.35;1805.64,1766.56;1809,1759.23;1828,1752.52;1824.98,1720.93;1812.96,1705.84;1809,1686.92;1785.04,1643.71;1774.12,1617.24;1777.76,1611.52;1788.41,1607.88;1804.39,1607.8;1798.52,1579.65;1781.55,1531.66;1795.76,1512.09;1784.47,1485.87;1792.22,1476.47;1802.35,1475.17;1817.32,1464.96;1853.51,1455.69;1884.52,1481.36;1906.21,1460.28;1918.32,1458.89;1930.65,1455.73;1931.19,1435.68;1949.01,1428.92;1969.88,1391.07;1953.61,1383.99;1934.86,1362.64;1921.04,1360.36;1903.35,1386.53;1873.15,1396.38;1843.14,1382.58;1782.98,1406.17;1763.34,1421;1737.93,1391.17;1680.76,1364.94;1616.88,1303.48;1599.83,1312.79;1570.8,1304.28;1566.24,1392.2;1509.11,1434.16;1475.89,1474.94;1469.53,1563.64;1461.52,1601.16;1457.09,1646.01;1422.65,1696.53;1402.67,1717.7;1383.98,1734.08;1331.79,1747.58;1256.68,1734.49;1220.66,1693.37;1207.84,1667.81;1176.93,1624.69;1152.38,1586.55;1147.52,1594.72;1135.9,1600.8;1131.34,1622.89;1111.85,1633;1094.62,1652.81;1093.09,1654.59;1064.96,1692.36;1052.54,1695.27;1032.46,1659.01;1011.21,1632.97;1009.95,1608.74;1002.46,1580.27;989.85,1567.66;989.25,1547.29;979.13,1535.58;953.05,1539.83;935.37,1537.54;930.27,1503.27;932.23,1480.96;921.86,1443.94;917.75,1412.83;906.63,1387.94;901.34,1365.34;891.94,1364.26;873.79,1381.28;847.72,1381.58;804.57,1380.08;788.73,1353.57;786.64,1327.58;787.34,1297.45;782.47,1283.56;768.98,1271.87;756.34,1245.67;750.17,1211.67;741.51,1202.4;716.63,1203.55;701.46,1205.97;693.9,1221.86;695.53,1256.44;692.77,1264.95;693.55,1282.8;673.7,1305.03;658.24,1338.71;643.28,1338.61;637.38,1333.91;625.64,1324.42
352	210050000	1	8	72227	341.78,347.65;180.52,1323.91;182.16,1317.9;194.03,1320.9;192.37,1327.18
353	210050000	1	8	72228	589.83,597.33;1321.36,355.41;1338.21,360.46;1332.09,381.24;1315.18,376.17
354	210050000	1	8	72229	318.09,324.1;282.8,1222.68;277.02,1220.19;281.77,1208.88;287.74,1211.33
355	210050000	1	8	72230	589.97,597.62;1389.61,253.22;1378.65,239.14;1395.53,225.2;1407.11,239
356	210050000	1	8	72231	399.39,417.81;1516.73,1306.23;1526.36,1307.37;1526.13,1313.3;1546.54,1314.48;1548.66,1284.28;1528.22,1282.54;1527.8,1288.67;1518.86,1288.16
357	210050000	1	8	72232	234.47,250.85;2470.25,1771.55;2454.02,1757.63;2469.68,1739.6;2485.81,1753.52
358	210050000	1	8	72233	381.69,463.71;1199.08,843.74;1247.25,794.72;1224.43,747.39;1157.67,747.39;1137.38,781.2;1048.64,776.98;1043.57,864.87;988.63,903.75;1000.61,943.97;1077.38,998.41;1088.36,1094.76;1096.88,1102.97;1117.36,1114.96;1156.2,1063.56;1145.65,997.34;1234.58,976.44;1297.12,891.92;1271.76,855.58;1218.52,864.87
359	210050000	1	8	72234	589.62,597.26;1277.94,290.79;1286.72,305.55;1267.8,316.78;1259.01,302.11
360	210050000	1	8	72235	279.82,302.85;2542.12,1637.73;2531.5,1641.91;2528.26,1634.19;2519.41,1637.02;2508.22,1609.21;2536.22,1598.15;2546.94,1625.88;2538.71,1629.6
361	210050000	1	8	72236	557.81,564.22;1370.19,354.64;1373.38,359.42;1367.71,363.1;1364.61,358.14;1361.48,359.82;1352.82,346.42;1353.21,344.32;1362.85,338.59;1364.52,338.92;1373.12,352.62
362	210050000	1	8	72237	599.43,606.28;1363.03,200.2;1351.49,198.05;1353.97,181.72;1365.77,183.38
363	210050000	1	8	72238	599.48,605.92;1259.66,273.7;1258.9,284.93;1242.22,283.97;1242.86,272.74
364	210050000	1	8	72239	250.07,263.83;2396.25,1661.48;2401.64,1642.02;2383.96,1637.21;2378.6,1656.89
365	210050000	1	8	72240	216.6,230.28;2455.63,2108.15;2471.55,2095.32;2483.27,2109.85;2467.34,2122.5
366	210050000	1	8	72241	589.65,595.37;1414.07,297.11;1413.04,283.58;1428.69,282.44;1429.82,295.87
367	210050000	1	8	72242	335.05,360.87;326.54,1374.68;348.67,1393.18;378.94,1364.88;364.09,1327.61;341.11,1303.23;318.37,1288.52;304.02,1293.57;308.88,1321.16;331.3,1335.45;333.82,1356.47
368	210050000	1	8	72243	234.57,242.92;2547.07,1826.92;2540.07,1837.04;2531.21,1830.95;2537.98,1820.71
369	210050000	1	8	72244	356.07,380.93;102.23,909.06;74.88,889.27;47.83,911.67;54.81,943.96;85.65,978.29;103.39,994.87;128.12,982.95;112.99,958.51;94.08,945.71;89.72,924.18
370	210050000	1	8	72245	280.18,298.08;2626.5,1655.08;2610.17,1640.76;2623.29,1626.06;2639.37,1639.98
371	210050000	1	8	72246	375.16,384.09;83.54,1116.57;74.01,1115.08;70.97,1133.23;80.67,1134.74
372	210050000	1	8	72247	453.9,473.85;1337.14,955.29;1368.32,961.2;1363.72,981.81;1358.2,980.88;1356.22,990.02;1337.64,986.46;1339.13,977.2;1333.65,976.11
373	210050000	1	8	72248	215.01,230.99;2447.88,2049.5;2447.53,2057.67;2423.47,2056.99;2424.23,2032.84;2447.73,2033.44;2447.74,2040.56;2449.89,2040.62;2449.92,2049.51
374	210050000	1	8	72249	297.04,377.04;1467.48,1445.03;1420.72,1347.47;1379.96,1338.98;1340.41,1353.42;1315.42,1299.07;1351.93,1283.79;1355.33,1255.76;1340.9,1209.06;1415.01,1178.01;1435.52,1212.46;1451.53,1216.58;1541.3,1171.94;1582.9,1257.46;1541.66,1277.84;1577.63,1346.96;1569.59,1380.74;1567.11,1398.26
375	210050000	1	8	72250	234.39,248.46;2630.4,1711.37;2645.11,1725.36;2632.33,1738.72;2617.83,1724.51
376	210050000	1	8	72251	258.87,278.27;2302.41,1730.94;2314.25,1748.76;2297.83,1759.91;2285.56,1741.94
377	210050000	1	8	72252	234.07,245.99;2412.48,2001.55;2398.46,1994.68;2390.68,2010.15;2404.57,2017.33
378	210050000	1	8	72253	413.61,419.73;127.32,1389.12;138.14,1383.27;141.18,1389.01;130.26,1394.65
379	210050000	1	8	72254	221.48,241.87;2488.42,2148.93;2506.52,2172.76;2530.25,2154.81;2523.98,2146.34;2526.59,2144.22;2521.66,2137.57;2518.81,2139.64;2512.25,2130.82
380	210050000	1	8	72255	376.19,384.92;118.06,1355.83;135.91,1350.92;138.27,1360.45;120.5,1365
381	210050000	1	8	72256	248.57,291.62;230.98,1318.2;211.53,1295.11;219.23,1255;227.28,1217.84;240.46,1211.8;253.24,1252.68;268.25,1255.81;304.31,1302.4;316.87,1336.43;337.1,1333.28;343.61,1312.53;364.68,1299.56;376.83,1335.62;351.71,1361.55;309.98,1369.66;276.35,1334.81;202.91,1407.02;168.5,1372.96
382	210050000	1	8	72257	383.88,392.96;186.62,1357.29;204.08,1362.47;201.22,1372.02;183.75,1366.32
383	210050000	1	8	72258	287.26,343.16;1365.6,2125.49;1410.52,2132.84;1387.64,2312.87;1332.76,2304.37
384	210050000	1	8	72259	373.55,391.98;360.82,1360.9;371.93,1372.47;363.67,1387.31;350.34,1371.01;308.03,1360.68;292.42,1366.5;287.87,1353.28;295.77,1348.98;322.01,1343.85
385	210050000	1	8	72260	594.93,618.3;1303.73,209.81;1295.57,217.6;1299.35,222.82;1291.71,228.31;1288.24,223.07;1278.61,229.65;1255.69,199.19;1261.56,189.87;1251.35,176.97;1239.4,177.44;1232.55,166.37;1238.53,152.18;1255.39,149.64;1262.42,160.7;1260.61,171.78;1270.61,183.26;1280.32,179.87
386	210050000	1	8	72261	334.64,366.02;391.06,945.43;368.93,939.83;321.04,986.16;312.69,973.82;321.02,959.04;326.62,933.75;372.09,893.87;405.41,918.68
387	210050000	1	8	72262	317.7,323.5;288.08,1190.62;290.98,1178.54;297.35,1180.07;294.27,1192.15
388	210050000	1	8	72263	273.59,289.93;2281.63,1678.77;2297.64,1701.25;2312.77,1690.8;2309.59,1686.15;2315.08,1682.59;2313.41,1677.58;2309.67,1672.26;2305.36,1669.03;2300.07,1672.81;2296.71,1668.27
389	210050000	1	8	72264	247.24,264.44;2376.66,2043.73;2367.63,2042.13;2365.6,2043.99;2362.15,2070.72;2351.88,2071.87;2341.26,2082.49;2337.01,2093.2;2340.91,2105.5;2353.12,2117.71;2365.07,2120.63;2376.75,2112.93;2381.71,2104.88;2386.4,2098.33;2386.93,2089.39;2379.49,2079.48;2377.99,2073.82;2371.17,2071.69;2373.21,2054.17;2376.84,2043.99
390	210050000	1	8	72265	589.93,597.17;1289.03,308.41;1299.38,322.27;1281.63,335.59;1271.3,321.8
391	210050000	1	8	72266	427.47,517.47;192.72,2019.9;269.37,2097.88;269.51,2190.63;226.63,2232.28;155.36,2254.09;68.21,2243.24;13.58,2186.92;35.04,2114.57;71.4,2061.06;98.78,2066.27;100,2030.47
392	210050000	1	8	72267	277.35,289.65;2480.71,1687.21;2473.14,1703.32;2453.9,1694.49;2461.77,1678.11
393	210050000	1	8	72268	406.55,431.25;1062.91,1619.84;1068.43,1631.08;1090.66,1631.03;1096.84,1620.03;1112.76,1619.4;1115.44,1610.04;1115.64,1572.75;1102.54,1563.44;1109.12,1547.85;1095.08,1541.16;1084.66,1541.4;1084.62,1526.06;1074,1526.03;1073.94,1541.15;1063.28,1541.08;1050.43,1547.65;1057.27,1563.31;1044.38,1573.13;1044.2,1610.92;1048.88,1618.89
394	210050000	1	8	72269	334.08,343.09;113.41,1133.26;110.44,1151.73;100.84,1150.23;103.78,1131.7
395	210060000	0	15	68820	5,305;2180.01,2514.83;2299.4,2505.04;2530.84,2851.19;2529.28,3085.34;1712,3085.91;1712.37,2713.7;1717.71,2703.68;1758.64,2660.85;1754.96,2623.09;1783.19,2580.54;1820.84,2543.6;1867.93,2471.49;1872.05,2446.16;1993.92,2427.46;2064.83,2541.38
396	210060000	0	14	68822	1,201;1641.34,834.99;1619.52,876.9;1806.85,994.27;1923.93,1348.61;2058.1,1449.62;2136.62,1402.15;2118.35,1335.78;2159.91,1291.13;2128.77,1271.85;2122.42,1239.34;2146.68,1211.04;2192.21,1199.72;2261.11,1031.26;2261.89,1008.05;2323.29,967.97;2334.56,885.88;2292.63,766.82;2287.78,766.37;2281.65,778.89;2260.86,793.38;2173.32,790.89;2092.14,757.12;2070.98,685.5;2004.37,664.54;1863.1,737.09;1817.76,743.97;1755.44,835.31
397	210060000	0	15	68824	5,305;3053.47,985.18;2970.84,984.95;2916.78,990.76;2881.07,1047.09;2807.33,1074.52;2751.33,1120.68;2728.19,1199.18;2662.09,1242.09;2400.87,1187.06;2307.44,1272.58;2298.26,1311.79;2275.8,1313.27;2233.57,1282.28;2175.34,1281.95;2159.13,1293;2128.1,1274.06;2120.26,1238.78;2146.39,1210.04;2191.46,1198.28;2259.67,1031.18;2260.59,1006.94;2322.18,966.99;2333.02,885.99;2290.17,765.2;2312.42,714.58;2306.89,655.2;2370.32,598.16;2713.37,568.56;2723.97,530.97;2835.45,453.29;2895.35,363.76;3053.32,366.32
398	210060000	0	16	68826	5,305;2964.04,2169.31;3048.98,2166.97;3060.97,3059.16;3028.15,3090.52;2526.99,3085.69;2529.26,2851.88;2298.54,2506.52;2178.88,2516.35;2189.39,2440.77;2219.47,2415.55;2230.31,2356.07;2218.15,2337.48;2269.08,2326.41;2358.65,2242.59;2369.67,2240.62;2522.59,2258.7;2603.22,2229.13;2763.36,2069.94
399	210060000	0	15	68828	1,201;1924.45,1347.36;1745.47,1493.42;1617.7,1702.35;1671.82,1845.87;1825.68,1845.55;1837.61,1860.9;1859.19,1864.52;1943.16,1817.8;1980.89,1834.08;1982.99,1852.05;1998.28,1864.16;2030.71,1867.86;2041.95,1872.71;2051.9,1863.57;2066.27,1862;2094.2,1822.38;2194.63,1859.6;2242.75,1862.73;2278.26,1817.93;2311.6,1655.87;2277.2,1607.41;2283.43,1562.86;2274.79,1528.68;2234,1477.57;2171.7,1453.45;2137.22,1399.96;2058.29,1448.39
400	210060000	0	10	68830	1,201;2049.73,1372.24;2083.74,1424.91;2130.56,1397.71;2116.71,1340.66;2098.29,1334.84;2052.2,1358.03
401	210060000	0	9	68832	50,150;792.19,1790.03;808.43,1782.04;824.81,1789.37;828.67,1804.16;823.67,1818.95;811.16,1825.41;794.45,1821.7;787.49,1809.76
402	210060000	0	10	68834	50,350;2836.78,741.89;2895.63,761.5;2936.56,836.12;2921.99,924.21;2870.06,1034.72;2729.28,1088.72;2622.26,1009.34;2620.49,935.7;2523.53,839.27;2566.46,743.44;2697.5,763.96;2741.21,791.4;2774.81,784.51
403	210060000	0	11	68836	1,111;995.68,324.73;991.13,359.94;951.94,380.51;910.74,381.78;877.47,409.44;826.23,407.32;797.18,416.3;764.78,436.68;720.36,414.21;684.1,372.34;612.09,359.57;574.44,367.87;549.93,365.31;488.45,187.74;462.62,181.01;358.57,300.79;295.41,306.75;266.64,284.67;161.69,282.15;142.95,342.71;151.98,409.15;281.79,498.53;280.13,531.6;227.86,547.87;140.6,637.47;156.63,734.39;190.51,761.76;209.4,871.22;242.63,908.35;335.5,980.87;424.91,924.17;398.95,845.83;441.27,802.09;494.99,825.38;506.74,855.55;558.09,873.14;615.32,830.14;643.75,830.92;708.49,876.98;753.33,882.06;808.68,858.61;862.89,888.56;910.26,848.82;895.52,832.18;865.57,819.82;843.7,825.05;790.45,807.94;748.14,843.12;729.59,841.69;717.71,812.21;728.64,753.26;697.74,737.57;679.19,710.94;673.49,672.43;687.75,627.74;707.8,604.85;741.08,594.39;769.61,583.93;791.96,544.47;827.14,523.07;865.65,538.76;909.87,530.2;941.06,486.48;1082.74,474.6;1104.62,460.94;1103.67,433.84;1129.38,396.11;1118.82,320.05;1078.38,289.44;1030.75,286.77
404	210060000	0	9	68838	121.33,271.33;2654.74,819.65;2672.11,784.09;2717.58,810.53;2683.17,867.59;2669.13,859.84;2658.2,844.1
405	210060000	0	10	68840	1,301;1066.23,368.75;1098.28,387.5;1144.27,366.35;1151.01,332.44;1126.31,309.84;1070.14,328.59
406	210060000	0	10	68842	1,201;1246.88,1460.49;1285.82,1609.81;1423.37,1631.49;1482.5,1554.96;1472.61,1465.69;1435.01,1450.27;1294.93,1394.13
407	210060000	0	10	68844	100,200;330.95,299.44;355.54,283.55;368.58,288.62;439.15,384.83;439.52,401.47;418.94,417.06;400.62,409.81;333.75,314.82
408	210060000	0	14	68846	5,305;1613.86,2527.78;1757.53,2618.8;1759.74,2660.98;1718.52,2704.41;1713.57,2713.9;1713.46,3070.53;562.76,3063.79;690.87,2818.22;717.13,2785.2;739.05,2742.98;798.39,2713.04;796.4,2586.04;917.91,2516;976.6,2437.33;975.3,2415.99;1021.73,2405.1;1080.51,2431.96;1121.21,2401.53;1148.84,2411.78;1155.99,2430.67;1156.78,2479.14;1169.75,2494.49;1196.89,2498.71;1226.46,2481.08;1239.66,2450.27;1263.14,2428.81;1266.63,2405.19;1321.48,2385.41;1347.71,2389.08;1374.67,2377.41;1372.28,2345.31;1381.08,2335.77;1430.42,2341.28;1452.55,2352.27;1460.19,2401.84;1499.86,2469.88;1527.32,2499.51;1562.29,2502.09;1587.94,2496.64;1604.64,2501.23
409	210060000	0	15	68848	1,201;1143.66,584.8;1155.65,666.43;1211.7,771.81;1295.7,769.87;1386.39,938.23;1636.41,837.25;1756.55,837.88;1817.5,744.82;1793.93,717.36;1641.98,707.97;1597.36,663.87;1584.36,609.34;1319.14,513.43;1225.29,526.14
410	210060000	0	10	68850	1,201;1482.26,1266.22;1480.68,1292.29;1503.19,1314.89;1534.81,1318.25;1562.8,1299.23;1552.14,1264.06;1533.32,1245.65;1503.09,1245.83
411	210060000	0	16	68852	1,201;1232.76,1571.65;1289.52,1689.31;1423.27,1695.72;1618.2,1702.11;1747.82,1493.98;1925.32,1348.91;1808.39,992.97;1588.23,855.52;1386.06,935.48;1304.33,1230.51;1228.85,1370.09
412	210060000	0	10	68854	5,305;2250.11,2047.03;2333.84,2084.07;2359.5,2243.06;2269.39,2327.1;2218.39,2338.15;2201,2311.17;2175.91,2171.12;2151.15,2102.63;2195.65,2048.84
413	210060000	0	16	68856	5,305;1339.43,845.16;1255.75,902.93;1159.62,905.15;1126.79,951.41;1105.06,952.24;1092.75,941.8;988.47,936.14;944.53,904.19;943.04,893.24;955.71,876.15;954.98,866.33;910,844.9;896.69,831.01;865.37,818.27;843.74,823.96;790.32,807.17;748.49,841.61;731.13,840.04;718.99,811.44;730.66,753.67;698.78,736.59;680.15,710.23;675.03,671.81;690.11,627.98;708.71,605.94;771.7,585.24;789.63,557.35;734.64,431.51;719.67,423.42;678.26,372.09;622.1,367.2;575.46,397.5;545.58,393.8;521.87,365.93;503.09,292.79;507.24,270.6;491.3,189.77;463.03,182.86;384.98,271.04;367.55,316.03;410.7,378.95;462.78,377.52;506.73,418.23;529.51,463.31;598.95,461.04;628.1,433.82;655.14,443.96;638.25,567.7;604.07,595.9;588.48,648.78;562.85,671.64;482.78,673.3;428.88,664.46;389.69,611.74;338.61,587.86;334.08,569.12;366.76,540.73;313.83,424.02;332.65,405.56;375.61,412.66;405.09,395.97;405.09,382.48;360.83,322.79;300.36,327.18;255.25,300.2;191.13,290.42;171.56,299.53;165.53,364.73;193.1,399.52;254.62,450.11;266.77,465.97;282.96,499.04;281.3,533;248.52,549.64;215.45,593.51;167.53,624.89;163.69,678.99;180.9,700.59;210.84,722.47;219.34,750.08;193.14,814.5;206.17,861.89;233.52,897.1;269.69,883.18;339.35,930.8;361.48,962.06;380.12,1037.23;305.29,1091.23;250.79,1109.96;250.66,1182.89;206.03,1198.66;169.19,1240.77;163.8,1294.25;130.76,1326.31;2.44,1319.34;10.21,10.32;1314.81,7.99;1315.23,87.85;1285.86,117.07;1261.57,156.55;1275.24,212.11;1250.08,264.96;1262.07,312.41;1250.77,338.7;1250.08,394.34;1217.53,425.73;1223.22,526.35;1143.81,563.42;1110.08,508.91;1151.72,400.46;1140.27,318.41;1089.9,276.82;1026.49,270.61;976.88,308.39;966.96,354.56;901.56,361.67;871.5,384.34;816.62,388.56;800.5,433.37;820.84,499.46;845.68,538.91;909.45,527.82;940.02,484.82;1038.6,476.62;1062.88,490.69;1109.51,509.6;1143.57,564.3;1151.99,587.2;1157,667.11;1212.73,768.72;1297.9,767.92
414	210060000	0	12	68858	1,181;1146.63,237.75;1146.9,312.75;1098.69,325.66;1107.35,367.75;1164.09,355.3;1262.11,364.79;1317.38,514.74;1584.88,611.71;1623.59,663.26;1651.77,663.98;1689.47,642.73;1751.25,667.62;1799.38,643.8;1801.64,610.07;1830.17,593.65;1849.57,555.3;1901.68,521.27;1925.33,516.53;1946.63,487.02;1959.54,454.95;1975.47,452.8;1987.17,457.62;1980.07,474.19;2006.68,502.32;2056.39,495.7;2090.48,460.66;2060.65,404.32;2013.78,394.85;1996.73,419.94;1987.74,419;1985.98,397.87;2102.16,277.9;2108.01,187.83;2146.87,182.33;2159.21,160.03;2157.99,101.11;2193.34,6.59;1302.18,3.07;1217.95,223.02
415	210060000	0	18	68860	5,305;1617.8,1701.85;1672.58,1845.08;1638.07,1904.11;1680.8,2045.66;1728.93,2079.63;1759.74,2078.54;1893.15,2105.18;1983.85,2182.7;1980.28,2215.64;1930.18,2251.89;1852.73,2245.63;1816.08,2235.42;1738.51,2248.79;1703.25,2295.63;1740.16,2370.49;1683.49,2438.37;1629.21,2430.71;1604.51,2501.67;1588.01,2497;1562.31,2502.56;1527.12,2500.05;1499.65,2470.25;1459.39,2402.22;1451.8,2352.78;1430.66,2342.45;1381.53,2336.97;1373.44,2346.08;1375.77,2378.15;1347.95,2390.09;1321.45,2386.52;1267.58,2405.74;1263.73,2429.08;1240.09,2450.64;1227.3,2481.65;1197.22,2499.39;1169.47,2495.04;1156.26,2479.18;1155.45,2431.18;1148.2,2412.54;1121.12,2402.4;1080.86,2433.11;1021.82,2406.2;975.87,2416.58;929.88,2380.29;1079.34,1972.17;1148.52,1897.87;1177.36,1731.86;1287.24,1686.44;1422.72,1694.13
416	210060000	0	10	68862	50,350;892.16,2774.05;958.05,2780.75;1020.78,2829.08;1050.72,2920.63;1046.05,2967.97;1012.43,3013.06;965.99,3037.73;909.43,3052.59;847.54,3043.95;789.31,2974.77;772.58,2909.9;784.61,2849.75;838.53,2800.88
417	210060000	0	10	68864	1,201;1762.86,1435.88;1781.77,1481.07;1825.32,1478.37;1841.38,1430.36;1820.39,1394.56;1788.23,1392.24
418	210060000	0	10	68866	60,140;1689.73,253.16;1724.27,245.29;1736.9,231.92;1736.12,190.15;1707.14,176.86;1687.36,188.49;1668.23,201.73;1663.47,228.61
419	210060000	0	10	68868	5,305;443.39,1175.74;457.72,1161.37;477.24,1162.23;498.48,1136.56;526,1137.2;590.02,1152.13;621.28,1153.76;659.46,1123.9;688.46,1120.46;697.94,1133.66;688.61,1164.6;656.59,1194.24;649.7,1220.84;598.21,1291.28;576.1,1295.3;543.41,1319.89;509.57,1329.26;489.14,1348.9;478.93,1346.54;462.56,1331.14;416.84,1327.19;410.19,1319.19;410.23,1300.13;387.73,1288.08;361.64,1248.3;372.68,1206.05;415.79,1175.06
420	210060000	0	17	68870	5,305;9.38,3060.04;8.9,2011.22;190.98,2017.12;263.39,2047.77;551.29,2063.68;695.95,2042.98;770.72,1980.74;938.47,1981.68;965.46,1968.67;1019.75,1984.82;1023.98,1996.88;987.38,2029.42;982.45,2095.17;940.98,2133.77;927.16,2174.76;881.41,2192.87;882.23,2301.55;932.91,2381.02;977.57,2415.53;978.33,2437.97;918.7,2516.85;797.9,2587.27;799.1,2714.03;739.73,2743.44;717.63,2785.58;691.2,2818.51;563.93,3063.62
421	210060000	0	5	69798	50,350;917.29,2756.18;927.22,2762.99;928.79,2779.96;914.5,2790;896.64,2792.35;890.28,2787.88;888.27,2778.22;889.61,2767.23;896.53,2758.75
422	210060000	0	16	68872	5,305;1981.95,1833.4;1983.66,1851.7;1998.72,1862.94;2030.73,1866.95;2041.88,1871.81;2051.7,1862.71;2065.99,1861.28;2094.03,1821.68;2195.24,1859.15;2250.9,2047.3;2196.04,2049.6;2152.18,2102.96;2177.53,2170.75;2201.86,2310.57;2231.29,2356.09;2220.06,2415.95;2190.85,2441.31;2180.36,2515.18;2063.89,2543.72;1993.12,2428.76;1873.5,2448.1;1869.32,2472.5;1821.87,2545.3;1784.5,2581.51;1758.45,2620.07;1613.23,2528.44;1604.28,2501.23;1629.15,2430.6;1683.42,2438.17;1739.91,2370.45;1702.91,2295.62;1738.38,2248.53;1816.04,2235.02;1852.72,2245.39;1930.18,2251.66;1980.06,2215.55;1983.62,2182.77;1893.04,2105.42;1759.63,2079.02;1728.82,2080.12;1680.4,2045.86;1637.49,1904.13;1671.2,1844.92;1826,1844.87;1837.93,1860.1;1859.11,1863.48;1942.9,1817.2
423	210060000	0	9	68874	50,150;460.28,2090.63;476.51,2082.64;492.9,2089.97;496.76,2104.76;491.76,2119.55;479.25,2126.01;462.54,2122.3;455.58,2110.36
424	210060000	0	13	68876	5,305;3053.35,368.8;2895.55,365.52;2836.64,455.19;2725.56,531.55;2714.93,570.2;2370.12,599.51;2307.8,655.46;2313.4,714.86;2285.74,778.76;2262.94,794.91;2173.89,792.49;2090.75,758.55;2069.21,686.53;2003.8,666.54;1864.63,738.27;1816.37,745.92;1793.04,718.56;1655.44,709.94;1641.01,710.05;1595.37,664.41;1587.67,628.68;1660.73,612.01;1689.34,640.47;1723.56,654.73;1827.53,591.82;1847.19,554.16;1901.94,518.43;1923.62,514.7;1944.4,485;1958.33,453.51;1976.2,450.31;1985.35,429.25;1983.02,397.36;2101.28,277.26;2106.86,186.56;2146.43,181.08;2158.32,159.87;2157.03,100.64;2190.54,14.15;3053.19,12.99
425	210060000	0	10	68878	20,320;2734.33,1534.93;2762.02,1543.19;2806.83,1573.98;2823.12,1645.26;2806.37,1698.83;2773.92,1739.25;2721.24,1758.46;2682.22,1754.62;2647.61,1736.63;2608.09,1667.05;2616.31,1612.31;2644.71,1572.04;2689.27,1537.99
426	210060000	0	10	68880	5,305;88.31,1827.74;173.4,1806.67;223.29,1823.32;260.54,1864.79;256.36,1942.99;197.5,1975.59;96.18,1970.2;67.45,1896.25
427	210060000	0	15	68882	5,305;1078.93,1975.97;1014.84,1984.41;965.37,1969.69;938.8,1982.26;771.11,1981.83;696.83,2044.04;551.87,2065.07;262.2,2049.94;190.8,2019.41;8.55,2014.41;2.41,1317.75;130.43,1325.33;162.72,1294.15;168.65,1240.35;204.78,1197.51;249.82,1182.22;249.98,1109.39;305.23,1090.48;379.35,1037.12;356.25,961.32;417.68,921.33;490.1,1010.63;533.16,1054.33;631.32,1087.48;726.12,1065.61;743.5,1089.58;758.08,1087.98;795.39,1042.6;872.76,1005.54;888.19,978.91;858.65,887.05;909.93,843.92;955.55,866.08;956.2,876.32;943.76,893.3;945.18,904.06;988.65,935.48;1092.93,941.41;1105.44,951.8;1126.57,950.9;1159.64,904.76;1255.29,902.28;1339.01,844.8;1388.53,938.37;1305.33,1233.36;1230.16,1370.73;1235.14,1571.65;1291.68,1687.95;1179.35,1732.95;1150.76,1897.84
428	210060000	0	8	68884	120,270;559.51,874.94;614.07,833.63;642.2,833.45;707.44,878.56;753.3,884.35;806.87,861.83;856.45,887.41;885.58,978.01;871.15,1003.37;794.19,1040.51;757.19,1087.09;743.71,1088.23;726.24,1064.47;631.23,1086.04;533.75,1053.18;467.79,981.18;425.49,875.3;447.89,844.21
429	210060000	0	14	68886	5,305;3049.18,2167.98;2963.85,2170.09;2763.84,2071.86;2604.32,2230.69;2522.64,2260.14;2369.11,2241.79;2358.89,2244.05;2332.16,2084.88;2250.46,2047.43;2192.69,1858.96;2241.82,1860.91;2276.89,1817.45;2310.15,1656.14;2275.91,1607.62;2281.74,1562.51;2272.93,1529.18;2233.54,1478.49;2170.44,1454.46;2134.62,1402.18;2116.54,1335.59;2168.57,1280.1;2233.37,1280.9;2276.37,1311.32;2298.32,1310.3;2306.29,1271.4;2399.85,1185.03;2662.06,1240.01;2726.87,1198.29;2750.24,1119.41;2806.53,1073.65;2880.14,1045.52;2915.63,989.44;2971.72,983.76;3053.59,983.95
430	210060000	0	10	68888	1,301;1993.93,147.09;2112.67,207.31;2184.42,193.47;2177.43,135.16;2129.54,99.79;2013.42,67.53;1976.95,99.47
431	210060000	1	8	72270	76.43,123.29;1667.16,377.18;1667.25,320.39;1716.22,309.62;1741.47,309.53;1742.11,353.18;1720.49,385.44;1687.86,393.23
432	210060000	1	8	72271	74.19,121.41;1542.53,570.71;1496.57,581.93;1471.89,560.25;1464.31,524.64;1479.06,497.72;1518.49,492.37;1546.06,524.34
433	210060000	1	8	72272	72.75,124.78;1797.31,599.66;1784.38,579.68;1731.21,574.97;1700.33,600.25;1721.49,653.73;1755.58,668.42;1790.84,644.33;1797.9,598.48
434	210060000	1	8	72273	17.34,96.44;1311.16,181.67;1297.64,197.54;1279.09,243.8;1243.23,266.89;1210.4,259.07;1223.67,277.56;1244.58,322.48;1215.35,358.58;1123.59,351.69;1121.07,337.58;1149.2,248.25;1183.45,223.9;1207.98,235.07;1273.29,172.6;1295.46,171.26;1311.75,181.08
435	210060000	1	8	72274	70.86,126.32;1392.91,503.25;1347.65,517.13;1312.58,498.75;1300.25,448.6;1315.35,418.61;1375.5,413.93;1397.64,438.24
436	210060000	1	8	72275	123.11,141.36;426.22,1252.75;388.09,1252.85;388.09,1214.32;411.69,1206.05;417.04,1205.34;422.28,1206.35;426.12,1210.49
437	210060000	1	8	72276	153.12,241.55;2145.9,158.08;2116.57,118.81;2014.84,71.57;1979.19,87.48;1950.11,140.32;1942.06,149.71;1940.29,186.26;1955.85,242.91;1976.84,246;1997.24,194.77;1994.01,165.86;1978.02,144.58;2009.11,143.86;2089.27,180.06;2140.14,179.24
438	210060000	1	8	72277	61.95,89.95;2306.19,2247;2300.93,2248.09;2295.62,2245.92;2293.17,2241.4;2293.09,2235.61;2288.21,2231.63;2290.8,2228.12;2295.84,2232.17;2301.92,2230.61;2306.09,2232.41;2309.38,2236.78;2309.72,2242.42;2306.26,2247.03
439	210060000	1	8	72278	87.71,127.93;1899.94,258.02;1865.54,240.93;1865.99,217.23;1875.59,190.17;1901.15,167.03;1937.46,183.9;1942.35,201.36;1933,238.85
440	210060000	1	8	72279	87.36,125.45;1687.43,603.1;1686.04,650.33;1649.05,661.09;1610.05,644.41;1604.2,602.9;1630.62,571.76;1658.23,571.79;1687.42,604.29
441	210060000	1	8	72280	61.14,70.97;2203.54,2100.05;2212.98,2096.02;2216.87,2104.82;2207.31,2108.79
442	210060000	1	8	72281	85.38,157.35;1585.31,119.78;1563.57,90.4;1562.39,48.08;1651.14,-11.28;1690.52,2.24;1659.95,79.82;1623.51,106.85;1600.59,119.2;1586.49,119.2
443	210060000	1	8	72282	118.48,155.79;2017.96,491.76;1993.37,471.67;1972.85,450.08;1982.04,426.99;2004.27,409.46;2039.76,393.85;2077.39,433.61;2055.58,478.51;2017.74,491.55
444	210060000	1	8	72283	73.97,119.65;1381.69,41.05;1357.48,12.12;1331.3,10.85;1288.29,36.22;1292.73,73.58;1322.91,92.43;1357.17,84.32;1373.31,58.99;1381.69,42.97
445	210060000	1	8	72284	90.43,134.4;1574.1,300.55;1502.04,309.13;1489.36,266.44;1513.82,223.49;1534.94,213.68;1580.43,218.29;1580.61,257.31
446	210060000	1	8	72285	82.44,129.11;1358.18,105.27;1357.55,126.9;1315.13,161.38;1294.94,166.32;1266.94,145.99;1264.11,104.92;1295.18,82.69;1321.92,92.99;1357.83,105.58
447	210060000	1	8	72286	102.5,149.57;1852.11,184.24;1831.36,168.94;1826.88,156.72;1832.36,135.12;1844.75,110.54;1858.3,90.95;1909.55,61.8;1940.47,109.76;1929.64,138.85
448	220010000	0	15	68890	100,500;597.59,731.53;509.45,832.82;579.83,1193.92;786.75,1249.18;872.25,946.62;747.29,730.89
449	220010000	0	14	68892	100,500;952.58,1669.31;963.83,1690.41;962.75,1706.74;957.98,1718.76;938.41,1720.45;923.32,1705.36;920.54,1684.41;933.48,1666.85
450	220010000	0	15	68894	100,500;842.31,2217.92;848.66,2234.7;862.9,2235.97;870.78,2224.02;864.94,2209.53;851.21,2208.51
451	220010000	0	14	68896	0.1,400.1;733.7,1648.14;761.02,1700.54;741.76,1726.96;733.9,1817.79;666.37,1941.81;493.12,2007.42;290.85,1972.85;291.29,1797.3;569.67,1599.23;643.52,1645.74
452	220010000	0	16	68898	100,500;862.18,1505.12;786.08,1247.13;651.73,1211.97;554.22,1280.9;434.67,1281.05;373.91,1366.88;399.05,1615.81;466.18,1679.12;569.86,1604.23;640.25,1650.67;736.75,1651.4;824.96,1619.27
453	220010000	0	16	69799	100,500;622.58,2499.35;667.38,2550.15;578.7,2633.07;573.32,2679.91;722.77,2776.62;711.53,2870.46;561.11,2989.06;79.57,2990.57;35.22,2949.48;21.54,2465.23;54.9,2434.72;460.59,2496.85;520.5,2482.17;579.94,2502.59
454	220010000	0	16	68900	100,500;788.35,2086.35;762.13,2118.25;752.08,2179.49;843.03,2403.32;1008.29,2410.14;1104.37,2477.21;1259.94,2337.99;1336.27,2116.31;1260.27,2021.21;1042.05,1953.49;1001.33,1977.67;855.7,1822.09;775.16,1865.81;692.59,1980.25
455	220010000	0	13	69800	100,500;482.78,2307.6;511.38,2323.94;531.44,2309.83;519.55,2283.08;487.61,2284.94
456	220010000	0	12	68902	100,500;375.26,1855.11;351.12,1872.14;347.56,1902.38;376.53,1930.08;403.47,1926.01;426.85,1915.59;434.98,1872.9;418.71,1850.28
457	220010000	0	14	68904	100.2,500.2;1058.83,1872.45;1079.82,1892.85;1081.87,1930.73;1192.54,1986.12;1243.64,1965.46;1290.09,1644.1;1267.6,1623.12;1130.49,1598.49;1110.98,1655.44;1128.36,1713.62;1118.96,1746.71;1166.32,1779.71;1174.32,1819.69;1164.18,1842.93;1172.19,1853.24;1166.33,1874.66;1161.89,1876.01;1127.7,1855.4;1107.8,1856.4;1074.72,1842.55;1059.26,1857.28
458	220010000	0	13	68906	100,500;523.67,1881.61;512.2,1884.52;510.82,1901.56;525.18,1906.37;531.11,1900.68;531.54,1887.92
459	220010000	0	15	68908	100,500;575.32,2362.33;711.74,2370.48;686.6,2404.3;704.42,2445.89;786.69,2404.3;754.24,2184.93;764.76,2119.33;756.27,2040.37;674.82,1951.39;491.4,2009.17;289.06,1977.38;146.2,2310.79;224.52,2385.04;374.51,2482.13;462.12,2499.87;525.41,2482.55;509.76,2438.59;482.78,2414.28;491.11,2399.96;527.07,2398.63;533.23,2380.59
460	220010000	0	13	68910	100,500;582.06,2507.83;621.35,2501.17;660.98,2455.54;640.33,2395.6;573.49,2357.12;530.86,2379.43;522.54,2396.42;490.9,2395.75;478.58,2414.4;508.22,2440.38;523.54,2485
461	220010000	0	12	68912	100,500;1213.59,1855.59;1170.85,1849.35;1163.13,1875.47;1193.41,1902.19;1255.75,1877.85;1249.21,1846.98
462	220010000	0	15	68914	100,500;1062.69,2031.18;1082.22,2046.39;1073.87,2073.53;1041.72,2072.95;1036.95,2041.96
463	220010000	0	15	68916	50,450;623.51,2716.07;562.7,2764.8;555.96,2798.87;570.68,2896.82;626.83,2904.11;692.79,2837.18;693.44,2762.84
464	220010000	0	10	68918	100,500;223.33,2656.07;247.5,2661;262.39,2676.22;261.65,2699.17;245.94,2712.88;223.2,2712.65;209.04,2696.23;207.55,2671.63
465	220010000	0	15	69801	100.1,500.1;1002.91,1979.69;1072.21,1950.67;1196.26,1990.87;1245.06,1966.53;1292.13,1643.9;1268.39,1620.93;1129.79,1596.04;1105.2,1525.58;926.47,1470.26;841.93,1525.9;810.92,1627.91;733.58,1729.25;729.55,1803.66;788.46,1828.77;854.67,1820.55;876.37,1855.9;994.31,1978.12
466	220010000	0	15	68920	100,500;1075.95,2331.05;1128.4,2346.07;1121.06,2427.79;1077.48,2449.72;1032.79,2440;1023.52,2343.46
467	220010000	0	14	68922	100,500;623.2,815.59;595.83,879.24;611.9,926.84;685.07,933.98;726.12,890.55;692.21,825.1
468	220010000	1	8	72287	308.8,338.8;612.46,1064.65;613.01,1039.05;637.93,1030.84;667.64,1049.05;658.6,1070.27;636.7,1080.95
469	220010000	1	8	72288	235.04,285.04;1039.98,1607.9;1043.97,1595.22;1054.77,1583.13;1077.66,1578.79;1103.84,1598.98;1097.74,1623.16;1086.47,1634.67;1056.53,1629.27
470	220010000	1	8	72289	283.63,343.63;680.53,1211.48;708.72,1200.75;722.92,1204.72;734.28,1258.17;728.05,1284.85;712.84,1279.43;675.1,1236.76
471	220010000	1	8	72290	267.52,387.52;599.46,850.63;626.74,830.57;689.42,833.22;728.51,889.66;700.31,929.04;670.3,932.63;624.38,934.78;607.96,929.05
472	220020000	0	16	68924	200,600;995.75,1362.31;951.25,1384.47;953.73,1417.13;964.7,1446.81;980.92,1472.3;1050.01,1438.16;1131.85,1428.8;1122.13,1374.54;1102.41,1336.62;1074.12,1311.95
473	220020000	0	29	68926	1,600;2026.51,290.08;1995.94,284.9;1969.31,282.73;1938.65,284.28;1916.05,300.52;1892.19,319.43;1883.64,347.53;1883.35,367.31;1882.47,391.46;1892.08,410.08;1890.25,431.65;1884.66,453.99;1869.09,468.57;1869.12,485.49;1864.21,530.19;1887.72,598.63;1942.21,603.6;1952.39,614.83;1965.73,627.82;1985.74,627.82;2001.18,622.56;2026.41,622.99;2079.2,564.28;2072.03,555.13;2066.97,542.77;2072.03,531.83;2076.69,515.01;2081.01,512.91;2089.32,511.49;2097.49,507.87;2102.96,495.31;2097.43,484.9;2092.36,481.05;2089.32,476.18;2089.93,467.27;2096.62,462.81;2103.91,465.04;2119.51,468.28;2145.76,474.01;2159.94,477.25;2163.18,483.33;2180.35,490.08;2182.27,503.53;2183.23,530.43;2192.41,545.86;2209.75,556.47;2217.26,564.76;2219.59,570.46;2238.1,572.85;2248.29,561.02;2265.59,552.61;2276.42,568.27;2287.28,576;2302.2,562.6;2321.78,557.82;2337.56,565.67;2346.65,583.31;2375.22,594.6;2396.73,621.76;2417.13,644.92;2432.65,662.2;2483.15,698.69;2505.4,729.13;2525.49,748.37;2540.35,756.38;2552.07,758.66;2554.93,768.1;2561.51,780.96;2560.08,801.83;2568.94,802.97;2588.74,815.68;2591.03,813.1;2608.46,810.24;2611.6,803.54;2619.89,799.83;2629.03,798.97;2634.46,802.97;2639.9,809.55;2644.47,807.83;2648.19,813.55;2654.47,828.41;2672.23,843.15;2682.89,843.45;2690.2,831.27;2688.23,803.09;2692.81,793.75;2692.81,788.98;2694.79,780.63;2688.43,770.89;2688.43,765.72;2702.46,710.45;2716.42,693.88;2727.78,682.28;2747.64,678.93;2764.32,683.94;2773.44,715.85;2789.53,729.11;2803.02,728.87;2802.62,751.68;2829.34,786.29;2821.82,838.89;2836.05,892.46;2858.94,910.58;2914.76,904.1;2964.47,905.55;3004.8,901.19;3020.04,897.22;3039.78,894.11;3047.49,882.67;3046.47,856.77;3038.38,847.75;3023.83,841.17;2999.12,833.1;2980.05,813.64;2975.27,790.92;2983.45,774.42;2981.77,758.28;2966.38,746.44;2964.11,725.98;2974.11,713.7;2991.39,705.97;2993.47,679.78;2996.65,645.22;2990.97,610.68;2985.06,603.86;2985.51,592.49;2992.33,586.58;3002.34,588.4;3008.25,576.12;3005.83,551.2;3026.29,536.2;3029.75,514;3025.02,505.95;3018.39,508.32;3009.39,506.9;2998.03,492.22;2983.82,471.86;2981.65,459.15;2970.13,450.92;2967.39,436.66;2970.13,421.3;2952.03,401.55;2927.34,406.49;2904.3,403.2;2889.79,409.06;2874.47,415.86;2864.26,414.73;2855.29,398.78;2839.85,393.78;2827.34,380.43;2805.64,381.26;2770.15,379.53;2760.15,366.8;2757.87,358.16;2757.42,351.34;2739.89,326.16;2683.75,275.24;2647.58,242.6;2628.62,227.6;2607,188.79;2575.69,165.85;2543.49,177.32;2528.79,218.53;2487.53,274.08;2465.74,305.15;2453.23,325.73;2432.24,330.17;2417.31,314.03;2396.63,296.16;2371.22,284.38;2352.47,284.03;2332.67,285.07;2322.67,288.92;2301.14,309.41;2287.78,324.02;2255.59,355.28;2244.16,374.63;2227.09,375.1;2209.44,366.21;2195.19,350.73;2170.11,325.02;2157.1,309.53;2141.58,300.74;2120.21,302.29;2106.58,294.85;2095.12,287.73;2080.56,278.44;2052.07,290.52
474	220020000	0	10	68928	350,600;658.08,856.39;652.07,870.22;640.64,881.95;631.32,884.65;610.58,902.39;610.58,912.61;613.88,912.91;616.59,918.02;621.7,943.88;666.67,909.2;710.35,909.18;711.9,903.89;709.79,890.97;692.66,872.32;691.45,864.21;683.34,862.7;671.01,871.42;668.9,862.1
475	220020000	0	16	68930	200,600;2045.77,2963.45;2014.93,2992.16;2034.07,3031.22;2079.3,3020.25;2098.75,3009.58;2099.95,2984.32;2088.97,2977.23;2075.25,2966.71;2063.75,2963.77
476	220020000	0	24	68932	1,600;2316.87,2306.69;2322.28,2343.98;2333.25,2393.17;2341.89,2411.78;2332.83,2460.08;2319.81,2485.65;2311.12,2502.06;2318.36,2525.21;2325.12,2530.52;2352.13,2557.54;2353.6,2595.22;2341.54,2610.18;2355.37,2656.3;2369.65,2659.51;2388.46,2695.21;2399.71,2743.15;2401.64,2778.85;2378.96,2811.66;2369.4,2825.38;2366.73,2857.86;2355,2876.98;2322.38,2867.87;2306.96,2890.56;2296.46,2905.98;2290.03,2922.41;2290.78,2955.9;2302.07,2962;2302.38,2972.69;2283.46,2997.1;2258.45,3016.41;2204.66,3014.93;2193.06,3021.64;2174.62,3022.86;2149.9,3008.82;2113.09,2993.46;2088.74,2977.71;2075.27,2967.49;2062.73,2964.24;2045.99,2963.63;2012.7,2995.24;2001.29,3007.79;1990.26,3008.55;1978.47,2984.6;1964.78,2970.91;1953,2964.06;1947.98,2942.1;1945.32,2920.42;1949.12,2897.23;1945.7,2888.1;1933.53,2886.58;1921.36,2888.1;1887.14,2890.76;1879.08,2890.89;1870.8,2883.03;1863.57,2874.67;1870.36,2802.04;1870.19,2752.11;1880.65,2719.07;1978.43,2582.76;2004.17,2569.52;2021.08,2544.88;2028.2,2526.18;2016.3,2516.57;2009.81,2467.72;2022.59,2424.76;2026.32,2387.9;2061.85,2349;2092,2332.46;2082.59,2303.25;2110.46,2296.48;2113.77,2307.51;2137.69,2295.61;2138.92,2286.21;2151.78,2280.08;2165.88,2263.74;2171.19,2255.16;2172.62,2243.52;2179.71,2227.81;2192.46,2229.7;2205.94,2244.82;2221.67,2246.25;2231.67,2252.99;2249.25,2238.65;2256.91,2235.63;2262.22,2230.32;2292.28,2218.62;2303.25,2242.55;2312.22,2268.14
477	220020000	0	16	68934	1,600;2519.08,319.5;2508.14,335.9;2507.5,371.29;2538.06,415.35;2549.96,436.9;2539.34,457.81;2545.78,482.26;2565.03,486.37;2576.29,494.09;2595.59,504.38;2619.71,512.75;2638.18,524.94;2650.04,529.99;2669.01,526.78;2692.38,507.66;2707.82,489.01;2714.25,429.18;2719.79,375.98;2717.53,341.89;2686.98,300.4;2630.65,267.39;2602.45,276.14
478	220020000	0	16	68936	100,600;2183.98,1431.09;2190.57,1464.37;2193.87,1489.66;2193.15,1499.48;2199.21,1508.13;2222.75,1510.84;2237.92,1519.09;2255.95,1541.89;2270.07,1534.67;2288.95,1535.42;2304.22,1554.21;2323.03,1561.38;2333.8,1563.28;2350.1,1557.37;2364.83,1543.1;2365.26,1539.9;2370.2,1533.73;2375.8,1528.94;2375.14,1525.93;2369.16,1524.67;2369.22,1523.31;2363.01,1523.07;2361.2,1518.38;2347.06,1515.81;2340.53,1506.21;2333.2,1513.47;2307.25,1506.9;2290.52,1500.7;2289.07,1497.95;2284.47,1489.84;2266.1,1477;2270.38,1472.07;2271.34,1466.84;2270.62,1443.27;2266.06,1439.89;2265.46,1437.12;2261.85,1434.1;2253.62,1434.24;2239.53,1422.1
479	220020000	0	16	68938	1,201;2621.46,2488.96;2614.57,2539.95;2609.29,2539.04;2605.15,2567.75;2621.69,2570.05;2614.34,2618.51;2649.23,2624.25;2687.39,2615.26;2709.33,2582.22;2713,2558.56;2696.78,2496.6;2679.92,2497.46
480	220020000	0	16	68940	270,420;1712.46,2484.48;1685.24,2499.63;1672.18,2539.26;1644.52,2557.26;1638.05,2587.45;1586.79,2614.23;1582.88,2650.51;1594.75,2671.09;1618.5,2674.25;1625.59,2691.68;1615.16,2707.65;1587.63,2708.29;1579.43,2709.4;1577.79,2713.75;1563.04,2712.88;1561.98,2776.9;1562.36,2777.49;1556.15,2784.97;1556.89,2804.2;1551.56,2816.54;1540.52,2828.16;1533.8,2841.27;1549.63,2896.68;1571.8,2895.1;1583.67,2885.6;1599.5,2885.6;1609.79,2895.89;1621.66,2910.14;1654.91,2957.63;1639.08,2993.25;1642.24,3035.2;1660.45,3047.07;1691.32,3043.91;1808.47,3020.95;1828.26,3013.04;1842.51,2988.5;1837.76,2958.42;1812.43,2936.26;1819.55,2877.68;1808.47,2853.14;1783.22,2840.02;1786.31,2805.65;1825.25,2801.57;1853.59,2764.49;1876.54,2723.33;1872.58,2682.96;1883.36,2627.05;1912.2,2619.1;1929.27,2592.63;1925.22,2558.89;1911.75,2537.14;1878.92,2526.23;1855.96,2537.32;1844.61,2536.18;1842.96,2499.29;1823.99,2484.23;1803.07,2488.01;1784.46,2484.39;1734.86,2483.49
481	220020000	0	19	68942	200,600;791.04,2724.78;812.72,2821.12;795.92,2839.73;785.09,2850.05;772.37,2868.39;822.14,2947.38;835.94,2933.97;849.73,2935.7;901.81,2982.18;936.41,2950.58;968.9,2948.85;1026.64,2900.91;1028.44,2822.16;1031.65,2748.98;1067,2718.62;1151.71,2722.29;1151.71,2703.6;1151.24,2691.05;1148.64,2679.45;1146.98,2676.85;1137.51,2676.14;1147.93,2664.54;1154.28,2664.42;1163.81,2635.95;1135.16,2628.71;1105.08,2662.05;1097.35,2664.89;1088.41,2653.91;1085.56,2642.53;1069.71,2614.89;1087.6,2592.53;1127.84,2590.09;1154.27,2562.04;1162.4,2547.81;1172.97,2539.27;1177.03,2516.51;1179.07,2501.06;1190.45,2498.62;1200.63,2504.64;1195.16,2444.78;1185.71,2439.2;1142.62,2437.98;1117.82,2469.69;1093.43,2461.56;1086.11,2468.47;1074.73,2467.66;1065.78,2475.79;1057.24,2474.98;1050.74,2474.98;1052.77,2448.96;1075.13,2424.57;1096.68,2416.84;1124.32,2399.36;1129.61,2376.6;1144.65,2362.78;1146.68,2346.51;1135.7,2331.07;1136.52,2319.28;1129.2,2318.87;1120.26,2305.05;1120.95,2265.44;1078.84,2265.53;1074.08,2270.83;1062.24,2270.83;1057.35,2265.52;1030.72,2265.83;1022.07,2251.76;1001.59,2251.57;990.21,2258.74;960.62,2250.66;943.1,2268.53;968.1,2303.59;983.85,2337.55;981.88,2369.54;982.86,2413.35;950.87,2448.29;959.85,2466.82;962.31,2493.4;919.76,2503.48;861.23,2572.68;864.28,2581.54;881.75,2584.14;909.75,2606.7;912.7,2627.38;904.33,2642.14;893.5,2672.16;883.89,2686.72;884.87,2710.35;880.33,2713.92;880.82,2723.77;869.88,2735.82;861.02,2734.34;851.67,2720.07;816.55,2711.42;812.12,2700.59;802.45,2692.5
482	220020000	0	22	68944	1,600;1300.84,1870.9;1326.4,1876.34;1362.69,1876.34;1363.47,1886.44;1351.28,1899.92;1350.77,1923.77;1341.95,1933.88;1329.25,1937.77;1318.11,1938.8;1309.03,1954.1;1309.81,1981.32;1327.75,1995.84;1342.29,2003.83;1354.76,2008.3;1376.42,2009.79;1380.28,2005.93;1388.88,1997.03;1397.19,1996.73;1407.07,1984.95;1416.86,1983.47;1427.54,1973.38;1442.67,1981.39;1437.14,1990.87;1434.77,1999.48;1423.19,2014.61;1423.49,2020.55;1445.15,2049.33;1446.34,2065.65;1443.07,2068.02;1435.07,2069.19;1431.21,2072.77;1401.89,2050.78;1386.13,2046.64;1383.54,2029.79;1359.69,2029.28;1355.03,2032.65;1336.89,2030.83;1317.45,2049.5;1315.9,2075.16;1341.51,2105.76;1340.73,2130.65;1337.62,2142.05;1333.16,2146.47;1333.92,2162.05;1330.91,2165.32;1324.43,2166.88;1323.91,2171.03;1313.25,2185.46;1293.55,2204.77;1322.98,2239.81;1389.51,2263.46;1414.46,2314.23;1424.55,2302.25;1436.32,2303.51;1436.74,2309.19;1436.53,2315.91;1436.1,2319.07;1435.47,2321.59;1436.1,2321.8;1440.94,2323.06;1443.17,2323.17;1441.59,2358.15;1444.34,2376.7;1445.96,2383.73;1463.41,2389.54;1466.39,2385.19;1488.02,2383.47;1498.21,2376.95;1511.77,2379.64;1514.5,2375.54;1515.53,2363.24;1518.94,2357.78;1519.44,2351;1523.65,2342.58;1521.4,2335.03;1527.94,2328.44;1522.31,2311.68;1523,2303.44;1529.18,2297.26;1540.86,2298.41;1553.04,2299.38;1563.37,2294.82;1577.36,2273.23;1586.75,2265.37;1598.57,2246.96;1607.51,2250.65;1634.08,2272.88;1646.95,2252.71;1636.61,2238.39;1637.01,2226.45;1621.49,2222.08;1636.21,2211.34;1639.4,2176.73;1630.25,2167.58;1628.65,2146.5;1636.21,2132.17;1644.17,2125.41;1652.92,2130.19;1668.04,2130.19;1679.18,2134.16;1686.34,2146.5;1684.75,2152.46;1671.22,2160.42;1668.04,2173.15;1671.56,2186.18;1675.94,2200.11;1679.91,2212.84;1692.25,2225.96;1701.79,2225.57;1711.34,2220;1714.52,2209.65;1727.39,2208.04;1729.55,2197.22;1724.63,2190.11;1727.63,2178.82;1735.9,2172.28;1742.67,2165.71;1749.01,2155.96;1749.02,2148.7;1756.49,2140.48;1764.57,2135.7;1780.66,2129.69;1792.43,2120.81;1805.77,2108.72;1826.68,2092.16;1827.28,2075.88;1818.54,2057.2;1803.07,2042.7;1791.62,2033.06;1787.4,2021.31;1788,2005.34;1790.11,1986.96;1786.5,1969.78;1779.97,1952.97;1769.62,1942.06;1766.53,1927.12;1775.17,1897.08;1794.94,1885.66;1814.14,1870.2;1825.19,1851.16;1836.61,1828.15;1852.61,1807.09;1855.27,1803.97;1875.64,1776.68;1892.5,1730.85;1961.1,1614.06;1852.36,1511.01;1838.94,1504.73;1823.99,1492.88;1816.83,1483.85;1815.73,1478.26;1775.55,1474.7;1775.5,1476.19;1757.26,1495.2;1753.95,1504.12;1713.03,1510.26;1686.23,1507.68;1658.3,1493.87;1643.46,1478.63;1597.35,1452.01;1583.77,1474.91;1566.43,1492.24;1547.11,1506.97;1527.48,1519.71;1511.52,1537.32;1452.53,1580.7;1388.53,1588.26;1377.76,1595.37;1366.47,1612.68;1367.66,1636.06;1354.43,1654.72;1357.47,1670.46;1384.57,1699.97;1394.07,1701.45;1405.35,1724.01;1402.08,1748.34;1384.28,1759.32;1383.54,1799.06;1393.58,1811.17;1396.36,1820.31;1425.36,1832.62;1435.09,1849.11;1442.05,1851.89;1442.64,1859.84;1432.91,1873.94;1421.89,1880.81;1408.19,1882.6;1400.44,1892.13;1393.69,1886.97;1399.45,1878.83;1398.85,1873.26;1374.18,1848.06;1362.07,1850.24;1342.4,1849.65;1334.65,1842.3;1334.45,1835.74;1324.36,1793.89;1318.94,1789.04;1278.76,1845.56
483	220020000	0	23	68946	1,600;1583.75,1475.96;1597.55,1452.8;1644.39,1480.06;1658,1494.29;1686.71,1508.38;1714.37,1510.78;1754.66,1504.57;1758.03,1495.44;1776.38,1475.78;1815.49,1479.45;1816.43,1485.04;1825.54,1489.21;1882.46,1488.84;1948.57,1351.77;1940.79,1045.55;1781.32,956.36;1740.5,959.46;1703.06,942.87;1693.7,928.4;1630.22,926.33;1620.69,942.58;1573.09,933;1577.04,921.22;1546.11,921.11;1497.5,1015.41;1481.94,1289.55;1485.41,1393.06;1525.02,1444.26;1566.68,1492.33
484	220020000	0	26	68948	50,600;2566.48,2043.28;2531.44,2041.8;2527.31,2043.45;2523.91,2048.09;2518.97,2076.53;2505.68,2089.82;2503.06,2116.81;2487.92,2134.12;2484.52,2157.61;2474.01,2157.61;2469.68,2160.09;2471.55,2220.34;2456.76,2232.77;2443.23,2230.84;2407.06,2203.64;2397.63,2203.02;2397.01,2183.86;2367.03,2178.91;2360.45,2185.85;2360.14,2205.64;2351.79,2211.82;2344.69,2207.18;2333.45,2215.18;2331.41,2236.08;2346.22,2264.53;2352.61,2265.11;2361.82,2276.26;2360.08,2316.9;2347.24,2322.58;2346.65,2346.38;2362.62,2348.41;2372.49,2359.16;2372.45,2376.14;2362.58,2389.79;2352.88,2435.9;2371.23,2436.91;2436.87,2438.14;2472.75,2415.01;2474,2407.75;2481.77,2400.23;2484.02,2389.72;2488.78,2383.71;2488.78,2369.43;2467.94,2360.73;2458.79,2354.81;2463.63,2333.54;2468.75,2327.62;2469.28,2320.35;2480.86,2319.81;2485.43,2324.39;2495.66,2325.2;2502.12,2316.31;2510.2,2316.04;2515.04,2321.16;2520.35,2317.62;2519.57,2300.73;2541.12,2273.36;2549.29,2258.09;2569.51,2257.93;2576.46,2262.8;2582.68,2263.33;2590.59,2276.23;2594.89,2291.42;2598.83,2316.67;2598.83,2349.8;2612.03,2369.25;2622.28,2369.4;2625.52,2368.25;2660.5,2367.55;2661.14,2356.84;2670.72,2346.2;2677.53,2343.43;2683.7,2342.58;2688.44,2336.33;2687.68,2320.04;2695.96,2308.85;2701.7,2306.72;2708.3,2299.27;2719.6,2299.55;2725.79,2287.88;2734.6,2280.02;2748.37,2281.6;2759.12,2303.32;2760.22,2314.07;2769.04,2323.5;2768.84,2335.94;2780.76,2339.65;2795.01,2356.91;2800.22,2352.69;2810.66,2353.7;2811.66,2366.74;2824.97,2374.13;2861.69,2346.64;2854.91,2337.44;2850.03,2323.57;2851.68,2298.63;2855.41,2284.37;2866.6,2273.84;2973.89,2273.84;2989.88,2258.09;2992.85,2224.77;2989.78,2204.37;2973.76,2188.57;2963.23,2187.47;2946.55,2189.23;2930.22,2177.05;2925.61,2165.21;2920.34,2141.07;2915.78,2138.43;2905.03,2128.77;2903.05,2123.95;2902.18,2117.8;2901.74,2117.36;2901.08,2111.66;2900.64,2107.49;2904.81,2105.73;2915.34,2105.52;2921.92,2099.15;2943.43,2098.93;2951.1,2093.45;2953.95,2093.11;2958.76,2087.89;2967.79,2087.09;2970.4,2083.08;2961.57,2070.04;2953.95,2069.83;2951.54,2077.46;2945.75,2086.25;2936.12,2085.05;2932.11,2077.83;2930.91,2072.61;2927.5,2068.19;2924.28,2067.99;2919.07,2070.6;2915.46,2077.83;2909.46,2083;2897.82,2083.2;2893.61,2085.21;2892.98,2083.55;2874.92,2082.35;2871.11,2073.32;2865.89,2066.9;2864.28,2059.88;2860.87,2060.08;2852.04,2070.11;2848.63,2076.13;2848.63,2081.55;2850.64,2088.97;2832.45,2086.79;2824.09,2099.34;2819.27,2107.76;2800.69,2112.11;2791.98,2103.4;2787.92,2095.27;2770.5,2089.47;2768.81,2058.31;2744.52,2066.55;2741.03,2098.77;2701.88,2140.75;2679.63,2160.95;2663.96,2160.95;2660.18,2156.6;2661.34,2103.18;2658.15,2102.89;2645.13,2090.34;2644.55,2077.86;2631.78,2066.83;2626.84,2067.99;2621.33,2069.65;2620.17,2071.39;2609.72,2070.23;2596.17,2048.5;2585.57,2035.95;2576.91,2026.99;2573.51,2026.06;2568.88,2028.23
485	220020000	0	16	68950	400,600;312.77,285.08;294.34,303.12;279,303.88;264.04,318.46;263.27,322.68;262.5,333.42;258.28,341.48;226.23,384.94;224.31,399.14;227,409.11;250.78,434.81;252.96,436.74;253.61,444.57;252.16,449.28;285.04,489.76;287.73,486.25;306.08,482.37;314.42,475.89;325.94,475.31;327.12,480.64;336.79,489.01;351.02,484.33;351.02,469.75;356.78,460.55;365.7,458.63;373.27,453.6;373.33,442.93;375.28,437.38;378.26,426.02;384.36,414.53;385.3,401.99;386.93,396.12;388.18,382;402.05,372.1;404.73,358.89;402.81,324.36;402.14,320.27;408.98,314.8;409.04,290.25;363.82,291.4;351.21,284.49
486	220020000	0	16	68952	300,600;365.21,2923.02;320.33,3028.91;364.77,3057.03;425.88,2997.05;492.13,2955.86;506.58,2918.76;484.95,2880.51;466.52,2871.81;433.68,2874.04
487	220020000	0	16	69802	1,600;2265.09,552.31;2247.46,560.63;2237.56,572.33;2211.53,568.62;2211.54,590.86;2217.18,608.64;2218.08,621.05;2225.52,626.52;2222.51,651.39;2226.08,678.86;2242.59,705.23;2257.33,711.74;2281.63,711.5;2293.85,721.36;2302.52,740.68;2297,761.18;2295.82,781.68;2282.02,797.06;2288.73,829.45;2317.91,839.31;2332.1,853.9;2343.14,860.99;2384.38,859.55;2396.21,860.73;2408.43,872.56;2406.42,896.8;2398.22,904.18;2387.1,923.97;2391.63,946.16;2399.72,951.45;2408.82,951.02;2415.13,942.74;2467.57,930.91;2472.62,906.94;2482.95,896.14;2477.04,878.08;2463.95,875;2451.01,854.81;2452.59,838.25;2448.65,816.17;2439.97,806.32;2429.72,805.53;2415.92,808.29;2393.05,805.13;2387.53,801.19;2373.34,805.13;2353.23,799.22;2350.47,790.15;2355.2,773.2;2355.59,761.76;2360.72,747.17;2379.25,729.04;2323.38,660.95;2311.95,659.77;2305.64,657.01;2298.94,648.73;2287.9,621.52;2290.61,614.84;2284.69,580.53;2290.38,578.62;2276.03,568.58
488	220020000	0	16	69803	200,600;974.41,1674.73;966.31,1680.72;962.24,1690.48;962.78,1693.97;964.71,1697.84;974.9,1705.09;980.91,1711.79;986.62,1714.4;1003.08,1714.36;1008.81,1712.01;1012.59,1705.07;1014.53,1697.44;1013.58,1684.12;1008.81,1675.25;999.98,1669.75;987.37,1670.71
489	220020000	0	16	68954	100,200;1576.2,930.43;1569.68,987.99;1595.71,988.77;1608.66,989.5;1621.72,939.84
490	220020000	0	16	68956	100,600;2797.98,1074.45;2777.05,1122.54;2781.28,1132.78;2790.18,1141.45;2814.89,1141.66;2832.71,1124.31;2833.82,1093.6;2827.37,1078.02;2821.14,1070.89;2802.21,1072.22
491	220020000	0	27	68958	1,600;2435.37,1030.59;2440.91,1049.38;2454.62,1057.64;2456.83,1067.11;2467.52,1072.15;2467.11,1081.22;2467.72,1095.13;2469.67,1122.83;2469.34,1133.82;2469.02,1140.7;2462.13,1161.7;2451.57,1174.92;2445.99,1180.49;2435.57,1186.65;2418.35,1192.6;2406.33,1218.78;2406.01,1232.07;2418.96,1251.75;2418.96,1260.28;2409.61,1267.33;2401.41,1267.17;2393.54,1269.63;2385.41,1275.81;2386.72,1286.14;2393.12,1292.21;2405.04,1290.67;2422.26,1294.28;2441.73,1293.24;2465.31,1294.05;2486.47,1296.07;2494.13,1324.48;2485.1,1332.88;2476.34,1351.19;2471.95,1371.3;2465.81,1377.24;2457.56,1383.94;2451.63,1406.37;2442.81,1407.05;2434.03,1410.23;2422.47,1413.66;2413.57,1422.68;2394.99,1439.2;2389.44,1448.54;2385.1,1462.99;2361.54,1489.91;2358.9,1497.35;2365.65,1504.7;2361.32,1517.71;2363.22,1522.59;2369.6,1522.66;2369.58,1524.47;2375.75,1525.2;2376.61,1529.05;2370.99,1534.17;2365.84,1540.21;2365.31,1543.72;2350.68,1558.08;2333.64,1564.13;2322.6,1561.96;2303.96,1554.86;2291.88,1539.73;2288.37,1535.96;2269.91,1535.26;2255.79,1542.98;2237.45,1519.71;2222.73,1511.65;2198.85,1508.92;2192.3,1499.57;2193.12,1489.38;2190.27,1468.86;2183.18,1434.62;2178.24,1421.36;2160.66,1421.97;2143.69,1425.98;2129.69,1437.47;2099.15,1436.86;2081.87,1426.68;2097.61,1402.31;2089.59,1373.31;2089.59,1333.52;2087.65,1307.39;2069.29,1294.96;2064.38,1289.72;2072.56,1280.23;2073.87,1270.74;2064.71,1263.55;2062.09,1253.73;2068.79,1237.08;2087.66,1246.31;2102.83,1256.12;2108.9,1259.85;2115.9,1255.18;2117.3,1246.78;2115.9,1243.75;2105.4,1235.81;2105.87,1225.54;2101.9,1217.84;2070.3,1209.09;2062.2,1173.19;2061.01,1128.71;2077.37,1102.15;2108.09,1075.2;2121.32,1068.66;2125.57,1052.02;2119.55,1040.15;2109.81,1036.43;2097.55,1035.94;2089.23,1027.8;2090.26,1019.05;2086.71,1002.58;2088.22,984.47;2096.62,974.2;2108.29,958.8;2114.36,948.53;2156.97,941.86;2158.13,946.53;2161.4,950.5;2169.34,957.97;2169.1,972.67;2162.79,982.86;2168.16,987.77;2177.73,993.13;2183.1,999.9;2181,1016.01;2178.43,1019.04;2178.2,1037.25;2176.68,1041.45;2164.92,1051.83;2172.18,1064.97;2183.26,1070.71;2196.8,1074.55;2210.24,1071.06;2217.51,1065.52;2223.39,1059.98;2240.69,1054.79;2256.26,1054.45;2255.03,1051.44;2265.06,1058.36;2283.05,1060.43;2293.78,1057.67;2304.16,1045.9;2316.54,1044.68;2320,1040.53;2320.34,1036.03;2317.23,1027.38;2310.31,1026.35;2310.31,1020.12;2314.81,1012.85;2327.61,1011.12;2357.71,1008.01;2362.9,997.97;2359.09,977.56;2363.59,964.41;2370.86,961.65;2389.12,957.76;2395.15,963.98;2407.21,971.11;2407.03,982.99;2407.58,993.59;2417.28,999.7
492	220020000	0	20	68960	150,600;1078.67,2265.23;1111.82,2265.16;1127.76,2264.95;1128.75,2222.77;1117.63,2217.77;1106.7,2211.49;1102.45,2203.39;1103.05,2196.91;1114.19,2186.78;1136.06,2186.99;1139.3,2185.16;1142.2,2176.94;1143.79,2145.48;1151.32,2134.6;1150.68,2093.94;1164.9,2078.46;1180.8,2072.6;1177.95,2002.06;1161.4,1996.22;1147.18,1995.81;1140.9,1986.18;1135.88,1982.42;1134.2,1972.37;1150.1,1952.29;1180.87,1905.31;1186.6,1898.47;1186.6,1889.48;1196.42,1872.3;1194.94,1840.37;1210.73,1823.64;1222.59,1825.69;1224.22,1833.46;1241.81,1835.78;1247.02,1825.03;1256.83,1824.21;1267.46,1835.66;1278.97,1846.15;1317.21,1792.85;1312.5,1761.03;1301.05,1749.99;1298.19,1740.58;1273.41,1707.08;1248.52,1689.47;1220.91,1690.29;1194.53,1675.35;1160.32,1674.87;1135.74,1701.39;1114.79,1705.82;1093.46,1691.38;1073.57,1696.89;1053,1687.85;1029.66,1682.11;1029.5,1672.32;994.46,1666.24;978.29,1666.65;917.99,1661.41;901.16,1676.47;865.94,1723.83;851.92,1770.15;851.92,1793.6;862.35,1809.61;891.01,1818.92;908.84,1819.61;911.49,1838.65;910,1863.22;898.12,1875.17;898.87,1906.44;860.85,1976.78;871.02,2004.81;884.27,2140.33;884.97,2146.28;879.69,2160.2;882.2,2182.99;912.65,2206.11;941.73,2207.9;956.49,2225.79;968.57,2219.53;1018.67,2222.21;1027.62,2234.74;1027.17,2245.03;1021.65,2251.56;1030.1,2265.32;1057.58,2265.29;1062.25,2271.15;1062.19,2272.43;1074.02,2272.41;1074.1,2270.99
493	220020000	0	23	68962	350,600;396.51,696.59;456.19,670.34;453.02,667.6;453.02,658.26;457.47,650.71;455.24,603.14;454.25,499.17;493.81,465.12;492.81,430.56;452.24,384.98;451.24,372.97;460.26,364.45;480.29,376.47;508.33,375.97;516.77,385.69;530.79,396.21;532.29,418.75;553.33,438.28;634.96,435.27;655.49,425.76;658.51,409.2;681.29,388.18;704.07,350.94;704.51,329.04;715.9,329.91;726.41,319.84;736.49,327.28;742.62,328.6;746.12,324.22;749.19,324.66;755.78,333.62;789.55,309.26;810.99,286.16;810.99,260.42;802.66,243.08;780.34,226.5;758.27,212.6;744.78,213.83;736.61,223.23;742.68,195.54;759.36,195.02;763.01,181.47;753.84,155.58;741.12,155.4;728.09,146.02;709.89,143.89;707.28,146.49;673.4,147.54;613.75,154.49;566.02,193.68;512.63,199.2;512.63,180.1;526.27,155.8;473.17,156.2;417.55,219.38;393.78,220.36;380.81,230.08;361.37,230.62;357.59,191.74;358.43,180.17;350.33,169.91;347.09,156.95;330.89,141.83;310.36,142.37;286.05,165.72;278.38,178.79;264.99,193.26;245.07,195.26;229.41,197.96;228.33,187.7;193.23,176.36;161.9,172.04;144.62,190.4;144.27,225.63;118.88,259.12;71.9,262.9;59.48,274.24;56.41,291.1;61.57,302.24;64.27,315.74;71.83,341.12;74.53,375.68;103.05,381.99;113.31,391.17;118.71,401.44;118.71,425.2;132.59,428.67;145.17,433.02;164.03,436.41;176.61,438.83;181.93,445.6;183.87,462.53;186.44,471.68;188.82,487.78;185.84,496.73;180.48,521.77;172.13,529.52;145.89,532.51;115.3,552.13;109.93,562.26;122.46,574.79;155.85,594.47;179.7,635.02;225.52,633.48;235.06,650.77;252.36,650.18;259.25,655.89;261.64,669.01;260.1,677.49;243.15,688.09;241.96,697.04;241.96,700.61;267.6,697.63;272.37,694.05;278.93,692.26;290.9,682.54;299.75,673.14;305.92,665.21;314.58,653.66;335.72,631.89;387.59,635.26;397.26,645.42;392.91,675.9;390.49,685.09;396.3,689.44
494	220020000	0	27	68964	50,600;2347.88,2433.11;2348.92,2469.88;2326.33,2492.41;2318.1,2501.67;2320.41,2513.51;2359.52,2556.99;2361.1,2597.36;2351.33,2606.88;2355.44,2628.75;2361.36,2648.3;2376.02,2648.05;2397.97,2688.7;2437.08,2686.38;2461.27,2691.01;2462.29,2703.62;2451.48,2720.59;2420.35,2742.97;2417,2779.25;2406.72,2793.49;2389.09,2815.34;2376.99,2826.15;2376.52,2834.22;2375.82,2854.58;2389.41,2862.59;2409.77,2880.85;2414.35,2895.31;2411.54,2914.98;2396.78,2926.84;2391.51,2932.11;2389.78,2951.33;2405.37,2969.15;2418.92,2973.8;2420.68,2982.22;2434.02,2989.6;2449.31,3001.35;2461.95,2998.54;2471.08,2979.93;2492.15,2955.35;2502.91,2954.59;2526.78,2932.47;2530.23,2903.8;2545.32,2892.69;2544.62,2857.93;2529.52,2842.48;2527.76,2827.73;2526.36,2803.51;2517.49,2794.95;2498.45,2778.23;2497.42,2763.3;2500,2756.87;2512.6,2755.33;2523.92,2742.98;2530.67,2745.46;2547.65,2746.49;2556.25,2713.45;2531.29,2711.13;2530.26,2707.53;2530.78,2695.44;2525.92,2694.28;2507.13,2675.5;2496.07,2671.9;2495.3,2632.79;2496.59,2623.02;2502.25,2616.84;2505.85,2617.61;2513.57,2612.73;2514.08,2583.14;2523.46,2557.46;2530.45,2538.03;2521.9,2527.93;2504.8,2510.44;2502.47,2480.51;2487.4,2469.64;2451.26,2462.26;2445.82,2459.15;2440.38,2447.1;2442.71,2435.44
495	220020000	0	16	69804	50,600;2367.45,1691.24;2355.54,1701.45;2351.71,1716.77;2350.86,1723.58;2350.43,1733.36;2355.55,1738.75;2355.2,1761.43;2363.67,1770.96;2367.26,1780.17;2366.17,1786.41;2355.28,1797.48;2350.76,1815.28;2340.83,1822.19;2335.21,1824.22;2335.68,1836.13;2336.87,1841.07;2352.55,1858.96;2373.1,1874.91;2376.14,1880.72;2388.88,1884.46;2428.01,1900.78;2445.77,1900.43;2460.14,1902.24;2468.47,1886.18;2470.67,1855.09;2468.35,1826.07;2476.24,1818.64;2485.06,1817.25;2492.26,1822.36;2508.05,1827.93;2527.78,1840.93;2533.46,1845.19;2533.69,1854.71;2534.62,1859.12;2559.46,1840.78;2558.76,1835.67;2564.1,1824.99;2564.56,1779.72;2552.95,1754.65;2544.66,1747.01;2542.68,1736.54;2546.41,1726.05;2549.24,1711.74;2549.72,1697.92;2546.18,1682.96;2535.74,1669.51;2526.9,1663.69;2511.24,1660.14;2496.53,1660.15;2466.43,1669.19;2463.7,1642.27;2462.42,1642.45;2457.79,1646.77;2441.08,1646.39;2437.54,1655.97;2429.11,1662.47;2419.73,1662.05;2415.72,1652.03;2404.79,1640.65;2373.49,1642.05;2374.93,1667.83;2380.44,1672.7
496	220020000	0	16	68966	190,600;1678.88,1114.66;1668.36,1126.55;1657.61,1154;1660.81,1166.81;1667.44,1172.52;1692.71,1168.56;1709.48,1156.85;1710.72,1151.15;1701.81,1130.79
497	220020000	0	21	69805	200,600;919.69,1662.81;977.89,1667.63;993.44,1667.63;1029.07,1673.17;1029.33,1682.39;1052.96,1689.01;1073.1,1698.09;1092.81,1692.78;1114.52,1706.99;1135.44,1702.65;1166.52,1669.64;1175.49,1592.02;1181.82,1582.85;1178.55,1564.64;1199.1,1539.42;1216.38,1538.02;1235.99,1546.89;1259.8,1552.03;1268.36,1545.53;1269.11,1541.79;1272.84,1535.08;1272.09,1513.07;1292.98,1490.68;1293.73,1457.85;1302.94,1449.28;1310.03,1450.03;1318.61,1441.44;1321.23,1435.47;1317.87,1415.7;1317.87,1405.63;1320.11,1397.79;1337.24,1379.38;1347.31,1372.66;1356.26,1364.83;1377.9,1359.6;1403.65,1358.49;1422.68,1338.71;1443.94,1307;1453.64,1301.03;1463.89,1295.82;1468.52,1286.54;1469.34,1269.7;1469.34,1260.67;1465.24,1256.97;1456.2,1242.6;1444.3,1233.98;1436.08,1227;1436.9,1208.93;1445.12,1192.09;1449,1184.68;1450.72,1176.95;1464.03,1159.78;1472.01,1145.86;1471.33,1144.75;1470.11,1112.76;1464.81,1046.52;1441.46,994.31;1403.89,968.56;1380.2,955.91;1326.94,992.39;1298.02,1007.19;1272.92,1070.43;1272.63,1111.28;1230.73,1158.32;1220.16,1162.81;1207.67,1172.42;1192.49,1174.52;1185.62,1179.1;1180.13,1183.68;1176.23,1185.06;1154.94,1208.64;1143.94,1209.1;1139.36,1207.96;1137.76,1206.12;1140.51,1202;1140.58,1196.49;1159.33,1161.82;1159.74,1088.04;1129.98,1064.84;1110.58,1035.29;1091.69,1003.17;1078.79,1047.75;1036.69,1069.27;1033.93,1098.34;1017.18,1116.52;1010.01,1122.74;971.26,1104.56;966.47,1115.56;976.52,1128;925.77,1180.69;886.28,1177.58;879.11,1170.4;878.69,1160.27;887.71,1145.05;886.44,1123.09;882.64,1119.72;880.12,1093.79;864.74,1091.48;857.82,1086.86;820.51,1084.56;808.97,1062.25;807.43,1027.25;805.14,999.36;797.06,988.21;797.06,962.44;780.52,956.29;780.14,933.98;788.99,905.9;780.14,898.21;756.29,907.83;738.85,921.44;725.79,917.66;715.89,909.28;665.88,908.68;622.68,941.72;627.14,950.93;625.04,953;616.02,963.01;592.98,961.01;573.28,955.26;573.41,979.45;581.3,983.32;582.33,1031.17;624.56,1032.12;619.93,1042.57;605.41,1058.05;584.23,1061.67;561.87,1054.22;528.49,1123.76;544.43,1127.52;544.21,1206.19;520.5,1230.72;524.83,1251.45;540.31,1299.94;537.26,1309.65;541.88,1338.53;545.53,1377.65;557.71,1420.06;579.95,1423.02;609.67,1412.07;655.57,1342.7;679.56,1335.93;706.1,1364.07;704.88,1389.08;646.79,1458.82;637.31,1486.64;644.09,1495.51;661.83,1502.29;726.01,1440.31;756.48,1427.37;770.4,1399.2;777.32,1398.44;796.55,1415.35;799.22,1431.71;788.53,1453.08;746.47,1501.82;747.12,1522.17;839.35,1532.07;846.73,1552.42;846.34,1622.54;856.23,1633.26;882.63,1618.42;909.85,1626.25
498	220020000	0	16	68968	1,600;2239.84,376.43;2162.1,479.83;2163.6,482.64;2181.44,489.59;2183.12,504.04;2184.06,530.02;2193.18,545.09;2210.39,557.24;2216.74,565.5;2219.05,571.09;2238.46,573.78;2249.45,561.28;2264.78,553.82;2275.67,568.83;2286.13,577.07;2300.17,562.58;2318.04,557.52;2336.38,563.08;2350.16,549.47;2357.2,534.94;2366.85,515.28;2374.95,501.35;2380.81,476.21;2402.99,459.15;2400.92,431.93;2410.37,406.03;2432.85,381.83;2435.18,356.11;2430.2,330.01;2414.09,314.35;2396.48,297.32;2370.5,286.04;2333.33,286.36;2322.77,289.93;2286.93,325.87;2256.36,355.9;2244.54,375.82
499	220020000	0	28	68970	1,600;2103.49,943.72;2112.82,949.89;2157.51,943.05;2158.25,947.26;2162.09,951.42;2170.76,950.42;2177.43,931.58;2177.37,889.86;2162.34,870.06;2147.62,869.39;2138.69,874.07;2121.74,870.5;2107.02,876.3;2103.89,890.53;2089.62,895.89;2078.24,889.64;2071.11,856.19;2056.6,853.78;2049.51,872.63;2035.5,873.52;2026.56,856.53;2019.11,825.53;2020.3,816.29;2034.61,811.22;2044.74,799.3;2066.8,797.21;2072.46,797.81;2078.72,784.69;2087.62,783.45;2092.39,770.63;2100.49,761.04;2107.94,755.37;2113.84,757.6;2121.59,763.56;2125.47,762.96;2129.64,759.98;2134.41,759.38;2142.16,769.22;2149.91,770.41;2169.93,753.43;2174.15,750.09;2167,741.75;2163.12,734.89;2165.51,712.53;2178.89,708.78;2188.13,709.08;2202.74,718.92;2212.41,725.88;2219.87,722.9;2227.02,712.46;2232.68,712.16;2247.55,713.64;2257.19,709.21;2241.82,697.74;2232.44,680.55;2228.53,667.52;2226.45,653.45;2229.51,628.15;2228.99,623.46;2218.06,613.62;2213.37,629;2200.34,638.64;2181.08,672.28;2175.5,683.17;2165.44,680.94;2156.22,674.51;2154.83,661.11;2158.46,641.27;2158.37,634.97;2153.3,623.34;2154.08,590.4;2145.14,591.59;2137.69,601.13;2120.1,600.24;2108.12,587.79;2092.61,577.06;2075.11,567.1;2026.89,621;2038.41,624.17;2050.07,627.64;2053.85,636.78;2060.79,648.76;2062.68,667.67;2045.66,686.9;2004.47,691.24;1999.43,704.16;1985.24,716.46;1970.43,715.2;1963.49,710.15;1949.31,733.48;1953.41,742.3;1960.03,744.51;1959.71,766.26;1966,774.25;1965.37,789.06;1950.55,808.61;1940.78,824.68;1942.67,838.55;1940.64,850.36;1943.69,853.69;1944.25,865.91;1948.41,874.52;1955.43,880.63;1951.34,895.49;1953.57,902.92;1958.77,905.15;1967.69,903.66;1974.75,905.52;1986.06,906.49;1997.19,915.04;1995.58,928.92;1987.3,939.02;1994.03,956.89;1991.39,962.79;2003.82,966.68;2005.12,969.78;2022.47,972.31;2030.5,964.02;2053.03,963.76;2066.49,956;2080.7,955.11;2089.25,945.53
500	220020000	0	18	68972	250,600;731.86,2313.73;729,2324.97;715.51,2340.07;715.51,2344.24;720.97,2348.42;724.19,2362.55;709.41,2377.33;719.6,2386.29;720.76,2400.78;724.93,2404.12;730.36,2434.6;775.45,2445.45;796.32,2457.56;813.44,2479.27;830.03,2486.9;833.79,2505.27;797.88,2540.75;760.38,2539.68;747.86,2528.83;731.99,2527.99;717.8,2539.26;666.08,2557.22;669.97,2630.55;659.95,2642.66;642.84,2627.63;626.56,2625.96;605.68,2638.07;601.28,2652.18;592.1,2679.74;584.02,2689.21;594.11,2699.19;601.41,2725.95;602.66,2728.03;622.7,2726.78;633.55,2756.84;668.86,2758.2;680.09,2771.55;683.22,2779.98;683.62,2796.39;701.63,2850.91;712.97,2850.97;742.39,2879.94;768.73,2873.63;785.73,2850.95;814.26,2820.89;791.94,2723.34;765.73,2724.47;751.46,2711.47;746.07,2694.34;737.19,2672.15;728.94,2656.61;719.43,2645.19;716.58,2635.68;715.63,2621.41;719.11,2612.22;737.82,2588.12;762.63,2587.58;768.02,2580.6;770.87,2581.23;776.58,2585.04;778.8,2592.33;784.09,2592.19;790.06,2585.93;794.53,2584.73;806.17,2572.5;821.38,2571.01;835.22,2557.4;850.44,2558.59;869.08,2570.89;906.98,2527.68;889.69,2500.74;883.31,2507.12;874.94,2509.11;863.78,2474.02;882.12,2458.07;866.97,2421.79;843.44,2417.4;828.56,2406.98;828.04,2339.96;830.83,2326.4;843.2,2312.85;836.42,2300.88;838.41,2290.12;849.15,2279.64;850.55,2248.43;803.01,2263.22;801.9,2291.55;785.65,2299.87;754.93,2302.63;747.39,2311.25
501	220020000	0	16	68974	500,600;1251.63,243.55;1249.54,249.82;1249.96,276.17;1249.54,292.06;1254.14,294.98;1262.5,305.44;1276.72,317.15;1319.79,316.31;1329.47,300.74;1322.72,283.28;1346.55,246.95;1317.68,221.35;1272.12,232.68;1255.81,236.44
502	220020000	0	16	68976	200,600;1054.85,2475.3;1051.6,2478.73;1053.05,2488.12;1054.49,2491.19;1057.92,2498.05;1060.45,2505.27;1062.79,2511.22;1064.77,2512.56;1066.76,2522.65;1084.59,2523.37;1089.99,2523.19;1094.13,2519.22;1099.36,2515.98;1099.26,2496.6;1104.76,2493.29;1106.38,2489.87;1106.84,2489.74;1109.98,2482.12;1110.99,2481.98;1113.16,2478.73;1112.68,2475.1;1115.57,2471.86;1113.7,2469.52;1094.02,2461.22;1085.54,2467.36;1075.25,2467.72;1064.96,2475.84
503	220020000	0	21	68978	200,600;1331.24,2110.37;1337.14,2117.75;1339.25,2125.46;1338.19,2137.71;1334.16,2144.28;1325.24,2142.62;1320.68,2145.77;1318.58,2164.33;1311.93,2174.84;1315.08,2181.49;1293.68,2202.67;1321.53,2232.13;1324.41,2231.47;1328.96,2224.47;1335.96,2223.77;1344.72,2226.92;1360.48,2238.48;1376.24,2245.83;1388.25,2260.45;1412.82,2310.1;1413.97,2314.36;1424.39,2301.66;1436.9,2302.91;1437.21,2315.73;1435.96,2321.36;1440.65,2322.93;1443.67,2322.72;1442.32,2358.39;1444.45,2374.46;1446.76,2384.23;1443.42,2388.33;1445.22,2399.87;1462.14,2413.97;1464.45,2421.66;1483.17,2425.25;1486.16,2429.2;1484.98,2435.96;1468.54,2455.83;1460.29,2455.07;1453.53,2461.83;1457.31,2468.92;1444.8,2466.42;1416.03,2468.29;1400.49,2475.99;1389.55,2482.24;1388.3,2496.63;1382.36,2505.7;1380.79,2518.2;1375.48,2524.15;1372.69,2536.76;1373.94,2543.64;1364.25,2554.89;1364.25,2557.71;1371.44,2560.21;1390.83,2567.72;1392.08,2579.91;1394.89,2589.92;1380.51,2615.87;1373.94,2623.69;1372.69,2630.26;1360.49,2638.7;1358.62,2642.76;1359.87,2648.71;1366.44,2653.08;1402.4,2651.51;1419.92,2666.21;1431.17,2669.65;1434.61,2727.81;1458.07,2754.08;1481.86,2763.23;1500.62,2742.91;1496.87,2724.77;1525.33,2694.75;1540.96,2708.2;1556.49,2712.29;1564.4,2711.33;1562.88,2777.83;1555.42,2784.72;1555.61,2803.89;1551.14,2815.44;1539.97,2827.35;1532.45,2840.39;1536.13,2857.57;1480.44,2916.52;1453.57,2912.39;1443.03,2921.29;1424.73,2929.01;1410.91,2924.95;1389.92,2934.34;1340.53,2936.66;1336.6,2938.39;1309.04,2938.65;1284.22,2925.13;1274.28,2906.9;1243.7,2903.83;1239.39,2916.76;1209,2920.31;1203.36,2925.95;1218.85,2938.06;1216,2964.24;1203.99,2972.25;1183.47,2966.72;1176.92,2974.97;1150.75,2972.41;1131.68,2961.89;1116.62,2914.64;1115.38,2879.33;1136.72,2875.35;1139,2870.8;1133.02,2844.33;1158.34,2823.56;1162.33,2787.43;1149.93,2741.76;1149.77,2724.16;1150.22,2693.39;1147.07,2679.35;1161.21,2634.05;1183.79,2501.23;1194.88,2496.88;1194.73,2454.51;1213.88,2442.6;1223.96,2429.8;1225.12,2404.21;1204.64,2379.25;1209.62,2366.6;1193.4,2299.53;1203.09,2273.94;1208.91,2255.33;1202.7,2253.77;1205.42,2235.16;1203.48,2228.96;1192.23,2227.79;1198.82,2201.43;1213.04,2170.44;1230.49,2150.28;1259.58,2153.38;1278.58,2150.67;1320.22,2109.66
504	220020000	0	24	68980	50,600;2597.61,1663.37;2596.13,1712.42;2565.45,1780.29;2564.41,1824.02;2560.69,1829.6;2559.3,1838.43;2563.09,1844.56;2575.7,1853.53;2577.41,1859.08;2580.4,1866.96;2586.6,1873.58;2593.86,1878.92;2596.31,1926.49;2600.59,1930.51;2606.75,1930.78;2607.24,1932.73;2612.8,1934.66;2612.37,1940.21;2613.71,1946.04;2597.91,1945.23;2588.27,1938.81;2586.13,1932.11;2588.27,1930.51;2589.47,1925.39;2588.94,1909.58;2588.4,1905.74;2587.98,1896.98;2581.14,1893.56;2578.64,1887.19;2574.41,1876.73;2542.03,1875.91;2540.78,1865.7;2533.06,1859.97;2531.82,1845.28;2522.11,1839.8;2501.89,1834.45;2482.58,1838.56;2478.74,1858.25;2481.42,1873.94;2489.91,1915.28;2509.94,1942.63;2510.43,1957.07;2525.13,1962.05;2527.37,1970.77;2526.37,1981.78;2511.68,1996.72;2508.45,2013.4;2498.85,2027.73;2478.31,2024.96;2469.48,2030.59;2461.7,2058.17;2451.74,2098.5;2431.07,2112.4;2405.91,2121.4;2387.03,2130.22;2371.28,2119.45;2352.08,2116.54;2320.99,2127.47;2283.85,2060.16;2276.87,2044.09;2274.76,2022.31;2281.1,2014.91;2283.85,2003.91;2266.4,1984.32;2246.52,1970.78;2238.06,1952.6;2239.31,1940.11;2241.39,1919.85;2231.49,1894.75;2233.1,1891.3;2243.69,1890.15;2251.52,1881.4;2251.98,1869.19;2250.14,1863.44;2243.23,1855.15;2235.4,1848.24;2222.97,1843.41;2206.85,1844.1;2191.2,1843.41;2181.66,1837.77;2166.65,1838.02;2152.97,1839.06;2147.15,1836.72;2142.92,1822.97;2141.02,1788.08;2157.95,1776.89;2165.5,1789.53;2174.08,1796.93;2184.52,1795.61;2230.33,1798.69;2243.55,1794.08;2245.09,1753.8;2259.75,1742.01;2274.2,1757.39;2280.66,1759.23;2281.89,1772.45;2294.5,1778.6;2307.41,1812.42;2326,1823.55;2335.05,1823.8;2341.57,1820.77;2350.26,1814.69;2354.81,1796.77;2365.7,1786.19;2366.74,1780.48;2362.41,1771.56;2354.21,1762.15;2354.34,1739.24;2349.6,1733.88;2350.33,1717.16;2354.32,1701.47;2361.77,1694.56;2367.17,1690.63;2379.42,1672.62;2374.35,1668.33;2372.83,1641.45;2405.97,1639.68;2416.02,1651.23;2420.93,1661.33;2429.01,1661.62;2436.81,1655.56;2440.27,1645.16;2457.31,1645.45;2464.23,1639.39;2467.7,1625.53;2479.72,1616.05;2517.96,1616.27;2520.74,1613.49;2531.61,1612.85;2539.05,1610.06;2545.09,1608.66;2555.07,1605.67;2556.71,1602.71;2563.45,1602.94;2562.52,1615.03;2572.97,1626.18;2572.28,1650.59;2577.39,1659.42
505	220020000	0	16	68982	200,600;1099.75,862.3;1057.4,899.58;1058.49,947;1083.82,953.88;1111.7,975.6;1102.65,989.72;1096.13,994.06;1091.06,1005.64;1109.16,1036.41;1129.43,1066.09;1159.58,1088.45;1158.5,1161.82;1139.78,1195.77;1139.82,1201.84;1137.39,1206.21;1137.63,1208.34;1139.82,1208.39;1144.19,1210.15;1155.3,1209.3;1176.79,1184.98;1180.59,1184.31;1186.08,1179.85;1192.59,1175.15;1208.52,1172.98;1221.19,1163.2;1231.32,1159.22;1273.67,1111.44;1274.04,1070.18;1298.54,1008.61;1327.14,993.41;1380.23,957.76;1373.35,949.8;1352,947.99;1348.02,934.23;1353.81,904.19;1348.1,894.88;1336.43,893.33;1303.85,892.97;1282.86,903.83;1242.68,894.41;1227.03,867.88;1209.29,857.75;1170.19,874.4;1154.66,886.01;1141.99,889.63;1126.43,886.01;1117.33,864.66
506	220020000	0	17	68984	250,600;277.65,2116.58;312.72,2113.36;309.43,2103.33;320.97,2079.15;353.38,2048.93;406.95,2052.08;429.1,2044.64;444.61,2023.36;441.09,1974.05;459.87,1966.42;493.92,1993.42;500.76,1989.12;512.44,1973.72;499.7,1945.58;506.07,1922.22;516.69,1909.48;541.64,1914.26;565,1947.71;597.68,1940.36;643.88,1988.24;643.39,2074.07;699.47,2095.52;694.11,2143.17;708.96,2167.92;732.89,2180.3;742.79,2170.4;752.11,2173.19;767.93,2167.29;773.56,2165.95;778.45,2166.3;778.92,2173.46;777.31,2179.09;776.24,2182.58;778.66,2188.48;783.75,2191.16;786.7,2196.52;792.34,2204.08;799.81,2206.17;801.61,2207.26;807.76,2209.51;814.81,2209.2;818.4,2206.53;845.84,2173.33;852.09,2170.71;857.45,2171.39;881.62,2169.98;880.91,2160.5;886.35,2147.49;872.06,2004.58;863.45,1976.81;827.33,1902.13;808.67,1873.23;792.46,1866.67;791.3,1839.26;768.91,1821.9;737.65,1800.67;727.63,1800.82;708.98,1817.83;699.43,1819.96;690.93,1816.42;672.17,1759.08;658.37,1756.95;630.41,1727.22;621.21,1698.91;609.34,1689.74;571.61,1682.75;553.33,1633.95;513.29,1632.99;498.39,1652.18;453.32,1653.32;336.96,1636.77;325.43,1644.79;325.43,1660.84;301.38,1657.15;243.05,1682.5;228.49,1681.99;192.27,1665.78;183.34,1662.73;176.29,1663.96;159.82,1674.57;157.18,1689.11;158.8,1708.19;186.22,1725.87;193.44,1726.95;197.69,1736.64;208.79,1749.96;211.75,1774.74;200.12,1788.8;189.6,1809.07;233.58,1843.76;236.02,1854.51;240.42,1883.34;282.93,1886.76;287.81,1912.17;309.31,1949.79;363.06,1961.51;378.79,1977.76;362.48,2023;339.86,2024.06;325.65,2033;300.4,2028.26;289.88,2027.21;273.05,2047.73;263.68,2105.54
507	220020000	0	16	68986	1,600;2844.62,741.01;2830.54,786.26;2823.01,838.43;2836.85,891.98;2860.02,909.43;2913.27,902.21;2967.42,904.17;3005.72,899.91;3021.11,895;3038.79,893.04;3046,883.21;3045.02,858;3037.16,848.51;2997.87,833.77;2978.88,815.44;2973.96,793.83;2914.41,797.06;2910.59,772.47;2910.27,752.17;2897.17,731.22;2875.85,748.33
508	220020000	0	16	68988	250,600;752.95,2169.65;754.15,2182.69;728.56,2210.96;728.27,2219.81;769.3,2245.08;787.12,2246.27;797.52,2254.29;801.09,2265.87;850.65,2250.7;848.63,2235.06;856.16,2229.61;896.58,2234.14;911.86,2205.37;883.3,2182.23;881.38,2166.09;858.25,2167.95;851.26,2168.01;843.21,2171.05;820.82,2199.33;817.15,2204.55;801.27,2203.93;799.7,2202.96;793.74,2200.11;785.91,2189.61;781.94,2187.2;779.85,2182.77;780.39,2179.49;780.76,2176.43;781.54,2168.12;781.64,2165.1;774.25,2164.53;765.8,2164.79
509	220020000	0	17	69806	200,600;556.27,2788.41;532.07,2815.4;531,2819.41;541.99,2838.37;527.53,2851.98;525,2856.09;511.1,2866.15;483.47,2880.9;484.67,2885.93;501.65,2914.5;519.19,2912.53;543.26,2900.83;552.56,2881.46;573.13,2887.37;576.48,2915.28;588.88,2953.64;602.27,2957.73;630.13,2920;647,2917.11;656.13,2926.9;656.59,2953.43;647.82,2971.71;665.98,2989.83;678.53,2997.51;699.61,2997.82;712.75,2989.29;759.48,2998.71;772.53,2998.21;782.46,2962.73;813.56,2966.52;822.72,2947;772.75,2867.36;768.28,2873.46;742.05,2879.37;713.52,2850.61;701.91,2849.35;683.95,2795.58;668.46,2784.48;661.42,2786.65;654.74,2796.85;649.23,2797.48;642.73,2790.98;627.61,2787.41;619.16,2793.01;572.55,2795.48
510	220020000	0	16	68990	100,600;2110.11,1076.02;2078.78,1103.69;2062.77,1129.08;2063.69,1172.07;2077.87,1192.88;2101.59,1201.38;2115.12,1191.85;2131.15,1182.59;2140.07,1180.07;2144.18,1177.56;2163.92,1180.97;2178.03,1188.77;2190.08,1193.51;2194.55,1189.39;2205.47,1189.24;2207.5,1173.54;2208.31,1160.74;2217.22,1150.69;2190.1,1127.61;2176.38,1115.03;2167.23,1110.69;2155.8,1103.37;2144.82,1087.13;2124.24,1068.84
511	220020000	0	16	68992	350,600;470.72,157.45;420.26,214.62;454.16,222.89;455.73,221.32;483.73,221.32;486.88,224.47;511.72,217.77;524.34,194.12;529.07,165.73;524.34,147.2;484.91,148.78
512	220020000	0	10	68994	350,420;255.8,1330.75;243.38,1328.4;228.95,1346.52;234.32,1358.27;220.56,1396.53;207.47,1439.82;195.84,1458.01;186.2,1453.2;165.94,1448.67;130.86,1474.37;101.2,1459.16;78.82,1463.1;66.38,1480.43;65.72,1503.87;50.68,1518.65;24.4,1525.88;13.19,1554.81;38.63,1575.02;55.09,1569.35;70.54,1586.22;106.72,1580.09;128.9,1615.84;160.72,1627.11;172.45,1656.12;189.02,1664.08;218.16,1669.89;231.46,1711.46;262.02,1720.84;296.8,1709.57;306.14,1683.16;301.31,1665.44;288.19,1644.32;278.53,1639.16;265.61,1606.49;286.16,1591.58;313.32,1610.96;342.95,1606.31;352.29,1592.79;351.97,1562.51;339.73,1550.59;321.72,1552.18;306.14,1559.24;298.2,1557.18;300.26,1521.32;308.49,1511.33;309.14,1489.72;311.72,1477.52;310.25,1465.47;293.2,1459.59;274.39,1460.18;269.69,1467.24;256.51,1441.74;248.68,1404.99;255.64,1385.43;254.93,1368.9;269.05,1349.25
513	220020000	0	10	69807	180,280;1761.85,1660.66;1772.84,1682.98;1786.54,1677.33;1794.6,1666.68;1790.96,1654.28;1768.92,1653.46
514	220020000	0	25	68996	50,600;2652.7,1547.93;2635.81,1564.85;2636.7,1618.94;2641.82,1626.96;2648.02,1631.82;2648.69,1637.83;2645.8,1642.95;2640.45,1644.28;2636.67,1647.4;2625.03,1648.55;2609.9,1661.69;2600.77,1661.69;2594.58,1668.21;2593.75,1714.62;2564.69,1779.75;2564.51,1787.36;2564.03,1823.91;2560.21,1829.73;2559.04,1838.88;2563.37,1844.87;2575.44,1854.41;2579.84,1867.36;2585.99,1873.51;2593.7,1878.74;2595.7,1926.48;2600.85,1930.97;2606.51,1931.3;2607.54,1932.98;2612.09,1934.8;2612.32,1941.17;2623.92,1943.44;2626.43,1947.77;2633.48,1947.54;2638.51,1943.47;2653.51,1944.01;2675.78,1971.95;2675.3,2025.09;2680.28,2036.8;2702.45,2038.05;2709.68,2048.02;2736.09,2050.01;2747.3,2066.7;2768.46,2060.32;2766.71,2035.65;2749.27,2022.95;2740.3,2016.47;2729.09,2016.47;2718.13,2007.5;2718.13,1990.06;2720.62,1986.57;2760.24,1986.07;2762.23,1990.06;2785.34,1992.65;2796.8,1981.69;2809.75,1982.19;2819.97,1968.98;2828.19,1968.23;2845.88,1986.17;2846.63,1993.15;2839.4,2001.12;2840.65,2008.1;2834.42,2015.33;2824.52,2019.21;2807.33,2037.15;2806.83,2045.37;2810.82,2048.86;2824.02,2068.04;2829.19,2088.97;2849.04,2091.06;2848.77,2079.36;2848.39,2075.63;2852.12,2070.42;2862.68,2057.47;2866.88,2032.07;2873.22,2025.36;2882.54,2021.64;2892.6,2011.57;2889.99,2004.12;2877.32,1995.17;2875.83,1983.99;2866.51,1966.84;2866.88,1945.97;2871.39,1940.92;2883.69,1938.68;2894.5,1926.75;2899.72,1924.52;2901.21,1918.18;2898.23,1915.94;2896.74,1908.86;2901.26,1904.75;2914.68,1888.35;2931.82,1885.74;2932.57,1872.7;2929.83,1870.31;2930.2,1835.28;2942.13,1820.37;2970.46,1818.13;2973.3,1787.63;2981.87,1774.95;2978.89,1744.02;2986.35,1737.68;2985.97,1711.22;2976.28,1708.98;2970.69,1703.02;2961.75,1697.8;2942.74,1695.56;2933.79,1687.74;2933.42,1674.32;2924.47,1660.53;2908.11,1659.61;2903.25,1642.68;2895.17,1631.14;2890.34,1619.8;2879.23,1615.7;2872.72,1600.73;2871.51,1593.01;2863.54,1583.59;2849.3,1582.39;2843.75,1588.42;2845.92,1597.83;2838.92,1599.04;2831.44,1605.56;2830.23,1627.73;2830.23,1682.04;2840.12,1690.73;2835.54,1697.73;2818.64,1696.28;2805.61,1677.69;2804.16,1667.8;2797.88,1662.73;2797.4,1656.69;2802.95,1651.14;2805.33,1644.18;2794.47,1639.12;2767.43,1620.29;2752.71,1600.5;2740.16,1599.77;2735.57,1591.32;2729.05,1590.12;2720.61,1597.12;2716.78,1616.19;2709.3,1621.99;2701.58,1621.99;2694.58,1619.33;2694.58,1593.5;2683.96,1587.23;2682.75,1576.61;2692.89,1570.57;2700.61,1571.78;2705.2,1569.12;2706.16,1559.47;2719.44,1544.5;2715.82,1541.61;2707.37,1539.92;2704.96,1533.88;2710.99,1524.71;2676.71,1507.09;2655.37,1535.91
515	220020000	0	28	68998	50,600;2836.82,2379.87;2853.11,2387.54;2857.27,2398.4;2861.74,2400.96;2867.81,2411.5;2867.81,2429.07;2858.87,2432.27;2856.95,2444.09;2847.36,2451.44;2819.89,2455.27;2797.84,2477.96;2797.17,2492.47;2772.25,2516.43;2761.34,2508.49;2746.65,2483.25;2732.91,2483.89;2726.51,2488.14;2721.72,2487.82;2717.88,2491.01;2697.43,2489.74;2674.93,2492.98;2672.69,2498.73;2666.94,2505.44;2652.56,2511.19;2649.05,2538.67;2648.09,2554;2650.96,2568.7;2648.73,2597.77;2640.74,2608.95;2642.02,2622.37;2668.43,2628.63;2675.78,2630.55;2687.6,2641.73;2697.84,2643.5;2715.41,2647.02;2722.44,2673.86;2724.04,2687.28;2720.84,2696.86;2721.48,2699.42;2719.24,2704.21;2712.85,2711.88;2689.85,2711.56;2687.16,2705.74;2681.41,2695.83;2675.34,2689.12;2663.2,2687.52;2657.45,2700.62;2648.82,2709.57;2646.59,2722.99;2650.74,2730.66;2645.54,2746.51;2629.88,2746.51;2624.46,2749.33;2622.54,2756.68;2610.08,2742.62;2600.5,2726.01;2589.95,2716.1;2568.23,2715.46;2554.87,2712.91;2546.51,2745.21;2531.59,2745.64;2524.05,2742.2;2513.26,2754.59;2502.26,2756.57;2498.59,2757.41;2496.62,2763.34;2497.18,2777.72;2520.59,2795.2;2526.23,2790.4;2527.64,2782.51;2528.2,2776.02;2534.69,2770.95;2535.81,2761.93;2541.17,2758.82;2557.24,2762.49;2565.98,2767.56;2574.77,2769.95;2585.2,2777.84;2600.14,2783.76;2606.35,2789.4;2611.14,2797.3;2614.81,2801.53;2615.09,2826.06;2616.86,2838.19;2626.76,2845.86;2626.76,2851.93;2609.51,2872.06;2610.1,2875.18;2611.06,2879.34;2617.45,2887.96;2622.56,2895.95;2623.57,2911.04;2605.36,2929.57;2599.28,2936.92;2595.77,2952.89;2601.39,2956.5;2616.73,2954.9;2636.54,2970.88;2641.97,2968;2653.47,2968;2658.26,2967.05;2665.93,2967.36;2676.97,2960.75;2678.25,2961.39;2679.85,2968.42;2674.42,2986.95;2670.58,3004.52;2667.07,3032.64;2670.9,3035.19;2682.4,3027.21;2693.27,3012.51;2692.63,3005.16;2696.14,3000.05;2703.81,2998.77;2708.6,2998.45;2710.2,3002.92;2711.8,3021.14;2719.7,3015.74;2727.05,3008.71;2758.04,2980.59;2774.33,2947.04;2781.68,2940.65;2799.89,2943.21;2809.16,2955.35;2817.15,2976.44;2823.22,2987.62;2832.16,2995.93;2845.78,2996.35;2859.54,2989.88;2865.93,2995.63;2874.87,3009.05;2880.3,3010.01;2885.74,3006.81;2887.97,2995.31;2902.44,2987.93;2913.51,2953.89;2913.51,2931.52;2920.54,2925.13;2948.01,2914.59;2986.99,2899.89;2979.96,2884.24;2959.82,2871.27;2926.27,2876.38;2911.26,2873.18;2916.05,2852.42;2928.51,2850.82;2940.97,2842.51;2948.64,2839.96;2960.78,2822.38;2980.91,2823.34;2999.76,2801.94;3013.91,2800.91;3024.14,2791;3024.14,2781.42;3028.93,2775.67;3028.61,2767.04;3022.54,2749.79;3027.33,2748.83;3028.61,2720.08;3009.44,2710.49;3005.72,2684.9;2999.97,2673.72;2980.16,2660.94;2965.15,2661.89;2956.52,2668.6;2938.55,2658.08;2933.2,2655.94;2919.27,2659.86;2913.56,2652.72;2906.42,2654.15;2878.21,2650.58;2868.56,2637.72;2885.34,2618.44;2886.06,2609.87;2873.56,2589.17;2898.26,2561.17;2899.22,2553.51;2907.21,2540.41;2936.6,2513.89;2949.7,2502.39;2947.46,2487.37;2938.2,2472.03;2919.67,2476.83;2897.3,2496;2892.51,2490.89;2882.28,2477.47;2883.24,2469.8;2904.65,2446.16;2915.51,2439.45;2924.78,2436.57;2935.91,2434.55;2946.43,2422.18;2953.36,2404.43;2953.1,2383.9;2951.67,2360.61;2926.4,2357.19;2912.81,2351.74;2910.84,2341.28;2897.02,2339.59;2889.13,2347.77;2874.17,2348.49;2863.98,2342.91;2819.19,2374.15
516	220020000	0	26	69000	1,600;2619.34,1538.58;2621.73,1601.46;2629.99,1595.03;2636.96,1565.05;2654.11,1548.51;2656.51,1536.48;2676.81,1509.12;2709.14,1525.27;2703.99,1533.01;2707.26,1541.01;2715.87,1542.21;2720.61,1543.67;2724.97,1540.32;2755.13,1540.07;2754.36,1507.58;2759.26,1497.78;2757.45,1479.22;2759,1472.77;2768.54,1471.74;2805.41,1478.44;2815.09,1469.76;2815.45,1429.45;2830.06,1408.99;2851.81,1409.09;2863.67,1391.3;2880.2,1387;2884.85,1370.24;2885.62,1362.24;2872.73,1360.44;2856.23,1346.52;2856.74,1340.59;2869.63,1328.47;2875.31,1314.54;2875.84,1301.44;2877.82,1292.84;2890.79,1274.92;2892.11,1258.61;2898.5,1253.11;2908.41,1230.19;2913.49,1199.8;2920.34,1187.71;2924.37,1186.9;2929.41,1184.28;2929.61,1173.4;2937.67,1166.75;2944.19,1160.57;2942.18,1153.11;2942.58,1143.44;2939.36,1133.56;2937.14,1125.1;2943.19,1115.83;2918.71,1087.36;2910.55,1086.1;2900.81,1085.79;2892.64,1077.93;2890.22,1042.06;2880.17,1037.98;2873.26,1028.87;2863.21,1026.04;2838.27,1021.05;2792.72,1020.42;2772.37,1026.03;2744.96,1038.86;2729.43,1048.19;2715.11,1048.19;2700.8,1041.87;2674.5,1039.87;2673.5,1030.22;2667.18,1010.24;2661.35,1001.75;2647.53,985.42;2639.36,972.22;2607.64,977.25;2597.58,975.68;2578.11,954;2575.28,944.58;2562.09,944.89;2552.35,951.8;2544.5,951.18;2538.21,942.38;2533.04,943.52;2531.15,946.34;2522.67,945.71;2518.28,944.77;2499.11,949.48;2488.75,956.4;2469.98,947.28;2467.07,926.24;2411.87,939.25;2396.38,949.2;2411.44,961.51;2415.27,973.64;2420.3,993.4;2435.96,1005.51;2437.81,1032.33;2441.13,1046.99;2456.34,1057.22;2458,1066.63;2466.3,1068.99;2467.22,1095.13;2468.13,1103.35;2469.41,1125.1;2468.46,1139.86;2461.7,1160.88;2450.91,1174.77;2444.7,1180.43;2435.36,1185.89;2417.99,1192.29;2405.86,1218.84;2405.56,1232.43;2418.85,1252.52;2418.85,1259.31;2409.4,1266.99;2400.83,1266.69;2393.75,1269.06;2385.18,1275.26;2386.36,1286.19;2392.86,1292.68;2404.97,1291.21;2422.1,1294.46;2446.91,1293.57;2472.46,1295;2487.82,1296.48;2495.1,1323.41;2508.72,1323.02;2528.96,1338.97;2538.69,1343.25;2547.25,1362.71;2569.44,1395.41;2569.83,1423.82;2564.77,1431.21;2575.83,1462.09;2588.74,1465.44;2595.68,1471.42;2598.07,1489.59;2599.46,1491.46;2604.48,1495.04;2608.91,1511.61;2613.45,1531.22
517	220020000	0	22	69002	250,600;403.7,869.15;406.88,854.73;405.82,844.82;437.26,808.73;438.68,801.3;449.3,791.03;450.36,780.76;450.63,771.67;447.63,761.11;440.43,753.45;427.6,750.08;418.45,736.1;408.39,733.32;407.57,714.51;398.06,710.94;398.47,695;454.99,669.96;473.19,679.04;507.74,682.19;550.8,708.55;552.66,711.52;548.95,717.09;557.86,731.2;581.62,736.76;599.81,723.03;617.26,727.11;616.88,734.91;607.97,748.27;608.35,759.78;618,770.55;620.6,782.8;616.14,797.27;591.07,816.2;589.95,829.97;580.51,856.94;567.15,865.9;551.38,866.65;539.51,858.83;519.28,860.45;508.22,876.9;520.36,886.88;532.5,905.22;560.83,918.15;578.9,946.74;574.22,956.98;574.22,978.8;581.9,982.79;582.81,1030.35;625.53,1031.77;620.07,1043.57;605.78,1058.65;584.36,1062.4;563.77,1055.5;530.61,1123.43;544.89,1126.9;544.62,1206.96;521.33,1231.06;523.5,1260.46;504.91,1266.44;497.03,1285.44;489.58,1288.8;471.31,1286.93;465.34,1293.64;465.34,1301.1;467.95,1303.71;464.22,1309.3;461.24,1310.04;460.12,1316.01;460.12,1352.17;461.85,1356.93;461.56,1369.43;457.09,1373.01;457.39,1387.6;464.24,1389.68;469.89,1397.12;470.49,1403.97;469.3,1409.93;458.28,1414.39;444.58,1415.58;418.68,1426.01;379.53,1418.57;368.92,1404.43;357.51,1402.94;341.4,1357.78;323.49,1338.07;301.99,1332.25;279.15,1339.42;268.85,1353.3;246.78,1323.45;243.25,1306.55;244.81,1300.28;235.02,1265.82;223.28,1258.38;205.26,1250.94;206.55,1242.88;200.68,1230.74;221.43,1204.89;220.65,1178.66;202.64,1160.65;208.51,1146.94;201.07,1137.15;200.4,1135.77;206.77,1122.31;196.15,1097.53;236.4,1046.86;251.27,1040.85;262.6,1021.73;270.3,986.92;270.3,966.39;272.73,964.07;315.89,964.75;365.81,943.95;381.03,922;391.65,892.97
518	220020000	0	24	69004	450,600;793.36,305.32;753.74,333.53;760.43,356.52;751.97,367.21;755.97,381.02;784.93,389.48;782.19,415.38;782.25,451.84;769.34,467.87;773.55,493.26;779.96,501.52;793.35,542.25;802.83,552.85;826.65,588.81;847.86,589.37;858.46,592.13;900.92,588.6;916.8,580.13;962.11,584.99;961.95,599.5;966.52,607.37;991.56,605.49;1008.63,594.99;1034.63,594.38;1035.97,576.24;1050.02,563.75;1058.35,562.71;1066.29,562.06;1075.24,552.76;1081.12,532.52;1079.3,519.25;1090.41,510.6;1144.41,511.25;1172,490.69;1191.77,480.8;1205.3,483.93;1237.51,482.08;1261.39,471.4;1274.55,440.97;1284.15,421.38;1294.52,393.34;1304.54,394.49;1322.46,405.48;1357.33,403.99;1362.73,387.12;1373.98,378.87;1379.64,361.05;1367.99,354.33;1359.92,340.89;1371.12,320.72;1370.23,309.52;1330.23,299.52;1324.17,283.43;1348.36,247.14;1317.89,219.36;1274.43,230.11;1251.59,238.63;1248,242.66;1211.23,242.07;1170.27,237.9;1145.38,238.71;1116.06,203.4;1076.2,198.2;917.41,241.94;890.22,262.15;856.26,333.9;840.18,361.12;832.98,373.06;824.07,378.56;805.29,379.46;800.81,372.75;801.71,349.94;791.87,345.91;804.39,328.46;811.1,306.99
519	220020000	0	16	69006	300,600;276.49,2116.09;311.51,2112.32;329.97,2129.76;404.72,2158.6;456.3,2202.43;501.97,2253.64;513.91,2338.12;494.86,2412.86;450.62,2479.78;394.75,2531.5;324.71,2574.51;211.32,2571.81;158.03,2527.37;111.32,2470.96;95.97,2380.43;109.93,2275.8;204.06,2157.91;272.72,2131.15
520	220020000	0	10	69808	100,200;2333.89,2213.06;2330.97,2239.34;2345.17,2267.74;2355.64,2264.72;2357.86,2259.48;2353.86,2247.91;2359.55,2234.84;2366.74,2226.66;2355.34,2212.36
521	220020000	0	23	69008	1,600;1961.05,1612.83;1987.8,1618.38;2018.75,1651.24;2022.31,1715.18;2029.96,1779.35;2033.79,1779.89;2057.07,1757.43;2074.97,1722.78;2079.16,1655.59;2108.49,1639.71;2136.89,1661.92;2154.72,1686.83;2161.31,1720.16;2152.88,1780.47;2141.35,1787.75;2143.63,1822.19;2147.81,1836.16;2152.26,1838.39;2167.2,1837.43;2181.82,1837.11;2190.09,1842.52;2204.36,1843.6;2223.18,1842.59;2236.14,1848.05;2243.77,1855.05;2250.76,1863.31;2252.35,1869.03;2252.35,1881.43;2244.09,1890.65;2235.51,1891.6;2232.62,1891.78;2231.37,1896.05;2242.18,1919.89;2239.64,1940.23;2231.82,1956.57;2237.83,1976.72;2266.7,2003.18;2272.12,2042.58;2282.94,2065.14;2301.74,2095.78;2298.79,2136.84;2289.77,2170.83;2282.85,2199.1;2277.43,2216.24;2258.62,2235.36;2249.34,2239.77;2230.79,2253.45;2221.3,2246.85;2206.46,2245.69;2196.02,2234.32;2191.61,2229.91;2180.38,2228.39;2173.43,2242.54;2172.5,2254.6;2166.47,2264.57;2152.78,2280.35;2139.79,2287.3;2138.55,2298.61;2113.34,2310.82;2113.28,2303.78;2117.01,2296.32;2115,2286.27;2104.95,2277.94;2098.06,2272.19;2088.3,2270.47;2074.23,2280.52;2065.61,2281.96;2054.28,2294.01;2047.65,2299.95;2034.3,2297.88;2034.3,2291.45;2029.53,2288.23;2002.39,2289.61;1998.96,2293.04;1993.12,2295.1;1969.08,2294.76;1947.95,2287.71;1939.37,2297.67;1935.25,2300.41;1930.78,2298.35;1929.06,2293.89;1928.03,2287.36;1934.37,2276.26;1923.36,2266.47;1898.27,2263.72;1878.25,2257.97;1845.97,2238.05;1836.29,2189.01;1828.37,2175.81;1818.56,2161.6;1791.62,2157.8;1788.98,2170.67;1795.25,2179.91;1790.63,2195.61;1767.86,2209.8;1727.06,2208.7;1728.77,2197.07;1723.85,2191.05;1727.68,2177.36;1733.97,2173.53;1740.54,2167.24;1747.93,2155.19;1747.93,2147.8;1756.69,2140.42;1767.09,2133.85;1780.88,2128.09;1825.48,2091.88;1825.85,2076.08;1817.03,2057.33;1791.27,2034.61;1786.08,2020.08;1788.44,1989.12;1786.75,1972.62;1779.68,1953.77;1774.74,1949.29;1769.23,1942.89;1766.1,1926.76;1774.97,1895.87;1797.11,1882.9;1812.93,1870.11;1836.41,1826.12;1873.1,1777.31;1891.65,1730.09
522	220020000	1	8	72291	444.51,457.39;233.17,2341.48;209.34,2336.15;214.94,2312.61;240.17,2319.33;247.27,2327.56;244.12,2338.83
523	220020000	1	8	72292	452.79,461.38;225.1,2421.43;219.35,2413.67;231.74,2405.08;237.5,2413.51
524	220020000	1	8	72293	94.83,102.85;2473.09,1811.18;2471.71,1794.15;2474.35,1787.75;2479.54,1787.32;2483.24,1792.84;2484.78,1810.15
525	220020000	1	8	72294	347.78,379.47;2947.3,816.49;2947,805.67;2939.54,800.88;2930.92,801.26;2920.03,794.37;2913.82,771.23;2919.42,765.62;2926.6,763.61;2926.83,746.11;2940.19,745.61;2940.73,769.89;2930.19,776.84;2935.57,784.47;2946.34,783.12;2956.88,784.92;2959.8,802.86;2959.15,817.1
526	220020000	1	8	72295	156.63,173.79;2660.33,2550.32;2698.03,2555.92;2694.09,2581.22;2656.72,2574.49
527	220020000	1	8	72296	449.04,457.44;372.54,2445.74;359.43,2434.95;356.76,2428.77;359.8,2424.97;366.81,2426.17;379.83,2436.94
528	220020000	1	8	72297	326.53,432.23;218.03,1420.5;146.72,1433.28;107.64,1458.19;88.24,1455.41;72.05,1469.91;31.26,1525.31;18.33,1537.36;16.69,1557.58;37.92,1574.68;106.8,1597.25;183.67,1674.03;242.51,1716.44;265.79,1722.89;303.43,1706.91;307.59,1680.6;269.9,1612.44;287.36,1595.98;314.44,1610.86;350.12,1605.98;356.64,1586.57;353.03,1554.44;332.15,1546.46;306.49,1555.33;311.8,1502.34;315.1,1462.16;235.32,1419.61
529	220020000	1	8	72298	270.51,470.51;1532,2850.15;1573.35,2817.8;1564.55,2797.53;1560.12,2784.12;1569.6,2771.85;1565.84,2762.63;1589.9,2736.31;1579.25,2715.52;1601.13,2689.71;1562.47,2560.1;1747.62,2461.07;1827.47,2452.69;1937.44,2549;1935.7,2602.13;1868.92,2764.39;1847.61,2888.16;1848.27,2995.68;1805.32,3030.18;1670.05,3057.14;1633.76,3034.34
530	220020000	1	8	72299	171.43,182.86;2798.33,1106.39;2805.26,1109.6;2810.48,1106.38;2815.52,1107.42;2819.17,1110.8;2820.22,1116.36;2818.45,1120.65;2813.18,1123.87;2808,1123.16;2803.94,1119.26;2803.58,1113.71;2796.46,1110.4
531	220020000	1	8	72300	425.31,455.31;516.7,1684.42;500.23,1685.03;493.07,1669.28;499.87,1646.01;515.62,1631.69;543.18,1631.33;559.65,1647.08;563.94,1668.56;547.48,1683.59;538.66,1686.43;522.42,1682.16
532	220020000	1	8	72301	136.45,156.45;2605.35,2567.07;2621.91,2569.59;2613.72,2619.33;2650.02,2625.44;2656.76,2574.48;2660.3,2549.75;2672.41,2551.42;2680.81,2495.25;2620.17,2485.67;2609.38,2540.28
533	220020000	1	8	72302	448.45,457.85;340.31,2321.08;342.49,2313.98;344.35,2312.64;348.44,2312.61;352.02,2314.96;352.9,2317.23;350.47,2324.34;345.69,2329.5;341.24,2328.19
534	220020000	1	8	72303	451.36,459.54;286.71,2450.71;280.91,2438.8;282.8,2438.27;281.97,2432.83;287.13,2430.09;290.54,2434.8;294.93,2437.49;297.22,2437.27;298.82,2442.99;296.17,2446.45
535	220020000	1	8	72304	466.42,506.42;210.17,1719.81;198.96,1727.26;178.06,1724.9;155.81,1713.32;153.06,1685.07;156.54,1672.87;180.25,1656.84;212.66,1676.01;206.04,1699.02
536	220020000	1	8	72305	451.45,457.69;357.53,2406.37;361.87,2392.19;378.07,2397.16;373.5,2411.41
537	220020000	1	8	72306	452.65,458.99;329.66,2296.54;326.19,2292.98;327.65,2286.63;340.59,2274.31;348.82,2282.5;336.07,2294.93
538	220020000	1	8	72307	101.69,116.7;2380.35,1732.87;2356.47,1726.64;2361.84,1705.53;2386.24,1711.93;2394.11,1720.06;2391.52,1729.58
539	220020000	1	8	72308	90.47,100.47;2443.65,1844.29;2441.29,1837.34;2444.6,1834.09;2451.38,1836.63;2456.57,1842.25;2457.15,1844.32;2454.96,1848.31;2451.2,1850.21;2448.9,1849.91
540	220030000	0	16	69010	50,850;1417.98,2104.41;1379.41,2231.43;1466.53,2284.63;1532.86,2279.41;1606.18,2293.94;1692.63,2349.13;1744.6,2324.35;1887.02,2152.28;1841.23,2009.48;1804.69,1983.11;1675.44,2008.88;1623.03,2075.89;1442.81,2086.53
541	220030000	0	16	69012	50,850;1459.25,1158.31;1475.2,1179.05;1484.96,1198.64;1474.86,1214.04;1441.14,1214.18;1412.62,1189.98;1415.51,1164.7
542	220030000	0	16	69014	50,850;2322.31,820.5;2328.29,804.26;2360.34,805.12;2378.29,818.79;2415.47,855.11;2427.01,912.81;2395.39,922.63;2375.3,957.25;2333.85,963.66;2290.26,922.63;2307.78,888.87;2291.11,842.29
543	220030000	0	17	69016	59.81,659.81;1311.8,420.17;1380.64,456.93;1515.05,373.96;1581.47,423.47;1765.87,249.79;1881.42,259.45;1966.64,372.24;1958.5,432.4;1863.95,611.75;1866.83,663.6;1839.79,690.12;1789.34,742.45;1766.95,728.13;1697.3,658.18;1518.06,596.81;1272.99,537.58;1252.2,510.93
544	220030000	0	9	69809	190,248;1650.81,1727.39;1631.85,1751.18;1610.03,1740.11;1595.41,1752.8;1632.52,1772.18;1627.44,1786.58;1632.76,1841.49;1671.46,1862.83;1742.07,1857.65;1760.82,1791.71;1697.21,1712.2;1664.37,1715.92
545	220030000	0	16	69810	30,830;1433.87,2521.53;1457.22,2504.08;1517.92,2517.6;1527.02,2536.28;1518.17,2580.76;1472.46,2583.46;1445.67,2565.28;1427.97,2535.78
546	220030000	0	10	69018	50,850;1271.78,449.88;1320.6,418.53;1380.09,464.51;1463.36,492.23;1457,540.71;1434.43,558.81;1423.17,560.56;1382.26,555.95;1373.38,537.56;1288.79,550.08;1253.88,509.75
547	220030000	0	15	69020	50,850;1293.79,1624.49;1390.21,2053.01;1474.53,2096.37;1622.04,2076.99;1674.46,2017.86;1809.45,1986.4;1892.34,2045.6;1943.46,2046.74;1993.02,1773.72;1907.92,1492.32;1800.13,1513.88;1738.66,1540.5;1464.86,1550.72;1393.59,1584.25;1308.18,1585.28
548	220030000	0	15	69022	50,850;1789.09,930.4;1847,889.23;1978.18,960.4;1996.98,1100.44;1943.25,1181.38;1907.66,1161.84;1866.5,1237.99;1814.03,1474.92;1675.21,1430.33;1629.05,1295.39;1624.48,1273.64;1645.69,1247.13;1659.35,1214.96;1653.94,1190.46;1668.51,1159.69;1655.11,1135.56;1654.68,1123.78;1663.8,1110.06;1654.94,1073.86;1764.27,1011.28
549	220030000	0	16	69024	50,850;1849.47,628.75;1926.17,474.38;1982.46,337.73;2129.86,343.17;2159.5,401.48;2273.98,313.02;2388.05,349.25;2420.96,589.1;2395.8,696.41;2290.48,775.75;2221.56,717.74;2010.61,708.18;1871.64,662.56
550	220030000	0	17	69811	50,850;2205.13,821.89;2398.42,674.96;2419.85,581.19;2485.9,609.62;2600.41,554.08;2675.13,702.28;2631.65,927.64;2481.94,1014.31;2257.76,1018.81
551	220030000	0	16	69026	50,850;1349.74,1086.99;1365.69,1103.54;1396.86,1149.18;1398.29,1222.48;1337.01,1334.35;1201.89,1407.72;1148.12,1394.28;1121.39,1356.79;1070.24,1123.24;1138.87,1047.89
552	220030000	0	15	69028	50,850;1603.52,747.56;1616.75,739.09;1626.85,732.1;1640.43,737.35;1650.37,740.88;1648,764.96;1623.05,771.19;1598.76,765.61;1599.52,753.11
553	220030000	0	14	69030	50,850;2403.57,1875.3;2183.97,2084.03;2186.86,2286.46;2235.35,2313.14;2288.6,2364.22;2367.29,2421.31;2337.65,2598.51;2478.71,2723.9;2680.5,2775.32;2728.94,2547.35;2766.87,2113.68;2511.01,1976.79;2434.76,1899.32
554	220030000	0	16	69032	65.01,565.01;1279.3,704.03;1334.77,783.36;1449.3,1036.87;1623.7,954.53;1598.82,793.06;1678.75,760.25;1676.36,713.13;1644.15,673.17;1666.22,645.11;1525.45,586.65;1451.09,646.83;1288.9,571.53;1257.29,626.4
555	220030000	0	13	69034	50,850;1957.82,707.02;1974.36,709.94;1987.79,710.52;2002.38,736.6;1996.35,751.97;1929.61,794;1881.74,785.07;1860.49,791.79;1802.09,769.72;1791.03,767.27;1792.06,752.93;1752.82,692.09;1756.1,676.11;1779.25,669.35;1794,673.85;1825.17,689.54;1832.73,688.36;1869.54,647.69;1924.98,662.92;1951.12,690.88
556	220030000	0	18	69036	50,850;1145.14,1038.53;1067.67,1122.74;1118.19,1357.4;1297.84,1589.81;1408.99,1595.42;1479.72,1560.62;1792.81,1550.97;1841.09,1466.76;1759.12,1448.79;1679.41,1422.97;1632.25,1288.24;1621.95,1286.25;1624.39,1275.98;1647.98,1247.93;1659.32,1217.89;1655.12,1206.04;1654.8,1191.78;1667.79,1159.2;1659.19,1137.01;1655.07,1136.61;1654.67,1124.86;1662,1118.34;1661.39,1110.72;1654.91,1080.45;1764.5,1032.27;1806.08,971.5;1970.69,875.99;1942.34,806.6;1802.93,765.97;1798.93,770.01;1790.72,765.94;1790.34,741.85;1777.46,732.16;1777.72,725.53;1683.78,647.67;1646.25,675.32;1677.86,753.01;1603.46,803.71;1626.5,909.05;1620.58,917.92;1476.65,1036.26;1353.36,1085.06;1225.43,1062.68;1167.69,1048.16
557	220030000	0	16	69038	50,850;1718.65,2581.89;1701.86,2586.01;1666.21,2643.16;1672.4,2676.45;1706.28,2677.92;1733.38,2661.72;1762.25,2644.64;1769.02,2603.98;1742.81,2588.08;1731.91,2582.77
558	220030000	0	16	69040	100,900;1253.57,375.34;1371.36,476.85;1511.71,386.42;1590.33,426.99;1779.45,281.27;1742.74,152.55;1574.39,56.06;1397.7,88.2;1248.98,146.63;1239.43,290.13
559	220030000	0	14	69042	50,850;2551.16,1643.39;2591.85,1599.98;2647.74,1600.53;2686.8,1635.25;2693.85,1681.91;2671.07,1724.23;2627.12,1744.31;2586.43,1729.11;2549.53,1699.27
560	220030000	0	13	69044	50,650;2837.29,1281;2926.74,1356.79;2882.23,1413.19;2858.44,1425.53;2817.02,1419.8;2791.91,1389.39;2794.55,1341.81
561	220030000	0	15	69046	50,850;2356.15,1387.56;2288.51,1600.46;2294.35,1765.73;2501.86,1994.81;2755.08,2140.29;2916.24,1928.96;3037.1,1788.36;3018,1371.65;2693.87,1224.09;2543.62,1336.4
562	220030000	0	15	69048	50,850;2659.35,1015.72;2686.42,1057.09;2681.82,1122.14;2723.8,1131.61;2761.42,1119.85;2769.03,1081.22;2785.58,1074.04;2774.08,1031.98;2695.36,997.11;2666.6,968.72;2648.99,970.15;2638.92,998.91
563	220030000	0	8	69812	235,265;1615.54,1699.86;1625.57,1721.81;1612.3,1732.38;1623.3,1743.63;1628.14,1754.23;1629.64,1754.23;1631.19,1753.78;1631.15,1759.18;1630.79,1759.37;1630.04,1760.9;1628.88,1764.68;1621.07,1766.16;1602.51,1758.84;1588.81,1749.5;1576.23,1764.98;1555.93,1747.03;1582.69,1716.45
564	220030000	0	16	69050	50,850;1349.41,1384.46;1335.15,1368.75;1337.08,1355.69;1368.03,1344.81;1390.75,1350.37;1417.83,1388.09;1419.76,1411.05;1399.94,1425.08;1371.17,1436.68;1343.37,1425.56;1329.59,1402.83
565	220030000	0	15	69052	50,850;1732.63,2327.26;1774.84,2227.86;1870.84,2134.59;1910.33,2167.27;2035.42,2175.13;2350.33,2370.93;2376.06,2542.24;2087.07,2670.31;2070.72,2868.1;1857.62,2793.89;1837.88,2573.98;1760.21,2372.13
566	220030000	0	14	69054	50,850;1595.21,1429.16;1613.83,1413.27;1626.98,1413.27;1650.81,1433.06;1651.9,1466.19;1636.22,1486.97;1610.05,1485.02;1597.55,1465.88
567	220030000	0	13	69056	50,850;2421.61,2479.68;2448.72,2421.97;2520.42,2408.85;2572.89,2435.96;2701.43,2524.28;2676.07,2741.14;2606.99,2742.01;2476.7,2705.29;2353.4,2584.61;2359.52,2527.77;2384.88,2484.93
568	220030000	0	17	69058	50,550;1107.97,888.52;1142.63,1050.66;1242.65,1070.46;1351.01,1093.83;1469.12,1052.24;1404.83,919.46;1372.72,851.06;1327.65,766.1;1279.95,688.91;1203.73,812.37;1142.39,839.63
569	220030000	0	15	69060	50,850;1505.31,869.57;1561.24,833.34;1599.44,898.71;1579.35,934.55;1530.12,938.1;1496.65,916.44;1491.53,888.47;1498.62,873.51
570	220030000	0	16	69062	50,850;1186.68,977.58;1193.57,971.62;1200.11,969.4;1210.39,971.86;1226.75,984;1228.26,1005.5;1212.38,1013.09;1190.77,1005.38;1185.05,996.39
571	220030000	0	17	69064	50,850;1373.51,2287.69;1276.88,2682.09;1557.04,2804.09;1874.85,2756.59;1850.99,2541.81;1747.17,2325.54;1602.79,2280.78;1542.5,2263.17;1435,2280.44
572	220030000	0	14	69066	50,850;1734.33,891.28;1751.09,885.56;1765.86,903.08;1749.74,917;1735.01,908.84
573	220030000	0	14	69068	116.8,916.8;1678.54,2022.04;1666.36,2066.91;1815.27,2036.81;1816.48,2025.27;1820.57,2014.44;1805.53,1986.03;1704.08,2005.42;1679.46,2021.02
574	220030000	0	16	69070	50,850;2290.04,999.38;2225.71,1251.13;2327.15,1412.19;2589.7,1336.48;2802.62,1178.18;2780.78,1001.7;2697.79,950.16;2619.72,919.12;2470.48,995.7
575	220030000	0	14	69072	-20,780;1519.62,1825.2;1538.5,1720.71;1582.85,1662.07;1688.29,1649.25;1783.42,1666.4;1811.92,1685.87;1826.17,1701.54;1846.11,1811.72;1847.54,1855.89;1826.64,1912.41;1796.39,1960.08;1680.35,1966.9;1590.75,1961.02;1539.45,1921.13
576	220030000	1	8	72309	263.26,406.26;1266.2,449.75;1326.94,419.02;1375.83,460.14;1362.38,492.16;1363.91,530.49;1341.51,544.86;1300.79,550.87;1255.98,521.89
577	220030000	1	8	72310	272.42,277.92;1573.93,1864.7;1567.84,1864.66;1567.84,1867.08;1550.89,1866.69;1551.43,1855.42;1568.22,1856;1567.95,1858.49;1574.24,1858.91;1573.97,1864.74
578	220030000	1	8	72311	262.75,268.25;1631.85,1903.01;1628.37,1908.44;1630.28,1909.69;1620.44,1923.43;1611.4,1916.62;1621.34,1903.17;1623.42,1904.67;1627.12,1899.72;1631.88,1903.01
579	220030000	1	8	72312	259.39,266.3;1671.36,1757.84;1658.42,1751.98;1662.22,1743.19;1675.32,1749.13;1671.24,1757.88
580	220030000	1	8	72313	253.93,263.43;1263.33,1122.57;1260.4,1122.13;1259.02,1118.89;1260.71,1116.31;1274.94,1110.27;1277.99,1110.85;1279.37,1114.02;1277.57,1116.57
581	220030000	1	8	72314	268.26,311.07;2511.83,2583.9;2506.75,2569.78;2520.3,2564.6;2533.2,2561.87;2541.02,2557.07;2540.83,2541.72;2529.44,2530.52;2548.27,2522.05;2553.44,2536.17;2556.17,2551.7;2552.22,2563.38;2545.06,2572.04;2528.12,2578.16;2511.93,2583.62
582	220030000	1	7	72315	251.6,264.93;1747.78,1831.08;1744.48,1844.18;1759.35,1847.97;1762.53,1834.81
583	220030000	1	8	72316	255.53,269.21;1640.91,1814.16;1631.27,1810;1629.19,1815.41;1606.11,1805.77;1614.47,1785.85;1637.43,1795.43;1635.12,1800.72;1644.79,1804.82;1640.83,1814.21
584	220030000	1	8	72317	198.32,281.24;1669.3,1505.01;1693.29,1485.02;1769.25,1517.75;1781.99,1536.82;1777.14,1544.63;1756.08,1544.77;1690.29,1524
585	220030000	1	8	72318	167.81,251.12;1581.38,1729.66;1593.39,1716.91;1681.91,1711.45;1710.54,1722.65;1756.87,1778.6;1760.51,1808.01;1747.24,1852;1712.1,1861.89;1657.44,1860.07;1631.68,1838.47;1624.44,1787.43
586	220030000	1	7	72319	254.04,260.04;1745.21,1774.04;1744.27,1779.72;1748.29,1784.31;1752.68,1786.42;1757.43,1786.31;1762.28,1784.63;1763.81,1774.86;1758.64,1771.8;1752.15,1770.95
587	220030000	1	7	72320	256.56,261.89;1732.95,1858.94;1729.14,1861.52;1729.14,1862.45;1731.88,1866.58;1729.9,1867.95;1736.82,1878.16;1744.66,1872.86;1743.42,1871;1746.82,1868.83;1743.46,1863.87;1740.12,1866.13;1737.77,1862.65;1736.76,1863.33;1733.92,1859.16
588	220030000	1	8	72173	299.04,315.37;1473.76,2542.24;1467.92,2539.93;1462.84,2543.59;1457.21,2543.19;1452.88,2539.66;1451.26,2534.14;1453.28,2528.7;1458.12,2525.65;1463.95,2525.97;1468.08,2529.42;1469.47,2535.37;1475.66,2537.71
589	220030000	1	8	72321	246.04,296.04;2398.27,2391.15;2402.16,2374.51;2437.99,2369.91;2444.22,2377.06;2467.06,2432.34;2466.25,2437.04;2462.17,2454.18;2451.9,2455.92;2417.75,2434.31
590	220030000	1	8	72322	311.07,360.79;2459.61,2539.51;2476.06,2539.92;2485.11,2538.48;2491.69,2529.23;2501.76,2532.73;2512.01,2533.94;2516.49,2540.06;2533.42,2555.16;2539.34,2562.09;2533.22,2572.29;2536.28,2578;2544.03,2588;2548.93,2603.09;2549.54,2620.63;2544.44,2633.48;2532.66,2645.35;2518.47,2646.17;2511.68,2650.49;2509.42,2657.89;2499.35,2662.62;2487.42,2655.01;2481.87,2645.56;2473.65,2641.24;2456.99,2644.32;2449.18,2635.48;2449.59,2617.18;2443.83,2608.75;2440.95,2588.81;2441.78,2575.03;2433.29,2557.4;2433.09,2545.88;2445.22,2536.63
591	220030000	1	8	72323	235.82,281.57;2458.59,1361.4;2472.34,1363.64;2478.98,1374.49;2477.23,1395.58;2491.58,1415.13;2530.66,1455.09;2525.86,1476.8;2504.78,1476.39;2474.06,1463.93;2461.24,1444.85;2449.42,1419.6;2448.11,1366.49
592	220030000	1	8	72324	263.07,273.23;1795.86,702.87;1789.34,699.38;1787.59,703.07;1771.99,694.76;1779.23,681.46;1794.68,689.73;1792.63,693.32;1799.14,696.66;1795.86,702.97
593	220040000	0	15	69074	138.52,588.52;1239.72,850.11;1230.9,822.63;1245.02,804.83;1288.11,825.63;1283.09,847.87;1267.61,861.1;1253.36,850.52
594	220040000	0	15	69076	300,700;2796.6,2161.94;2811.47,2166.52;2819.69,2178.34;2816.81,2191.18;2781.98,2228.16;2768.36,2233.78;2764.53,2221.84;2756.32,2217.5;2743.29,2219.91;2724.95,2199.16;2705.65,2214.12;2695.03,2240.67;2660.67,2266.41;2649.27,2262.95;2620.52,2211.4;2635.89,2176.22;2687.79,2176.33;2707.61,2161.46;2732.89,2150.06;2767.58,2154.02
595	220040000	0	15	69078	1,501;1105.27,198.61;1006.59,183.33;933.03,155.45;915.74,170.4;913.67,191.02;911.16,239.27;903.81,250.23;872.39,296.94;880.63,383.3;897.87,427.26;890.11,476.38;895.76,522.26;922.82,565.02;925.2,613.95;920.11,645.03;937.93,700.7;1015.1,707.11;1145.3,691.07;1178.03,677.71;1180.77,532.64;1200.04,533.49;1216.41,533.4;1224.24,524.18;1225.16,502.99;1221.47,494.23;1215.94,436.18;1218.71,416.36;1203.96,397.93;1197.51,336.19;1212.72,322.82;1214.56,299.32;1210.42,283.66;1214.6,275.35;1192.11,245.82
596	220040000	0	18	69813	401,801;2732.02,2148.18;2725.68,2154.08;2722.65,2155.53;2731.16,2192.77;2721.13,2198.22;2739.68,2218.67;2769.35,2230.28;2772.8,2232.46;2777.12,2244.62;2757.4,2263.15;2742.46,2275.1;2717.36,2270.32;2702.22,2280.11;2697.02,2301.93;2693.46,2319.92;2699.43,2327.09;2691.07,2336.06;2684.49,2337.85;2677.92,2343.23;2677.85,2358.35;2693.08,2362.15;2711.01,2371.72;2739.7,2389.65;2748.07,2401;2755.83,2421.32;2756.43,2442.83;2750.46,2460.17;2736.19,2474.39;2722.37,2477.5;2696.7,2478.33;2650.87,2448.74;2632.88,2422.05;2611.42,2413.35;2596.91,2426.11;2590.53,2451.06;2599.81,2469.63;2582.99,2511.4;2581.83,2540.41;2575.33,2545.21;2631.14,2581.86;2646.94,2575.79;2664.93,2582.75;2685.81,2602.48;2701.48,2633.81;2724.68,2642.51;2750.79,2638.45;2761.82,2642.51;2765.88,2658.76;2756.01,2672.1;2731.07,2691.25;2769.38,2736.16;2785.49,2725.87;2799.99,2706.15;2817.98,2699.19;2839.67,2697.2;2877.92,2706.76;2899.2,2722.07;2930.42,2728.95;2973.77,2710.89;2969.98,2679.76;2980.54,2602.32;2950.83,2582.28;2922.98,2580.54;2896.88,2530.07;2892.81,2499.9;2891.79,2481.65;2878.64,2445.19;2885.22,2429.66;2905.28,2432.39;2926.45,2451.17;2946.77,2456.55;2961.28,2447.1;2975.78,2399.53;2965.3,2362.12;2966.63,2319.09;2978.53,2304.8;2979.78,2280.84;2962.45,2246.18;2969,2223.65;2956.47,2204.94;2930.69,2172.98;2911.05,2162.51;2887.15,2129.04;2867.43,2096.77;2870.41,2047.17;2854.88,2032.23;2831.23,2037.19;2812.66,2073.17;2806.86,2120.16;2791.2,2142.79;2768.57,2152.65
597	220040000	0	12	69080	1,451;187.11,1568.89;162.67,1597.41;121.12,1617.77;86.09,1644.66;60.01,1712.28;58.39,1867.08;89.34,1918.4;392.07,1942.17;395.01,1933.9;406.52,1928.77;418.49,1924.92;437.23,1909.44;458.41,1898.85;498.72,1895.82;530.49,1855.09;581,1860.79;595.67,1868.94;598.11,1884.42;618.08,1900.1;632.94,1899.29;640.48,1893.17;644.75,1893.38;655.13,1915.43;678.56,1907.35;700.2,1904.11;713.37,1836.29;712.08,1827.67;701.95,1812.45;693.37,1805.3;693.12,1797.5;690.24,1777.01;696.5,1762.66;707.34,1760.86;729.32,1769.91;742.66,1771.09;770.04,1735.18;758.63,1717.33;740.96,1706.99;733.63,1692.34;717.68,1678.97;706.91,1676.82;704.32,1662.17;687.08,1638.46;669.41,1626.82;659.93,1627.69;653.47,1631.13;639.67,1630.7;634.07,1625.1;618.13,1632;609.07,1637.17;596.58,1634.15;578.49,1614.31;574.18,1616.47;562.97,1599.23;554.57,1597.16;528.49,1597.07;514.7,1610.43;506.94,1618.19;497.46,1616.9;490.57,1603.11;478.5,1594.49;449.51,1608.04;426.24,1630.45;400.38,1641.66;373.23,1633.47;360.3,1607.18;357.28,1591.67;352.97,1580.89;350.81,1558.05;344.78,1550.72;323.57,1547.24;310.64,1555.86;292.11,1557.15;255.91,1565.34;237.8,1567.49;215.82,1561.89
598	220040000	0	14	69082	1,451;84.08,1916.24;34.09,2053.85;40.67,2115.01;75.53,2130.14;91.32,2155.79;73.56,2196.57;49.88,2236.04;29.49,2239.33;6.47,2265.64;13.04,2297.87;39.3,2338.34;52.45,2365.96;61,2406.09;87.97,2458.05;123.49,2475.81;173.48,2468.57;219.49,2405.78;232.65,2363.69;258.3,2372.9;267.51,2381.45;262.24,2416.96;278.03,2435.38;287.24,2477.48;289.21,2501.15;306.97,2515.62;321.44,2514.31;346.43,2470.24;359.59,2446.56;373.19,2419.72;378.5,2368.01;401.18,2307.78;401.8,2301.16;379.44,2285.37;357.08,2259.72;342.61,2251.83;341.37,2237.27;351.46,2216.72;370.7,2216.53;375.56,2219.9;396.1,2218.77;401.51,2223.25;410.67,2220.08;414.59,2211.48;430.47,2200.39;437.41,2184.85;449.12,2174.81;468.97,2172.89;490.73,2162.61;494.59,2161.48;505.83,2146.17;565.37,2041.19;508.24,2011.44;493.41,1986.09;481.93,1985.13;458.98,1992.54;443.91,1992.78;433.6,2008.25;426.18,2011.59;420.21,2010.88;414.71,2002.99;408.73,1989.83;399.16,1984.09;398.45,1969.99;391.51,1943.68;392.23,1940.33;390.08,1939.38;100.78,1917.47
599	220040000	0	16	69084	200,800;2876.52,2328.11;2869.13,2320.72;2875.6,2313.34;2890.83,2304.11;2918.53,2287.49;2929.15,2301.8;2964.69,2299.95;2972.08,2331.8;2971.16,2366.43;2980.85,2406.59;2960.54,2458.75;2940.69,2464.75;2951.63,2578.36;2984.6,2599.63;2976.02,2716.15;2930.52,2733.35;2881.69,2718.92;2836.74,2703.94;2790.58,2722.73;2767.28,2743.26;2719.56,2686.66;2745.08,2668.35;2757.85,2652.26;2748.97,2645.04;2715.67,2648.37;2649.5,2583.01;2628.42,2585.23;2567.93,2542.5;2579.59,2495.89;2591.24,2422.65;2616.21,2401;2662.26,2410.44;2698.89,2431.52;2712.2,2418.76;2761.59,2408.22;2805.98,2367.16;2841.8,2353.91;2874.13,2336.61
600	220040000	0	16	69086	300,800;2649.67,2859.64;2691.24,2824.77;2718.51,2833.56;2745.03,2819.34;2759.9,2802.52;2789.65,2809.64;2805.81,2846.5;2789.65,2882.71;2787.06,2920.86;2790.94,2960.31;2767.01,2982.3;2738.56,2973.24;2704.29,2988.12;2678.42,2988.12;2666.13,2971.95;2664.84,2940.26;2653.85,2918.92;2648.67,2900.82;2648.67,2874.95
601	220040000	0	15	69088	10,460;1274.24,290.45;1277.64,300.9;1284.45,309.41;1292.47,313.54;1306.33,315;1313.38,303.09;1307.54,286.8;1292.47,280.73;1277.16,282.43
602	220040000	0	12	69090	501,801;2008,2039.13;1945.38,2109.76;1946.04,2159.84;1934.84,2181.58;1922.32,2195.41;1919.03,2239.56;1899.75,2267.75;1882.79,2341.68;1870.93,2373.31;1859.5,2451.98;1836.44,2473.06;1829.85,2504.69;1820.63,2522.48;1789.88,2547.13;1793.63,2614.38;1809.38,2656;1856,2725.38;1834.5,2757.75;1912.25,2836.75;1946.62,2801;2023.56,2797.23;2051.89,2824.9;2090.1,2822.92;2100.02,2799.83;2140.87,2797.85;2166.57,2755.69;2188.31,2712.86;2198.19,2652.9;2210.05,2650.93;2231.14,2632.48;2239.04,2581.75;2216.93,2555.23;2165.81,2514.18;2154.05,2527.72;2115.18,2497.41;2100.02,2480.94;2102.66,2459.86;2103.97,2410.44;2090.8,2365.64;2100.68,2355.1;2131.65,2349.83;2140.87,2326.11;2126.38,2269.45;2074.98,2119.22;2067.74,2101.44;2037.75,2057.13
603	220040000	0	16	69092	1,451;1008.12,1067.21;1003.41,1082.03;1196.19,1368.25;1276.63,1345.8;1292.18,1309.19;1281.57,1266.97;1272.59,1262.5;1252.03,1212.74;1251.99,1166.91;1272.97,1070.53;1276.29,1062.66;1212.69,998.54;1177.52,1003.08;1136.76,1032.57;1140.63,1046.44;1137.69,1060.53;1120.67,1081.66;1093.07,1083.32
604	220040000	0	15	69814	1,671;1977.89,1406.26;1925.94,1437.77;1865.48,1449.69;1805.21,1520.02;1774.01,1582.58;1768.28,1604.95;1751.6,1612.32;1744.35,1624.71;1728.23,1657.48;1691.82,1730.31;1693.9,1753.2;1708.98,1767.24;1722.51,1768.8;1735.51,1767.24;1744.87,1758.92;1768.8,1756.84;1781.29,1748;1797.93,1745.92;1825.5,1748;1850.99,1743.32;1863.98,1753.63;1886.87,1756.23;1896.75,1764.03;1916.52,1766.14;1948.31,1796.34;2014.81,1834.06;2046.52,1858.89;2064.21,1870.86;2086.05,1857.85;2109.98,1861.49;2123.51,1876.06;2126.63,1892.19;2114.67,1912.47;2106.86,1928.51;2119.17,1964.71;2129.4,1985.43;2120.38,2010.22;2115.31,2040.09;2124.33,2066.01;2135.6,2080.1;2155.32,2086.86;2173.92,2084.61;2191.95,2091.93;2227.63,2131.21;2235.32,2134.38;2245.46,2170.18;2276.99,2176.71;2284.18,2199.24;2286.44,2222.35;2293.76,2229.11;2299.79,2251.11;2322.12,2251.89;2328.88,2246.35;2358.96,2252.81;2371.4,2255.83;2382.5,2243.34;2370.48,2166.23;2367.71,2165.31;2357.12,2170.84;2345.15,2171.76;2324.77,2146.2;2307.01,2105.12;2334.76,2075.15;2344.2,2057.94;2344.75,1994.66;2330.88,1965.25;2323.11,1935.27;2333.65,1894.2;2345.86,1883.1;2377.5,1879.21;2409.14,1893.64;2458.9,1875.86;2483.88,1860.87;2509.96,1857.54;2523.84,1828.68;2534.94,1812.03;2584.9,1805.37;2602.11,1779.28;2588.79,1766.94;2568.8,1756.52;2563.25,1738.2;2542.16,1711.56;2519.4,1706.56;2511.2,1697.13;2497.24,1688.72;2467.91,1689.91;2426.79,1668.9;2430.33,1652.76;2448.99,1632.44;2472.22,1626.08;2494.98,1613.31;2504.41,1587.22;2499.42,1550.59;2512.41,1514.95;2509.08,1447.87;2497.85,1418.04;2482.86,1389.07;2455.11,1385.74;2438.46,1389.63;2390.42,1415.67;2375.73,1408.5;2362.41,1397.95;2342.43,1390.74;2323.56,1392.96;2315.23,1402.95;2307.88,1435.6;2293.44,1446.15;2281.79,1461.13;2269.58,1472.24;2247.37,1480.01;2229.61,1478.34;2215.73,1481.67;2205.19,1490.55;2197.42,1499.99;2184.65,1507.76;2166.33,1510.54;2145.16,1497.61;2125.18,1489.84;2094.1,1493.17;2067.45,1498.72;2035.81,1494.28;2021.38,1468.75;2028.04,1434.34;2019.72,1413.8
605	220040000	0	18	69815	1,601;2696.49,932.93;2667.8,939.44;2643.42,963.44;2635.11,992.4;2624.23,1008.18;2604.87,1011;2597.86,1011;2590.5,1005.26;2575.54,1017.55;2579.67,1026.11;2594.27,1041.9;2600.41,1041.9;2606.55,1045.48;2606.55,1056.74;2604.5,1058.78;2595.22,1075.87;2587.62,1093.06;2574.8,1118.67;2514.99,1132.29;2465.73,1123.51;2450.79,1128.76;2448.86,1143.87;2434,1158.47;2415.74,1164.27;2411.82,1177.69;2427.51,1199.97;2447.63,1219.62;2470.61,1229.35;2493.63,1249.69;2496.13,1293.04;2478.48,1330.38;2455.31,1348.21;2432.43,1373.86;2425.58,1393.26;2404.39,1407.36;2410.3,1419.49;2434.77,1403.27;2441.78,1392.95;2453.58,1387.97;2481.11,1390.61;2489.45,1407.38;2501.69,1431.02;2507.18,1447.47;2509.79,1513.21;2497,1550.67;2501.57,1589.05;2494.72,1608.7;2471.42,1623.32;2447.61,1630.25;2428.34,1651.33;2423.9,1669.92;2445.83,1680.88;2470.96,1694.13;2498.83,1691.85;2512.08,1700.07;2522.13,1710.58;2538.12,1715.15;2562.33,1739.36;2567.36,1758.1;2585.63,1767.69;2604.2,1793.09;2632.24,1795.4;2651.25,1790.88;2663.21,1766.89;2671.61,1746.18;2699.02,1733.42;2740.42,1742.31;2756.55,1725.21;2769.36,1710.61;2780.78,1701.02;2780.78,1695.08;2795.86,1687.31;2818.7,1695.94;2840.18,1693.79;2863.39,1671.88;2880.14,1613.01;2882.18,1549.9;2856.98,1526.63;2821.51,1507.88;2776.34,1495.8;2761.09,1490.17;2756.83,1467.59;2775.58,1411.73;2777.63,1394.99;2774.99,1384.39;2789.27,1370.8;2797.11,1365.48;2810.21,1357;2818.35,1338.99;2818.75,1322.17;2820.46,1304.47;2817.84,1285.7;2806.12,1273.51;2783.99,1222.65;2779.2,1210.84;2755.06,1202.16;2745.25,1194.24;2741.43,1180.12;2740.83,1164.29;2752.55,1147.51;2771.29,1136.5;2782.59,1133.59;2805.77,1133.88;2814.8,1124.21;2835.95,1126.59;2847.61,1121.97;2847.38,1089.11;2843.6,1082.11;2822.88,1084.45;2800.51,1073.3;2790.24,1061.23;2781.76,1052.3;2777.14,1032.73;2779.46,1014.08;2789.33,992.67;2791.19,963.7;2799.9,921.79;2793.34,911.34;2778.62,909.21;2755.7,926.27;2734.35,932.18
606	220040000	0	16	69094	100,400;793.55,1425.58;790.41,1416.79;772.62,1393.98;772.83,1387.91;779.32,1375.56;790.2,1343.54;800.46,1337.27;807.78,1335.17;827.45,1335.43;834.98,1343.18;842.73,1343.39;846.49,1349.45;855.28,1353.01;859.05,1357.62;859.26,1364.52;861.98,1368.29;860.93,1371.43;855.91,1369.34;851.94,1369.75;850.47,1372.27;850.68,1377.71;849.63,1381.06;851.94,1383.99;847.75,1386.91;842.94,1396.96;838.96,1403.24;842.73,1405.33;843.98,1407.63;849.63,1408.68;854.66,1405.33;855.91,1400.73;860.1,1399.26;864.28,1399.68;865.54,1402.19;872.46,1411.36;875.18,1413.45;875.18,1417.43;877.69,1420.78;885.64,1423.08;889.41,1422.45;894.43,1421.62;897.57,1419.73;900.08,1422.04;898.2,1423.71;908.24,1458.03;910.46,1459.09;929.51,1456.16;933.69,1453.86;935.79,1454.69;936.2,1458.25;937.67,1464.11;936.62,1474.36;936.62,1479.18;934.11,1485.87;932.65,1492.57;930.76,1494.25;897.63,1534.36;897.21,1536.87;894.7,1537.71;889.26,1536.03;881.73,1536.66;876.28,1540.01;873.36,1537.08;863.94,1539.59;861.64,1536.87;853.26,1543.15;851.59,1551.73;818.24,1562.16;811.33,1560.06;797.73,1556.72;782.86,1516.9;774.28,1515.85;769.68,1518.99;761.1,1517.31;761.31,1512.71;747.07,1482.88;740.8,1475.97;742.89,1474.51;748.12,1476.6;753.14,1476.39;789.66,1434.29
607	220040000	0	16	69096	1,451;715.77,406.1;697.08,441.05;652.84,498.07;641.77,615.4;618.58,644.81;595.74,662.12;502.44,691.84;481.85,690.98;451.27,706.53;421.55,772.25;411.18,830.81;396.44,846.54;381.74,881.98;373.15,914.12;392.55,951.41;405.54,958.51;430.26,987.96;445.87,1027.54;476.77,1042.08;528.48,1052.22;539.3,1077.91;569.95,1108.56;583.92,1113.97;600.6,1106.3;629.36,1079.28;654.65,1052.56;675.36,1013.12;676.84,940.91;682.95,926.55;686.52,875.56;705.56,869.68;718.97,881.28;740.34,896.08;777.57,897.08;807.75,887.02;836.43,867.9;856.35,845.65;894.67,760.46;913.21,740.83;924.48,711.75;917.57,671.76;918.3,636.13;928.51,615.04;926.69,562.33;899.11,518.63;894.4,470.87;901.97,425.85;888.75,392.34;862.38,389.24;827.93,403.21;802.07,410.55;769.22,404.96;746.15,408.81
608	220040000	0	15	69098	200,650;2721.81,2073.42;2739.15,2065.67;2767.88,2065.67;2785.67,2078.89;2789.32,2101.7;2771.08,2126.34;2743.25,2139.57;2725,2135.46;2718.62,2118.58;2717.7,2085.74
609	220040000	0	18	69100	1,451;815.28,900.06;781.54,909.86;735.48,903.05;702.98,911.1;676.83,947.44;673.14,1005.35;650.79,1052.89;636.65,1088.45;611.76,1106.85;585.64,1159.09;586.07,1169.86;587.24,1186.75;575.67,1207.44;553.65,1231.58;521,1310.29;526.44,1379.28;514.88,1430.83;539.95,1460.62;616.76,1506.5;659.46,1558.04;676.16,1577.17;680.93,1600.5;685.15,1637.84;702.18,1660.89;704.83,1677.86;714.9,1679.45;731.34,1692.7;740.32,1709.03;757.49,1718.22;762.28,1732.7;733.69,1771.94;718.26,1783.86;709.73,1803.06;701.19,1812.87;709.3,1828.23;709.73,1835.91;696.53,1902.79;709.75,1916.02;733.21,1916.87;745.42,1907.65;781.1,1905.66;885.58,1883.82;1017.23,1926.21;1069.67,1889.49;1086.31,1832.01;1126.49,1824.1;1140.99,1802.31;1126.91,1789.09;1126.91,1762.25;1149.1,1749.77;1156.78,1712.16;1155.07,1668.22;1143.86,1633.78;1144.29,1602.63;1128.93,1583.44;1096.05,1579.45;1004.65,1538.92;1031.86,1432.26;1066.86,1423.21;1080.71,1402.93;1156.26,1395.1;1195.29,1361.17;1007,1079.29;960.56,1037.61;936.55,1005.35;932.02,996.43;907.56,995.19;901.91,977.11;891.2,962.58;874.63,951.78;840.23,938.74;838.16,912.7
610	220040000	0	15	69102	1,551;1785.33,143.47;1729.51,209.54;1682.53,251.66;1681.36,304.49;1717.16,332.08;1733.01,363.78;1735.95,377.87;1721.48,404.84;1702.49,404.87;1671.14,384.6;1650.93,392.12;1643.96,404.11;1643.44,422.21;1636.93,431.63;1641.59,443.01;1645.21,468.87;1647.28,485.43;1661.76,499.39;1671.59,506.12;1670.55,520.08;1665.38,522.67;1650.38,520.6;1648.31,513.87;1640.03,513.36;1635.9,519.56;1612.82,543.29;1611.07,554.73;1604.49,563.67;1606.41,588.35;1596.49,604.11;1593.03,615.62;1583.45,614.63;1575.52,622.56;1568.64,631.85;1565.4,637.16;1582.17,657.12;1603.3,660.65;1625.02,674.73;1636.17,678.84;1642.63,670.04;1651.43,670.04;1654.37,680.02;1666.7,684.71;1680.2,701.15;1701.91,707.02;1715,707.58;1717.16,702.18;1716.32,684.94;1720.94,679.16;1720.85,662.46;1763.28,641.68;1762.91,637.34;1765.82,629.85;1775.61,629.27;1794.03,630.39;1796.88,626.69;1793.99,614.63;1795.92,579.42;1805.9,573.23;1824.62,574.07;1830.41,567.31;1842.95,562.97;1852.6,560.08;1860.31,560.08;1862.24,562.97;1862.24,570.69;1908.35,604.09;1922.44,606.43;1971.16,615.71;1975.81,611.42;1976.28,607.19;1981.91,600.29;1985.98,598.73;1992.72,589.53;2002.32,589.34;2007.09,585.65;2016.12,585.61;2019.88,581.83;2024.06,580.44;2031.01,572.09;2034.14,564.09;2035.53,560.27;2038.3,559.21;2055.83,559.21;2065.78,548.48;2071.9,546.95;2076.5,545.04;2078.79,543.13;2082.23,535.09;2084.91,524.76;2083.38,515.58;2135.27,501.93;2180.62,494.17;2192.37,439.57;2155.41,399.77;2147.6,399.78;2114.8,315.91;2120.09,298.3;2128.89,284.8;2152.37,237.84;2150.02,223.75;2129.48,209.67;2128.3,199.1;2133,195.58;2148.85,196.17;2154.72,189.71;2152.37,182.08;2091.71,137.02;2073.23,139.76;2035.77,125.18;1979.25,129.51;1921.42,144.29;1870.94,151.33;1834.85,138.58
611	220040000	0	13	69104	52.33,202.33;1393.31,1067.99;1403.31,1069.44;1418.39,1074.41;1429.16,1085.1;1433.26,1100.89;1434.54,1121.89;1427.45,1132.44;1449.3,1131.76;1456.1,1131.15;1462.79,1124.9;1484.37,1123.87;1489.97,1128.29;1494.04,1131.11;1501.23,1130.17;1506.23,1137.67;1505.92,1148.93;1498.73,1155.5;1493.1,1154.56;1483.61,1159.75;1460.47,1157.87;1459.85,1150.37;1441.65,1152.4;1428.27,1159.83;1413.57,1162.02;1396.06,1159.2;1381.68,1147.01;1368.54,1132.62;1358.54,1113.86;1361.35,1096.04;1366.98,1078.22;1380.43,1069.46
612	220040000	0	16	69106	300,700;2385.2,2274.94;2428.49,2306.74;2443.95,2313.81;2521.25,2338.1;2522.55,2330.85;2537.34,2325.03;2553.93,2325.03;2568.28,2341.62;2588.04,2330.58;2625.52,2345.19;2646.82,2344.23;2672.99,2319;2668.7,2267.86;2707.31,2229.99;2709.73,2209.39;2733.97,2193.93;2724.79,2151.31;2724.69,2106.55;2725.76,2063.08;2700.24,2049.82;2681.89,2061.86;2662.33,2068.51;2641.11,2084.74;2622.63,2125.14;2601.82,2109.81;2482.69,2093.93;2451.88,2119.29;2393.48,2123.5;2359.84,2162.28;2379,2265.06
613	220040000	0	12	69108	395.92,495.92;1748.48,1290.93;1764.11,1292.09;1774.46,1290.29;1787.29,1277.23;1805.9,1269.41;1822.19,1274.41;1820.74,1294.14;1814.5,1316.84;1809.05,1337.23;1803.98,1357.2;1800.76,1377.55;1791.7,1391.87;1784.83,1411.82;1761.75,1423.11;1735.45,1426.62;1715.63,1407.1;1705.99,1393.07;1706.57,1368.53;1718.55,1348.28;1738.64,1303.37
614	220040000	0	17	69110	1,651;2697.6,1731.15;2669.26,1741.11;2660.9,1768.9;2649.03,1789.15;2631.24,1791.3;2606.94,1791.04;2595.61,1786.19;2583.47,1802.38;2534.09,1808.04;2521.14,1829.09;2510.62,1854.99;2460.02,1921.66;2435.28,1927.84;2405.03,1953.28;2400.22,1970.46;2414.66,1989.71;2417.41,2022.7;2411.91,2046.03;2423.76,2037.36;2433.64,2029.9;2455.31,2033.74;2459.85,2035.55;2464.85,2047.47;2466.21,2059.98;2480.29,2058.29;2486.12,2079.55;2483.74,2096.18;2598.79,2110.98;2624.11,2127.34;2644.41,2083.74;2662.63,2069.51;2684.83,2062.68;2700.2,2051.86;2724.12,2064.39;2726.84,2071.82;2722.27,2074.73;2719.35,2085.13;2721.02,2107.34;2720.19,2119.82;2726.01,2131.23;2739.32,2136.05;2721.84,2150.16;2716.51,2159.35;2687.3,2178.02;2636.95,2178.03;2622.71,2210.51;2650.58,2260.17;2665.51,2305.52;2658.34,2320.83;2643.51,2337.09;2626.76,2341.03;2587.55,2326.68;2568.42,2333.9;2554.37,2327.19;2538.77,2321.42;2517.29,2333.03;2445.22,2312.24;2430.47,2304.75;2392.43,2275.38;2385.55,2284.97;2366.31,2286.34;2352.56,2272.6;2329.88,2279.47;2267.33,2285.66;2254.27,2293.91;2210.28,2288.41;2176.6,2333.77;2171.1,2366.08;2177.29,2412.13;2186.91,2438.25;2178.66,2461.62;2161.48,2483.61;2156.67,2511.11;2166.98,2517.98;2217.16,2557.85;2241.21,2568.16;2270.08,2555.78;2305.14,2527.6;2338.82,2502.48;2381.96,2489.32;2406.86,2472.14;2477.12,2474.96;2534.23,2443.33;2548.79,2390.89;2542.39,2374.57;2524.9,2372.24;2515.58,2346.02;2520.09,2336.13;2538.31,2326.41;2559.13,2335.97;2569.77,2340.19;2586.7,2330.71;2626.9,2343.54;2643.92,2340.58;2659.45,2326.53;2668.44,2305.66;2652.87,2258.61;2626.71,2209.85;2639,2180.73;2687.68,2181.51;2719.08,2159.72;2730.12,2153.09;2767.38,2155.55;2792.48,2145.84;2808.75,2121.58;2814.53,2074.63;2831.87,2039.97;2870.87,2019.74;2881.87,1899.91;2860.56,1879.98;2859.19,1840.11;2843.76,1801.61;2793.99,1759.91;2758.17,1742.61
615	220040000	0	15	69112	200,650;2434.36,2028.21;2455.94,2032.26;2462.24,2034.95;2468.08,2050.69;2468.53,2057.89;2481.12,2056.54;2484.72,2064.18;2488.32,2081.72;2485.17,2100.6;2469.43,2114.54;2450.55,2123.98;2432.11,2125.33;2412.33,2124.88;2401.09,2104.65;2390.75,2087.56;2388.5,2065.53;2396.14,2052.49;2416.82,2040.8;2424.92,2033.61
616	220040000	0	13	69114	100,550;1406.19,1287.15;1409.6,1284.38;1435.17,1284.38;1437.52,1281.4;1437.3,1273.51;1441.78,1269.46;1456.27,1269.25;1464.37,1272.02;1479.29,1273.09;1505.15,1328.93;1546.89,1325.09;1582.27,1309.21;1603.1,1295.52;1639.33,1280.11;1677.17,1301.12;1728.23,1340.21;1709.69,1364.17;1709.41,1404.97;1702.77,1477.81;1670.41,1515.29;1583.26,1634.13;1560.85,1640.57;1485.93,1621.58;1373.35,1525.64;1375.4,1465.59;1329.72,1409.14;1336.4,1293.67;1366.67,1262.37;1381.56,1268.52;1393.36,1284.95
617	220040000	0	16	69116	687.55,787.55;2191.71,2921.96;2197.11,2907.72;2223.62,2890.54;2239.33,2912.14;2211.35,2937.18;2200.55,2932.76
618	220040000	0	13	69118	401,601;2258.19,1077.85;2239.21,1089.59;2232.46,1081.22;2214.89,1105.43;2163.57,1182.15;2146.37,1209.87;2132.04,1227.55;2133.47,1270.08;2141.59,1304.48;2157.84,1301.62;2170.74,1325.51;2169.5,1347.59;2162.33,1369.09;2168.54,1394.42;2183.36,1412.1;2228.28,1412.1;2237.35,1425;2285.62,1437.42;2302.96,1441.83;2311.56,1436.1;2316.82,1406.95;2325.42,1396.44;2343.58,1393.57;2360.3,1399.3;2370.81,1410.77;2392.32,1421.28;2432.04,1399.63;2434.43,1373.34;2455.46,1349.93;2479.83,1330.82;2497.51,1294.02;2494.64,1248.15;2471.71,1228.08;2448.77,1218.52;2430.13,1200.84;2421.53,1188.89;2412.94,1177.54;2416.27,1165.85;2434.69,1159.07;2449.98,1145.76;2451.89,1129.68;2465.88,1124.46;2515.14,1133.6;2576.78,1120.22;2591.6,1090.6;2602.35,1065.57;2587.38,1042.49;2585.25,1035.03;2585.17,1034.52;2595.22,1020.49;2569.48,1003.06;2554.32,1018.44;2511.95,1014.18;2500.62,1018.45;2481.69,1013.67;2472.61,999.74;2447.63,993.19;2426.6,993.87;2409.26,990.18;2391.31,994.41;2368.94,1007.99;2354.04,1012.98;2327.23,1020.56;2310.91,1052.57;2286.29,1072.11
619	220040000	0	16	69816	351,601;933.3,79.15;915.67,92.05;924.34,154.45;1007.77,186.05;1038.47,146.39;1040.68,102.96;1030.51,65.99;950.78,65.59
620	220040000	0	14	69120	1,451;148.26,80.74;42.2,218.09;31.77,359.8;42.89,503.2;91.96,679.11;165.24,780.18;187.42,776.1;234.07,722.57;274.59,734.04;298.3,760.73;385.22,805.71;409.1,794.47;425.02,773.4;455.51,709.36;484.07,695.31;502.33,695.31;598.18,665.58;622.32,648.02;646.18,616.24;656.72,499.78;701.83,441.21;716.15,412.13;700.21,376.28;663.16,344;665.15,300.18;646.82,244;609.37,209.34;573.35,148.56;534.03,94.25;442.8,52.31;299.53,47.7
621	220040000	0	17	69122	1,451;255.44,740.76;221,768.51;188.83,804.76;177.62,839.63;160.61,875.88;138.03,946.06;130.11,962.41;116.16,974.08;106.91,996.97;111.82,1013.23;120.84,1023.65;117.09,1050.8;104.96,1058.06;76.97,1064.67;59.46,1073.58;29.42,1119.91;14.05,1161.52;4.45,1211.83;9.71,1228.13;19.39,1235.35;24.34,1261.11;29.2,1324.34;41.07,1378.02;46.82,1432.64;84.57,1478.57;83.6,1504.56;105.94,1537.15;161.54,1520.06;161.19,1487.31;203.45,1475.65;223.8,1479.04;265.61,1482.43;314.21,1461.52;349.26,1451.88;357.83,1451.88;370.37,1464.59;394.69,1478.65;454.43,1477.24;472.26,1482.3;503.24,1466.02;517.69,1444.89;531.56,1382.56;525.74,1308.29;555.83,1239.76;557.73,1214.35;575.99,1182.85;574.96,1162.69;561.95,1152.7;566.37,1112.24;523.85,1066.15;488.53,1054.03;471.15,1061.56;444.52,1057.98;426.09,1041.6;408.83,1036.36;419.6,1016.37;418.06,987.14;407.79,956.15;393.5,950.21;374.72,916.59;383.01,885.51;373.81,850.21;368.75,817.34;344.17,800.96;335.98,773.31;309.36,751.81
622	220040000	0	15	69124	137,587;590.72,782.56;595.07,781.61;601.88,781.05;610.77,783.13;611.15,801.48;605.85,809.23;597.53,812.07;589.4,810.75;583.53,809.42;582.02,802.05;582.21,794.29;584.1,788.99
623	220040000	0	13	69126	1,601;557.76,2529.6;556.73,2572.92;541.26,2643.05;512.22,2678.54;492.97,2695.04;428.96,2754.04;405.92,2776.73;385.72,2799.19;371.28,2808.82;353.06,2829.1;349.97,2847.67;380.22,2858.67;411.5,2855.57;426.29,2868.29;471.61,2890.86;537.15,2959;591.59,3024.24;629.46,3049.53;704.67,3052.62;737.91,3043.23;800.37,3022.33;821.01,3004.59;835.46,3011.81;850.12,3014.73;871.79,2974.63;882.99,2939.59;895.63,2906.36;896.72,2837.01;888.05,2764.04;902.89,2755.37;947.68,2761.88;991.75,2734.42;1005.48,2705.16;1019.93,2661.46;1014.83,2643.63;997.4,2641.25;972.85,2638.08;932.44,2569.95;922.14,2527.96;896.79,2513.7;866.69,2523.61;831.94,2551.38;808.57,2577.52;779.26,2566.82;711.13,2544.25;686.99,2514.53;676.68,2496.65;650.2,2478.43;594.85,2485.31
624	220040000	0	20	69128	621,801;2520.91,2466.03;2481.77,2454.49;2397.2,2452.9;2374.26,2483.99;2353.25,2491.37;2328.7,2488.51;2306.96,2500.67;2293.53,2533.8;2296.64,2558.89;2298.52,2606.15;2275.81,2634.02;2279.03,2689.75;2261.1,2724.22;2258.5,2788.17;2217.84,2825.5;2167.17,2827.42;2149.96,2855.14;2143.27,2902.94;2143.61,2920.65;2119.74,2916.31;2100.21,2893.17;2061.14,2888.82;2040.16,2909.8;2018.46,2942.36;2036.55,2966.95;2080.67,2979.97;2126.25,2986.48;2159.39,2976.87;2192.99,2994.72;2280.94,2995.68;2307.71,2977.51;2334.48,2958.39;2363.16,2959.35;2389.93,2933.54;2395.67,2917.28;2411.92,2902.94;2434.87,2905.81;2460.68,2925.89;2495.1,2951.7;2519,2978.47;2548.45,2993.27;2614.41,3003.78;2629.71,2994.22;2661.26,2992.31;2676.56,2983.7;2713.84,2978.92;2743.48,2967.45;2773.12,2970.32;2787.57,2948.19;2781.83,2912.81;2783.74,2878.39;2793.3,2862.14;2800.95,2842.06;2779.92,2807.65;2759.84,2765.3;2780.87,2734.99;2735.94,2678.58;2709.17,2705.35;2678.58,2723.52;2659.46,2713;2659.46,2693.88;2675.71,2679.54;2654.67,2643.21;2636.51,2605.92;2645.11,2580.11;2581.71,2537.58;2566.26,2515.97
625	220040000	0	14	69130	10,460;497.93,1894.41;513.22,1866.25;526.89,1851.5;551.83,1853.92;571.95,1860.08;582.14,1869.47;588.84,1887.44;588.04,1913.99;586.97,1919.62;593.67,1924.18;588.58,1940;584.55,1945.9;570.07,1954.21;547.81,1960.92;536.55,1954.75;528.5,1940.54;524.21,1931.42;513.22,1925.25;503.03,1915.33;499.81,1907.28
626	220040000	0	18	69132	1,551;1921.91,604.4;1919.12,609.6;1919.5,622.02;1914.77,627.6;1911.2,639.2;1854.09,643.22;1828.21,639.65;1805.35,658.51;1810.71,668.77;1820.08,734.36;1833.02,749.97;1837.48,774.51;1834.39,783.55;1826.81,786.32;1816.52,786.75;1805.37,780.74;1793.37,781.6;1782.22,795.32;1787.36,820.62;1784.79,845.91;1805.8,866.49;1841.81,883.64;1856.82,882.78;1872.68,893.5;1876.97,905.51;1896.69,917.51;1898.41,922.23;1891.98,933.8;1880.4,937.23;1850.82,956.53;1842.67,974.11;1843.96,986.11;1847.82,994.69;1882.2,1009.5;1884.35,1020.64;1896.35,1028.36;1919.93,1039.51;1920.36,1052.37;1912.21,1063.09;1894.64,1063.52;1892.06,1071.66;1892.92,1092.24;1901.07,1101.68;1901.5,1121.83;1900.64,1129.12;1892.49,1150.55;1899.52,1166.67;1902.09,1188.54;1890.51,1194.54;1889.66,1202.69;1896.09,1207.83;1894.8,1263.14;1866.65,1271.35;1848.91,1299.15;1844.32,1332.69;1819.02,1353.27;1814.73,1389.71;1823.74,1397;1833.6,1392.28;1845.6,1380.28;1882.9,1372.99;1909.91,1357.98;1949.79,1353.27;1954.93,1345.12;1991.37,1342.12;1996.72,1384.33;2044.86,1398.82;2072.37,1385.21;2086.64,1347.35;2072.3,1302.15;2067.64,1286.5;2078.36,1277.93;2101.94,1262.49;2110.51,1218.33;2151.26,1212.27;2238.15,1084.07;2225.81,1074.57;2222.49,1036.58;2200.64,1018.07;2185.45,1030.89;2168.36,1061.27;2158.39,1085.97;2151.26,1098.79;2139.39,1098.79;2132.51,1093.34;2106.82,1070.78;2102.02,1048.13;2106.66,1012.29;2111.27,1005.32;2114.27,1003.61;2127.56,1001.03;2135.71,994.17;2154.57,992.89;2172.58,972.74;2172.58,943.58;2164.43,923.43;2172.15,898.99;2181.15,895.99;2195.3,877.13;2191.87,854.83;2154.61,836.35;2151.48,830.46;2110.59,827.02;2101.05,827.44;2098.56,829.51;2098.14,835.32;2094.82,833.66;2092.75,831.17;2086.11,831.59;2075.6,839.82;2077.26,856.42;2081.41,862.23;2080.58,868.45;2076.85,871.36;2070.62,874.68;2060.25,883.39;2050.29,887.54;2020.14,875.23;2008.21,875.64;1997.1,872.35;1991.35,862.48;1979.83,860.42;1976.12,855.89;1975.3,846.84;1976.54,836.97;1982.64,827.06;1996.28,822.16;2007.39,814.75;2013.56,805.29;2013.97,790.48;2010.62,781.91;2005.62,775.37;2004.85,764.99;2006.77,751.16;2012.54,739.62;2014.46,729.63;2011.39,723.09;2009.46,705.41;2004.08,701.95;2003.7,674.28;2005.62,671.2;2008.31,661.97;2007.54,655.06;1993.35,650.09;1990.73,629.89;1989.09,626.19;1987.03,619.2;1993.28,606.59;1995.16,599.44;2002.31,591.53;2002.31,588.9;1998.93,589.27;1992.9,590.03;1989.89,593.79;1985.37,599.44;1981.99,601.32;1975.21,609.98;1972.2,613.36
627	220040000	0	15	69817	1,451;528.03,1849.59;517.57,1863.54;498.04,1892.84;456.88,1897.02;438.05,1904.7;417.12,1921.44;403.17,1927.02;394.29,1931.93;390.22,1942.93;396.89,1968.87;396.89,1984.22;407.35,1989.8;412.94,2002.35;418.52,2011.42;426.19,2012.81;434.56,2008.63;444.32,1994.68;459.67,1993.28;472.92,1988.4;483.39,1986.31;491.76,1987.01;506.41,2012.12;538.49,2026.77;562.91,2040.02;500.24,2144.3;490.23,2161.04;468.61,2171.51;448.38,2172.9;437.22,2184.76;430.24,2198.71;413.5,2210.57;410.01,2218.94;401.64,2222.43;396.06,2217.54;381.41,2217.54;375.83,2218.94;370.95,2215.45;350.72,2215.45;340.95,2235.68;340.26,2251.72;355.6,2259.4;377.92,2285.9;400.11,2302.36;387.92,2336.24;376.69,2363.58;372.79,2394.34;377.18,2395.8;388.41,2388.97;408.43,2388.97;412.82,2399.22;421.61,2428.52;433.82,2455.86;451.4,2475.88;463.6,2484.18;493.29,2484.98;497.19,2497.68;488.41,2514.76;487.48,2523.91;496.76,2530.74;511.89,2528.79;542.17,2516.58;566.09,2530.26;600.27,2492.17;585.12,2482.59;568.53,2489.73;543.63,2489.73;530.94,2480.94;529.47,2466.78;519.22,2453.11;539.72,2432.12;554.86,2409.66;569.02,2395.5;562.18,2376.95;563.16,2372.06;568.04,2369.62;577.45,2370.05;616.03,2362.91;666.35,2379.99;705.31,2382.97;718.59,2383.43;752.77,2349.87;761.93,2281.51;792.44,2266.25;808.92,2278.46;826.01,2316.91;868.12,2352.92;929.11,2367.07;971.83,2365.24;1028.6,2337.77;1048.13,2294.44;1044.46,2191.9;992.93,2155.58;979.5,2137.27;991.1,2105.53;1005.75,2096.38;1015.51,2068.91;1085.7,2079.9;1095.47,2056.71;1093.64,2013.37;1035.65,1938.3;1018.78,1918.65;884.63,1876.29;774.98,1900.68;746.57,1902.42;732.53,1914.01;713,1914.01;697.74,1903.03;680.04,1905.47;677.04,1906.23;655.68,1913.55;645.3,1891.58;640.42,1891.58;631.88,1898.29;618.45,1898.9;597.7,1886.09;594.04,1868.39;581.07,1858.05
628	220040000	0	17	69134	1,451;931.38,704.55;887.44,763.14;851.98,847.35;840.03,878.17;836.12,906.29;839.69,939.67;873.48,952.93;889.68,963.23;900.6,978.33;906.6,996.28;933.09,998;937.33,1010.27;958.63,1037.85;970.85,1047.03;1013.02,1063.55;1021.75,1071.92;1093.3,1085.78;1120.63,1084.25;1139.2,1061.93;1141.16,1044.69;1138.31,1032.94;1143.31,1030.43;1178.9,1004.81;1191.47,1003.54;1216.81,964.88;1209.01,924.66;1225.21,883.85;1233.62,854.44;1255.23,852.64;1266.03,862.84;1296.64,888.05;1300.84,894.05;1280.44,903.66;1266.29,944.19;1275.63,954.67;1331.63,957.33;1375.46,929.38;1403.4,920.49;1463.56,891.87;1478.08,870.11;1473.88,850.91;1436.43,796.01;1426.67,616.73;1443.17,608.88;1468.05,611.65;1479.11,640.22;1489.25,652.66;1516.44,654.57;1530.14,646.9;1568.73,634.02;1576.19,623.55;1584.26,615.48;1593.94,617.37;1597.44,604.46;1599.59,601.77;1607.12,588.59;1606.09,562.76;1612.54,554.69;1613.35,544.2;1634.05,522.42;1640.78,514.08;1647.23,515.43;1649.38,521.08;1664.44,524.3;1670.89,520.81;1672.78,506.02;1660.68,497.41;1648.57,485.31;1643,443.5;1638.16,431.4;1614.23,422.26;1589.88,424.03;1563.72,406.3;1536.23,407.63;1516.28,394;1510.07,379.81;1519.38,354.99;1536.67,339.47;1537.12,307.1;1534.01,298.24;1531.35,279.62;1503.42,260.11;1478.15,247.7;1448,231.74;1423.18,248.14;1387.41,261.33;1350.61,264.43;1322.68,244.48;1280.12,235.17;1231.79,238.27;1226.25,271.25;1209.89,284.63;1214.35,299.5;1208.4,323.79;1195.51,336.18;1201.96,399.13;1216.33,415.98;1214.35,435.81;1216.33,460.09;1220.79,496.28;1224.76,504.7;1223.27,522.55;1215.34,532.96;1200.04,532.31;1196.92,525.67;1180.1,525.28;1179.65,537.91;1177.28,675.81;1144.79,688.81;1028.05,721.89;999.62,721.03
629	220040000	0	14	69136	270.32,420.32;477.74,2222.42;481.12,2230.42;487.58,2237.8;501.12,2240.88;512.2,2238.42;519.75,2219.52;520.06,2214.91;522.56,2211.54;520.19,2199.04;510.35,2196.89;498.66,2193.2;480.51,2201.81;476.2,2215.34
630	220040000	0	13	69138	70,520;1855.64,477.29;1870.73,467.57;1890.51,466.56;1910.96,464.22;1923.36,465.89;1935.77,470.92;1948.17,476.95;1964.93,491.71;1969.63,512.83;1969.63,534.28;1962.59,551.72;1950.18,564.79;1933.08,577.2;1921.35,584.91;1908.95,596.64;1894.87,583.9;1857.58,558.26;1838.13,567.65;1826.07,567.98;1821.71,582.4;1796.9,574.69;1796.9,530.1;1810.98,513.34;1839.14,486.52
631	220040000	0	14	69818	1,801;1643.19,1712.73;1627.71,1735.18;1636.22,1780.07;1616.1,1817.99;1589.78,1835.02;1582.82,1855.92;1590.56,1895.39;1573.53,1918.61;1465.25,1921.75;1430.88,1893.88;1350.5,1934.88;1341.5,2012.75;1363.63,2093.88;1398.8,2155.51;1331.63,2260.75;1353.75,2313.13;1341.48,2361.57;1346.9,2436.65;1377.41,2521.48;1372.25,2693;1426.63,2768.25;1631.75,2853.5;1724.63,2753.75;1641.75,2651.25;1630.1,2584.94;1633.97,2514.51;1758.13,2436.38;1804.75,2378.02;1816.86,2387.85;1856.2,2361.37;1875.87,2338.68;1866.03,2297.07;1860.74,2266.81;1841.82,2241.08;1847.87,2207.79;1869.06,2200.23;1883.43,2205.52;1900.83,2194.93;1902.35,2175.26;1890.24,2146.51;1900.08,2113.98;1923.53,2098.85;1957.89,2117.23;2007.83,2060.49;2010.1,2037.04;2013.81,1938.58;2025.23,1869.08;2016.77,1831.68;1951.44,1795.79;1918.32,1764.97;1899.92,1763.13;1888.42,1754.39;1865.88,1752.09;1853,1742.43;1826.37,1746.01;1782.32,1745.51;1771.43,1753.93;1745.68,1757.44;1732.29,1766.76;1710.42,1764.88;1699.15,1753.62;1696.33,1733.9;1688.58,1721.22
632	220040000	0	16	69140	1,451;1578.73,741.66;1562.84,756.35;1551.46,807.56;1555.08,835.49;1578.36,856.69;1588.19,871.18;1605.77,877.38;1619.74,877.38;1629.56,886.18;1629.05,893.93;1611.98,914.62;1597.5,930.66;1577.32,938.93;1578.23,945.25;1588.06,966.98;1598.4,974.22;1599.44,981.98;1597.89,989.22;1586.51,996.98;1575.65,1001.63;1575.11,1010.31;1586.49,1013.41;1592.18,1028.41;1600.45,1045.48;1598.38,1057.89;1600.1,1077.03;1609.48,1094.56;1609.72,1116;1688.61,1138.02;1701.18,1147.95;1721.87,1154.15;1733.84,1153.11;1739.98,1149.69;1749.29,1138.12;1750.98,1123.56;1768.72,1119.06;1785.69,1047.46;1777.41,1040.74;1769.13,1039.19;1767.58,1027.29;1762.41,1020.05;1759.82,1012.29;1761.38,1004.02;1768.62,1002.98;1778.44,1009.7;1788.79,1012.81;1793.44,1006.6;1801.94,1003.69;1841.57,1005.3;1850.33,995.25;1845.58,985.18;1844.03,973.8;1849.72,958.8;1866.79,949.49;1881.96,939.7;1893.92,935.71;1900.18,923.75;1898.48,916.35;1877.97,902.68;1874.55,892.42;1858.45,880.82;1842.66,881.19;1807.54,864.55;1786.42,845.93;1788.4,820.07;1783.75,797.31;1793.78,782.5;1805.47,782.31;1814.26,788;1826.68,787.49;1835.99,784.38;1839.61,775.59;1836.51,762.66;1834.44,748.69;1821.28,733.27;1813.04,666.88;1793.11,633.85;1780.48,628.08;1764.56,628.47;1761.34,637.9;1717.29,659.34;1717.89,662.73;1723.07,667.9;1724.07,677.81;1716.72,684.23;1717.23,699.04;1718.37,706.76;1691.03,732.65;1594.21,735.49
633	220040000	0	20	69142	1,451;2463.63,200.19;2431.46,236.68;2432.08,278.13;2440.74,293.59;2443.21,326.37;2450.64,348.02;2455.58,356.68;2465.48,377.09;2469.19,404.31;2438.88,449.46;2323.84,472.96;2317.04,473.27;2302.39,491.33;2295.39,503.62;2249.61,557.43;2239.1,566.09;2232.3,589.59;2208.17,611.24;2189.62,605.06;2172.04,605.68;2166.97,607.96;2162.08,619.82;2162.43,624;2159.64,626.79;2153.02,627.14;2153.02,630.98;2146.04,636.56;2141.51,637.95;2139.16,632.47;2121.35,634.7;2107.5,647.15;2110.15,708.96;2111.64,711.19;2121.67,730.28;2149.52,803.4;2153.89,841.99;2185.8,857.32;2201.09,828.7;2207.09,815.4;2216.98,788.75;2228.74,784.1;2266.27,784.22;2288.12,757.25;2299.05,737.11;2298.52,717.57;2310.32,672.71;2309.47,662.49;2314.71,647.15;2320.28,619.94;2318.42,598.29;2370.73,552.41;2384.06,572.23;2395.12,573.19;2400.41,564.05;2408.1,564.05;2416.62,572.79;2430.17,590.73;2441.22,594.09;2452.03,592.93;2455.64,587.84;2455.64,572.93;2460.45,547.46;2471.02,536.88;2473.81,529.42;2478.23,519.1;2492.36,504;2504.32,495.61;2520.13,493.76;2529.75,504.75;2530.99,521.25;2522.16,531.53;2509.18,559.9;2506.3,577.68;2507.72,591.89;2513.03,611.33;2526.88,624.4;2529.24,626.05;2504.77,737.11;2494.59,744;2482.62,757.89;2473.97,755.01;2457.15,755.01;2438.42,757.24;2416.01,785.76;2422.65,841.16;2427.04,862.4;2427.8,885.28;2415.38,901.51;2414.83,919.94;2407.1,931.59;2390.75,947.83;2366.21,944.03;2337.64,950.91;2327.88,953.08;2321.36,949.82;2315.58,938.25;2301.83,929.93;2297.13,922.33;2292,923.69;2290.62,928.84;2290.55,955.23;2282.6,971.14;2286.21,990.31;2262.34,1020.69;2238.83,1026.12;2236.66,1042.75;2231.96,1052.16;2228.35,1063.01;2230.88,1076.03;2233.41,1085.34;2238.29,1091.78;2257.67,1080.61;2287.7,1074.14;2312.37,1053.97;2328.49,1022.11;2371.76,1008.89;2392.62,995.48;2410.31,991.95;2427.13,995.04;2447.69,994.59;2471.26,1001.15;2481.21,1014.58;2500.66,1019.54;2511.56,1015.37;2521.78,1016.39;2530.71,1018.69;2555.92,1019.75;2558.19,1018.04;2578.06,1023.12;2594.31,1009.49;2592.96,1005.77;2584.12,1001.89;2580.16,990.29;2584.63,974.05;2614.82,936.66;2620.33,926.08;2617.09,918.66;2604.78,916.67;2563.58,927.04;2537.57,923.28;2513.64,909.8;2508.41,887.58;2516.06,857.09;2558.64,833.43;2564.89,833.23;2574.36,819.09;2573.89,811.59;2563.79,795.86;2558.73,773.07;2566.32,757.71;2584.7,752.49;2624.72,711.92;2638.28,659.39;2626.52,619.53;2603.65,594.7;2610.18,577.06;2626.52,571.17;2643.48,571.56;2662.31,562.31;2679.25,546.09;2690.36,523.22;2680.76,504.69;2692.16,480.64;2688.31,457.59;2706.9,429.05;2723.59,428.48;2730.5,430.78;2739.23,432.82;2746.94,425.94;2746.92,418.57;2757.86,392.68;2779.73,357.57;2786.63,351.82;2799.29,326.5;2806.07,319.44;2805.05,305.78;2836.7,207.37;2839.2,201.31;2879.62,173;2888.41,151.02;2888.36,136.47;2883.52,128.56;2878.15,118.8;2838.6,76.81;2827.86,72.41;2808.89,55.73;2772.37,38.17;2752.24,38.39;2743.67,51.65;2753.01,102.26;2746.44,114.39;2739.86,130.07;2729.75,159.4;2724.66,169.22;2723.3,195.7;2719.26,204.8;2710.5,210.02;2691.79,210.02;2676.62,201.92;2664.32,191.19;2659.51,181.38;2622.07,174.57;2574.47,167.95;2556.56,178.17
634	220040000	0	14	69144	320,390;2061.02,134.66;2043.55,131.01;2043.55,125.54;2036.51,112.24;2033.13,103.11;2040.69,80.17;2051.11,82;2058.67,85.39;2068.32,80.69;2081.36,80.96;2090.22,91.9;2094.91,103.38;2095.95,128.14;2087.61,131.27;2080.31,141.44;2073.53,142.22;2066.76,133.36
635	220040000	0	10	69146	300,800;1836.97,2233.36;1850.41,2203.61;1872,2199.29;1894.08,2199.77;1922.87,2211.28;1925.75,2239.6;1908.96,2266.47;1880.64,2285.67;1865.29,2300.07;1844.65,2278.95;1832.65,2251.12
636	220040000	0	14	69148	1,451;1371.03,1230.19;1373.58,1258.33;1361.28,1292.02;1355.93,1308.59;1365.02,1363.13;1355.93,1396.28;1363.42,1416.6;1385.34,1438.52;1400.31,1458.83;1407.26,1486.64;1404.05,1504.28;1396.33,1525.64;1400.61,1537.4;1444.45,1574.83;1506.47,1595.68;1544.43,1621.34;1572.77,1624.55;1597.11,1608.19;1608.88,1589.48;1606.2,1567.02;1634.54,1557.4;1643.1,1542.96;1645.77,1527.46;1654.58,1518.89;1679.7,1515.68;1702.16,1501.78;1713.39,1484.67;1716.06,1459.01;1711.25,1407.14;1708.04,1391.1;1712.32,1364.9;1720.23,1348.04;1736.27,1338.42;1741.61,1309.55;1751.24,1303.67;1757.12,1280.14;1763.53,1248.59;1767.28,1222.4;1777.97,1221.33;1799.36,1219.19;1814.33,1207.43;1849.26,1180.87;1859.95,1163.76;1846.05,1091.04;1817.71,1061.64;1792.21,1045.93;1782.27,1050.9;1765.94,1117.78;1748.15,1122.02;1747.67,1135.42;1736.44,1149.86;1723.61,1151.46;1701.15,1145.04;1689.23,1136.44;1611.64,1115.25;1609.68,1094.6;1600.34,1075.92;1546.26,1071.99;1528.41,959.87;1510.71,907.76;1469.91,890.06;1461.55,890.06;1403.04,920.05;1375.3,927.85;1329.58,956.37;1288.77,983.41;1289.75,1017.82;1270.75,1070.18;1250.8,1166.49;1250.82,1212.86;1271.95,1264.27;1281.62,1268.46;1330.93,1256.84;1345.6,1228.11
637	220040000	0	14	69150	401,601;2796.99,552.83;2735.61,602.11;2700.53,603.72;2686.39,643.32;2624.55,709.42;2583.65,750.99;2564.51,755.61;2557.25,772.1;2563.19,797.83;2567.25,803.94;2574,813.52;2573.24,819.11;2564.04,830.96;2558.55,830.94;2512.48,854.99;2506.95,886.79;2513.21,911.29;2537.05,925.53;2565.33,929.06;2606.05,919.44;2614.88,920.66;2618.17,926.5;2610.51,939.58;2584.4,970.87;2579.78,988.02;2580.44,997.92;2570.74,1008.54;2587.64,1022.08;2603.54,1011.77;2624.79,1010.06;2637.57,992.58;2646.61,964.62;2669.01,941.62;2696.74,935.11;2732.52,934.8;2759.32,927.88;2779.94,911.1;2791.94,914.06;2797.97,922.18;2789.25,965.11;2788.05,989.24;2777.25,1013.33;2775,1031.14;2779.89,1052.67;2789.78,1063.45;2797.5,1073.28;2822.14,1086.35;2842.27,1084.01;2845.6,1091.41;2845.21,1120.32;2835.63,1123.78;2804.74,1132.09;2750.13,1147.12;2739.01,1163.25;2738.92,1182.34;2743.77,1196.13;2754.77,1203.14;2776.2,1212.23;2781.11,1222.76;2805.06,1277.16;2814.27,1286.74;2818.31,1301.06;2816.37,1337.93;2807.14,1355.62;2787.76,1367.5;2774.56,1380.7;2753.33,1443.71;2729.74,1469.82;2744.43,1499.85;2815.25,1528.96;2849.55,1528.47;2910.91,1517.8;2915.35,1496.47;2918.65,1478.66;2912.06,1462.82;2917.33,1439.73;2930.53,1425.87;2948.34,1394.86;3008.84,1300.35;3022.04,1254.82;3022.39,1233.72;3018.87,1131.76;3019.26,1090.35;3011.45,1084.89;3010.67,1046.21;3014.78,1002.78;3027.68,983.17;3033.28,967.5;3022.08,955.93;3000.04,893.88;3034.46,856;3032.5,814.58;3031.27,765.6;2996.14,673.33;2999.09,640.43;2999.51,602.74;2968.1,566.32;2918.54,539.81;2875.59,532.31
638	220040000	1	8	72325	231.61,246.73;287.58,268.06;300.12,290.24;305.27,287.26;310.17,296.46;319.17,291.29;313.89,282.61;319.21,279.51;306.66,257.18
639	220040000	1	8	72326	231.61,242.42;455.13,289.15;441.16,298.44;440,296.39;434.74,299.8;431.48,294.84;436.36,291.16;435.12,289.34;449,279.88
640	220040000	1	8	72327	368.58,397.65;2045.31,137.96;2041.46,132.62;2041.12,124.5;2031.38,106.23;2039.9,81;2057.15,82.76;2068.31,76.27;2083.8,74.31;2102,103.66;2102.61,124.77;2084.68,139.1;2073.25,140.33;2062.23,136.81;2057.56,142.35
641	220040000	1	8	72328	392.96,433.76;1984.27,1360.17;2059.09,1315.91;2092.88,1375.54;2022.31,1420.56
642	220040000	1	8	72329	162.76,187.74;1454.75,1122.44;1453.04,1164.19;1507.79,1165.56;1508.47,1119.7;1455.09,1122.78
643	220040000	1	8	72330	347.93,383.44;2071.75,992.47;2075.52,938.14;2030.67,928.35;2025.32,955.73;2011.92,966.65;2015.15,983.16;2034.88,1002.34
644	220040000	1	8	72331	600.49,700.49;1883.88,2238.59;1876.7,2239.92;1875.37,2244.64;1870.65,2247.87;1864.32,2246.9;1859.97,2244.16;1859.16,2239.32;1860.94,2234.32;1866.1,2230.32;1872.47,2231.33;1875.94,2235.36;1883.15,2234.07
645	220040000	1	8	72332	231.61,239.86;448.62,345.92;447.09,342.59;443.57,340.94;445.24,336.18;448.98,337.2;452.57,335.41;462.1,339.03;458.36,349.25
646	220040000	1	8	72333	239.64,245.34;232.64,369.73;229.38,360.97;242.43,356.51;245.56,365.42
647	220040000	1	8	72334	311.61,340.49;158.7,1517.24;107.8,1535.11;85.52,1505.66;94.58,1480.75;108.7,1471.21;123.54,1479.16;149.97,1473.56
648	220040000	1	8	72335	356.42,377.5;2010.3,1112.42;2002.82,1120.72;2006.04,1132.05;2019.49,1143.73;2044.01,1135.77;2044.3,1096.01;2010.13,1091.24
649	220040000	1	8	72336	126.8,167.96;1421.21,1057.43;1346.96,1060.16;1338.74,911.99;1439.35,909.6;1421.21,1056.74
650	220040000	1	8	72337	234.33,243.55;377.98,255.04;384.15,240.07;397,245.43;391.3,260.34
651	220040000	1	8	72338	375.62,407.35;1880.32,1331.38;1911.23,1315.56;1898.94,1298.67;1900.35,1287.32;1891.06,1279.92;1873.24,1277.8;1857.63,1298.84
652	220040000	1	8	72339	231.51,243.75;308.8,460.05;310.98,443.47;313.43,443.95;314.19,437.73;320.09,438.45;319.64,444.53;321.97,444.72;320.01,461.55
653	220040000	1	8	72340	237.1,244.88;259.06,414.1;256.02,411.41;254.57,413.16;249.45,408.65;247.44,406.98;255.52,397.68;257.29,399.25;260.51,395.46;261.43,395.15;265.07,398.31;264.97,399.45;261.78,403.1;262.71,403.9;259.91,406.91;263.02,409.62
654	220050000	0	7	69152	1,401;969.92,2226.2;959.04,2234.8;958.16,2253.23;962.37,2269.39;989.23,2277.81;997.75,2269.85;1001.78,2265.38;1017.06,2259.72;1026.73,2254.69;1025.88,2238.93;1005.8,2220.57;992.54,2216.66
655	220050000	0	20	69154	1,451;122.25,2545.19;118.04,2565.15;117.55,2586.16;103.88,2600.81;83.85,2615.95;65.29,2614.49;46.67,2636.82;33.97,2678.82;22.74,2689.08;22.74,2703.73;37.39,2727.67;51.07,2740.86;52.53,2760.88;48.62,2774.56;39.34,2781.4;37.88,2791.17;25.67,2804.36;27.62,2817.54;49.11,2824.38;53.02,2851.25;61.45,2870.1;81.47,2879.87;91.73,2904.29;96.13,2944.83;105.9,2951.18;119.57,2946.3;144.48,2931.15;157.85,2921.31;167.18,2921.14;209.45,2963.88;216.29,2997.09;236.8,3034.71;256.17,3047.46;285.97,3041.11;313.81,3039.16;328.95,3032.81;351.91,3037.69;394.41,3003.99;417.03,3009.6;431.68,3000.81;433.15,2981.76;446.83,2974.92;464.9,2970.53;504.46,2988.11;525.47,2991.53;541.59,3012.53;571.38,3011.07;601.36,3012.78;622.85,3021.57;639.46,3020.59;658.51,3006.92;679.51,3014.24;708.82,3045.99;733.93,3047.12;763.24,3024.65;790.97,3032.76;806.6,3018.11;825.65,3014.2;848.6,3029.83;875.47,3037.16;906.73,3015.18;925.29,3010.78;943.85,3018.11;968.08,3020.01;972.67,3015.41;969.95,2998.32;952.44,2975.97;959.41,2951.83;937.09,2937.36;946.14,2923.35;942.78,2909.63;937.54,2896.52;980.34,2841.75;1001.88,2839.31;1008.89,2826.85;1009.3,2818.14;1004.87,2796.82;1006.84,2786.09;1001.49,2773.43;995.78,2765.76;1008.81,2752.58;1017.26,2709.75;1018.86,2680.04;1006.36,2632.73;1006.33,2602.45;992.62,2590.87;977.83,2581.93;962.74,2584.77;956.7,2596.47;945.74,2603.09;927.88,2607.32;919.58,2626.96;906.82,2649.19;887.2,2663.91;880.18,2678.8;878.01,2686.51;862.65,2696.72;845.91,2699.11;832.87,2690.16;816.93,2701.72;804.65,2724.1;787.86,2740.43;781.09,2730.47;764.75,2720.11;749.61,2721.7;729.69,2710.55;721.33,2700.59;726.11,2675.89;721.33,2664.33;706.99,2651.19;687.46,2658.76;655.59,2644.26;645.29,2625.85;642.54,2585.72;633.96,2569.18;641.3,2555.94;652.82,2551.24;633.96,2526.6;625.68,2502.72;604.21,2483.96;587.63,2485.06;572.97,2497.74;554.91,2499.68;521.43,2538.56;494.59,2582.17;459.98,2632.72;442.51,2654.99;407.62,2652.97;401.65,2627.33;386.47,2606.7;384.33,2598.07;377.48,2586.68;365.14,2566.91;350.95,2540.76;333.07,2516.79;317.97,2490.84;274.77,2499.26;235.67,2500.4;218.12,2518.7;195.68,2550.37;182.63,2559.64;149.17,2560.15
656	220050000	0	10	69156	1,401;218.59,45.34;192.33,66.81;177.37,100.26;189.59,136.14;215.1,157.13;251.57,169.11;310.38,166.46;345.48,145.64;371.7,118.41;367.2,82.21;335.69,69.1;306.66,44.61;265.78,34.76
657	220050000	0	9	69158	1,401;1260.7,1058.84;1249.92,1071.14;1251.32,1094.66;1269.54,1113.86;1269.84,1112.88;1291.27,1100.87;1298.9,1089.72;1299.3,1080.02;1281.45,1058.59
658	220050000	0	18	69160	1,401;1446.44,668.09;1493.44,844.19;1558.3,1081.75;1556.77,1264.02;1524.16,1289.06;1630.37,1432.31;1698.05,1472.34;1965.11,1561.01;2062.14,1439.78;2139.94,1384.17;2152.69,1319.92;2172.35,1217.49;2201.67,1128.4;2198.87,1062.47;2227.74,991;2213.59,816.94;2192.25,772.26;2194.25,673.31;2163.29,648.96;2116.83,621.87;2110.47,565.51;2078,526.45;2003.22,517.14;1920.2,505.23;1885.95,495.27;1872.91,498.94;1863.34,496.34;1854.83,483.59;1837.57,485.02;1833.57,497.2;1777.37,544.24;1767.29,538.84;1757.21,540.64;1734.17,536.68;1708.97,525.52;1705.01,511.12;1706.45,498.52;1696.37,487.72;1689.89,473.68;1690.97,454.96;1630.73,429.98;1594.54,448.36;1582.29,480.65;1544.24,487.75;1521.42,500;1511.95,521.15;1496.84,537.17;1469.56,540.51;1470.11,551.65;1484.59,564.46;1485.15,587.84;1482.36,603.43;1489.6,610.11;1489.6,637.96;1471.23,660.23
659	220050000	0	14	69162	1,401;968.34,1342.06;950.52,1329.55;935.57,1331.51;917.87,1329.94;896.62,1331.51;892.69,1338.6;894.66,1347.64;898.98,1354.33;904.49,1358.27;918.65,1352.76;936.36,1349.22;938.72,1356.69;941.47,1364.56;952.31,1379.5;958,1401.94;950.52,1418.86;936.36,1434.2;936.49,1441.95;929.09,1476.77;913.75,1512.93;916.89,1525.55;925.15,1534.21;933.78,1540.61;939.25,1531.06;963.31,1524.68;977.54,1532.01;997.65,1554.75;1015.99,1564.01;1017.56,1564.16;1016.85,1586.45;1047.88,1664.64;1048.24,1692.86;1040,1701.43;1042.64,1740.98;1066.36,1760.72;1066.34,1785;1077.22,1821.26;1094.7,1826.97;1098,1819.06;1104.92,1807.86;1115.79,1806.21;1158.87,1805.35;1205.36,1798.5;1229.04,1822.77;1232.15,1828.76;1342.96,1817.17;1402.54,1810.35;1520.01,1924.45;1531.97,1933.21;1712.17,1996.51;1767.74,2021.25;1768.36,2035.54;1786.08,2037.26;1791.96,2042.88;1798.65,2062.41;1803.23,2072.13;1819.23,2073.27;1826.66,2063.55;1839.81,2044.12;1833.52,2018.39;1816.37,2009.82;1818.66,1977.24;1833.52,1946.37;1861.53,1913.21;1867.03,1902.41;1866.84,1888.08;1867.55,1882.02;1880.02,1875.26;1889.63,1865.29;1893.55,1842.86;1898.53,1839.65;1902.09,1840.72;1906.36,1855.32;1913.48,1863.51;1945.88,1866.09;1949.09,1860.3;1946.16,1830.38;1958.87,1734.17;1935.25,1589.27;1920.38,1541.29;1699.98,1468.21;1633.96,1429.24;1528.04,1286.42;1463.15,1270.51;1201.24,1259.34;1180.88,1267.85;1129.12,1283.52;1109.55,1287.12
660	220050000	0	14	69164	1,401;952.34,2348.2;928.53,2608.87;947,2605.32;958.72,2598.22;963.99,2587.14;977.4,2584.92;991.11,2593.15;1004.52,2605.53;1004.59,2632.89;1011.29,2655.9;1011.29,2655.9;1016.8,2679.29;1015.08,2707.5;1011.6,2721.12;1006.14,2752.12;993.06,2766.34;999.61,2774.14;1004.77,2785.84;1003.39,2797.19;1007.52,2817.15;1006.83,2826.78;1000.98,2836.76;978.69,2839.53;934.79,2895.67;941.28,2910.08;943.88,2922.14;934.68,2937.24;956.56,2952.15;949.93,2975.97;965.7,2997.04;1036.43,3021.7;1087.65,3024.49;1126.06,2974.54;1126.71,2964.56;1123.17,2955.87;1131.21,2944.28;1140.87,2939.45;1155.04,2926.26;1173.39,2914.02;1174.35,2890.52;1166.63,2886.01;1163.73,2870.24;1173.5,2856.86;1173.43,2831.39;1196.04,2818.76;1228.5,2831.8;1277.51,2888.81;1280.51,2918.01;1272,2950.01;1262.75,2968.27;1241.49,2974.02;1235.29,2983.41;1252.04,2995.16;1281.67,3001.4;1330.4,3010.37;1351.9,3020.37;1382.83,3011.48;1421.09,3004.23;1493.1,2959.63;1512.01,2955.44;1517.54,2813.81;1502.2,2803.48;1487.45,2802.73;1478.44,2782.48;1471.69,2770.47;1476.14,2721.67;1489.16,2716.31;1510.12,2695.21;1531.95,2665.07;1522,2566.62;1513.25,2558.62;1511.91,2550.26;1510.25,2532.11;1524.62,2507.95;1545.24,2481.91;1526.72,2473.28;1513.9,2469.07;1506.48,2460.21;1485,2444.4;1414.44,2385.33;1389.48,2387.3;1376.09,2387.61;1368.28,2398.53;1364.83,2402.92;1361.74,2404.14;1337.19,2410.31;1333.35,2396.47;1329.01,2384.82;1320.1,2374.08;1320.1,2364.94;1324.22,2358.77;1330.39,2357.47;1341.05,2358.13;1346.92,2353.18;1358.85,2336.27;1364.33,2308.3;1364.35,2276.02;1360.18,2261.41;1347.11,2248.58;1295.45,2247.64;1281.16,2225.6;1271.64,2211.19;1257.8,2180.91;1253.75,2167.75;1227.81,2166.35;1202.39,2181.5;1188.38,2184.55;1158.68,2197.81;1145.13,2204.15;1082.76,2214.94;1071.17,2238.36;1064.39,2262.64;1066.49,2285.44;1061.9,2306.92;1053.52,2322.06;1036.43,2332.19;1013.08,2337.67;978.85,2337.33
661	220050000	0	10	69166	1,401;1721.69,723.93;1671.97,761.44;1623.4,807.46;1607.83,887.49;1617.24,977.16;1649.08,1040.15;1692.57,1077.12;1742.34,1095.38;1773.84,1108.91;1817.47,1103.44;1862.09,1083.85;1893.57,1066.51;1924.65,1041.95;1975.48,977.27;1987.75,923.79;1974.87,807.87;1937.56,751.65;1866.06,701.26;1800.27,699.16
662	220050000	0	18	69819	1,401;2369.92,1293.55;2395.77,1290.67;2409.45,1278.17;2430.73,1282.68;2451.3,1287.09;2488.93,1317.3;2511.46,1338.02;2482.04,1414.64;2458.17,1441.28;2448.45,1445.45;2387.09,1473.33;2307.94,1516.92;2303.38,1512.1;2280.65,1495.04;2273.83,1470.59;2286.7,1457.19;2287.71,1444.62;2282.74,1435.44;2283.52,1425.87;2298.23,1389.23;2322.1,1371.47;2322.93,1349.82;2325.71,1335.66;2338.2,1312.9;2351.71,1301.52;2362.56,1296.48
663	220050000	0	16	69168	1,401;2854.54,2450.68;2830.53,2506.99;2836.42,2511.78;2848.2,2515.09;2862.56,2509.57;2868.82,2518.78;2895.05,2524.43;2903.79,2521.05;2929.33,2522.66;2932.52,2527.58;2930.23,2534.59;2945.76,2547.98;2967.48,2569.33;3005.4,2570.07;3049.2,2483.92;3060.67,2472.2;3059.57,2462.35;3061.76,2457.42;3062.31,2446.46;3060.67,2436.06;3054.1,2432.23;3044.24,2430.03;3034.93,2439.34;3028.91,2465.08;3023.06,2463.36;3010.95,2459.63;2994.49,2456.02;2991.4,2439.04;2993.71,2426.46;2980.98,2416.64;2972.1,2413.94;2965.53,2406.22;2960.51,2381.12;2934.25,2374.37;2916.88,2382.67;2903.76,2382.28;2885.37,2394.32;2877.89,2408.16;2876.84,2425.32;2869.14,2433.72;2869.84,2439.33
664	220050000	0	16	69170	1,401;201.09,606.11;186.32,619.09;123.92,617.21;105.63,626.6;70.32,618.85;32.31,642.78;20.58,664.83;20.58,687.82;39.82,694.39;55.77,706.12;57.65,719.72;48.73,730.98;27.15,756.79;22.93,769.45;29.97,781.65;36.63,801;33.35,840.41;41.8,878.88;43.2,908.91;37.57,921.11;51.65,944.56;72.76,945.03;83.55,932.84;96.22,927.67;108.42,932.84;123.43,934.24;136.57,952.07;133.75,967.55;119.21,978.81;88.55,985.1;74.86,1003.84;51.08,1035.65;46.57,1055.05;56.12,1078.79;79.18,1093.2;103.69,1082.39;120.98,1078.79;137.56,1092.48;146.2,1111.22;124.58,1140.05;105.13,1147.25;83.51,1137.16;60.45,1132.84;37.38,1131.4;32.34,1185.45;16.48,1203.46;17.21,1225.08;33.78,1239.5;46.75,1251.75;47.47,1274.81;48.91,1311.56;42.43,1341.11;24.84,1353.35;12.59,1382.9;14.03,1409.56;43.58,1431.18;70.96,1437.67;90.42,1452.8;111.32,1475.14;109.88,1499.65;70.22,1520.41;49.06,1550.2;41.16,1583.35;38.53,1623.87;43.27,1661.75;66.42,1675.43;97.47,1674.38;126.93,1659.65;155.87,1631.76;170.61,1625.97;199.02,1624.39;238.72,1641.23;311.8,1642.92;382.63,1650.79;450.94,1639.7;463.87,1624.53;479.61,1620.03;489.73,1638.58;503.23,1642.07;511.31,1646.41;567.86,1648.7;591.41,1637.8;599.26,1611.62;592.72,1600.71;577.88,1601.15;574.82,1590.67;580.06,1578.46;590.5,1566.05;587.77,1547.43;604.13,1534.25;604.58,1526.98;570.05,1496.08;525.98,1478.37;523.26,1467.92;535.98,1452.92;532.58,1438.42;524.85,1425.25;510.77,1423.43;469.88,1431.15;465.28,1418.62;471.32,1402.58;483.13,1383.04;498.14,1343.19;497.3,1320.18;512.37,1301.77;514.46,1274.99;510.69,1257.31;509.86,1241.19;538.56,1192.56;539.95,1177.99;545.06,1162.68;550.47,1137.68;552.22,1107.6;552.01,1080.82;548.6,1075.47;542.56,1071.77;539.66,1064.47;541.24,1044.46;536.89,1026.03;524.07,977.06;533.45,971.43;537.03,963.99;534,950.98;528.28,943.32;523.94,941.41;512.16,948.45;499.77,960.27;468.92,957.62;443.97,957.87;435.02,943.39;433.61,924;377.99,882.23;377.79,877.86;370.66,867.38;364.49,861.28;362.23,847.08;359.36,800.12;359.37,779.62;366.47,767.66;373.83,757.77;399.95,736.48;410.78,735.61;417.48,710.08;404.83,702.45;404.35,694.52;401.75,690.02;398.79,687.22;392.64,686.8;384.97,693.7;378.07,686.42;367.05,679.43;357.24,678.03;350.27,660.72;343,661.61;335.15,666.88;324.06,670.38;317.28,669.4;310.94,665.71;305.4,660.76;287.6,654.05;280.31,652.88;265.15,653.46;261.65,648.51;261.96,640.45;248.25,626.74;234.84,614.2;216.75,604.28
665	220050000	0	10	69172	1,401;1229.52,1826.01;1228.38,1833.89;1241.67,1850.16;1243.6,1861.22;1242.56,1871.9;1239.22,1871.63;1232.35,1895.67;1237.07,1919.59;1240.24,1944.92;1244.41,1967.53;1249.98,1970.57;1249.95,1975.01;1238.76,1984.11;1219.61,1991.82;1203.89,2006.7;1237.49,2068.82;1333.02,2132.78;1418.79,2138.67;1454.97,2144.85;1480.93,2123.72;1534.06,2042.82;1526.81,1926.31;1404.26,1807.37
666	220050000	0	16	69174	1,401;1514.18,2812.01;1508.82,2955.62;1531.86,2961.89;1559.74,2946.47;1578.1,2928.76;1592.86,2915.97;1604.34,2914.66;1616.15,2918.6;1621.72,2934.67;1622.07,2985.71;1638.13,3008.24;1654.12,3011.93;1693.03,3012.25;1710.53,3006.36;1720.04,3008.98;1725.45,3014.81;1732.58,3015.4;1727.09,2994.15;1730.37,2973.49;1745.12,2956.11;1762.18,2945.28;1778.73,2942.68;1793.49,2936.12;1803,2930.87;1816.12,2932.18;1825.31,2940.71;1839.08,2946.61;1850.56,2953.5;1853.54,2964.61;1858.33,2968.64;1859.32,2983.73;1861.61,2996.19;1870.98,3005.51;1884.42,3013.38;1901.15,3025.84;1923.12,3030.94;1944.5,3031.76;1965.76,3036.52;1987.4,3033.56;2007.73,3028.64;2031.69,3029.28;2145.25,3040.8;2188.57,3025.83;2256.51,2891.32;2261.28,2881.98;2261.77,2875.57;2262.35,2863.9;2268.48,2853.69;2283.05,2811.36;2275.68,2783.45;2261.39,2768.28;2239.8,2754.86;2209.17,2757.78;2203.3,2736.83;2181.74,2723.06;2149.94,2730.06;2098.11,2745.97;2088.48,2754.72;2064.65,2751.71;2053.11,2763.69;2052.53,2772.73;2036.49,2788.78;2027.15,2790.96;1957.97,2762.89;1934.73,2755.75;1867.73,2742.55;1804,2727.32;1739.07,2694.27;1694.04,2694.63;1636.62,2723.05;1614.6,2760.01;1585.95,2771.86;1563.74,2789.93;1543.61,2808.6
667	220050000	0	10	69176	1,401;399.6,735.83;383.09,749.16;373.48,757.35;365.85,767.47;358.96,779.64;358.93,800.11;361.43,847.92;363.68,861.73;369.86,867.41;377.02,878.27;376.13,884.59;433.34,926.7;433.31,943.6;442.98,959.04;492.82,960.49;526.71,942.92;529.7,932.37;550.84,909.44;579.16,894.32;593.51,843.55;549.37,813.07;510.93,794.89;488.58,769.75;467.12,751.54;456.71,743.17;431.62,734.24
668	220050000	0	12	69178	1,401;932.68,1537.56;939.01,1556.38;932.72,1565.54;917.86,1574.78;906.61,1575.58;897.77,1590.05;852.15,1624.36;802.7,1670.41;780.63,1705.71;786.66,1735.44;765.11,1774.26;758.94,1794.9;766.4,1820.89;786.38,1831.03;786.76,1856.36;801.82,1887.16;845.92,1922.31;859.84,1962.01;868.09,2024.9;854.05,2044.88;827.79,2047.51;815.25,2065.65;823.41,2097.84;821.9,2113.67;833.97,2129.41;834.27,2144.04;856.42,2188.9;878.67,2199.64;885.33,2216.23;907.52,2226.74;913.1,2216.27;921.8,2220.08;927.24,2232.72;926.74,2247.31;923.82,2276.35;921.97,2291.17;918.65,2298.38;910.15,2303.01;949.91,2353.13;1012.51,2354.87;1032.1,2346.48;1059.49,2333.27;1077.29,2307.41;1081.99,2279.17;1076.84,2245.8;1091.43,2230.29;1119.17,2222.3;1164.02,2211.17;1191.07,2204.93;1205.74,2193.65;1214.17,2189.56;1231.31,2177.21;1244.5,2180.28;1263.99,2218.06;1273.98,2240.45;1289.29,2260.48;1321.78,2259.81;1344.2,2264.8;1352.88,2274.53;1350.52,2319.12;1343.65,2340.26;1327.64,2343.7;1315.99,2348.5;1305.94,2356.72;1306.63,2364.49;1310.05,2376.36;1315.76,2388.01;1320.1,2397.38;1324.44,2409.94;1326.04,2413.83;1365.61,2403.53;1376.19,2388.31;1388.98,2387.94;1413.37,2386.61;1484.43,2445.13;1505.66,2460.41;1513.32,2469.87;1526.11,2474.46;1544.29,2482.95;1567.02,2481.72;1587.4,2462.73;1602.41,2449.12;1616.06,2432.7;1624.88,2413.83;1634.16,2389.14;1642.34,2371.88;1662.84,2344.66;1693.66,2337.97;1712.96,2342.55;1732.38,2340.81;1753.84,2268.16;1739.37,2264.38;1729.07,2265.94;1721.48,2260.11;1719.35,2249.61;1713.9,2244.36;1713.32,2233.86;1718.57,2224.73;1725.54,2205.61;1725.35,2192;1729.43,2172.18;1737.01,2168.68;1750.55,2154.87;1752.34,2135.13;1733.47,2118.25;1730.49,2097.89;1748.61,2087.21;1761.7,2072.02;1762.95,2060.35;1763.87,2016.03;1711.85,1991.35;1555.84,1936.32;1533.29,1924.12;1522.21,1927.54;1529.27,2040.76;1477.61,2121.52;1453.46,2141.43;1420.06,2135.85;1335.81,2131;1242.38,2067.35;1208.56,2004.27;1220.17,1993.18;1239.53,1984.84;1252.02,1976.2;1252.22,1969.76;1246.09,1965.4;1242,1944.05;1238.74,1919.39;1235.66,1895.76;1243.38,1871.2;1244.46,1861.98;1242.27,1849.54;1229.46,1833.45;1231.37,1821.07;1205.84,1795.49;1157.03,1802.34;1114.72,1803.27;1103.94,1805.08;1096.65,1816.47;1093.73,1824.18;1078.56,1818.85;1067.86,1783.6;1068.36,1782.22;1068.19,1758.34;1045.09,1740.09;1043.84,1721.22;1042.58,1700.99;1050.23,1692.4;1050.02,1662.74;1018.98,1584.56;1019.29,1562.34;998.65,1552.17;978.74,1528.6;963.3,1522.62;938.89,1529.04
669	220050000	0	10	69820	200,300;1518.11,363.64;1513.01,381.3;1533.86,399.38;1552.8,393.21;1551.31,372.57;1536.41,363.85
670	220050000	0	13	69180	1,451;57.09,1031.84;52.25,1037.75;48.49,1054.41;57.9,1074.56;76.97,1085.58;96.86,1080.2;114.82,1071.18;76.17,1011.15
671	220050000	0	20	69182	1,401;2280.41,1587.5;2251.79,1617.41;2248.99,1632.23;2237.76,1641.05;2208.27,1628.56;2192.64,1627.36;2178.22,1624.95;2168.2,1617.34;2166.99,1599.3;2165.39,1576.86;2155.77,1568.85;2139.96,1567.39;2130.42,1574.19;2113.25,1583.06;2099.22,1597.48;2087.6,1597.88;2079.18,1590.67;2069.16,1588.67;2057.75,1594.11;2041.5,1624.22;2041.19,1638.53;2041.5,1650.35;2029.06,1685.18;2030.67,1696.92;2041.55,1709.05;2051.23,1737.92;2044.08,1769.64;2046.8,1802.62;2053.49,1813.42;2055.55,1827.31;2054.26,1835.53;2052.98,1840.42;2048.86,1843.76;2044.49,1847.11;2036.78,1848.39;2027.81,1854.2;2008.9,1862.47;2003.39,1878.22;2008.51,1891.22;2008.51,1904.61;2002.6,1916.04;1993.15,1916.82;1983.69,1918;1972.27,1918;1965.37,1934.71;1974.03,1947.31;1968.52,1979.61;1959.93,1993.32;1943.38,1994.18;1939.05,2002.06;1937.08,2018.6;1929.99,2021.75;1914.63,2028.06;1904,2041.05;1900.06,2056.42;1885.88,2067.05;1880.76,2095.8;1866,2118.85;1858.12,2129.87;1823.86,2129.48;1808.89,2144.84;1795.5,2153.11;1790.23,2161.17;1782.03,2175.34;1781.63,2189.52;1771.31,2201.03;1729.82,2344.31;1728.05,2379.29;1729.42,2399.56;1747.28,2412.65;1749.07,2428.13;1752.64,2433.48;1753.23,2445.99;1750.26,2457.89;1741.92,2468.01;1737.99,2470.82;1738.45,2483.88;1747.99,2492.55;1757.53,2505.13;1754.49,2519.88;1736.74,2542.34;1729.34,2563.25;1744.52,2568.45;1758.83,2578.86;1761.87,2595.34;1757.96,2608.35;1761,2623.1;1826.42,2644.28;1842.7,2660.95;1864.16,2681.01;1880.19,2690.53;1890.48,2695.58;1916.97,2696.96;1927.43,2702.33;1973.87,2701.3;1986.94,2689.26;1994.16,2691.67;2008.34,2689.35;2018.31,2676.63;2033.79,2665.62;2035.51,2652.9;2032.81,2638.7;2034.88,2626.32;2043.48,2620.82;2051.04,2602.93;2056.55,2596.05;2069.27,2596.74;2083.89,2594.58;2090.43,2589.76;2093.87,2577.04;2091.46,2552.96;2081.83,2546.08;2080.11,2536.45;2089.05,2524.41;2099.37,2513.41;2112.44,2508.93;2169.78,2474.87;2194.16,2473.17;2222.67,2458.68;2250.58,2448.68;2331.09,2396.89;2344.64,2389.04;2374.96,2365.06;2424.7,2320.24;2477.28,2271.38;2512.1,2213.19;2521.95,2154.94;2520.93,2100.99;2506.24,2021.43;2492.73,1998.2;2455.74,2012.66;2442.57,2000.12;2434.98,1993.03;2421.14,1983.22;2412.46,1978.48;2409.14,1974.58;2400.93,1952.85;2402.38,1945.38;2409.6,1932.91;2419.74,1891.24;2428.78,1860.4;2443.33,1840.95;2441.82,1825;2446.8,1823.4;2450.99,1821.95;2454.72,1818.92;2458.87,1810.68;2443.02,1796.85;2441.95,1786.47;2442.22,1777.15;2439.56,1771.03;2431.84,1761.98;2425.45,1761.18;2421.19,1758.52;2413.74,1758.25;2407.88,1720.45;2409.48,1718.05;2407.63,1713.23;2401.23,1706.07;2390.03,1703.99;2371.22,1663.87;2354.89,1652.98;2335.63,1650.89;2322.23,1636.23;2316.79,1623.67;2317.63,1610.69;2323.49,1603.99;2302.26,1577.89
672	220050000	0	16	69184	30,430;1828.76,2577.98;1821.47,2585.82;1817.97,2639.75;1830.72,2644.8;1844.16,2659.61;1866.15,2680.27;1881.51,2688.99;1891.01,2692.28;1913.12,2648.63;1915.07,2631.08;1915.54,2602.5;1908.97,2587.77;1895.9,2582.73;1889.55,2578.97;1846.34,2573.67
673	220050000	0	16	69186	1,401;912.83,2214.26;907.35,2223.83;903.48,2255.19;878.54,2278.75;852.82,2299.04;860.48,2314.91;847.34,2338.87;831.13,2341.58;826.95,2347.86;830.18,2368.65;813.84,2370.76;798,2377.41;773.36,2379.15;729.25,2410.9;716.87,2435.35;709.88,2432.49;701.63,2424.87;690.19,2428.37;682.57,2428.37;678.76,2421.7;661.61,2425.51;642.24,2430.91;637.48,2435.35;635.57,2461.29;642.67,2469.52;643.98,2484.29;654.83,2512.35;654.46,2526.75;661.19,2535.17;655.58,2548.82;648.85,2549.94;641.55,2553.31;632.72,2569.63;640.75,2586.13;643.43,2625.15;653.9,2644.77;687.89,2660.2;706.44,2653.93;719.27,2664.3;724.45,2675.76;720.36,2699.77;727.18,2710.41;749.01,2723.78;764.29,2721.38;780.11,2731.75;788.3,2742.12;806.85,2725.2;819.13,2702.55;833.13,2691.89;844.96,2699.99;863.13,2698.02;879.99,2687.73;889.27,2664.66;907.01,2651.96;920.8,2629.4;928.68,2609.26;932.41,2607.29;954.59,2349.56;954.39,2351.15;913.31,2302.5;919.56,2298.55;922.9,2291.31;927.72,2247.08;927.93,2231.97;922.9,2218.83
674	220050000	0	14	69188	200,450;287.61,1926.68;280.14,1953.94;281.41,1977.13;294.53,1999.93;313.8,2016.66;343.91,2021.21;375.12,2014.57;401.31,1979.13;410.39,1966.65;412.98,1943.75;408.16,1928.8;394.98,1914.91;368.31,1896.88;337.62,1892.6;314.58,1897.01;301.03,1906.95
675	220050000	0	18	69190	1,451;66.09,1673.06;43.81,1660.02;35.79,1689.02;33.3,1708.9;45.73,1730.77;62.13,1742.69;68.59,1765.56;101.89,1787.42;103.88,1802.34;91.95,1825.69;68.59,1834.14;58.65,1848.56;41.25,1864.96;42.25,1878.38;62.63,1902.23;86.98,1906.71;96.42,1918.64;97.42,1941;80.02,1956.91;68.59,1965.85;68.09,1976.29;88.97,1993.19;119,2001.68;137.59,2018.96;145.55,2039.83;143.56,2048.28;131.63,2064.69;115.03,2101.83;108.08,2142.09;97.1,2171.29;110.03,2196.64;105.06,2210.06;95.61,2221.99;67.28,2212.55;59.83,2204.1;45.41,2210.06;34.98,2239.88;20.56,2253.3;18.58,2283.12;30.5,2302.51;44.42,2304.99;59.83,2301.51;66.79,2306.98;74.74,2326.86;76.23,2347.24;83.19,2358.67;84.68,2395.45;79.21,2418.81;57.84,2427.75;41.44,2431.23;23.9,2455.55;23.4,2481.39;38.81,2509.72;64.65,2538.55;89.01,2544.52;148.51,2560.85;182.94,2560.92;196.58,2551.26;218.86,2519.63;236.91,2501.86;274.22,2501.07;317.47,2492.12;331.35,2517.04;350.22,2542.29;364.25,2567.14;383.05,2598.74;384.82,2606.75;400.75,2628.28;406.25,2653.91;443.05,2656;461.46,2633.03;496.25,2582.83;523.16,2539.46;547.51,2509.14;556.95,2500.69;574.35,2498.71;587.77,2486.78;603.67,2485.78;624.55,2503.18;632.5,2527.04;650.89,2550.89;655.82,2550.13;662.7,2535.4;655.33,2526.81;655.58,2511.83;645.27,2484.33;643.55,2469.11;636.67,2461.25;637.9,2437.69;641.58,2432.77;651.65,2430.81;677.18,2422.71;680.65,2431.49;689.07,2431.05;701.04,2426.62;708.57,2434.59;718.32,2438.14;730.73,2413.32;773.77,2380.91;798.92,2379.19;814.94,2373.04;831.78,2370.04;828.67,2347.96;832.17,2343.2;848.03,2340.35;861.68,2315.59;854.7,2299.4;876.61,2282.77;904.92,2255.68;907.98,2226.13;885.7,2215.22;880.25,2199.5;858.45,2187.76;835.99,2144.17;835.32,2129.07;824.25,2114.66;825.26,2098.22;818.55,2066.7;828.61,2050.27;854.09,2045.24;869.18,2024.45;862.61,1962.52;848.19,1921.61;804.58,1886.67;789.16,1856.49;787.81,1829.66;769.37,1820.27;761.32,1795.46;766.35,1776.01;788.18,1736.43;783.75,1709.4;801.92,1675.28;801.51,1670.61;765.61,1673.02;741.34,1665.24;732.27,1652.34;733.95,1633.91;725.35,1609.61;704.75,1593.75;695.38,1589.16;683.63,1574.2;671.35,1551.26;663.82,1525.29;646.76,1515.91;635.99,1517.74;619.5,1530.11;603.68,1528.88;603.22,1534.27;587.21,1547.05;589.84,1564.84;580.59,1577.19;574.3,1590.1;577.87,1601.28;592.31,1600.95;598.93,1610.98;591.52,1634.17;567.53,1645.25;511.24,1642.8;503.4,1638.36;490.8,1636.69;480.52,1617.77;463.15,1622.53;451.48,1636.22;381.88,1647.88;313.33,1639.59;239.4,1638.49;199.72,1621.28;170.05,1623.05;153.58,1629.37;125.7,1657.46;98.16,1671.73
676	220050000	0	12	69192	1,401;46.55,4.27;40.28,286.84;47.02,327.1;73.45,356.64;73.45,388.52;57.9,399.4;49.35,410.28;52.46,421.17;57.9,432.05;54.01,454.6;50.9,466.26;72.67,499.69;104.55,534.67;137.98,554.89;172.96,562.66;190.84,577.43;201.72,590.65;200.1,609.37;216.35,607.34;235.13,615.97;261.03,641.36;261.54,649.99;263.57,655.57;272.2,655.07;287.43,655.07;307.74,662.68;311.8,669.79;320.94,672.84;335.67,669.79;342.78,665.73;349.38,663.19;355.47,677.41;368.27,681.14;378.58,688.4;385.43,695.05;392.87,688.65;399.27,688.65;401.32,690.95;404.14,694.8;405.42,702.74;417.21,709.66;409.8,736.35;431.9,734.97;455.39,744;467.23,753.46;487.83,770.15;510.49,796.18;549.24,813.91;591.57,843.93;593.9,843.4;610.63,835.66;646.56,826.24;665.8,831.06;671.24,826.04;688.4,815.79;690.07,808.46;689.86,795.91;693.59,787.9;655.17,753.69;613.76,596.7;610.17,592.46;604.53,564.49;610.95,540.85;608.65,525.68;621.76,512.33;639.5,510.56;646.58,506.29;665.33,507.15;671.64,508.25;761.66,423.15;752.45,410.69;747.58,393.07;755.2,372.55;768.06,357.71;796.14,334.05;838.21,325.33;876.61,298.99;900.88,289.56;913.39,264.67;927.93,254.8;980.33,273.77;1011.92,244.09;1062.66,152.12;1060.86,5.62
677	220050000	0	10	69194	1,401;849.83,616.39;836.21,626.4;833.43,637.38;833.84,647.67;837.74,654.48;866.51,654.2;877.77,656.98;882.36,655.87;874.71,615.14
678	220050000	0	18	69196	1,401;2461.78,1802.91;2455.64,1807.56;2452.8,1817.22;2439.14,1821.76;2440.75,1841.07;2427.11,1858.8;2416.91,1891.71;2405.94,1932.21;2399.95,1945.11;2398.39,1952.82;2407.44,1975.41;2411.48,1980.76;2422.71,1986.11;2440.65,2000.45;2454.83,2016.34;2492.22,2002.17;2499.08,2017.49;2513.44,2103.42;2515.18,2154.96;2505.29,2211.2;2471.29,2268.47;2419.15,2315.19;2368.14,2360.69;2338.47,2383.53;2327.12,2390.3;2247.79,2442.19;2222.57,2451.83;2192.12,2466.75;2167.81,2473.15;2111.9,2507.01;2111.9,2511.72;2139.29,2524.38;2158.95,2527.36;2166.25,2542.84;2225.86,2548.42;2266.79,2549.82;2330.9,2579.92;2376.04,2594.31;2397.43,2612.2;2420.78,2604.6;2462.33,2562.42;2466.93,2535.37;2472.32,2528.5;2495,2516.44;2527.99,2515.61;2542.97,2520.33;2554.61,2527.81;2557.94,2538.35;2560.79,2547.03;2566.81,2555.81;2580.39,2570.79;2581.72,2572.8;2592.04,2573.56;2598.97,2579.66;2621.41,2580.87;2648.72,2578.67;2671.15,2542.12;2670.24,2534.82;2661.57,2522.04;2653.81,2514.28;2652.9,2505.61;2657.46,2498.77;2674.8,2480.51;2678,2467.73;2681.96,2429.97;2670.55,2413.08;2671.01,2398.02;2673.75,2380.22;2677.4,2359.69;2691.09,2343.26;2706.39,2337.29;2715.28,2337.78;2725,2342.59;2732.57,2356.53;2747.31,2389.2;2747.31,2421.86;2771.06,2479.98;2769.51,2487.19;2759.92,2493.58;2755.53,2505.09;2831.87,2510.32;2857.53,2448.54;2847.85,2443.94;2836.79,2435.25;2828.27,2419.35;2815.78,2415.94;2811.24,2400.62;2808.4,2372.8;2815.78,2360.31;2819.19,2347.82;2820.33,2323.41;2828.84,2308.65;2848.26,2282.58;2853.94,2225.25;2860.75,2211.06;2889.25,2206.65;2896.51,2189.48;2890.57,2175.66;2886.03,2168.28;2890.57,2153.52;2912.14,2130.82;2907.58,2105.46;2918.47,2056.95;2911.19,2009.75;2917.06,1987.29;2935.66,1963.49;2952.42,1911.3;2953.38,1850.61;2949.13,1844.01;2913.28,1805.78;2914.02,1719.86;2956.11,1685.3;2957.55,1660.45;2979.64,1637.64;2979.16,1558.78;2989.68,1548.27;2992.87,1534.87;2990.63,1525.33;2982.51,1518.64;2970.56,1519.59;2955.01,1534.14;2913.21,1540.14;2881.29,1566.66;2862.78,1587.36;2856.56,1606.75;2844.49,1616.26;2831.32,1620.65;2815.7,1636.1;2795.49,1652.43;2791.67,1658.17;2773.72,1660.5;2767.29,1651.48;2752,1645.74;2737.74,1645.8;2733.75,1649.83;2724.8,1657.5;2724.3,1668.52;2680.4,1702.72;2685.47,1707.28;2696.86,1709.05;2700.4,1712.08;2701.41,1718.16;2702.93,1722.97;2702.68,1728.03;2698.88,1731.57;2695.34,1731.83;2689.52,1737.14;2690.13,1743.85;2686.23,1746.26;2686.48,1749.8;2684.96,1754.1;2685.12,1759.75;2678.48,1764.29;2678.25,1764.29;2672.84,1769.23;2665.55,1776.05;2664.37,1785.93;2663.67,1794.63;2657,1801.35;2656.85,1804.27;2656.85,1807.56;2651.65,1812.96;2640.84,1813.19;2639.19,1814.37;2627.9,1815.08;2625.55,1812.72;2622.26,1811.78;2620.14,1815.08;2617.55,1814.84;2617.32,1815.08;2613.56,1819.54;2608.38,1819.07;2605.56,1820.48;2605.09,1818.6;2604.85,1809.2;2603.91,1807.31;2599.75,1807.01;2595.21,1804.73;2594.74,1799.79;2593.34,1797.48;2591.78,1800.89;2535.87,1775.82
679	220050000	0	16	69198	1,401;914.89,1014.39;894.73,1329.31;900.8,1331.56;918,1329.75;935.2,1331.2;950.23,1329.39;967.97,1342.06;973.59,1344.51;1111.33,1290.29;1131.86,1285.45;1180.8,1271.48;1202.7,1263.93;1462.16,1273.98;1527.38,1289.39;1559.1,1264.97;1560.7,1082.11;1496.57,843.83;1449.76,666.6;1374.62,620.83;1299.48,611.33;1251.11,626.01;1192.38,638.1;1146.61,683.88;1147.47,745.2;1151.79,802.2;1135.28,828.93;1085.21,828.3;1060.75,810.37;1046.75,815.24;1023.2,801.78;1007.39,801.45;999.65,807.5;986.51,811.74;958.59,813.09;948.4,817.38;942.35,832.06;947.64,851.07;948.75,856.79;943.36,871.11;944.33,880.78;952.67,896.46;959.13,912.41;971.58,926.53;985.04,942.68;993.05,946.89;995.48,959.03;992.42,968.2;990.99,974.14;994.88,975.78;994.26,990.31;985.67,1001.16;982.7,1032.56;978.73,1039.35;958.86,1041.07;938.14,1022.07
680	220050000	0	18	69200	1,401;2336.06,2721.74;2304.28,2797.97;2284.31,2804.01;2268.43,2851.73;2261.6,2863;2252.95,2945.28;2291.1,2978;2295.8,3006.16;2341.45,3013.08;2373.61,3009.62;2718.89,2949.64;3072.2,2936.1;3072.12,2773.21;3072.04,2452.28;3062.87,2452.34;3045.89,2479.28;3002.98,2565.67;2959.7,2565.57;2946.61,2586.55;2930.59,2590.02;2852.77,2566.59;2818.23,2573.34;2805.13,2595.97;2692.29,2599.05;2656.66,2614.11;2573.08,2602.88;2518.1,2634.36;2454.29,2684.36;2431.83,2716.2;2381.39,2710.57
681	220050000	0	10	69202	1,401;513.53,452.1;504.82,459.81;497.57,476.77;499.9,485.06;509.09,490.76;519.72,489.86;528.07,482.83;531.54,470.94;529.84,458.59;525.7,452.76
682	220050000	0	10	69204	1,401;1247.11,2514.26;1219.35,2545.38;1185.83,2587.3;1159.95,2611.97;1141.06,2630.56;1122.38,2669.95;1123.52,2689.74;1140.44,2695.76;1155.93,2695.76;1176.59,2705.51;1189.17,2726.02;1246.57,2773.17;1263.75,2779.72;1288.56,2754.05;1297.67,2753.72;1315.6,2742.25;1337.07,2717.87;1342.82,2707.3;1343.07,2696.99;1368.36,2668.03;1374.89,2611.46;1374.2,2567.87;1367.45,2528.72;1344.34,2494.58;1307.28,2483.57;1274.54,2493.44
683	220050000	0	14	69206	1,401;1196.3,86.27;1167.53,105.81;1166.44,129.7;1161.01,145.45;1143.1,147.62;1126.81,152.5;1060.27,151.42;1009.54,241.54;979.66,271.64;927.44,252.59;911.51,263.48;899.42,287.75;874.66,297.87;837.28,322.41;794.39,331.54;766.28,355.59;753.12,371.19;745.19,392.7;750.81,411.53;756.2,420.07;664.54,505.82;645.27,505.12;638.96,508.97;620.87,510.93;606.95,525.15;609.22,540.74;602.39,564.57;607.59,597.59;650.36,757.59;689.06,788.64;707.81,797.58;720.7,810.03;718.95,829.29;719.91,854.6;735.1,867.79;792.34,896.03;815.11,900.73;821.01,935.55;831.67,964.5;846.16,990.36;893.87,997.25;913.6,1015.26;938.34,1023.18;958.93,1041.85;979.13,1039.94;983.42,1032.54;986.17,1001.52;995.05,990.4;995.38,975.44;991.56,974.05;992.81,968.76;996.45,958.9;993.76,946.43;985.55,942.25;959.61,912.12;953.19,895.39;944.93,880.1;944.44,871.05;950.01,856.53;943.65,832.32;949.28,818.14;959.06,813.98;985.42,813.36;1000.7,808.47;1007.59,802.4;1023.15,802.47;1046.63,816.41;1060.48,811.48;1084.99,829.57;1135.78,829.79;1152.35,802.41;1148.19,745.2;1147.25,684.61;1192.86,638.75;1250.8,626.66;1299.69,611.78;1374.28,621.29;1450.79,667.37;1471.63,660.49;1490.05,638.67;1490.22,638.15;1489.72,609.26;1483.27,603.23;1485.63,589.67;1485.63,564.33;1470.6,551.07;1470.3,541.34;1498.1,537.56;1513.13,521.05;1522.27,500.53;1545.01,488.48;1583.32,481.4;1595.6,449;1630.48,430.86;1608.95,346.97;1608.26,334.11;1591.81,266.49;1612.6,255.13;1619.26,242.5;1619.72,230.56;1637.17,225.51;1643.37,209.89;1641.99,202.77;1633.79,194.59;1633.11,181.69;1626.65,174.93;1600.49,178.04;1595.9,83.5;1540.65,32.89;1332.31,31.32;1322.42,43.55;1231.79,38.33;1204.43,52.01
684	220050000	0	14	69208	1,401;609.02,835.26;592.88,843.33;582.7,870;578.84,894.21;561.65,903.69;549.81,910.3;528.84,932.56;525.85,943.38;532.57,952.71;535.92,963.9;532.73,970.28;522.87,976.96;535.68,1026.5;540.6,1044.66;539.11,1064.57;541.82,1072.03;548.49,1076.11;551.36,1081.24;551.45,1107.64;549.91,1137.47;543.25,1161.68;538.34,1176.93;536.23,1191.67;507.81,1239.39;508.86,1257.29;512.72,1274.83;509.21,1301.85;495.18,1319.4;495.53,1341.85;481.08,1381.28;469.47,1401.01;462.9,1418.42;468.31,1433.89;510.97,1426.52;523.6,1428.2;529.8,1438.73;532.9,1452.67;520.19,1467.23;524.17,1480.76;568.26,1499.04;590.1,1517.76;601.69,1530.58;619.75,1532.03;635.83,1519.62;646.4,1517.78;662.96,1527.22;670.12,1552.46;682.89,1576.03;694.6,1590.39;705.05,1596.08;724.4,1611.55;732.84,1635.47;730.73,1653.41;740.19,1667.05;765.24,1674.9;806.1,1671.92;850.55,1628.3;898.82,1591.39;907.31,1577.19;917.6,1576.29;933.9,1566.17;940.26,1556.59;933.83,1537.56;925.2,1531.59;918.26,1524.17;914.99,1512.4;930.22,1476.4;937.93,1439.71;937.6,1433.25;951.2,1419.12;959.25,1400.94;953.76,1377.03;942.45,1363.46;940.19,1356.03;937.6,1346.66;916.28,1350.86;904.97,1355.06;900.96,1352.63;896.89,1346.98;895.6,1336.96;898.07,1324.69;918.32,1007.25;893.74,995.66;846.9,989.16;832.53,963.19;822.06,935.6;816.49,899.89;793.3,894.33;735.62,865.74;721.71,853.68;721.24,830.03;723.1,810.09;708.72,795.25;692.49,785.98;688.32,795.72;688.78,807.77;687.39,814.73;670.23,824.93;665.13,830.03;645.65,825.36
685	220050000	0	10	69210	200,400;2111.71,89.34;2111.98,215.88;2218.31,240.55;2288.59,255.03;2362.02,209.99;2362.92,153.59;2319.3,98.2;2240.48,71.34;2205.03,53.86;2151.61,54.83;2132.01,79.49
686	220050000	0	11	69212	1,451;450.23,1639.06;449.84,1655.22;452.93,1657.07;461.79,1661.19;481.13,1661.16;489.91,1637.29;480.1,1618.96;463.71,1623.54
687	220050000	0	10	69821	280,380;843.74,1993.49;841.62,1978.04;821.51,1979.57;806.08,1991.26;800.98,2019.74;806.94,2041.2;820.75,2034.3;853.06,2031.61;857.45,2022.29;854.16,2005.28
688	220050000	0	16	69214	1,401;1586.53,84.57;1592.26,183.47;1625.43,179.55;1629.95,183.17;1630.85,193.72;1641.11,202.77;1642.31,209.4;1636.89,224.18;1619.1,229.91;1617.89,241.66;1611.86,254.78;1587.74,267.74;1590.42,400.54;1629.61,431.59;1688.87,456.19;1688.27,472.17;1695.51,489.06;1705.27,499.08;1703.76,509.93;1707.98,526.82;1734.53,538.25;1756.84,542.5;1767.2,540.11;1778.09,545.95;1834.08,499.12;1838.33,486.63;1853.47,485.31;1861.97,496.46;1871.79,500.18;1885.63,497.11;1921.13,507.61;2077.52,527.95;2108.86,565.66;2115.5,622.24;2163.21,650.78;2192.39,673.94;2274.7,631.33;2291.07,596.27;2276.19,570.72;2273.79,518.41;2250.95,486.6;2241.42,348.47;2283.72,287.75;2294.44,260.19;2366.52,212.26;2367.43,152;2322.38,94.62;2242.91,68.44;2206.07,50.77;2149.99,52.11;2129.38,77.83;2110.96,87.23;2062.59,47.42;2043.75,51.45;1995.93,106.17;1981.16,107.68;1932.03,55.18;1915.14,53.51;1908.95,36.86;1877.33,37.92;1856.95,43.49;1846.72,57.05;1772.82,118.5;1764.54,138.97;1735.79,159.87;1716.63,159.44;1704.87,147.24;1689.63,95.41
689	220050000	0	13	69216	1,401;1031.33,2881.21;1002.25,2901.65;997.93,2917.2;1000.81,2924.11;1004.27,2932.75;1041.78,2947.72;1059.23,2935.6;1066.15,2913.74;1059.26,2886.39;1053.21,2881.5
690	220050000	0	22	69218	1,401;2351.5,1300.83;2337.69,1311.29;2324.42,1335.62;2321.47,1349.63;2320.73,1371.01;2297.14,1388.7;2282.39,1424.09;2281.66,1435.89;2286.82,1445.47;2286.08,1456.53;2272.81,1470.54;2280.23,1495.69;2303.06,1512.57;2314.85,1531;2305.51,1540.4;2295.93,1578;2318.39,1606.88;2358.2,1602.45;2376.64,1609.83;2389.91,1599.5;2401.7,1583.28;2413.5,1579.6;2420.13,1584.02;2420.13,1598.03;2403.18,1633.42;2404.88,1664.43;2415.57,1670.73;2424.45,1676.88;2423.08,1688.49;2416.25,1704.21;2409.42,1715.15;2403.26,1721.98;2397.11,1721.98;2403.95,1761.62;2400.07,1771.58;2400.07,1782.52;2403.48,1790.03;2411,1796.19;2421.93,1798.24;2425.35,1796.87;2426.72,1801.65;2432.19,1805.75;2452.4,1819.9;2454.28,1817.86;2457.57,1808.86;2462.49,1805.8;2536.5,1778.9;2591.92,1804.88;2596.72,1793.88;2596.86,1788.26;2596.71,1780.06;2590.38,1776.03;2589.81,1770.27;2596.14,1765.67;2612.48,1764.27;2621.24,1753.83;2621.24,1737.89;2627.07,1730.54;2631.97,1715.52;2633.81,1714.6;2638.41,1711.84;2649.74,1713.07;2661.39,1713.07;2672.83,1702.95;2682.76,1703.9;2725.35,1670.5;2726.69,1668.62;2725.98,1658.77;2740.77,1645.04;2746.75,1634.12;2747.46,1613.7;2760.48,1589.77;2774.92,1553.51;2796.39,1519.71;2796.39,1511.26;2805.68,1498.21;2813.64,1499.75;2820.47,1493.81;2834.88,1493.81;2841.24,1488.19;2874.71,1464.98;2882.79,1460.28;2889.77,1450.58;2950.29,1449.8;2960.77,1445.92;2964.26,1433.51;2960.58,1426.47;2955.34,1382.3;2942.15,1366.78;2935.56,1257.07;2928.42,1247.46;2910.73,1246.21;2900.65,1239.23;2898.71,1223.32;2888.57,1211.14;2859.14,1218.28;2846.72,1214.01;2839.74,1205.09;2835.08,1194.23;2833.39,1174.53;2831.45,1162.89;2825.17,1152.33;2813.21,1145.04;2814.38,1125.64;2720.57,1135.9;2721.28,1152.21;2715.07,1168.12;2715.14,1171.97;2714.75,1191.37;2699.62,1204.17;2694.19,1215.04;2684.1,1212.71;2661.21,1223.57;2639.49,1220.86;2632.5,1213.1;2630.56,1200.68;2625.91,1194.09;2616.21,1186.33;2614.27,1162.28;2605.35,1153.35;2594.69,1147.64;2531.21,1190.51;2530.14,1192.86;2533.06,1196.41;2539.51,1199.32;2540.3,1219.1;2520.52,1251.53;2523.69,1279.22;2537.93,1306.12;2548.21,1323.53;2550.59,1337.77;2542.67,1348.05;2530.81,1350.42;2522.11,1345.68;2487.3,1313.24;2450.91,1284.76;2408.98,1276.85;2394.93,1289.78;2370.4,1292.16
691	220050000	1	8	72341	244.25,279.25;2223.09,166.27;2222.91,193.85;2263.17,219.94;2314.27,219.96;2353.98,192.95;2354.85,145.28;2313.86,134.57;2261.44,134.81
692	220050000	1	8	72342	51.47,56.97;1302.94,1931.48;1296.84,1931.54;1296.89,1933.96;1279.94,1933.87;1280.28,1922.59;1297.08,1922.88;1296.85,1925.37;1303.14,1925.68;1302.98,1931.51
693	220050000	1	8	72343	43.08,52.48;1305.57,2013.63;1299.07,2017.21;1296.8,2016.89;1293.84,2014.06;1292.9,2009.89;1293.83,2007.64;1300.52,2004.21;1307.55,2003.83;1309.84,2007.86
694	220050000	1	7	72344	45.69,51.14;1345.58,2029;1332.9,2024.36;1327.58,2038.74;1340.33,2043.28
695	220050000	1	8	72345	51.04,61.2;1402.89,2025.48;1406.56,2031.89;1410,2029.68;1418.83,2045.01;1405.65,2052.45;1396.92,2037.25;1400.57,2035.29;1396.81,2029.01;1402.94,2025.39
696	220050000	1	8	72346	47.78,53.94;1399.08,1919.76;1391.57,1913.88;1400.38,1902.7;1407.9,1908.57;1399.08,1919.76
697	220070000	0	16	69220	50,850;1538.71,2761.1;1533.96,3049.41;1038.5,3058.38;957.08,3061.43;978.22,2946.62;973.39,2883.48;947.57,2863.13;945.76,2833.49;969.09,2800.61;1012.57,2805.39;1021.05,2773.04;1043.85,2764.56;1071.17,2718.09;1123.69,2731.12;1222.87,2672.05;1327.94,2580.81;1364.07,2576.87;1412.11,2463.81;1400.54,2346.31;1595.8,2280.8;1626.41,2328.66;1708.34,2419.65;1716.3,2446.2;1691.57,2523.54;1679.05,2533.22;1634.07,2533.22;1601.84,2496.93;1580.03,2495.74;1568.92,2506.45;1563.14,2571.04;1542.96,2601.8;1494.51,2623.15;1488.16,2654.48;1518.71,2690.58
698	220070000	0	5	69822	150,220;1228.36,2459.57;1218.27,2473.78;1202.07,2483.74;1183.17,2484.8;1161.05,2517.83;1145.55,2526.42;1131.44,2517.01;1134.37,2496.82;1149.76,2467.66;1143.12,2450.17;1144.43,2431.3;1149.39,2420.63;1164.93,2404.48;1184.62,2398.57;1203.63,2401.04;1222.61,2414.54;1229.21,2434.6
699	220070000	0	5	69222	200,500;616.66,1212.35;614.98,1233.26;599.05,1257.44;582.79,1251.42;569.49,1258.85;551.29,1254.13;537.14,1241.66;537.47,1209.65;561.33,1191.4;596.11,1196.52
700	220070000	0	5	69823	400,600;2540.7,2138.92;2537.67,2157.8;2522.76,2173.56;2503.8,2171.91;2472.57,2133.8;2474.77,2118.99;2485.28,2104.4;2502.91,2104.14;2529.93,2118.03
701	220070000	0	12	69224	50,850;588.85,1121.29;482.4,1134.58;384,1132.91;350.63,1107.76;362.94,950.1;376.41,867.22;412.51,768.68;460.21,703.7;533.86,669.38;576.63,603.87;711.15,490.57;853.18,488.1;940.08,541.62;1007.37,617.99;1062.57,736.6;1088.22,949.68;1073.23,1010.12;1057.58,1077.16;1080.43,1182.97;1076.24,1196.06;980.62,1227.02;974.02,1279.33;910.38,1296.31;872.64,1290.53;846.8,1233.56;823.74,1214.59;813.21,1191.97;775.8,1180.25;736.33,1152.31
702	220070000	0	7	69226	250,550;2414.3,1598.67;2416.27,1613.4;2396.77,1637.44;2390.88,1665.31;2403.07,1681.3;2380.29,1699.05;2349.52,1690.77;2348.05,1683.37;2327.76,1679.23;2317.58,1683.37;2298.35,1662.37;2284.81,1626.69;2250.05,1608.43;2268.65,1548.1;2251.77,1487.78;2263.7,1484.96;2273.75,1496.89;2285.99,1495.32;2295.1,1502.22;2306.08,1502.54;2309.42,1521.01;2335.16,1529.19;2344.88,1518.25;2400.14,1544.9;2392.81,1576.89
703	220070000	0	10	69824	50,850;2001.97,2811.7;1998.89,2829.55;1968.22,2849.85;1920.14,3059.38;1645.93,3060;1645.93,2788.05;1693.72,2748.32;1692.54,2720.76;1734.37,2662.94;1862.69,2643.6;1912.46,2663.71;1984.12,2737.51
704	220070000	0	15	69228	50,850;2402.33,2624.35;2368.44,2667.29;2365.69,2685.76;2352.42,2702.22;2363.43,3061.36;1531.61,3049.47;1536.29,2761.08;1517.53,2691.95;1486.61,2654.9;1493.91,2622.49;1542.24,2600.74;1561.58,2570.71;1567.94,2505.75;1580.03,2494.01;1602.9,2495.87;1633.69,2531.45;1677.76,2531.98;1690.81,2521.51;1714.93,2445.96;1705.97,2418.64;1855.73,2400.32;1960.53,2311.78;2072.37,2287.95;2189.25,2305.48;2237.89,2352.47;2243.5,2442.97;2345.27,2531.19
705	220070000	0	6	69230	400,600;2303.74,2604.68;2265.65,2616.92;2237.61,2610.86;2192.52,2619.95;2052.44,2572.32;2043.85,2527.83;2025.05,2517.04;2026.18,2491.65;2046.54,2468.86;2059,2422.2;2126.11,2368.16;2151.8,2392.51;2165.82,2423.58;2248.89,2437.79;2316.06,2499.74
706	220070000	0	16	69232	50,850;402.51,2655.62;307.76,2623.91;207.79,2467.88;21.37,2467.55;16.41,2084.43;242.54,2034.31;265.81,2005.85;289.19,2019.27;288.76,2043.03;313.18,2070.94;334.11,2081.98;339.34,2113.38;357.36,2114.54;370.15,2105.82;360.85,2059.31;380.48,2029.63;425.16,2015.03;464.3,2043.65;555.96,2145.51;611.35,2347.76;567.12,2539.6;591.13,2581.79;574.5,2663.26
707	220070000	0	11	69234	50,850;909.7,1147.92;900.8,1112.9;900.88,1027.99;911.57,1016.26;918.39,982.61;895.49,954;904.25,945.79;905.22,927.8;895.01,916.85;877.74,918.07;867.28,900.65;864.12,870.74;840.95,860.34;829.99,868.46;820.59,862.14;815,852.9;788.01,850.95;777.06,845.36;758.1,845.36;749.32,827.51;762.56,816.34;737.24,802.14;686.03,780.86;615.93,689.65;622.81,568.98;711.02,492.79;852.69,490.32;939.6,545.25;1006.88,621.62;1062.09,740.23;1087.74,953.32;1072.75,1013.76;1057.1,1080.79;1079.95,1186.6;1074.83,1195.98;978.28,1228.79;954.98,1220.98;936.45,1196.55;935.94,1184.52
708	220070000	0	14	69825	50,850;654.13,2821.61;653.53,3062.28;25.34,3044.84;21.71,2464.92;208.65,2465.26;309.41,2622.41;402.48,2653.57;577.07,2661.59
709	220070000	0	10	69236	250,400;388.46,1370.41;286.28,1408.06;206.48,1317.15;172.11,1218.39;239.88,1138.55;330.31,1123.85;382.09,1191.26
710	220070000	0	15	69238	50,850;1106.07,1500.11;1092.8,1414.09;1021.49,1292.66;972.3,1280.35;979.57,1225.87;1074.76,1194.64;1079.04,1182.02;1056.07,1077.8;1087.2,950.95;1061.15,736.9;1080.95,706.44;1110.26,711.14;1169.7,688.25;1228.63,699.84;1265.92,717.16;1307.34,750.68;1357.15,866.83;1365.18,967.41;1389.21,1011.67;1443.4,1008.9;1475.36,1033.58;1584.6,1018.21;1674.84,1059.28;1734.26,1053.93;1803.14,966.82;1922.09,936.38;2024.13,957.84;2045.74,994.66;2046.56,1071.97;2164,1102.05;2141.47,1177.13;2196.79,1207.67;2229.68,1177.45;2254.41,1193.76;2224.34,1232.57;2223.35,1267.69;2195.47,1362.7;2141.51,1369.18;2133.7,1379.68;2125.34,1413.71;2130.72,1425.67;2154.41,1421.97;2158.25,1427.66;2080.65,1539.07;1816.06,1505.21;1725.74,1618.1;1694.82,1589.56;1675.49,1568.78;1637.53,1554.24;1613.67,1569.36;1568.14,1549.56;1515.86,1558.99;1473.8,1623.74;1389.23,1717.16;1354.01,1708.88;1360,1682.29;1322.82,1641.99;1285.85,1623.74;1248.03,1622.21;1235.02,1624.35;1198.22,1571.01;1139.59,1565.27;1105.6,1519.24
711	220070000	0	10	69240	200,500;2481.32,1283.32;2480.99,1319;2464.3,1335.71;2438.34,1339.46;2419.71,1330.69;2407.03,1308.3;2407.01,1301.64;2426.69,1272.73;2463.06,1271.06
712	220070000	0	11	69242	50,345;1385.34,1748;1352.1,1731.86;1334.36,1737.21;1293.99,1775.78;1214.67,1795.11;1188.12,1826.45;1181.27,1860.14;1164.14,1886.54;1076.03,1886.59;1095.48,1835.46;1114.03,1822.51;1137.56,1779.89;1165.46,1769.42;1186.22,1698.04;1171.86,1667.24;1149.27,1653.38;1199.19,1569.32;1236.67,1622.18;1247.72,1619.33;1286.78,1621.84;1323.94,1641.23;1345.06,1661.34;1362.86,1682.56;1412.73,1689.15;1472.76,1620.72;1513.3,1554.94;1564.28,1544.53;1615.36,1565.74;1637.41,1551.23;1677.95,1567.78;1696.03,1586.94;1723.34,1590.8;1747.96,1566.12;1781.33,1520.34;1799.05,1520.42;1808.15,1528.41;1808.43,1541.38;1773.4,1581.64;1769.82,1626.05;1822.82,1677.51;1835.23,1676.4;1864.08,1666.24;1905.17,1710.64;1936.65,1712.47;1952.65,1725.71;1991.15,1724.76;2017.12,1741.57;2078.01,1743.16;2107.51,1781.09;2108.6,1805.1;2074.78,1834.12;2073.13,1853.84;2087.31,1884.39;2086,1908.84;2102.54,1939.65;2083.92,1989.65;2101.23,2021.54;2092.94,2103.26;2058.62,2124.54;2028.79,2127.08;2012.86,2150.87;2003.81,2182.38;1984.51,2197.9;1970.33,2194.12;1949.83,2197.36;1927.63,2210.35;1907.32,2205.14;1871.65,2213.86;1852.4,2239.78;1846.05,2262.3;1853.49,2297.2;1851.18,2315.42;1838.54,2326.94;1831.09,2336.43;1781.31,2358.76;1756.67,2338.74;1664.32,2353.69;1622.84,2309.1;1694.18,2261.37;1753.97,2273.3;1781.75,2270.54;1795.6,2251.3;1789.96,2224.35;1759.51,2192.46;1712.55,2194;1674.69,2169.11;1681.62,2119.84;1676.16,2102.28;1711.66,2086.95;1732.69,2152.17;1830.46,2176.04;1857.75,2150.99;1898.31,2158.98;1929.46,2122.06;1957.52,2113.26;2011.67,2047.81;2029.12,1990.59;2031.53,1919.45;2022.04,1887.63;1994.62,1845.8;1991.8,1807.05;1953.05,1791.14;1851.11,1792.11;1852.14,1752.08;1831.4,1737.92;1807.79,1742.54;1785.46,1726.63;1746.22,1725.67;1687.92,1775.5;1653.13,1833.69;1640.04,1907.34;1647.73,1965.45;1677.75,1991.63;1707.45,2036.33;1711.69,2086.29;1675.81,2101.63;1663.4,2069.89;1607.18,2029.75;1591.59,1944.11;1567.72,1908.91;1570,1885.76;1558.43,1860.83;1562.69,1835.35;1578.82,1818.89;1608.65,1818.07;1627.03,1771.66;1628.98,1735.32;1595.23,1665.66;1579.42,1660.56;1545.86,1677.59;1431.25,1782.08
713	220070000	0	14	69244	50,850;1907.21,2164.11;1832.85,2185.3;1737.23,2174.7;1705.21,2136.1;1690.89,2066.23;1636.33,2009.12;1617.63,1949.64;1623.96,1923.34;1609.1,1875.17;1675.63,1745.53;1694.27,1674.37;1727.74,1656.93;1845.98,1708.02;1920.87,1750.11;1977.26,1763.67;2008.41,1784.96;2031.89,1787.25;2032.87,1846.14;2060.52,1910.27;2050.62,2039.49;2012.01,2109.24
714	220070000	0	5	69826	300,350;2430.42,1678.69;2429.43,1705.69;2378.07,1700.32;2371.33,1713.32;2320.71,1728.96;2284.86,1728.46;2277.22,1740.02;2281.07,1754.08;2294.48,1759.18;2294.26,1786.98;2260.72,1780.54;2240.59,1749.14;2256.15,1698.14;2300.24,1692.28;2283.63,1618.28;2264.61,1619.34;2256.38,1591.57;2303.09,1572.15;2333.13,1647.21;2356.01,1639.83;2366,1661.89
715	220070000	0	17	69246	50,350;2130.13,1426.6;2124.5,1414.27;2132.89,1378.56;2142.07,1367.69;2190.91,1361.15;2220.48,1268.81;2221.47,1232.58;2195.59,1208.33;2138.92,1177.97;2162.74,1102.18;2046.42,1073.11;2043.85,994.75;2022.37,958.74;2085.86,855.64;2154.55,812.98;2157.25,781.2;2075.18,730.92;2070.61,672.21;2114.45,613.01;2179.86,613.63;2229.61,654.53;2280.07,644.61;2305.05,580.57;2364.74,580.26;2385.3,558.26;2394.03,496.47;2418.7,467.15;2451.9,456.02;2483.1,417.01;2676.83,531;2806.31,422.76;3056.09,430.05;3052.25,733.09;2909.75,714.33;2744.65,797.77;2718.61,829.5;2609.77,801.45;2558.39,819.98;2491.79,786.71;2444.93,731.71;2383.92,711.76;2334,723.87;2321.07,748.83;2287.78,760.64;2277.19,821.81;2294.58,854.08;2285.94,873.4;2261.46,879.93;2238.54,930.97;2274.82,999.21;2226.44,1112.42;2235.11,1136.19;2287.07,1168.06;2344.55,1181.95;2342.92,1200.29;2311.67,1220.22;2280.67,1373.48;2343.3,1433.86;2387.12,1450.16;2395.58,1477.03;2387.75,1495.51;2369.18,1505.48;2317.66,1502.12;2296.39,1499.67;2243.99,1458.13;2234.07,1421.19
716	220070000	0	5	69827	300,500;1070.44,2802.87;1054.15,2821.16;1037.52,2825.47;1016.18,2814.25;1013.23,2790.99;1025.67,2768.12;1047.28,2763.18;1066.91,2776.33
717	220070000	0	5	69828	400,600;551.86,2418.93;538.13,2428.82;505.07,2432.04;484.82,2419.73;476.03,2395;487.74,2363.01;526.51,2350.4;554.17,2373.05
718	220070000	0	16	69248	50,850;2282.33,2478.59;2242.09,2443.48;2236.79,2353.56;2189.72,2307.46;2074.06,2290.28;2009.65,2109.55;2048.15,2040.94;2058.25,1911.4;2029.93,1845.85;2029.98,1788.11;2009.19,1787.72;1976.48,1765.25;1920.04,1752.31;1845.86,1709.58;1727.54,1660.14;1724.44,1617.49;1816.04,1504.03;2079.6,1537;2159.22,1422.34;2234.37,1418.46;2248.88,1458.06;2298.08,1496.24;2321.17,1498.61;2331.69,1468.36;2354.92,1474.94;2343.08,1506.94;2368.69,1513.68;2493.27,1579.64;2435.13,1636.64;2422.72,1665.01;2416.65,1700.84;2423.34,1728.07;2442.7,1755.76;2470.11,1781.29;2467.9,1809.15;2430.36,1865.01;2421.58,1962.86;2440.43,2009.17;2414.82,2037.98;2415.38,2045.25;2445.37,2077.66;2443.05,2150.3;2470.39,2174.6;2504.27,2364.59;2426,2380.1
719	220070000	0	14	69250	50,850;1013.51,2118.22;1015.16,2149.96;1030.71,2176.34;1022.33,2192.78;914.83,2247.7;906.82,2266.25;879.48,2280.65;833.24,2274.49;808.53,2233.56;608.5,2348.94;552.76,2144.89;461.34,2043.98;421.77,2015.07;432.12,1994.02;538.24,1965.52;559.7,1931.43;546.16,1888.47;580.98,1723.02;669.52,1699.97;681.13,1623.82;732.43,1568.26;807.87,1561.59;843.35,1530.34;864.1,1490;897.15,1476.89;937.97,1491.84;979.5,1531.53;984.72,1578.43;1025.99,1606.38;1043.81,1652.82;1062.81,1664.45;1083.78,1642.95;1126.33,1634.73;1172.89,1666.65;1187.19,1698.09;1165.96,1770.33;1138.17,1780.69;1122.23,1809.85;1154.19,1834.13;1138.08,1849.24;1111.9,1825.19;1096.66,1835.39;1069.55,1910.35;1064.93,1958.71;1100.01,2019.19;1123.99,2035.41;1146.97,2035.28;1170.65,2052.33;1161.58,2081.44;1133.96,2106.01;1089.19,2104.3;1074.86,2129.29;1030.61,2105.56
720	220070000	0	5	69829	300,500;863.06,2296.41;821.8,2336.68;713.69,2394.28;623.43,2347.91;591.88,2246.21;603.34,2215.89;622.82,2216.15;638.82,2200.38;697.52,2202.54;718.34,2208.85;777.44,2194.51;839.56,2220.97
721	220070000	0	15	69252	50,850;1639.95,2267.59;1400.82,2348.05;1400.56,2334.4;1330.13,2244.37;1250.36,2223.79;1134.68,2234.94;1103.19,2206.63;1127.01,2173.87;1158.17,2166.59;1180.91,2191.93;1195.73,2188.93;1207.06,2155.89;1232.56,2149.09;1257.63,2167.93;1278.64,2173.69;1300.74,2149.97;1293.06,2122.49;1276.48,2106.76;1277.76,2084.24;1298.16,2071.49;1292.09,2052.26;1250.56,2039.19;1232.32,2012.96;1212.28,2006.86;1209.37,1981.05;1186.34,1975.42;1145.46,1885.97;1163.51,1886;1168.67,1878.57;1135.46,1846.75;1151.34,1831.69;1180.7,1859.4;1187.95,1825.87;1214.21,1794.83;1293.63,1775.73;1334.13,1735.99;1354.25,1707.46;1389.96,1717;1390.9,1751.48;1430.05,1782.2;1545.03,1675.29;1634.16,1640.79;1694.83,1676.04;1675.96,1748.17;1612.02,1875.86;1625.37,1923.9;1619.28,1951;1637.32,2008.48;1691.97,2065.7;1705.82,2134.76;1737.72,2175.04
722	220070000	0	10	69830	20,140;2802.01,916.67;2794.08,866.44;2873.29,741.54;3003.43,711.52;3047.66,743.27;3062.23,931.71;2967.56,1040.23;2866.71,1032.45
723	220070000	0	14	69254	50,400;1591.32,2491.08;1570.85,2500.51;1559.88,2569.91;1540.93,2598.97;1496.67,2617.73;1484.27,2666.29;1498.36,2685.65;1497.45,2713.12;1467.25,2749.92;1450.58,2739.41;1350.28,2783.63;1341.88,2809.64;1348.82,2883.3;1311.88,2919.59;1293.37,2904.38;1292.96,2725.84;1301.02,2717.98;1363.83,2716.19;1371.93,2705.03;1416.02,2693.07;1440.57,2666.89;1440.84,2642.16;1486.88,2571.14;1502.69,2515.51;1503.36,2479.48;1518.63,2450.42;1570.23,2433.7;1592.64,2455.11;1630.39,2467.56;1650.89,2440.46;1654.52,2417.74;1665.24,2398.9;1692.88,2398.42;1709.95,2418.13;1717.98,2446.85;1692.47,2525.5;1678.8,2534.94;1633.79,2536.25
724	220070000	0	15	69256	50,850;2414.81,2045.68;2414.17,2037.6;2438.67,2008.91;2420.19,1963.14;2429.13,1864.3;2467.15,1808.9;2468.96,1781.25;2441.26,1755.83;2422.58,1729.05;2415.75,1701.41;2420.96,1664.59;2433.42,1636.3;2491.32,1578.61;2531.54,1583;2540.39,1499.14;2643.82,1457.48;3064.62,1503.62;3065.13,2089.96;2903.08,2095.83;2873.62,2126.4;2833.72,2113.34;2786.12,2153.04;2726.86,2124.89;2515.12,2362.24;2503.35,2364.31;2468.51,2175.04;2442.03,2150.58;2444.46,2078.08
725	220070000	0	5	69258	315,415;1078.6,1322.67;1027.82,1348.33;1001.23,1346.93;975.65,1325.17;967.25,1275.19;955.61,1278.45;965.21,1335.8;916.15,1385.57;987.28,1424.68;1025.98,1476.57;1004.93,1523.26;947.24,1532.53;865.17,1485.08;817.33,1427.71;825.78,1365.54;904.02,1261.07;973.93,1223.83;1088.15,1186.92
726	220070000	0	5	69831	400,600;2080.03,2760.61;2079.38,2779.5;2069.55,2791.18;2051.07,2797.24;2036,2790.89;2019.36,2768.39;2018.51,2745.77;2034.79,2730.17;2053.77,2730.25;2071.97,2749.91
727	220070000	0	5	69832	300,500;757.13,2059.74;750.88,2091.08;728.34,2108.72;682.9,2103.58;683.65,2085.59;662.11,2079.74;653.32,2056.94;659.23,2024.95;685.61,2001.62;715.87,2000.27;748.19,2033.89
728	220070000	0	14	69260	50,350;2582.74,1268.3;2580.62,1206;2608.43,1145.91;2615.28,1101.1;2662.77,1080.88;2675.54,1031.41;2717.77,986.08;2758.66,987.62;2789.1,955.43;2790.19,931.02;2757.47,905.02;2717.18,828.42;2742.23,795.98;2907.43,712.34;3051.41,730.12;3064.46,1506.5;2645.45,1459.77;2647.24,1323.67
729	220070000	0	4	69262	200,280;2627.84,1414.68;2596.53,1414.72;2595.82,1519.73;2555.68,1519.71;2555.89,1653.05;2391.25,1653.03;2393.11,1533.62;2370.77,1533.1;2371.4,1448.94;2394.87,1449.44;2395.56,1362.67;2627.64,1365.14
730	220070000	0	5	69833	150,450;1324.07,1554.59;1321.17,1582;1298.52,1594.73;1270.64,1581.7;1248.31,1561.45;1256.97,1534.35;1283.01,1523.52;1310.33,1533.71
731	220070000	0	10	69264	50,450;972.01,2317.82;905.68,2266.65;914.36,2247.01;1021.64,2192.13;1029.86,2176.29;1014.42,2151.3;1012.66,2117.99;1030.38,2104.61;1074.46,2127.65;1089.37,2103.04;1132.94,2105.16;1160.59,2081.05;1169.95,2052.8;1146.29,2036.09;1123.61,2035.93;1099.41,2020.25;1063.96,1958.89;1068.05,1910.14;1077.79,1885.58;1145.65,1886.17;1187.42,1973.54;1210.2,1979.92;1213.78,2005.57;1233.07,2011.28;1251.66,2036.71;1293.07,2050.12;1301.49,2072.74;1279.39,2084.68;1278.97,2105.08;1294.69,2120.8;1302.83,2150.06;1280.17,2176.3;1255.45,2169.15;1232.79,2150.83;1208.99,2157.63;1196.67,2190.35;1180.69,2193.15;1157.42,2167.71;1128.82,2175.61;1057.14,2272.54
732	220070000	0	10	69266	200,325;518.23,769.88;511.63,743.87;604.63,651.3;589.3,556.6;615.11,522.85;678.04,545.92;731.52,499.8;784.56,503.8;884.54,585.05;859.29,645.54;830.63,650.18;821.15,673.57;843.27,702.85;820.13,753.71;740.49,734.01;716.07,742.59;683.29,716.45;592.14,764.84;544.77,759.13;545.28,766.89
733	220070000	0	5	69268	346.15,396.15;2415.01,1020.45;2416.18,1026.69;2412.28,1031.85;2404.08,1033.8;2398.25,1040.72;2397.68,1050.74;2388.54,1055.38;2388.23,1064.77;2379.47,1070.01;2370.95,1061.61;2365.46,1053.6;2355.44,1048.45;2355.41,1039.48;2348.45,1032.84;2348.43,1023.88;2357.16,1008.66;2356.59,1002.36;2364.67,997.55;2372.33,1002.65;2376.91,1000.93;2383.78,1004.94;2390.37,1003.79;2393.52,1008.09;2402.1,1010.95;2407.06,1017.93
734	220070000	0	5	69270	250,550;1431.81,1817.15;1415.87,1838.97;1399.9,1847.66;1382.91,1885.12;1335.27,1901.68;1254.43,1888.33;1227.68,1796.09;1294.75,1778.12;1341.62,1737.37;1353.63,1757.87;1376.17,1763.31;1389.72,1755.89;1404.87,1770.51;1406.03,1781.21;1421.94,1777.74;1430.9,1785.26;1428.3,1801.75
735	220070000	0	15	69272	50,850;1013.47,2806.68;969.43,2801.78;947.08,2834.28;948.86,2861.97;974.51,2883.04;979.83,2946.73;959.2,3061.42;650.18,3061.74;651.17,2822.25;575.09,2661.64;588.73,2581.31;565.71,2539.84;609.19,2345.49;809.11,2231.63;834,2273.32;880.32,2278.98;972.86,2319.55;932.76,2454.98;907.32,2477.9;908.17,2536.99;987.31,2640.54;1054.02,2661.8;1073.16,2718.51;1044.93,2765.7;1021.87,2774.19
736	220070000	0	12	69274	50,400;2657.71,2889.26;2672.18,2857.46;2706.66,2845.62;2730.25,2821.34;2734.78,2774.26;2713.78,2754.18;2683.32,2758.34;2644.43,2711.9;2640.17,2667.49;2600.8,2651.48;2579.72,2660.6;2556.48,2659.51;2531.01,2639.57;2475.98,2626.29;2456.99,2637.75;2454.69,2671.18;2444.67,2687.36;2425.6,2685.65;2410.53,2701.62;2401.48,2722.72;2345.66,2764.4;2266.95,2722.68;2279.21,2687.21;2309.66,2663.51;2352.61,2688.47;2425.09,2598.71;2421.63,2567.72;2387.82,2537.57;2397.06,2496.08;2425.57,2490;2494.86,2397.66;2513.42,2398.94;2523.68,2413.62;2583.34,2344.85;2646.8,2299.06;2688.72,2288.16;2715.66,2317.47;2703.61,2337.2;2646.75,2363.25;2631.05,2402.06;2632.77,2446.16;2683.25,2495.62;2730.84,2505.41;2744.66,2489.27;2769.73,2489.2;2813.86,2441.02;2832.85,2416.15;2865.52,2400.4;2885.82,2401.75;2917.46,2426.96;2914.63,2458.39;2902.83,2470.12;2886.26,2456.21;2858.16,2450.89;2835.21,2472.31;2822.14,2503.46;2738.67,2569.62;2726.41,2590.07;2739.83,2677.16;2772.07,2706.29;2810.69,2728.25;2838.82,2729.02;2902.88,2687.95;2932.47,2652.89;2960.69,2656.15;2962.68,2676.41;2932.59,2698.31;2933.27,2721.32;2920.06,2740.81;2884.17,2745.73;2848.2,2769.75;2811.41,2770.14;2780.77,2796.71;2783.08,2852.72;2722.06,2895.98;2721.09,2922.17;2725.16,2943.48;2710.49,2964.99;2689.24,2959.92;2675.15,2940.71
737	220070000	0	5	69834	400,600;2264.62,2965.9;2179.59,3021.16;2019.15,3031.69;1993.8,2964.4;2034.37,2837.61;2090.35,2824.71;2120.66,2810.68;2154.76,2803.1;2185.42,2805.31;2190.73,2799.95;2263.93,2802.12;2291.61,2911.91
738	220070000	0	5	69835	100,400;2224.33,673.74;2235.13,696.19;2217.76,727.36;2200.84,729.14;2140.19,704.31;2142.99,668.51;2171.89,648.3
739	220070000	0	5	69836	400,600;2219.84,2417.09;2165.19,2424.51;2150.91,2393.28;2123.67,2368.41;2128.17,2333.11;2160.34,2301.97;2196.04,2301.43;2246.84,2363.1
740	220070000	0	10	69276	200,700;1704.01,1206.41;1704.26,1104.95;1805.43,973.16;1931.26,942.71;2038.34,998.57;2037.85,1155.16;2012.55,1231.26;1927.68,1284.77;1826.39,1283.45
741	220070000	0	16	69278	50,850;398.67,1597.28;372.17,1564.56;332.6,1438.98;282.02,1439.4;256.8,1415.33;386.13,1368.84;380.68,1191.02;354.04,1156.41;383.17,1130.34;479.24,1131.6;588.69,1119.05;737.76,1151.23;777.04,1177.52;814.96,1190.48;827.18,1215.33;849.53,1232.93;874.92,1287.97;866.03,1364.92;862.47,1403.32;847.65,1442.79;846.04,1470.52;865.52,1490.35;844.8,1531.07;808.44,1562.87;733.49,1569.82;683.26,1623.71;670.76,1701.33;580.55,1725.44;573.44,1643.8;528.05,1591.7
742	220070000	0	3	69837	200,280;2601.44,1516;2511.57,1515.75;2512.22,1429.71;2601.26,1429.9
743	220070000	0	11	69838	200,500;2557.57,1365.08;2523.42,1558.9;2475.87,1567.22;2391.48,1537.81;2384.61,1508.71;2397.04,1476;2388.21,1441.96;2425.81,1351.46;2462.39,1329.64;2495.49,1317.51
744	220070000	0	5	69839	400,700;2740.67,2200.54;2716.69,2249.45;2690.4,2267.38;2637.77,2266.2;2616.95,2280.73;2562.55,2281.92;2542.28,2246.94;2552.36,2232.43;2578.74,2234.31;2601.37,2209.43;2589.84,2178.27;2577.27,2163.74;2582.01,2146.93;2597.52,2136.13;2627.76,2143.22;2647.58,2116.31;2711.67,2130.6;2707.6,2172.76
745	220070000	0	10	69280	200,700;1074.73,935.69;1061.6,805;1082.7,741.06;1170.69,697.98;1237.65,710.51;1304.53,751.17;1354.03,883.75;1316.23,984.33;1246.77,1040.59;1207.63,1096.07;1153.51,1091;1142.74,1027.71;1109.54,1004.42
746	220070000	0	13	69282	50,850;2362.15,3061.19;2351.18,2702.25;2364.13,2684.45;2367.01,2665.19;2401.21,2624.23;2343.54,2531.87;2324.76,2446.87;2424.59,2378.22;2515.52,2360.59;2726.21,2122.67;2785.97,2150.81;2833.13,2111.28;2872.42,2124.59;2901.72,2093.96;3065.02,2087.41;3063.86,3065.03
747	220070000	0	15	69284	50,850;381.51,2030.18;363.74,2060.08;372.09,2107.28;358.6,2116.03;337.8,2114.94;331.97,2083.2;311.91,2072.99;286.74,2044.9;286.74,2021.56;265.95,2008.43;243.8,2035.79;16.2,2088.29;15.39,1434.06;199.85,1372.23;240.05,1396.5;282.77,1438.13;335.27,1435.92;374.36,1562.39;399.33,1593.84;527.94,1588.42;575.67,1643.13;582.45,1724.02;547.85,1889.89;561.39,1931.41;538.04,1967.29;433.29,1995.14;423.02,2018.05
748	220070000	0	11	69840	230,630;3034.16,1924.79;2964.55,2087.56;2898.86,2090.19;2871.71,2117.44;2825.36,2099.58;2783.44,2145.21;2717.09,2107.27;2689.91,2123.12;2666.7,2119.73;2661.03,2090.85;2643.1,2073.23;2631.6,2041.44;2617.77,2041.44;2606.25,2033.95;2600.49,2024.16;2601.07,2010.91;2602.8,1995.93;2612.01,1990.75;2599.62,1962.14;2589.3,1844.72;2628.58,1703.26;2629.21,1590.37;2666.91,1491.55;2875.25,1505.79;3029.14,1580.03
749	220070000	0	10	69286	350,500;1682.47,1869.42;1686.13,1839.09;1697.01,1809.09;1724.27,1774.99;1750.96,1752.65;1776.09,1746.89;1809.22,1754.63;1823.06,1791.97;1849.82,1803.7;1872.18,1806.26;1883.91,1817.26;1880.85,1836.72;1869,1851.87;1850.94,1858.47;1815.34,1887.37;1781.73,1896.99;1748.28,1899.3;1717.39,1895.29;1684.18,1881.18
750	220070000	0	10	69288	300,800;757.87,1793.66;723.98,1717.47;732.18,1635.26;893.66,1553.39;941.92,1570.61;973.38,1622.24;1000.14,1633.97;1011.22,1711.67;966.29,1797;893.08,1814.8;836.24,1799.59
751	220070000	0	5	69841	300,500;1467.09,1976.7;1466.44,1995.59;1456.61,2007.27;1433.81,2016.73;1407.04,1999.91;1406.5,1981.29;1416.92,1964.46;1438.67,1960.83;1461.19,1965.7
752	220070000	0	13	69290	50,850;2542.49,1501.23;2532.93,1584.7;2486.3,1579.63;2365.72,1515.71;2367.86,1504.76;2385.92,1493.08;2392.79,1474.49;2386.75,1452.61;2365.57,1444.28;2354.22,1476.65;2331.15,1470.39;2341.7,1437.15;2278.01,1375.03;2309.27,1218.9;2339.85,1199.28;2340.98,1183.58;2285.35,1169.09;2252.45,1195.74;2227.77,1179.51;2253.61,1146.95;2233.66,1136.64;2224.51,1111.53;2272.52,999.57;2235.79,930.99;2259.99,878.29;2284.83,871.17;2292.62,854.36;2275.53,823.74;2285.54,759.11;2319.08,745.27;2332.95,722.64;2384.83,709.18;2446.2,729.96;2492.6,785.93;2558.06,817.49;2610.09,799.5;2720.48,827.82;2758.9,903.04;2791.43,928.95;2791.29,956.79;2758.9,989.02;2718.55,988.1;2677.77,1032.22;2664.31,1081.42;2616.5,1102.59;2610.15,1147.57;2582.44,1206.43;2584.12,1268.13;2648.84,1322.13;2647.57,1458.81
753	220070000	0	13	69292	50,550;953.97,2595.44;907.65,2537.9;906.56,2476.81;932.25,2453.86;971.81,2320.55;1133.66,2233.03;1249.91,2220.6;1331.34,2242.42;1402.57,2333.35;1413.96,2464.81;1366.41,2578.29;1327.51,2583.27;1223.77,2673.21;1124.46,2732.6;1071.93,2719.42;1053,2662.61;986.59,2641.66
754	220070000	0	5	69294	300,600;2225.2,1746.69;2224.77,1775.16;2201.16,1802.84;2201.09,1825.44;2194.14,1830.88;2153.01,1821.76;2146.63,1808.06;2157.79,1790.95;2156.8,1782.05;2149.93,1776.79;2139.33,1715.65;2159.08,1702.87;2210.31,1721.88
755	220070000	0	5	69296	250,550;1926.44,1594.66;1934.64,1617.64;1932.85,1638.22;1902.42,1642.8;1891.92,1656.8;1863,1663.97;1829.09,1675.15;1813.74,1666.33;1806.67,1651.84;1784.69,1637.46;1773.11,1622.12;1777.69,1586.85;1794.92,1585.5;1811.34,1566.11;1806.35,1549.44;1814.98,1537.77;1812.31,1526.09;1820.65,1519.9;1838.22,1517.12;1852.31,1525.86;1861.81,1539.95;1900.39,1539.07;1914.41,1573.56;1914.04,1590.03
756	220070000	0	4	69842	267.13,417.13;1450.22,1094.31;1390.03,1084.85;1416.04,886.74;1492,899.48
757	220070000	0	13	69298	30,330;983.13,1579.67;977.55,1530.69;937.6,1493.66;897.04,1478.4;864.05,1491.13;844.72,1471.38;846.26,1442.67;861.36,1401.87;864.6,1364.52;908.65,1294.03;971.98,1278.59;1021.34,1291.48;1094.04,1414.01;1108.07,1500.67;1107.07,1518.86;1140.22,1563.95;1200.03,1569.53;1150.55,1653.74;1126.09,1636.35;1084.81,1643.95;1063.01,1665.67;1042.88,1654.29;1024.5,1607.32
758	220070000	1	8	72347	26.49,124.84;2944.02,979.29;2898.09,950.85;2809.05,860.35;2927.48,723.53;3010.55,770.89;3019.36,802.96;3063.79,844.83
759	220070000	1	8	72348	352.46,368.99;873.06,661.6;869.22,664.81;858.51,649.22;880.88,634.41;890.65,649.95;886.47,652.4;891.05,659.88;877.54,668.32
760	220070000	1	8	72349	334.31,343.84;992.3,928.01;1000.25,916.96;1010.1,924.25;1002.04,935;999.96,933.48;998.99,934.47;993.83,930.74;994.59,929.6
761	220070000	1	8	72350	337.05,343.02;2860.12,1738.42;2861.46,1735.86;2862.27,1736.23;2863.2,1734.46;2863.05,1734.37;2864.38,1731.76;2864.54,1731.85;2865.45,1730.01;2864.59,1729.58;2865.94,1727.02;2871.81,1730.02;2866.03,1741.41
762	220070000	1	8	72351	326.23,341.71;2133.09,1257.21;2132.91,1256.37;2135.57,1255.27;2134.77,1253.35;2139,1252.41;2135.2,1236;2117.44,1240.08;2121.24,1256.46;2125.45,1255.52;2126,1257.96;2128.32,1257.43;2128.54,1258.29
763	220070000	1	8	72352	560.77,569.48;1905.81,2891.56;1907.23,2885.69;1906.48,2885.25;1908.11,2879.29;1909.11,2879.34;1910.69,2873.48;1933.55,2879.88;1928.88,2897.52
764	220070000	1	8	72353	544.97,561.65;558.16,2820.96;549.23,2808.9;542.41,2807.89;534.2,2806.82;522.16,2815.63;522.19,2820.25;521.37,2826.21;519.95,2830.54;528.85,2842.62;537,2844.16;543.82,2844.85;555.91,2836
765	220070000	1	8	72354	425.04,500.04;2220.42,2414.87;2170.39,2418.8;2154.65,2407.87;2146.41,2390.88;2134.54,2380.17;2131.66,2369.12;2127.81,2349.71;2144.07,2321.18;2167.28,2306.64;2189.94,2301.51;2209.46,2323.25;2224.33,2342.16;2231.7,2375.87
766	220070000	1	8	72355	554.46,577.52;1769.33,2934.05;1774.59,2936.48;1776.33,2933.34;1777.64,2933.88;1782.44,2936.18;1783.07,2936.51;1782.25,2939.96;1787.17,2942.33;1781.72,2954.1;1783.69,2955.05;1752.81,3022.37;1728.5,3010.62;1761.78,2944.87;1763.88,2945.47
767	220070000	1	8	72356	562.44,569.9;1879.01,2933.38;1882.95,2928.69;1882.6,2928.13;1886.61,2923.52;1887.37,2923.69;1891.34,2919.28;1908.92,2935.13;1897.08,2948.85
768	220070000	1	8	72357	288.75,365.93;1402.74,1028.08;1423.2,898.41;1438.98,898.29;1461.35,901.57;1475.99,907.04;1452.82,1037.13;1442.34,1037.02;1434.56,1079.64;1426.35,1078.95;1415.47,1076.9;1406.41,1074.87;1413.41,1031.45
769	220070000	1	8	72358	241.95,263.35;857.15,1399.43;851.89,1412.92;837.01,1422.32;844.21,1436.57;845.8,1451.77;821.81,1465.8;814.4,1452.58;818.78,1445.2;826.98,1440.5;822.44,1425.31;824.01,1409.2;842.02,1396.8;839.98,1374.87;845.31,1362.65;854.22,1354.96;863.95,1354.51;874.76,1359.08;870.12,1372.79;864.36,1376.04;857.1,1376.44
770	220070000	1	8	72359	226.6,274.09;2407.24,1374.18;2407.76,1402.19;2429.91,1402.19;2429.93,1421.6;2413.6,1421.59;2413.07,1460.04;2383.9,1460.21;2383.72,1486.09;2412.7,1486.15;2412.76,1529.2;2430.23,1529.59;2431.99,1599.33;2404.36,1599.45;2404.12,1628.14;2538.75,1629;2538.7,1599.09;2467.97,1599.23;2468.64,1529.31;2484.88,1529.31;2486.22,1484.9;2518.69,1484.71;2527.25,1499.35;2545.33,1510.99;2566.12,1510.72;2582.64,1500.59;2593.85,1483.56;2594.11,1462.55;2583.77,1444.8;2566.18,1434.94;2545.93,1434.59;2527.63,1445.5;2518.15,1461.08;2485.66,1461.17;2485.36,1422.5;2467.85,1422.48;2467.69,1401.15;2605.84,1401.77;2606.29,1378.15
771	220070000	1	8	72360	326.42,376.86;542.99,1573.23;525.99,1576.78;521.32,1601.22;505.16,1610.16;512.46,1630.05;499.78,1641.67;491.74,1645.38;480.27,1639.69;480.74,1629.74;492.01,1624.18;492.44,1600.36;510.02,1585.14;510.01,1571.34;515.75,1560.68;538.2,1555;547.38,1563.23
772	220070000	1	8	72361	454.74,479.59;2863.24,1486.68;2866.47,1493.32;2860.79,1504.55;2844.91,1509.36;2847.26,1534.04;2830.73,1533.09;2824.29,1510.68;2831.17,1498.32;2824.78,1495.25;2823.65,1482.49;2841.08,1471.08;2861.99,1473.5
773	220070000	1	8	72362	532.62,545.69;1779.93,2824.27;1788.49,2828.99;1785.47,2835.37;1776.2,2831.43;1773.58,2836.22;1752.47,2825.56;1760.51,2809.03;1782,2819.45
774	220070000	1	8	72363	572.08,587.08;148.82,2593.32;136.24,2585;121.83,2587.97;117.53,2593.85;113.42,2600.58;116.48,2615.38;120.43,2617.11;125.36,2620.53;128.8,2623.61;143.58,2620.48;148.43,2613.81;151.66,2608.09
775	220070000	1	8	72364	532.2,545.21;1869.39,2871.51;1861.3,2866.07;1861.14,2865.99;1864.46,2859.58;1864.6,2859.7;1873.68,2863.42;1876.3,2859.14;1897.34,2870.21;1889.08,2886.55;1867.79,2875.87
776	220070000	1	8	72365	334.94,359.79;2843.58,1609.34;2845.51,1616.47;2837.84,1626.44;2821.34,1628.2;2819.04,1652.88;2802.97,1648.87;2800.84,1625.65;2809.9,1614.79;2804.2,1610.58;2805.46,1597.84;2824.72,1589.88;2844.81,1596.16
777	220070000	1	8	72366	409.74,434.59;2999.39,1577.69;2998.11,1584.96;2986.93,1590.73;2971.24,1585.33;2958.69,1606.7;2945.84,1596.24;2953.76,1574.31;2966.58,1568.32;2963.21,1562.1;2969.76,1551.09;2990.57,1552.06;3006.1,1566.28
778	220070000	1	8	72367	334.41,355.81;937.83,1486.81;944.65,1466.31;939.38,1464.54;940.9,1459.77;929.2,1455.93;927.65,1460.7;922.41,1459.08;915.67,1479.55
779	220070000	1	8	72368	502.35,527.2;3045.6,1923.32;3038.41,1925.01;3028.7,1917.02;3027.48,1900.46;3002.89,1897.35;3007.43,1881.43;3030.71,1880.06;3041.27,1889.48;3045.66,1883.91;3058.36,1885.6;3065.67,1905.1;3058.73,1924.98
780	220070000	1	8	72369	576.42,589.4;187.75,2770.26;186.69,2776.3;185.98,2781.97;193,2791.24;204.66,2793.21;214.08,2786.04;215.2,2780.93;216.03,2774.53;208.98,2764.92;205.38,2764.89;200.64,2764.22;197.34,2763.16
781	220070000	1	8	72370	644.91,657.68;122.72,2841.41;120.18,2836.73;109.36,2832.46;98.76,2837.32;94.9,2848.15;96.71,2853.18;99.28,2858.81;110.3,2862.93;113.34,2861.06;117.61,2859.02;120.83,2858.11;124.96,2846.94
782	220070000	1	8	72371	546.64,561.62;457.6,2762.58;451.69,2757.03;446.21,2752.62;431.23,2753.57;421.3,2764.92;422.17,2779.91;426.98,2785.03;433.53,2789.93;448.6,2789.02;451.03,2785.06;454.95,2780.58;458.89,2777.67
783	220070000	1	8	72372	292.2,342.2;2327.23,1656.02;2353.77,1649.48;2360.5,1666.39;2385.8,1665.46;2400.67,1678.38;2412.05,1688.34;2412.22,1698.57;2394.89,1698.42;2368.72,1689.16;2372.49,1707.61;2314.9,1726.71;2283.33,1720.25;2271.47,1729.08;2271.72,1752.82;2287.96,1763.01;2289.02,1771.19;2292.07,1779.42;2284.18,1782.84;2264.51,1778.13;2245.18,1747.42;2254.11,1712.94;2275.56,1697.27;2304.04,1694.19;2286.01,1609.83;2267.37,1616.35;2260.19,1595.59;2298.92,1579.55
784	220070000	1	8	72373	200.14,310.49;875.68,575.65;874.5,618.57;849.42,630.89;800.07,631.2;792.01,675.27;815.9,695.44;822.86,718.46;811.29,733;711.06,738.52;685.3,706.87;647.13,714.01;598.72,763.97;551.98,767.55;514.23,764.15;519.32,742.67;595.28,671.75;612.04,621.16;598.08,571.51;600.51,545.36;643.13,528.2;699.92,549.3;733.51,498.9;783.48,509.5;794.76,537.61;854.04,556.85
785	220070000	1	8	72374	346.99,360.45;833.38,726.57;829.57,726.85;828.61,712.23;849.34,710.84;850.33,725.47;846.52,725.6;846.88,732.77;834.06,733.69
786	220070000	1	8	72375	287.43,403.86;294.12,1315.42;277.26,1323.14;250.25,1318.63;244.2,1306.68;215.29,1300.67;199.75,1255.5;184.02,1222.19;213.99,1194.58;237.09,1171.54;254.31,1176.02;277.97,1152.43;289.61,1163.2;350.81,1153.41;361.79,1191.14;377.07,1211.17;368.95,1266.71;335.76,1279.74;336.44,1290.45;318.78,1312.85
787	220070000	1	8	72376	316.98,322.91;2704.5,1811.08;2705.69,1808.57;2706.45,1808.9;2707.33,1807.25;2707.16,1807.15;2708.37,1804.65;2708.56,1804.74;2709.33,1803.04;2708.64,1802.61;2709.83,1800.16;2715.51,1802.88;2710.1,1813.83
788	220070000	1	8	72205	555.56,566.29;1723.68,2876.34;1724.64,2881.12;1725.63,2880.94;1726.78,2886.83;1725.77,2887.08;1726.68,2891.86;1699.93,2897.13;1696.93,2881.6
789	220070000	1	8	72377	629.26,645.33;98.1,2953.09;95.08,2950.24;91.75,2945.1;89.56,2941.32;74.63,2938.51;68.32,2942.95;62.59,2947.25;60.08,2961.83;68.8,2973.94;83.5,2976.32;89.13,2972.55;95.47,2967.61
790	220070000	1	8	72378	343.12,359.83;1010.74,779.29;1001.33,780.97;999.01,764.66;1008.2,763.29;1007.53,758.14;1025.42,755.67;1029.07,782.23;1011.39,784.8
791	220070000	1	8	72379	539.19,555.36;523.93,2764.53;511.47,2756;496.68,2758.74;492.64,2764.35;488.16,2771.34;490.93,2786.04;495.06,2787.88;500.41,2791.42;503.37,2794.48;518.15,2791.88;523.43,2785.56;526.66,2779.29
792	220070000	1	8	72380	296.47,311.86;1285.09,1359.83;1284.01,1359.8;1284.06,1357.32;1281.59,1357.19;1281.63,1352.84;1264.54,1352.57;1264.18,1371.03;1281.28,1371.33;1281.41,1366.97;1283.91,1366.96;1283.95,1364.57;1285.07,1364.59
793	220070000	1	8	72381	566.76,582.83;551.34,2956.91;541.81,2945.49;527.06,2943.81;521.67,2948.3;515.28,2953.56;513.87,2968.33;516.85,2971.55;521.21,2976.21;523.42,2980.14;538.34,2981.51;544.73,2976.53;549.93,2971.81
794	220070000	1	8	72382	568.4,583.2;376.07,2962.49;368.47,2949.54;364.03,2948.96;358.02,2947.22;353.88,2945.67;340.75,2953.26;337.85,2961.09;337.12,2968.2;344.64,2981.02;359.31,2984.82;372.35,2977.12;374.77,2970.45
795	220070000	1	8	72383	561.33,576.52;223.09,2674.69;230.75,2674.43;237.32,2673.46;246.62,2662.27;245.19,2647.79;233.98,2638.67;227.12,2639.11;219.38,2640.06;210.23,2651.08;211.38,2655.3;211.94,2661.46;211.62,2665.6
796	220070000	1	8	72384	297.24,314.52;1461.16,1417.29;1461.1,1418.44;1458.79,1418.34;1458.36,1421.3;1453.36,1421.34;1453.42,1440.43;1474.07,1440.43;1474.06,1421.31;1469.19,1421.28;1468.7,1418.43;1466.52,1418.46;1466.56,1417.26
797	220070000	1	8	72385	566.72,578.66;80.35,2676.87;74.56,2678.23;69.35,2680.04;63.72,2689.93;66.88,2701.04;76.93,2706.51;82.18,2705.42;87.63,2703.42;93.49,2693.67;92.11,2690.39;90.84,2685.91;90.53,2682.59
798	220070000	1	8	72386	626.64,642.71;205.92,2978.59;203.21,2971.57;190.12,2964.41;186.17,2966.52;180.18,2968.13;175.99,2969.04;168.91,2982.21;171.09,2989.77;173.61,2996.28;186.65,3003.26;200.48,2998.47;207.6,2985.38
799	220070000	1	8	72387	310.59,335.44;2644.62,1751.75;2651.38,1754.72;2654.32,1766.95;2645.34,1780.9;2663.12,1798.18;2649.91,1808.17;2630.49,1795.27;2627.72,1781.39;2620.87,1783.19;2611.74,1774.21;2617.62,1754.22;2635.12,1742.52
800	220070000	1	8	72388	358.09,382.94;2875.88,2052.62;2869.74,2048.53;2868.96,2035.97;2880.23,2023.79;2865.73,2003.69;2880.47,1996.14;2897.35,2012.22;2897.67,2026.37;2904.73,2025.79;2912.16,2036.22;2902.9,2054.88;2883.63,2063.36
801	220070000	1	8	72389	556.01,564.97;1845.07,2954.58;1850.41,2951.6;1850.01,2950.71;1855.32,2948.01;1855.92,2948.73;1861.48,2946.09;1871.83,2967.27;1855.69,2975.4
802	220070000	1	8	72390	317.44,333.4;1954.13,1393.37;1954.25,1394.46;1951.66,1394.62;1951.91,1397.24;1947.46,1397.71;1948.95,1415.17;1967.85,1413.49;1966.29,1395.97;1961.83,1396.25;1961.54,1393.84;1959.11,1394;1959.12,1392.9
803	220070000	1	8	72391	401.13,429.13;1805.15,1768.66;1813.92,1805.21;1807.47,1814.87;1806.85,1818.12;1804.04,1819.6;1813.05,1831.89;1806.17,1838.5;1801.35,1840.81;1791.3,1843.08;1795.68,1860.87;1787.11,1862.9;1783.12,1845.4;1773.39,1847.34;1768.03,1847.11;1758.86,1844.25;1762.02,1828.78;1758.77,1829.05;1757.05,1826.1;1746.38,1820.93;1737.69,1784.46;1740.69,1775.48;1753.2,1772.16;1750.8,1760.93;1781.66,1753.62;1785.14,1763.74;1798.92,1761.93
804	220070000	1	8	72392	327.08,345.81;940.21,2069.74;952.83,2081.59;969.12,2073.64;986.59,2076.27;997.13,2092.31;1019.58,2086.75;1043.34,2093.27;1039.55,2120.15;1025.33,2116.95;1017.39,2105.62;995.74,2106.81;983.42,2102.64;972.7,2088.54;954.09,2100.82;943.57,2100.13;927.67,2078.69
805	220070000	1	8	72393	559.96,569.15;1737.89,2816.87;1735.03,2822.47;1736.14,2823.08;1733.63,2828.46;1732.45,2828.06;1729.91,2833.77;1708.66,2823.42;1716.38,2806.96
806	220070000	1	8	72394	381.21,389.98;2707.08,1573.69;2725.12,1571.49;2726.3,1580.81;2722.23,1581.28;2722.04,1580.03;2719.2,1580.35;2719.18,1580.64;2715.1,1581.15;2715.03,1580.85;2712.17,1581.22;2712.29,1582.49;2708.25,1583.03
807	220070000	1	8	72395	569.65,582.7;313.25,2774.96;309.6,2769.07;306.02,2764.1;293.23,2761.47;282.47,2768.61;279.83,2781.45;283.03,2786.42;287.05,2792.27;299.71,2794.94;302.18,2792.11;306.96,2789.41;310.54,2787.78
808	220070000	1	8	72396	299.93,316.46;1452.27,1193.22;1452.05,1192.14;1454.63,1191.57;1454.09,1188.88;1458.6,1187.89;1454.84,1170.2;1435.66,1174.25;1439.44,1192.02;1443.94,1191.07;1444.55,1193.69;1447.03,1193.15;1447.27,1194.06
809	220070000	1	8	72397	334.49,341.74;2850.39,1835.58;2853.6,1820.62;2861.32,1822.32;2860.58,1825.65;2859.53,1825.44;2859.05,1827.79;2859.29,1827.87;2858.52,1831.26;2858.29,1831.23;2857.84,1833.55;2858.83,1833.84;2858.19,1837.22
810	300030000	0	2	69300	320.33,520.33;252.35,394.94;272.69,474.75;381.46,535.62;408.82,513.85;398.19,504.37;457.88,427.97;440.28,356.9
811	300030000	0	3	69302	244.74,544.74;38.85,468.81;156.06,185.99;358.54,115.4;757.56,425.9;474.7,878.55;378.67,877.89
812	300030000	0	1	69304	320.43,520.43;236.51,307.68;260.76,253.75;325.66,228.99;373.88,236.36;418.97,288.89;425.09,365.88;273.55,395.49;261.79,363.1
813	300030000	1	8	72398	302.22,579.17;50.1,94.19;76.79,310.99;169.69,549.42;332.62,791.64;540.2,856.12;754.91,812.27;929.33,678.52;758.53,399.85;602.56,418.03;520.15,320.84;594.83,193.72;509.51,9.73;299.62,-45.5;150.76,7.79
814	300040000	0	16	72399	0.1,300.1;128.24,410.17;135.28,396.59;150.22,395.6;152.07,409.92;147.62,412.64;143.18,421.65;134.66,421.53
815	300040000	0	16	72400	0.1,300.1;544.1,549.92;602.03,576.19;625.6,652.3;731.9,751.89;766.86,871.63;689,1021.35;643.86,1020.45;601.56,980.27;566.56,936.49;490.48,891.76;472.44,911.65;436.85,918.77;356.25,844.7;380.88,731.28;426.24,624.34;459.3,589.99
816	300040000	0	16	72401	0.1,300.1;676.17,1142.04;692.08,1148.08;695.41,1166.91;704.26,1182.71;699.83,1206.73;685.17,1215.83;665.07,1213.56;651.71,1208.51
817	300040000	0	17	72402	0.1,300.1;1318.69,315.93;1196.23,585.93;1039.84,780.68;917.38,816.09;849.52,801.33;836.98,501.4;811.64,427.18;804.01,360.36;861.39,252.5;1021.21,192.21;1203.75,217.5
818	300040000	0	17	72403	0.1,300.1;361.51,1036.92;366.11,957.9;452.04,900.35;490.4,881.17;634.64,950.22;662.26,1050.73;649.22,1099.83;679.14,1144.33;656.89,1224.89;561.76,1316.19;457.41,1294.71;419.05,1230.26;369.95,1128.22
819	300040000	0	18	72404	0.1,300.1;378.74,952.6;368.76,1046.91;232.53,1025.46;71.29,969.12;34.52,854.89;33.2,462.11;244.8,368.21;334.73,487.23;387.75,697.64;336.79,840.22;365.77,877.52
820	300040000	0	16	72405	0.1,300.1;793.57,496.06;800.57,466.42;825.89,464.97;842.98,486.59;844.12,497.42;849.13,489.52;883.79,501.08;892.65,516.1;889.95,554.04;865.49,575.22;834.05,597.08;806.32,597.46;781.67,564.53;784.18,531.03
821	300040000	0	16	69306	0.1,300.1;226.71,997.71;334.24,1020.61;357.15,1115.2;390.29,1145.06;423.42,1135.94;441.87,1192.7;389.33,1213.24;467.59,1320.14;458.64,1415.74;358.5,1458.83;230.54,1475.94;141.54,1323.05;131.07,1156.93;105.94,1055.02
822	300040000	0	16	72406	0.1,300.1;216.69,417.02;233.69,392.67;252.33,396.21;263.89,419.47;259.4,443.14;237.23,449.8;222.81,438.38
823	300040000	0	18	72407	0.1,300.1;812.72,393.89;790.12,150.17;654.8,85.1;534.48,117.29;419.08,346.33;412.09,529.04;438.31,609.47;495.19,602.11;614.05,622.57;767.97,670.3;802.07,564.11
824	300040000	0	16	72408	0.1,300.1;207.42,327.49;204.5,292.33;253.81,263.09;301.58,266.35;321.12,299.35;318.73,349.08;304.18,395.54;268.57,397.28;233.4,376.22;229.49,360.02;232.1,351.7
825	300040000	0	16	72409	0.1,500.1;1039.34,1246.32;1092.23,1104.14;1256.02,1038.17;1356.12,1196.84;1316.88,1363.48;1116.12,1401.59;1075.74,1354.38
826	300040000	0	17	72410	0.1,300.1;210.68,490.07;243.84,473.45;314.85,395.82;332.24,291.92;294.89,238.66;172.46,278.98;168.39,358.13;103.87,407.92;114.41,471.63
827	300040000	1	8	72411	131.28,231.28;664.43,1176.99;665.78,1163.89;686.27,1158.29;707.1,1185.16;699.93,1210.36;673.17,1216.52;658.05,1206.33;656.37,1191.99
828	300040000	1	8	72412	100.6,202.43;129.97,460.85;124.74,402.82;171.53,364.52;196.62,356.43;203.63,316.23;243.87,265.77;297.86,270.28;324.84,326.67;300.56,391.42;262.25,443.77;228.69,467.99;216.1,474.43
829	300050000	0	16	72413	168.97,268.97;454.99,566.67;500.52,716.3;536.33,719.87;708.57,573.3;522.76,402.36;468.44,446.4
830	300050000	1	8	72414	197.98,226.74;534.41,489.53;509.61,489.78;494.95,471.05;493.76,456.2;509.22,417.36;535,417.33;551.15,458.57;548.87,470.66
831	300050000	1	8	72415	188.8,218.73;508.67,637.81;497.14,657.01;495.5,672.49;510.95,709.92;538.56,709.55;554.47,669.07;553.86,659.64;538.7,638.18
832	300050000	1	8	72416	197.98,229.99;603.48,583.06;604.01,552.61;626.99,537.37;636.26,536.05;677.28,552.13;676.62,578.19;636.19,593.2;623.15,591.7;603.64,577.17;603.48,583.06
833	300060000	0	16	72417	150,250;319.75,305.98;319.73,633.17;599.72,633.68;600.1,306.1
834	300060000	1	8	72418	156.03,271.35;361.74,606.89;564.42,606.02;564.22,318.45;362.07,318.39
835	300070000	0	16	72419	58.83,158.83;467.15,365.96;465.29,442.38;362.26,492.74;401.39,640.13;485.53,719.62;602.83,687.21;646.1,482.62;630.98,433.36;541.7,457.31;538.07,365.6
836	300070000	1	8	72420	71.74,153.31;372.47,478.64;351.03,496.94;364.37,536.42;394.17,533.8;441.76,513.93;456.14,532.76;453.37,623.34;483.59,663.22;524.63,666.88;556.06,625.56;557.01,555.09;582.49,502.52;639.62,491.56;657.62,469.26;642.36,427.78;572.71,443.04;537.49,413.69;533.58,357.34;491.32,352.65;458.06,378.47;462.36,445.39
837	300080000	0	16	72421	250,450;111.74,303.02;111.74,875.57;833.56,875.57;833.56,303.02
838	300090000	0	16	72422	80,280;121.86,84.17;122.98,405.98;399.95,404.59;398.83,83.2
839	300090000	1	8	72423	80.41,236.46;90.49,65.32;445.18,63.87;441.8,408.9;89.52,406.48
840	300100000	0	13	72424	855,925;447.57,554.32;476.05,554.28;476.08,581.53;447.49,581.68
841	300100000	0	15	72425	938,988;308.28,494.89;324.02,494.71;324.02,481.33;360.71,481.32;361.76,492.92;368.33,495.52;367.74,563.05;341.24,574.15;336.09,598.63;284.88,598.88;284.74,554.63;308.64,539.96
842	300100000	0	11	72426	928,988;770.02,469.3;768.91,534.11;692.93,533.97;693.29,468.4
843	300100000	0	18	72427	849.41,934.41;212.81,408.27;783.67,408.27;783.67,637.41;213.13,637.81
844	300100000	0	12	72428	1054,1104;354.52,443.21;491.92,443.51;492.08,575.04;354.86,575.41
845	300100000	0	13	72429	988.79,1068.79;723.12,453.38;793.09,453.35;793.05,567.02;723.12,566.92
846	300100000	0	14	72430	938,988;496.2,551.98;504.18,552.04;510.13,558.9;531.56,556.95;538.38,553.25;538.38,534.35;552.27,528.63;552.17,560.04;541.3,570;505.52,569.94;496.39,565.41
847	300100000	0	12	72431	855,925;398.61,501;418.67,500.96;418.55,518.56;398.53,518.57
848	300100000	0	14	72432	855,925;406.55,459.87;430.25,459.58;430.29,427.37;510.47,426.87;538.73,436.36;538.76,449.68;527.87,456.57;527.74,563.08;475.88,572.75;475.88,554.98;448.14,554.84;448.11,572.02;398.46,563.28;398.43,480.99;406.48,480.99
849	300100000	0	13	72433	938,988;321.51,435.84;387.75,412.23;525.61,437.02;525.78,462.74;413.71,448.89;397.28,458.14;356.27,458.13;323.68,464.66
850	300100000	0	14	72434	938,988;347.47,582.92;362.8,582.9;369.96,596.61;362.42,609.19;345.74,608.07;340.06,596.41
851	300100000	0	15	72435	1005,1155;348.37,419.42;656.15,420.13;656.85,517.75;698.78,517.75;698.75,596.01;348.21,595.83
852	300100000	0	13	72436	855,915;657.31,476.28;712.48,456.95;727.88,495.35;727.51,529.31;707.39,549.68;678.16,549.72;657.4,535.6
853	300100000	0	13	72437	855,925;442.51,487.08;482.82,488.04;482.67,523.5;443.03,523.31
854	300100000	0	13	72438	1003.96,1053.96;628.72,449.54;648.79,444.11;720.83,444.17;720.7,472.55;696.57,472.48;693.9,463.29;673.22,457.35;649.87,455.81;628.48,459.65
855	300100000	0	13	72439	890,990;274.1,441.72;291.78,441.62;292.01,456.67;274.19,456.44
856	300100000	0	13	72440	880,930;411.08,422.48;411,460.29;406.93,460.26;406.95,476.85;399.18,476.79;399.18,461.87;354.94,461.95;354.96,466.88;334.1,466.78;334.25,422.45
857	300100000	0	13	72441	1003.96,1053.96;654.9,517.1;699.55,516.96;699.52,532.68;716.53,532.73;716.55,554.2;665.98,566.13;656.09,551.87
858	300100000	0	14	72442	880,930;321.84,466.13;393.15,466.3;393.08,553.3;344.02,573.72;328.06,538.3;321.99,538.3
859	300100000	0	18	72443	979.14,1119.14;353.6,408.27;826.78,408.27;824.83,598.34;353.92,596.58
860	300100000	0	14	72444	880,930;239.97,456.6;300.52,456.28;312.82,468.23;312.77,544.5;294.04,544.72;284.38,566.14;240.02,544.51
861	300100000	0	11	72445	1064.19,1114.19;371.25,481.42;442.98,482.06;443.14,537.76;371.24,536.76
862	300100000	0	14	72446	938,988;408.88,524.16;431.87,518.57;447.99,534.91;442.24,556.19;420.54,562;403.81,546.36
863	300100000	0	14	72447	938,988;361.32,456.65;391.9,457.41;415.2,499.71;404.31,546.06;427,567.05;421.25,609.98;382.17,609.84;372.49,604.73;372.86,558.7;367.43,552.35;367.97,495.64;361.44,493.07
864	300100000	0	13	72448	928,988;535.2,495.41;598.21,495.57;598.18,450.37;665.85,450.4;665.77,573.65;551.82,573.66;551.99,510.31;535.21,510.38
865	300100000	0	13	72449	938,988;313.47,598.1;326.74,598.08;342.87,607.19;364.3,608.55;426.62,609.13;422.82,631.41;399.33,638.51;311.74,623.25;306.06,611.59
866	300100000	0	15	72450	855,925;536.45,421.55;657.67,444.64;657.93,578.14;536.4,594.91;536.33,450.55;538.37,449.15;538.37,437.26;536.46,436.37
867	300100000	0	12	72451	855,925;497.64,423.35;511.95,423.32;512.15,434.85;497.56,434.86
868	300100000	0	14	72452	938,988;215.87,448.77;310.12,449.11;310.06,543.72;215.96,543.78
869	300100000	0	12	72453	855,905;723.85,447.55;739.62,449.24;748.02,469.8;735.6,482.62;721.59,480.91;713.92,461.31
870	300100000	0	13	72454	880,930;292.17,546.82;323.69,546.75;334.56,551.87;343.96,572.62;338.08,588.66;319.35,596.93;301.29,589.05;284.09,565.37
871	300100000	0	15	72455	938,988;452.91,587.49;452.94,552.91;489.1,552.89;488.85,587.68
872	300100000	0	20	72456	849.41,1149.41;199.81,397.33;810.94,398.59;812.2,647.87;200.12,645.75
873	300100000	0	14	72457	1003.96,1053.96;655.44,458.36;673.6,456.49;694.62,462.75;699.59,483.23;723.73,483.03;723.76,533.35;700.47,533.33;700.36,515.49;655.44,515.53
874	300100000	0	12	72458	938,988;443.23,469.81;509.33,460.17;519.13,461.37;535.8,478.03;535.76,553.38;452.83,553.41;452.81,540.77;443.24,530.51
875	300100000	0	19	72459	931.61,981.61;212.81,408.27;783.67,408.27;783.67,637.41;213.13,637.81
876	300100000	0	14	72460	928,988;776.79,437.07;776.95,556.96;665.15,556.98;665.32,437.29
877	300100000	1	8	72461	809.12,924.39;754.81,413;617.94,409.77;308.65,408.7;216.67,439.82;179.92,537.15;222.6,608.55;284.04,651.44;498.12,654.9;531.39,606.43;750.2,604.52;807.4,524.71;810.08,448.38
878	300100000	1	8	72462	922.1,993;754.81,413;617.94,409.77;308.65,408.7;216.67,439.82;179.92,537.15;222.6,608.55;284.04,651.44;498.12,654.9;531.39,606.43;750.2,604.52;807.4,524.71;810.08,448.38
879	300100000	1	7	72463	1070.57,1102.27;381.41,480.69;440.95,481.58;441.47,537.21;380.16,536;371.24,519.83;371.22,500.49
880	300100000	1	8	72464	994.72,1123.05;850.41,449.48;756.31,424.86;675.96,414.99;353.58,416.65;343.38,512.46;355.87,602.72;479.02,604.11;668.27,603.46;754.04,595.04;841.5,570.16;915.71,538.74;916.9,477.2
881	300100000	1	7	72465	1026.47,1035.47;651.17,470.08;651.24,474.59;639.07,474.76;639.09,470.17
882	300100000	1	7	72466	1005.88,1033.53;652.8,551.41;653.38,541.16;651,474.2;650.93,469.75;672.53,459;687.73,461.5;695.25,465.13;698.13,485.81;722.29,484.93;727.23,469.73;739.49,460.39;765.62,475.01;787.54,494.89;787.87,523.87;766.09,543.88;737.43,554.86;698,560.68;666.58,563.19
883	300100000	1	7	72467	1026.36,1037.36;653.65,543.33;653.2,549.54;639.06,549.19;639.05,543.59
884	300100000	1	7	72468	1013.9,1037.36;722.44,449.22;723.13,472.71;699.56,472.06;696.18,462.83;689.71,460.12;663.27,456.38;649.7,454.74;627.63,456.49;627.68,452.88;643.36,448.85;665.47,450.08;697.58,454.78;699.15,447.37
885	300110000	0	2	72469	200,600;413.01,720.66;390.02,734.32;369.7,717.99;371.7,688.67;403.01,687.01;417.01,696
886	300110000	0	5	69722	200,700;863.65,808.66;721.57,-469.6;486.44,-802.32;249.09,-468.98;95.13,803.29;484.09,1095.94
887	300110000	0	2	72470	200,600;502.71,634.61;468.46,634.22;446.87,612.25;446.95,581.44;469.63,560.27;501.93,560.66;525.64,583.05;525.88,614.99
888	300110000	0	2	72471	200,600;423.85,175.56;392.23,198.03;369.7,165.3;396.6,135.2;419.05,148.82
889	300110000	0	2	72472	200,600;511.3,341.7;513.58,293.91;500.41,276.35;471.73,276.06;459.73,293.91;464.12,342.2
890	300110000	0	2	72473	200,600;426.2,614.06;432.43,551.78;394.91,529.75;369.76,528.43;355.36,542.83;329.67,544;323.44,569.3;330.77,597.64;369.83,609.85;403.48,599.7
891	300110000	0	2	72474	200,600;517.18,846.21;452.89,846.44;438.55,879.41;453.58,910.86;483.28,922.04;517.88,908.41;530.11,877.31
892	300110000	0	2	72475	200,600;602.43,718.06;581.93,733.4;556.95,722.07;551.28,700.08;568.45,686.74;595.59,688.75
893	300110000	0	4	72476	200,600;379.88,322.51;454.87,377.71;515.89,378.27;583.8,323.56;708.71,353.03;659.77,647.03;542.75,648.72;525.73,535.87;441.48,536.97;427.21,651.99;318.61,651.51;264.64,360.27
894	300110000	0	3	72477	200,600;402.67,125.43;569.91,125.87;608.01,163.36;581.58,327.28;517.28,379.22;454.28,379.22;383.44,326.28;362.59,166.66
895	300110000	0	2	72478	200,600;441.53,507.15;442.69,482.63;420.46,447.17;371.85,470.96;373.41,514.94;428.6,531.31
896	300110000	0	2	72479	200,600;602.65,162.92;577.24,197.63;546.87,175.58;549.77,149.92;576.68,138.38
897	300110000	0	2	72480	200,600;429.51,439.89;421.31,396.44;387.7,381.27;369.98,362.69;313.49,354.16;284.48,380.46;280.23,434.99;306.44,464.36
898	300110000	0	2	72481	200,600;564.61,251.35;528.83,258.42;524.2,276.49;533.03,295.7;553.83,301.53;570.89,291.96
899	300110000	0	4	72482	200,600;401.59,814.66;437.14,779.18;530.69,779.16;559.15,816.04;519.47,917.42;484.21,930.74;450.83,917.55
900	300110000	0	3	72483	200,600;349.05,649.86;424.87,649.3;439.86,534.63;527.19,533.75;544.83,647.09;599.18,646.36;618.65,775.39;554.21,812.37;529.47,780.16;437.97,780.63;407.07,811.85;357.21,778.76
901	300110000	0	2	72484	200,600;638.33,543.67;611.8,540.38;594.55,523.89;560.41,534.71;535.01,560.81;541.48,610.23;562.11,602.05;600.25,609.06;627.5,603.22;644.37,567.24
902	300110000	0	1	72485	414,604;516.81,847.74;451.95,847.45;444.02,814.01;469.79,786.04;501.35,786.36;522.99,816.11
903	300110000	0	2	72486	200,600;602.2,509.59;601.03,475.34;548.34,446.61;528.36,482;529.53,508.86;549.35,530.13
904	300110000	0	2	72487	200,600;658.34,464.04;555.44,446;554.01,399.83;579.9,387.79;613.85,349.87;671.76,357.28;696.8,400.38;682.83,458.62
905	300110000	0	2	72488	200,600;439.87,259.94;414.08,255.36;391.42,266.87;397.85,294.88;415.32,302.79;440.29,289.47
906	300120000	0	20	72489	130,280;332.93,63.75;332.93,947.36;711.75,947.36;711.75,63.75
907	300120000	0	11	72490	180,260;458.48,796.77;458.48,915.25;598.16,915.15;598.16,796.87
908	300120000	0	10	72491	170,220;416.77,174.3;369.93,230.89;369.77,684.74;423.76,731.98;479.39,732.07;492.45,718.62;500.95,695.16;451.33,609.63;451.07,232.15;494.66,204.45;505.26,185.85;493.56,174.69
909	300120000	0	10	72492	170,220;556.62,171.69;549.32,184.15;559.02,203.17;600.35,228.79;600.41,611.72;550.76,694.54;558.78,718.89;570.29,731.24;625.4,731.4;677.74,681.2;678.22,229.56;617.07,171.69
910	300120000	0	10	72493	170,220;481.61,242.46;481.61,632.68;509.99,682.7;541.9,682.71;570.48,632.47;570.41,242.51
911	300120000	0	8	72494	180,230;502.61,750.55;502.61,798.3;553.38,798.3;553.38,750.55
912	300130000	0	20	72495	130,280;332.93,63.75;332.93,947.36;711.75,947.36;711.75,63.75
913	300130000	0	10	72496	170,220;416.77,174.3;369.93,230.89;369.77,684.74;423.76,731.98;479.39,732.07;492.45,718.62;500.95,695.16;451.33,609.63;451.07,232.15;494.6,204.68;505.11,185.23;493.56,174.69
914	300130000	0	10	72497	170,220;556.62,171.69;548.7,184.63;559.1,203.09;600.35,228.79;600.41,611.72;550.76,694.54;558.78,718.89;570.29,731.24;625.4,731.4;677.74,681.2;678.22,229.56;617.07,171.69
915	300130000	0	11	72498	180,260;458.48,796.77;458.48,915.25;598.16,915.15;598.16,796.87
916	300130000	0	8	72499	180,230;502.61,750.55;502.61,798.3;553.38,798.3;553.38,750.55
917	300130000	0	10	72500	170,220;481.61,242.32;481.61,632.68;509.99,682.7;541.9,682.71;570.48,632.47;570.48,242.32
918	300140000	0	20	72501	130,280;332.93,63.75;332.93,947.36;711.75,947.36;711.75,63.75
919	300140000	0	11	72502	180,260;458.48,796.77;458.48,915.25;598.16,915.15;598.16,796.87
920	300140000	0	10	72503	170,220;416.77,174.3;369.93,230.89;369.77,684.74;423.76,731.98;479.39,732.07;492.45,718.62;500.95,695.16;451.33,609.63;451.07,232.15;493.73,206.09;505.48,184;493.56,174.69
921	300140000	0	10	72504	170,220;556.62,171.69;548.7,184.63;559.1,203.09;600.35,228.79;600.41,611.72;550.76,694.54;558.78,718.89;570.29,731.24;625.4,731.4;677.74,681.2;678.22,229.56;617.07,171.69
922	300140000	0	10	72505	170,220;481.61,242.01;481.61,632.68;509.99,682.7;541.9,682.71;570.48,632.47;570.48,241.95
923	300140000	0	8	72506	180,230;502.61,750.55;502.61,798.3;553.38,798.3;553.38,750.55
924	300150000	0	2	69308	100,200;732.26,589.76;838.48,589.54;838.75,335.56;732.31,335.93;732.23,382.06;783.76,381.29;784.58,434.94;732.18,434.79
925	300150000	0	3	69310	100,200;670.68,695.24;670.51,575.4;723.97,575.4;723.45,262.2;847.72,262.34;847.72,695.24
926	300150000	0	2	69312	100,200;416.22,403.49;553.96,403.76;553.96,569.93;524.45,569.66;524.72,615.57;415.75,655.24
927	300150000	0	1	69314	100,200;581.52,574.17;695.05,574.17;695.05,399.49;579.57,399.49
928	300150000	0	1	72507	100,200;525.32,176.07;595.88,176.26;595.69,231.84;525.5,231.84
929	300150000	0	1	69316	100,200;805.43,336.88;745.67,336.88;745.84,264.71;805.6,264.71
930	300150000	0	1	69318	100,200;676.43,680.99;676.43,620.51;798.92,620.17;798.72,681.17
931	300150000	0	1	72508	100.1,200.1;722.71,386.29;784.87,386.29;785.22,431.34;723.4,430.64
932	300150000	0	2	69320	100,200;600.11,573.63;672.62,573.85;672.51,629.35;655.04,629.38;655.08,664.8;636.96,675.21;618.26,663.23;618.4,629.4;600.36,629.39
933	300150000	0	4	69322	100,200;402.72,148.77;402.72,750.8;861.31,750.8;860.45,148.77
934	300150000	0	3	69324	100,200;621.78,686.83;601.32,628.45;601.32,567.67;556.58,567.65;556.32,350.14;412.92,350.07;413.09,742.33;466.47,742.2
935	300150000	0	1	69326	100,200;621.38,681.1;466.04,737.13;443.34,674.39;591.47,621.39;600.24,621.4
936	300150000	0	1	69328	100,200;473.66,355.52;544.22,355.7;544.03,405.54;473.85,405.54
937	300150000	1	8	72509	110.98,210.98;423.3,766.5;365.95,663.76;365.21,487.73;397.03,328.56;465.24,263.93;619.26,266.45;707.74,235.02;870.77,239.68;868.35,727.98
938	300150000	1	8	72510	128.8,168.8;596.28,231.89;527.57,232.09;522.14,205.97;534,173.42;593.07,173.62;605.52,206.17
939	300160000	0	2	69330	50.2,350.2;1001.42,624.55;1075.27,624.18;1075.53,650.23;1097.88,650.18;1098.9,737.23;1002.05,737.72
940	300160000	0	1	69332	50,350;410.19,1327.46;411.44,1560.77;531.23,1560.87;531.05,1326.48
941	300160000	0	4	69334	50,350;1122.98,1830.81;379.96,1617.77;379.84,1131.19;1024.96,879.45;1348.9,1628.23
942	300160000	0	2	69336	50,350;1344.82,1219.58;1273.28,886.43;1295.81,753.97;1244.55,719.24;1372.26,511.98;1610.86,660.5;1643.02,943.06;1591.62,996.69;1592.86,1184.84
943	300160000	0	1	69338	50,350;1010.22,880.08;1099.39,743.55;1099.33,654.9;1131.52,639.88;1300.1,750.27;1278.05,886.22;1350.16,1220.03;1175.47,1240.82
944	300160000	0	5	69340	50,350;365.62,195.35;1677.53,192.19;1876.68,1098.59;1750.38,1302.79;1124.31,1842.31;366.78,1626.64
945	300160000	0	1	69342	50,350;908.59,1250.06;909.04,1081.42;693.07,1081.49;693.4,1670.9;1120.49,1772.6;1120.62,1499.1;1032.26,1499.25
946	300160000	0	4	69344	50,350;995.49,269.92;1154.77,269.77;1154.99,369.03;1100.85,654.67;1101.29,748.19;995.56,748.02
947	300160000	0	1	72511	50.2,350.2;659.1,800.78;827.97,800.42;827.67,966.42;659.24,965.64
948	300160000	0	3	69346	50,350;1018.03,879.75;1098.04,752.92;1098.01,651.54;1374.01,501.66;1618.87,652.63;1863.56,1099.14;1744.03,1293.71;1185.33,1245.5
949	300160000	0	1	69348	50.1,350.1;1014.2,459.48;1123.01,459.43;1098.71,650.97;1073.71,651.07;1073.7,624.78;1014.21,625.11
950	300160000	0	2	69350	50,350;905.69,1163.11;1066.7,1162.9;1138.95,1235.98;1139.12,1502.01;906.08,1503.74
951	300160000	0	1	72512	50,350;1588.02,996.44;1642.47,938.91;1763.34,959.51;1842.61,1101.31;1735.87,1277.07;1589.78,1184.19
952	300160000	0	3	69352	50,350;529.43,1485;529.07,1116.01;695.82,1116.09;696.29,1484.67
953	300160000	0	2	69354	50,350;408.42,1147.28;531.28,1147.06;531.25,1273.22;408.46,1273.38
954	300160000	0	3	69356	50.1,350.1;1014.25,276.24;1153.57,274.49;1154.02,364.97;1127.78,460.56;1014,461.09
955	300160000	1	8	72513	44.45,289.88;1006.55,266.38;1183.34,263.45;1587.37,600.23;1876.47,1158.58;1708.29,1320.82;1160.36,1376.49;1142.11,1726.13;367.58,1670.79;362.42,1057.35;944.95,1062.8;940.86,807.69;1005.33,382.48
956	300160000	1	8	72510	138.43,247.75;599.42,764.71;599.42,1036.23;845.01,1037.46;843.78,757.93;600.04,762.25
957	300170000	0	5	69358	160,300;590.25,16;538.82,479.82;922.25,592.4;1072.39,377.37;1072.43,270.63;1011.29,270.23;1011.15,169.44;941.97,169.71;941.67,9.7
958	300170000	0	5	69360	160,410;1076.39,664.66;1209.75,575.76;1398.58,575.19;1593.74,1042.95;1500.16,1290.83;1356.51,1391.28;1063.03,1274.48;956.43,1031.56
959	300170000	0	1	69362	250,550;1584.46,1416.95;1586.96,1453.17;1639.36,1462.61;1652.27,1446.81;1656.12,1427.35;1649.38,1409.05;1632.04,1396.15
960	300170000	0	1	69364	250,550;1478.23,1541.66;1515.9,1538.31;1534.52,1586.65;1520.08,1603.81;1502.71,1609.88;1484.72,1606.53;1467.77,1592.09
961	300170000	0	1	72514	250,550;1401.35,1306.6;1383.09,1321.98;1405.09,1350.61;1423.33,1336.45
962	300170000	0	3	69366	160,300;1312.03,409.79;1324.56,426.12;1340.13,436.27;1366.16,436.48;1382.62,426.82;1396.32,408.12;1396.53,324;1312.03,324
963	300170000	0	2	69368	160,280;1170.87,803.13;1257.65,803.13;1259.08,480.63;1169.65,480.63
964	300170000	0	1	69370	250,550;1585.95,1459.2;1573.04,1494.65;1615.23,1525.47;1636.42,1516.22;1647.85,1498.48;1646.19,1480.18;1638.74,1463.25
965	300170000	0	1	69372	160,410;1445.84,1082.51;1459.56,1111.35;1546.69,1094.01;1576.63,1045.72;1542.13,1006.11;1477.18,1010.24
966	300170000	0	2	69374	160,300;1300.5,250;1411.5,250;1411,325;1300.5,325
967	300170000	0	4	72515	160,300;1346.81,135.35;1368.81,135.35;1399.31,117.85;1399.31,40.78;1315.31,40.78;1315.31,120.35
968	300170000	0	1	69376	250,550;1471.78,1539.29;1437.56,1526.71;1405.24,1567.12;1412.55,1586.13;1425.97,1598.82;1446.67,1601.65;1467.8,1592.44
969	300170000	0	3	69378	160,300;1335.95,128.01;1347.45,133.51;1368.45,133.51;1378.45,128.01;1402.12,169.25;1401.81,251.5;1311.81,251.5;1311.62,168.25
970	300170000	0	1	69380	160,410;1199.91,1159.84;1229.49,1191.78;1238.04,1232.36;1203.87,1271.41;1120.65,1288.98;1075.18,1265.48;1074.82,1209.04;1109.37,1178.44
971	300170000	0	1	69382	200,300;495.86,1305.09;605.33,1304.92;605.84,1415.72;495.74,1415.38
972	300170000	0	1	69384	160,300;1408.5,215.8;1409.29,451.93;1506.79,451.93;1506,215.8
973	300170000	0	3	69386	160,300;1014,8.5;1013.42,272.04;1174.15,273.41;1174.5,8.5
974	300170000	0	2	69388	160,300;934.56,96.31;934.56,171.81;1024.06,171.81;1024.06,96.31
975	300170000	0	1	69390	250,550;1523.78,1551.27;1539.78,1528.87;1558.38,1515.07;1584.18,1505.47;1617.38,1547.47;1611.18,1565.27;1623.58,1581.47;1624.18,1600.67;1616.18,1611.27;1600.38,1615.27;1585.38,1610.47;1573.98,1593.27;1555.18,1594.07
976	300170000	0	1	69392	160.1,260.1;1230.78,377.57;1231.13,426.41;1252.19,440.66;1266.61,580.7;1443.13,579.71;1443,458.2;1406.87,457.73;1406.76,437.49;1315.64,438.25;1314.77,418.98;1274.05,377.76
977	300170000	0	3	69394	160,300;1010.71,461.12;1067.34,381.32;1174.76,381.32;1174.76,644.32;1010.31,646.06
978	300170000	0	2	69396	250,550;1392.11,1358.95;1434.03,1326.56;1518.83,1297.02;1670.32,1379.91;1631.26,1626.68;1404.94,1619.56;1330.61,1450.9
979	300170000	0	4	69398	160,300;1172.88,270.32;1070.59,270.06;1070.65,382.44;1188.3,383.84;1190,481.38;1232.88,481.7;1232.88,311.32;1302.5,311;1302.5,237.36;1197.5,237.36
980	300170000	1	8	72516	292.29,343.79;1440.83,1528;1470.81,1538.66;1472.67,1549.48;1465,1599.15;1431.66,1604.82;1405.66,1594.15;1402.05,1578.06
981	300170000	1	8	72517	292.29,373.67;1583.19,1461.21;1573.77,1492.31;1578.37,1501.44;1618.81,1527.81;1643.71,1514.33;1652.21,1503.19;1650.75,1480.05;1641.08,1463.93;1586.28,1461
982	300170000	1	8	72518	300.78,352.23;1560.35,1507.31;1535.94,1526.33;1517.88,1543.68;1565.46,1610.25;1603.21,1623.46;1631.9,1603.73;1632.33,1556.3;1574.46,1501.25
983	300170000	1	8	72519	211.61,248.93;487.65,1335.61;501.23,1393.66;544.77,1417.54;574.49,1401.85;597.66,1375.4;597.43,1329.99;574.26,1302.14;523.93,1306.59;487.42,1335.38
984	300170000	1	8	72520	300.28,567.36;1386.83,1359.19;1353.58,1436.68;1366.87,1497.62;1394.15,1515.96;1399.51,1536.9;1422.46,1551.04;1438.56,1527.49;1473.13,1541.33;1521.3,1537.59;1571.39,1499.47;1584.74,1459.87;1584.17,1418.86;1612.42,1407.54;1616.84,1372.92;1575.61,1328.67;1487.11,1303.5;1438.32,1321.45
985	300170000	1	8	72521	292.29,377.77;1511.17,1537.48;1479.16,1539.81;1475.67,1548.15;1467.66,1601.16;1497,1623.16;1525.34,1612.49;1540.67,1600.16;1513.33,1540.48
986	300170000	1	8	72522	212.88,338.95;675.81,-224.75;1401.52,-28.48;1522.73,222.04;1501.72,588.93;1248.77,778.14;1188.63,778.41;588.53,976.31;289.74,720.64;334.31,2.53
987	300170000	1	8	72523	292.29,353.33;1585.43,1449.35;1596.25,1457.19;1641.66,1462.47;1659.54,1441.37;1659.54,1411.77;1643.13,1393.02;1584.49,1422.75
988	300190000	0	18	69400	1000,1500;586.7,867.04;588.53,811.15;644.42,776.34;704.88,781.84;726.87,859.71;690.23,920.18;616.93,911.93
989	300190000	0	15	69402	1000,1500;85.02,710.27;119.19,657.72;190.93,671.91;200.93,690.26;198.42,717.8;167.62,756.09;100.03,749.44
990	300190000	0	16	69404	1000,1500;84.39,373.9;172.71,171.47;366.21,209.18;427.73,432.45;501.16,548.55;493.22,661.67;317.58,732.13;304.68,829.37;308.65,887.92;335.45,1009.98;153.85,1026.84;22.87,569.39
991	300190000	0	15	69406	1000,1500;186.32,438.96;194.66,487.34;223.86,511.53;258.06,485.67;264.73,469.82;259.73,455.64;255.56,438.96;243.04,429.78;218.02,418.11;197.16,430.62
992	300190000	0	25	69744	1000,1500;-41.68,85.32;520.35,107.2;801.36,817.3;749.2,1071.4;39.09,1158.9
993	300190000	0	15	69408	1000,1500;332.67,572.37;368.16,536.88;394.19,523.86;433.24,547.52;486.48,547.52;484.11,622.06;385.91,672.94;323.2,638.63;309.01,597.22
994	300190000	0	14	72524	1000,1500;407.27,997.64;408.39,966.76;422.24,967.11;465.68,950.91;472.72,977.5;461.64,1015.76;422.37,1024.83
995	300190000	0	11	69410	1370,1570;564.25,864.35;560.33,772.31;632.79,736.09;718.95,774.27;736.57,896.66;624.95,917.22
996	300190000	0	14	69412	1000,1500;349.95,797.23;362.7,774.47;411.86,772.65;429.16,794.5;424.61,814.53;410.04,815.44;384.56,820.94;378.17,816.35;364.57,819.13;359.05,813.62
997	300190000	0	10	69414	1370,1570;508.23,805.28;546.66,785.96;575.28,796.56;573.18,807.74;576.02,817.72;573.46,828.58;574.84,833.99;574.89,838.65;576.31,841.05;577.55,845.33;580.2,850.46;577.67,873.51;521.79,859.62
998	300190000	0	15	69416	1000,1500;251.79,321.41;270.91,293.14;314.15,295.63;319.14,318.92;311.66,362.98;285.05,368.8;248.37,358.25;245.97,339.7
999	300190000	0	15	69418	1000,1500;110.61,387.76;128.26,378.57;170.65,377.29;167.43,389.36;151.64,416.11;113.32,408.45
1000	300190000	0	15	69420	1000,1500;295.42,895.43;315.64,826.25;356.09,770.9;412.64,757.69;437.72,802.83;426.34,825.18;445.5,869.89;522.13,902.88;473.17,943.33;495.52,1019.96;428.47,1051.89;320.96,961.42
1001	300190000	0	13	69422	1000,1500;411.54,767.56;433.39,750.26;448.86,755.73;453.11,780.52;443.01,786.52;424.27,793.5;416.88,781.04;411.74,771.35
1002	300190000	0	13	69424	1000,1500;438.44,808.81;485.47,765.47;546.32,786.68;541.71,820.8;606.26,826.33;607.18,862.29;559.23,858.6;559.23,912.08;502.06,912.08;475.32,908.39;454.12,891.8;434.75,874.28;431.06,859.52;420.92,846.62
1003	300190000	0	15	69426	1000,1500;224.16,661.58;283.62,653.21;328,686.7;298.69,750.35;268.54,754.53;218.3,752.85;205.74,719.36;211.6,688.38
1004	300190000	1	8	72525	1369.74,1446.56;692.2,958.67;504.64,859.28;484.46,799.5;543.49,715.06;588.33,731.5;629.43,721.04;666.05,754.67;732.55,777.83;719.85,836.87;768.42,875.72;724.33,949.7
1005	300190000	1	8	72526	1089.31,1292.49;294.12,195.08;457.1,622.61;334.82,669.19;287.45,873.15;320.17,996.2;207.08,970.21;87.11,722.08;52.27,228.04
1006	300190000	1	8	72527	1229.87,1360.64;300.19,1004.37;261.45,867.08;301.06,793.52;372.79,763;507.53,746.83;566.02,815.32;687.17,783.86;760.74,812.75;699.77,913.41;576.65,897.41;498.5,939.91;472.36,1015.75
1007	300200000	0	16	72528	116.08,196.08;69.42,63.36;58.72,75.49;45.94,98.34;52.25,113.58;78.69,140.37;117.85,125.49;116.16,46.74
1008	300200000	0	15	72529	68.18,218.18;375.43,255.96;415.76,263.82;426.58,315.9;404.62,387.52;334.35,386.01;294.38,361.11;295.73,332.25;310.24,315.04;335.63,286.1;357.46,262.69
1009	300200000	0	10	72530	130.95,200.95;173.23,250.28;272.29,249.72;277.28,348.82;175.7,348.61
1010	300200000	0	20	72531	53.8,303.8;41.15,138.72;99.41,182.36;94.58,315.13;93.87,471.07;251.48,503.89;421.58,432.13;472.11,301.92;385.7,209.66;315.06,148.58;254.16,1.89;1.76,-0.02;33.82,104.3
1011	300200000	0	16	72532	60.36,210.36;212.76,174.85;245.58,176.78;263.45,195.91;262.27,231.29;243.45,255.19;203.59,256.52;181.41,235.21;183.54,194.84
1012	300200000	0	14	72533	64.4,144.4;266.6,255.28;292.41,233.73;331.17,233.5;350.67,262.56;348.04,302.01;317.41,325.43;277.31,306.58;267.35,277.04
1013	300200000	0	14	69428	107.82,177.82;112.2,42.4;194.08,43.61;194.7,119.77;114.16,120.83
1014	300200000	0	16	72534	55.89,205.89;275.34,343.93;345.16,384.47;343.69,426.02;300.53,471.31;211.49,455.64;120.87,453.77;106.95,380.22;174.76,346.09
1015	300200000	1	2	72535	60.32,210.32;178.04,345.6;179.22,256.87;212.6,257.26;212.2,249.8;191,232.92;187.08,223.49;187.47,202.68;139.67,159.77;139.23,121.44;114.04,120.23;102.26,122.98;88.13,133.58;74.78,136.33;47.05,107.85;73.99,69.97;111.3,65.65;112.47,44.45;141.53,42.88;140.74,32.28;121.11,31.1;122.29,7.54;205.14,11.07;205.14,30.7;162.48,31.88;161.42,42.03;192.57,42.09;191.79,119.05;158.18,121.09;158.41,135.54;234.59,135.54;234.19,177.16;246.36,179.52;259.32,196.01;262.07,203.86;322.14,204.65;320.12,234.81;341.52,248.64;352.32,277.04;344.53,299.67;323.75,315.6;296.22,314.89;276.49,300.13;268.41,273.56;267.84,344.83;178.04,345.6
1016	300210000	0	2	72536	200,600;413.01,720.66;390.02,734.32;369.7,717.99;371.7,688.67;403.01,687.01;417.01,696
1017	300210000	0	5	69743	200,700;863.65,808.66;721.57,-469.6;486.44,-802.32;249.09,-468.98;95.13,803.29;484.09,1095.94
1018	300210000	0	2	72537	200,600;502.71,634.61;468.46,634.22;446.87,612.25;446.95,581.44;469.63,560.27;501.93,560.66;525.64,583.05;525.88,614.99
1019	300210000	0	2	72538	200,600;423.85,175.56;392.23,198.03;369.7,165.3;396.6,135.2;419.05,148.82
1020	300210000	0	2	72539	200,600;511.3,341.7;513.58,293.91;500.41,276.35;471.73,276.06;459.73,293.91;464.12,342.2
1021	300210000	0	2	72540	200,600;426.2,614.06;432.43,551.78;394.91,529.75;369.76,528.43;355.36,542.83;329.67,544;323.44,569.3;330.77,597.64;369.83,609.85;403.48,599.7
1022	300210000	0	2	72541	200,600;517.18,846.21;452.89,846.44;438.55,879.41;453.58,910.86;483.28,922.04;517.88,908.41;530.11,877.31
1023	300210000	0	2	72542	200,600;602.43,718.06;581.93,733.4;556.95,722.07;551.28,700.08;568.45,686.74;595.59,688.75
1024	300210000	0	4	72543	200,600;379.88,322.51;454.87,377.71;515.89,378.27;583.8,323.56;708.71,353.03;659.77,647.03;542.75,648.72;525.73,535.87;441.48,536.97;427.21,651.99;318.61,651.51;264.64,360.27
1025	300210000	0	3	72544	200,600;402.67,125.43;569.91,125.87;608.01,163.36;581.58,327.28;517.28,379.22;454.28,379.22;383.44,326.28;362.59,166.66
1026	300210000	0	2	72545	200,600;441.53,507.15;442.69,482.63;420.46,447.17;371.85,470.96;373.41,514.94;428.6,531.31
1027	300210000	0	2	72546	200,600;602.65,162.92;577.24,197.63;546.87,175.58;549.77,149.92;576.68,138.38
1028	300210000	0	2	72547	200,600;429.51,439.89;421.31,396.44;387.7,381.27;369.98,362.69;313.49,354.16;284.48,380.46;280.23,434.99;306.44,464.36
1029	300210000	0	2	72548	200,600;564.61,251.35;528.83,258.42;524.2,276.49;533.03,295.7;553.83,301.53;570.89,291.96
1030	300210000	0	4	72549	200,600;401.59,814.66;437.14,779.18;530.69,779.16;559.15,816.04;519.47,917.42;484.21,930.74;450.83,917.55
1031	300210000	0	3	72550	200,600;349.05,649.86;424.87,649.3;439.86,534.63;527.19,533.75;544.83,647.09;599.18,646.36;618.65,775.39;554.21,812.37;529.47,780.16;437.97,780.63;407.07,811.85;357.21,778.76
1032	300210000	0	2	72551	200,600;638.33,543.67;611.8,540.38;594.55,523.89;560.41,534.71;535.01,560.81;541.48,610.23;562.11,602.05;600.25,609.06;627.5,603.22;644.37,567.24
1033	300210000	0	1	72552	414,604;516.81,847.74;451.95,847.45;444.02,814.01;469.79,786.04;501.35,786.36;522.99,816.11
1034	300210000	0	2	72553	200,600;602.2,509.59;601.03,475.34;548.34,446.61;528.36,482;529.53,508.86;549.35,530.13
1035	300210000	0	2	72554	200,600;658.34,464.04;555.44,446;554.01,399.83;579.9,387.79;613.85,349.87;671.76,357.28;696.8,400.38;682.83,458.62
1036	300210000	0	2	72555	200,600;439.87,259.94;414.08,255.36;391.42,266.87;397.85,294.88;415.32,302.79;440.29,289.47
1037	300220000	0	4	69430	400,650;274.77,618.42;491.11,616.95;514.6,695.65;424.24,883.37
1038	300220000	0	2	69432	150,650;613.15,297.14;699.97,291.62;736.26,340.14;657.29,403.47;619.65,369.4
1039	300220000	0	3	69434	150,650;738.04,336.19;763.95,405.19;752.48,459.44;699.28,476.77;658.14,496.14;653.85,403.57
1040	300220000	0	4	69436	150,650;700.04,473.86;834.36,618.67;825.11,683.19;703.95,652.9;654.25,495.07
1041	300220000	0	3	69438	150,430;213.63,691.6;278.63,620.32;385.54,620.28;416.55,652.61;432.33,814.97;377.72,861.13;268.08,874.55
1042	300220000	0	3	69440	150,650;491.67,627.07;566.44,563.82;588.52,587.57;605.14,652.72;512.44,697.92
1043	300220000	0	1	69442	150,650;592.63,71.86;793.82,114.87;793.81,189.51;669.74,294.95;617.31,298.62;577.07,133.68
1044	300220000	0	9	69728	150,650;120.52,14.49;991.08,16.18;987.21,949.64;120.13,946.99
1045	300220000	0	2	69444	150,450;560.68,455.95;648.71,453.98;714.35,478.55;756.72,550.44;723.07,596.82;639.77,649.13;536.25,534.56
1046	300220000	1	8	72556	451.87,581.87;743.09,459.27;808.33,486.3;837.92,634.58;794.47,588.41;746.46,613.61;695.38,540.67;656.77,464.26
1047	300220000	1	8	72557	182.72,372.63;308.05,559.26;406.09,599.29;452.79,647.83;480.48,709.44;523.95,763.26;408.61,892.2;342.68,926.44;253.09,928.19;188.22,866.35;98.26,726.04;191.68,586.02
1048	300220000	1	8	72558	408.45,593.73;744.37,575.36;801.55,554.47;838.52,586.83;865.7,616.12;865.41,699.67;624.89,708.89;541.87,487.23;654.26,426.53
1049	300220000	1	8	72559	408.45,593.73;695.75,72.77;835.91,172.24;825.06,317.83;755.84,492.15;656.23,499.65;615.27,376.61;581.81,313.31;540.21,233.73;515.8,108.94;637.87,56.5
1050	300220000	1	8	72560	277.82,552.65;308.05,559.26;406.09,599.29;452.79,647.83;480.48,709.44;523.95,763.26;408.61,892.2;342.68,926.44;253.09,928.19;188.22,866.35;98.26,726.04;191.68,586.02
1051	300220000	1	8	72561	395.72,561.44;570.45,431.01;680.63,402.83;704.5,522.35;775.9,597.2;721.43,602.89;680.33,623.05;608.8,643.88;584.01,699.48;554.6,763.42;479.28,710.46;449.46,648.15;436.94,566.6;550.5,566.5;524.95,511.82
1052	300230000	0	8	72562	192.4,212.4;712.4,611.29;712.75,647.14;765.62,647.14;765.43,610.87
1053	300230000	0	5	72563	212.11,232.11;492.68,746.39;493.58,790.02;528.13,791.61;528.19,746.52
1054	300230000	0	6	72564	199.95,214.95;472.11,608.8;471.37,672.59;543.31,672.38;543.43,608.4
1055	300230000	0	6	72565	214.66,234.66;548.74,747.79;548.8,803.72;599.16,803.2;598.6,745.33
1056	300230000	0	10	72566	185.35,235.35;451.2,612.3;453.26,864.72;700.24,861.67;703.67,736.58;620.51,735.05;619.8,593.12;635.59,592.94;635.5,572.08;468.96,552.23
1057	300230000	0	14	72567	134.3,234.3;410.13,263.8;393.35,275.32;330.48,220.9;208.35,225.25;214.31,270.71;455.48,411.39;510.21,414.81;599.17,253.32;546.05,194.96;469.17,210.5;455.7,246.81;439.83,234.67
1058	300230000	0	5	69446	213.56,243.56;590.28,748.45;588.53,770.65;588.57,782.93;591.99,799.6;689.83,802.25;689.95,749.43
1059	300230000	0	5	72568	223.07,243.07;547.4,801.81;547.85,842.82;591.82,842.49;591.15,801.92
1060	300230000	0	8	72569	195.66,215.66;694.22,511.26;694.15,553.79;747.7,554.68;747.13,510.84
1061	300230000	0	16	72570	134.3,234.3;370,220.87;411.22,263.4;439.2,236.06;399.37,191.41
1062	300230000	0	6	72571	206.44,226.44;587,669.83;572.5,686.28;572.84,722.44;611.93,722.64;606.56,669.87
1063	300230000	0	5	72572	213,233;491.72,563.25;492.77,605.07;502.96,605.27;503.33,609.44;504.12,612.12;507.54,615.08;510.33,615.83;512.88,616;515.79,615.76;518.26,614.91;521.28,612.23;522.44,608.75;522.7,605.52;532.77,605.37;532.63,563.55
1064	300230000	0	15	69448	136.57,236.57;325.88,172.97;335.34,211.31;369.59,222.04;401.62,190.12;394.25,154.69;354.31,143.73
1065	300230000	0	9	69450	185.35,235.35;622.17,591.56;622.74,727.51;790.33,730.24;791.03,473.22;660.47,480.33;634.43,571.49;634.24,591.47
1066	300230000	0	5	72573	213,233;486.46,675.89;486.98,726.24;537.67,725.85;537.85,675.12;525.19,675.04;522.97,672.41;521.47,668.52;518.4,665.81;514.69,664.37;512.67,664.13;510.49,664.3;508.5,665.3;506.93,665.94;503.96,668.66;502.25,671.48;501.97,675.73
1067	300230000	0	7	72574	200.15,230.15;536.52,615.84;537.02,666.04;549.79,665.35;568.48,665.53;568.43,670.47;596.61,673.39;615.38,669.85;616.99,611.8;569.06,611.89;569.03,615.52;548.79,615.58
1068	300230000	1	8	72575	15.68,389.37;257.33,446.14;405.99,460.59;569.11,448.9;626.95,298.24;552.64,139.64;359.11,99.64;218.91,162.31;196.33,268.13
1069	300230000	1	8	72576	181.99,243.49;459.59,862.43;771.37,865.2;771.57,490.34;672.65,489.59;456.65,542.05
1070	300250000	0	11	72577	175,225;1289.68,1192.49;1304.39,1203.04;1323.03,1203.59;1339.93,1194.23;1347.51,1180.28;1346.81,1159.81;1335.94,1144.49;1322.88,1137.24;1307.24,1137.27;1296.35,1142.47;1284.33,1159.82;1283.62,1180.34
1071	300250000	0	11	72578	175,255;1281.5,1048.31;1303.95,1065.27;1325.45,1064.67;1336.77,1056.9;1349.17,1042.85;1354.16,1021.62;1347.89,998.33;1328.85,984.81;1306.92,982.48;1288.36,990.43;1276.15,1006.7;1274.75,1032.73
1072	300250000	0	15	72579	50,550;32.7,881.03;166.58,1243.13;383.24,1303.99;705.15,1137.15;666.04,995.65;635.78,902.66;693.13,768.84;822.17,725.02;889,795.94;949.41,755.91;938.78,659.04;998.05,610.84;1053.07,601.85;1053.53,570.19;1071.36,488.2;1141.87,311.86;167.76,311.46
1073	300250000	0	15	72580	50,550;735.87,1378.39;863.47,1511.43;1048.3,1510.68;1095.3,1459.8;1228.72,1330.63;1243.65,1294.48;1202.48,1196.34;1182.87,1175.98;1157.69,1175.82;1154.41,1164.12;1163.78,1150.37;1164.75,1119.04;1152.6,1116;1140.82,1071.84;1139.95,1040.15;1034.66,1037.75;978.2,1002.35;885.6,1080.03;885.54,1119.52;836.69,1118.76;837.1,1148.4;733.78,1147.96
1074	300250000	0	20	72581	1,801;17.14,18.72;1505.32,25.21;1494.71,1511.2;13.15,1520.93
1075	300250000	0	15	72582	50,550;1140,527.61;1133.89,571.52;1098.35,682.79;1072.02,723.58;1085.9,773.83;1129.36,757.17;1150.71,756.79;1198.42,748.31;1268.54,751.23;1282.23,727.88;1362.57,728.5;1385.52,555.44;1340.47,557.3;1260.4,537.45;1220.28,501.91
1076	300250000	0	12	72583	50,550;665.48,996.08;865.19,997.69;964.11,1000.23;963.85,830.97;889.49,792.86;823.03,721.78;690.52,765.42;632.69,904.4
1077	300250000	0	12	69452	50,550;1232.95,1460.87;1467.02,1462.74;1472.43,1095.64;1367.88,972.23;1272.96,969.45;1269.09,1044.15;1137.63,1041.44;1138.91,1071.69;1151.11,1116.85;1163.33,1120;1162.25,1150.11;1152.91,1163.86;1155.45,1177.89;1180.75,1177.97;1201.12,1197.19;1213.44,1227.3;1240.81,1294.69;1225.66,1330.18
1078	300250000	0	10	69454	40,150;1246.43,1222.02;1276.18,1245.67;1317.45,1255.92;1358.51,1243.88;1390.76,1206.14;1403.54,1164.67;1394.4,1127.66;1352.2,1094.22;1320.91,1083.2;1278.64,1092.77;1246.41,1121.92;1231.64,1172.68
1079	300250000	0	13	72584	50,550;962.8,833.04;962.21,998.29;1055.63,997.43;1056.53,833.07;1045.65,821.38;974.01,821.37
1080	300250000	0	14	69456	50,550;1138.12,312.07;1068.62,489.12;1051.25,571.54;1051.99,600.75;997.11,609.51;936.93,657.81;946.09,758.52;962.47,745.99;1020.75,758.78;1073.69,724.22;1099.09,687.33;1136.46,571.11;1141.3,528.46;1219.8,503.25;1260.15,538.7;1339.86,558.11;1428.81,556.47;1431.28,308.92
1081	300250000	0	14	69458	50,550;964.05,830.12;964,996.89;1034.58,1040.4;1269.98,1044.75;1273.84,970.33;1367.12,973.02;1362.92,727.52;1281.86,726.68;1268.15,750.47;1197.84,747.3;1151.08,755.47;1129.5,756.24;1086.24,772.53;1073.17,723.87;1021.24,756.28;961.9,743.75;889.33,793.41
1082	300250000	0	13	69460	50,550;740.38,1149.6;838.5,1150.4;838.63,1120.47;887.36,1121.03;887.26,1080.66;837.53,1080.79;837.47,996.56;740.55,995.65
1083	300250000	0	12	72585	242.78,292.78;1249.41,826.25;1249.44,940.89;1291.57,941.26;1291.38,825.59
1084	300250000	1	2	72586	186.24,312.62;1148.59,1122.57;1147.19,1138.45;1174.61,1170.65;1202.97,1166.4;1223.21,1131.41;1237.04,1131.52;1241.89,1108.97;1193.1,1112.37
1085	300250000	1	1	72587	127.39,186.89;1350.54,1017.21;1345.29,1046.98;1363.17,1059.36;1384.96,1132.08;1357.36,1167.01;1352.9,1194.24;1415.3,1225.59;1487.34,1110.77;1411.29,1063.97;1384.18,1018.46
1086	300250000	1	2	72588	183.46,227.84;1292.08,981.12;1266.19,1017.67;1284.37,1054.92;1302.15,1081.26;1322.73,1081.53;1349.51,1046.92;1361.74,1010.51;1333.62,979.62
1087	300250000	1	2	72589	10.29,184.55;1295.05,1122.91;1266.53,1156.6;1269.76,1196;1296.27,1217.68;1335.37,1228.34;1366.68,1196.83;1373.8,1155.63;1339.67,1117.21
1088	300250000	1	1	72590	347.08,398.12;829.4,1067.18;825.3,1047.68;802.54,976.7;771.02,974.49;743.18,1056.42;741.13,1149.34;833.01,1149.68;882.85,1120.13;884.5,1078.23
1089	300250000	1	3	72591	181.4,381.4;1100.3,1042.69;1108.6,1133.73;1178.71,1117.26;1214.12,1104.8;1195.4,1164.95;1215.44,1251.3;1322.81,1296.31;1400.48,1229.33;1406.8,1148.86;1369.92,1076.17;1305.84,1057.94;1242.01,1041.9;1242.01,1041.9
1090	300250000	1	1	72592	217.86,322.91;1151.57,475.21;1166.21,527.52;1170.15,560.36;1195.55,563.33;1200.71,505.88;1174.32,473.7
1091	300300000	0	15	72593	330.96,380.96;1266.5,820.48;1260.26,821.22;1254.09,820.48;1248.36,818.08;1243.4,814.32;1239.58,809.35;1237.09,803.5;1232.91,792.66;1242.06,770.58;1278.34,770.59;1288.64,792.77;1283.23,803.37;1280.84,809.37;1277.13,814.28;1272.18,818.04
1092	300300000	0	15	72593	287.69,337.69;1345.97,1744.67;1343.83,1749.87;1342.06,1753.62;1339.73,1757.06;1337.57,1759.48;1332.66,1764.42;1328.13,1767.36;1323.58,1770.05;1316.99,1772.55;1309.49,1773.36;1301.71,1773.84;1285.76,1770.65;1254.11,1747.63;1272.91,1689.81;1313.49,1688.49;1332.81,1700.94;1337.63,1706.27;1341.5,1711.85;1345.11,1718.11;1346.06,1722.04;1347.08,1726.1;1347.55,1730.81;1347.7,1735.26;1347.01,1740.26
1093	300300000	0	15	72593	278.67,328.67;1776.55,1735.52;1781.97,1735.88;1786.93,1737.12;1791.42,1739.56;1795.1,1742.12;1797.85,1745.58;1799.89,1749.45;1804.66,1763.54;1794.14,1790.01;1757.88,1787.86;1749.76,1761.57;1755.02,1747.82;1757.76,1744.73;1761.12,1741.56;1765.01,1739.12;1768.75,1737.38;1772.52,1736.2
1094	300300000	0	16	72594	278.65,328.65;1754.26,1747.48;1755.36,1717.18;1802.09,1718.77;1801.06,1749.18
1095	300300000	0	14	72594	375.23,425.23;1740.03,1287.77;1723.48,1258.71;1767.15,1234.64;1783.16,1269.53
1096	300300000	0	15	72593	456.31,506.31;1809.64,794.27;1809.63,798;1809.22,801.77;1808.15,805.28;1807.1,807.6;1805.24,810.73;1802.88,813.63;1800.13,816.15;1794.95,819.88;1756.12,830.85;1756.17,767.7;1795.14,773.14;1796.31,774.2;1800.3,776.96;1802.99,779.49;1805.37,782.42;1807.22,785.61;1808.98,790.73
1097	300300000	0	13	72593	375.26,425.26;1753.3,1265.86;1756.83,1264.59;1760.91,1263.55;1765.51,1263.04;1769.73,1263.21;1774.02,1264.53;1777.93,1266.11;1781.83,1268.8;1784.13,1271.05;1792.49,1281.02;1792.7,1304.92;1759.3,1319.09;1741.16,1302.7;1740.27,1288.14;1740.62,1284.19;1741.64,1280.1;1743.45,1275.95;1746.18,1272.15;1749.14,1269.17
1098	300300000	0	16	72594	106.09,156.09;1600.02,169.09;1571.73,158.18;1588.45,114.52;1616.86,125.39
1099	300300000	0	13	72593	15.25,165.25;370.63,343.42;371.28,347.01;371.38,350.69;370.89,354.44;369.88,358.08;368.86,360.37;366.99,363.52;364.65,366.33;361.84,368.81;358.82,370.76;357.14,371.76;354.42,373.21;348.92,375.46;315.4,376.1;315.42,323.44;349.77,323.79;355.9,326.23;358.94,327.64;361.98,329.75;364.74,332.28;367.05,335.22;368.93,338.34
1100	300300000	0	16	72594	287.65,337.65;1333.7,1699.86;1382.01,1715.64;1357.85,1790.18;1309.35,1774.47
1101	300300000	0	15	72593	105.92,155.92;1613.54,177.58;1602.7,166.35;1602.47,155.06;1605.13,148.23;1605.27,142.42;1611.83,134.67;1618.72,120.56;1645.62,131.95;1654.59,160.39;1644.41,173.22;1631.32,180.1
1102	300300000	0	16	72594	456.29,506.29;1795.45,772.36;1825.77,772.41;1825.81,819.17;1795.38,819.2
1103	300300000	0	16	72594	330.94,380.94;1284.15,802.64;1284.1,833.21;1236.97,833.25;1236.94,802.58
1104	300300000	0	14	72594	15.23,165.23;356.65,325.82;386.98,325.87;387.02,372.62;356.59,372.65
1105	300300000	0	17	72595	-59.68,940.32;-25.64,-29.56;2086.6,-33.71;2073.97,2127.84;-24.99,2134.62
1106	300320000	0	10	72593	370.46,420.46;1737.73,1761.23;1737.93,1790.27;1765.81,1810.07;1792.23,1792.01;1792.23,1760.19;1768.83,1744.86
1107	300320000	0	16	72594	390.92,440.92;1266.87,213.27;1267.85,261.43;1300.89,261.35;1300.23,213.47
1108	300320000	0	10	72593	391,441;1229.81,209.3;1229.87,265.01;1269.37,263.73;1270.3,260.23;1274.34,257.42;1276.99,254.97;1279.46,251.88;1281.16,249.04;1282.25,246.59;1283.27,243;1283.72,239.42;1283.64,235.66;1283.08,232.1;1281.33,226.91;1279.49,223.8;1277.15,220.97;1274.47,218.42;1269.25,214.62;1269.15,211.01
1109	300320000	0	16	72594	370.38,420.38;1738.5,1742.39;1746.84,1755.92;1762.75,1747.61;1753.94,1732.31
1110	300320000	0	10	72593	84.01,134.01;317.53,320.68;317.59,376.39;357.08,375.11;358.02,371.61;362.06,368.8;364.71,366.35;367.17,363.26;368.88,360.42;369.96,357.97;370.98,354.38;371.44,350.8;371.36,347.04;370.8,343.49;369.04,338.29;367.2,335.18;364.86,332.35;362.18,329.8;356.96,326;356.87,322.39
1111	300320000	0	10	72593	450.13,500.13;1755.67,767.99;1755.73,823.7;1795.23,822.43;1796.16,818.92;1800.2,816.11;1802.85,813.66;1805.31,810.57;1807.02,807.73;1808.11,805.28;1809.13,801.7;1809.58,798.11;1809.5,794.35;1808.94,790.8;1807.18,785.6;1805.35,782.49;1803,779.66;1800.32,777.11;1795.1,773.32;1795.01,769.7
1112	300320000	0	16	72594	450.05,500.05;1792.73,771.96;1793.7,820.12;1826.75,820.04;1826.09,772.16
1113	300320000	0	10	72593	84.2,134.2;317.69,1634.35;317.75,1690.06;357.08,1688.43;358.03,1685.02;361.97,1682.34;364.68,1679.84;367.03,1676.93;368.89,1673.83;369.93,1671.44;370.94,1667.92;371.46,1663.93;371.3,1660.57;370.72,1657.04;368.96,1651.81;366.11,1647.09;362.26,1643.65;356.82,1639.6;357.03,1636.06
1114	300320000	0	10	72593	312.78,362.78;1283.39,1681.98;1254.89,1742.73;1294.61,1774.25;1318.1,1771.79;1323.82,1769.89;1328.29,1767.08;1332.54,1764.41;1337.24,1759.66;1341.56,1754.69;1345.76,1745.23;1347.57,1735.06;1347.36,1730.75;1347.1,1727.11;1345.76,1721.65;1345.19,1717.23;1341.67,1711.6;1339.23,1707.8;1333.79,1703.23;1331.29,1695.45
1115	300320000	0	10	72593	420.46,470.46;1242.76,763.07;1242.83,818.78;1282.32,817.51;1283.26,814.01;1287.3,811.19;1289.94,808.75;1292.41,805.65;1294.11,802.81;1295.2,800.36;1296.22,796.78;1296.68,793.19;1296.59,789.44;1296.03,785.88;1294.28,780.68;1292.44,777.58;1290.1,774.75;1287.42,772.2;1282.2,768.4;1282.1,764.78
1116	300320000	0	16	72594	83.93,133.93;354.58,324.65;355.56,372.81;388.61,372.73;387.95,324.85
1117	300320000	0	16	72594	420.38,470.38;1279.82,767.04;1280.8,815.2;1313.85,815.12;1313.18,767.24
1118	300320000	0	16	72594	454.31,504.31;1792.7,282.59;1793.67,330.75;1826.72,330.67;1826.06,282.79
1119	300320000	0	16	72594	84.12,134.12;354.77,1638.2;355.75,1686.36;388.8,1686.28;388.14,1638.4
1120	300320000	0	16	72594	307.58,357.58;1334.81,1693.35;1310.04,1779.96;1358.73,1794.22;1385.11,1707.34
1121	300320000	0	10	72593	370.46,420.46;1737.73,1269.59;1737.93,1298.63;1765.81,1318.43;1792.23,1300.38;1792.23,1268.55;1768.83,1253.22
1122	300320000	0	10	72593	454.39,504.39;1755.64,278.62;1755.7,334.33;1795.2,333.06;1796.13,329.56;1800.17,326.74;1802.82,324.3;1805.28,321.2;1806.99,318.36;1808.08,315.92;1809.1,312.33;1809.55,308.74;1809.47,304.99;1808.91,301.43;1807.15,296.23;1805.32,293.13;1802.97,290.3;1800.29,287.75;1795.07,283.95;1794.98,280.33
1123	300320000	0	16	72594	370.38,420.38;1738.5,1250.75;1746.84,1264.28;1762.75,1255.97;1753.94,1240.67
1124	300350000	0	16	72596	5.24,605.24;1263.53,1331.91;1765.26,1329.4;1777.42,743.47;1279.02,748.09
1125	300350000	0	16	72597	0.1,600.1;1812.03,849.73;1815.21,1075.95;2033.38,1067.8;2036.42,857.78
1126	300350000	0	16	72598	5.34,605.34;1804.74,1339.82;1807.89,1116.71;2041.8,1116.02;2039.59,1335.35
1127	300350000	0	16	72599	5.14,605.14;1164.4,1150.55;10.71,1123.27;59.65,1996.69;1174.35,2035.08
1128	300350000	0	16	72600	1.87,1001.87;2034.71,1453.16;2028,2047.04;1287.74,2049.52;1262.17,1460.9
1129	300350000	0	16	72601	-13.47,586.53;499.5,427.61;944.44,426.91;953.85,109.41;492.5,113.5
1130	300360000	0	17	72602	-301.96,698.04;1534.94,770.73;1542.29,1347.6;2030.84,1383.72;2026.79,755.8
1131	300360000	0	17	72603	-172.01,627.99;442.64,1424.66;494.49,1149.04;223.58,1057.48;123.11,1335.24
1132	300360000	0	17	72604	-12.49,987.51;1273.02,2078.67;2098.72,2063.04;2101.74,1447.91;1290.47,1460.91
1133	300360000	0	17	72605	0.46,500.46;133.85,1893.75;794.16,2024.88;885.07,1631.02;231.21,1469.56
1134	300420000	0	16	72596	5.24,605.24;1263.53,1331.91;1765.26,1329.4;1777.42,743.47;1279.02,748.09
1135	300420000	0	16	72597	0.1,600.1;1812.03,849.73;1815.21,1075.95;2033.38,1067.8;2036.42,857.78
1136	300420000	0	16	72598	5.34,605.34;1804.74,1339.82;1807.89,1116.71;2041.8,1116.02;2039.59,1335.35
1137	300420000	0	16	72599	5.14,605.14;1164.4,1150.55;10.71,1123.27;59.65,1996.69;1174.35,2035.08
1138	300420000	0	16	72600	1.87,1001.87;2034.71,1453.16;2028,2047.04;1287.74,2049.52;1262.17,1460.9
1139	300420000	0	16	72601	-13.47,586.53;499.5,427.61;944.44,426.91;953.85,109.41;492.5,113.5
1140	300430000	0	17	72602	-301.96,698.04;1534.94,770.73;1542.29,1347.6;2030.84,1383.72;2026.79,755.8
1141	300430000	0	17	72603	-172.01,627.99;442.64,1424.66;494.49,1149.04;223.58,1057.48;123.11,1335.24
1142	300430000	0	17	72604	-12.49,987.51;1273.02,2078.67;2098.72,2063.04;2101.74,1447.91;1290.47,1460.91
1143	300430000	0	17	72605	0.46,500.46;133.85,1893.75;794.16,2024.88;885.07,1631.02;231.21,1469.56
1144	310010000	0	16	72606	0.1,500.1;170,324;168,147;356,146;354,348;172,347
1145	310010000	0	16	72607	0.1,500.1;46,152;116,180;100,219;35,188
1146	310010000	0	16	72608	0.1,500.1;409,444;410,374;482,374;478,449
1147	310020000	0	16	72606	0.1,500.1;170,324;168,147;356,146;354,348;172,347
1148	310020000	0	16	72607	0.1,500.1;46,152;116,180;100,219;35,188
1149	310020000	0	16	72608	0.1,500.1;409,444;410,374;482,374;478,449
1150	310030000	0	16	72609	65,365;130.44,325;213.21,74.78;373.08,121.18;284.03,371.86
1151	310040000	0	16	72610	65,365;140.23,329.67;208.97,87.48;361.93,131.24;289.45,371.81
1152	310050000	0	18	72611	100,230;167.92,196.11;306.53,193.33;309.31,155.89;378.37,158.95;377.1,211.31;398.6,211.05;405.94,222.18;405.43,240.9;393.54,254.81;392.78,310.2;323.23,308.43;270.76,374.71;171.5,361.23
1153	310050000	0	16	69462	100.1,230.1;312.3,163.05;375.35,162.51;370.72,219.15;360.21,217.54;309.63,217.72
1154	310050000	0	16	69464	100.2,230.2;173.27,200.02;244.81,200.57;252.39,200.57;276.6,207.78;276.23,261.39;198.19,272.08;204.77,291.81;204.37,355.02;174.56,355.1;173.09,260.65
1155	310050000	0	14	69466	100.3,230.3;202.83,292.05;203.05,357.99;272.29,355.12;272.51,291.61
1156	310050000	0	16	69468	100,230;325.55,242.78;362.7,242.78;362.7,292.42;325.87,292.42
1157	310050000	1	8	72612	103.89,221.88;402.8,358;163.8,358.56;164.52,161.51;403.78,160.66
1158	310060000	0	16	72613	339.8,1939.8;1547.57,295.49;1324.01,1042.62;2599.84,1294.66;2670,614.65
1159	310070000	0	16	72613	339.8,1939.8;-142.47,-241.38;-269.87,593.03;958.47,756.21;1244.3,-30.14
1160	310070000	1	8	72614	1175.81,1235.21;345.98,385.64;325.92,387.19;310.49,374.84;311.27,343.21;317.44,324.7;348.3,310.04;383.01,299.24;399.99,316.98;400.76,350.16;381.47,363.27;339.04,361.73;334.41,364.04
1161	310070000	1	8	72615	1215.5,1270.57;112.05,240.04;110.51,223.84;128.25,211.5;153.71,178.32;169.91,176.01;184.57,188.35;199.23,209.18;195.37,228.47;173.77,240.04;148.31,236.96;129.03,238.5;112.82,240.04
1162	310070000	1	8	72616	1181.51,1246.32;500.95,209.02;472.37,206.17;452.37,208.31;432.36,229.03;432.36,249.75;448.08,265.47;480.23,269.04;497.38,258.32;523.82,252.61;531.67,234.74;540.25,220.45;534.53,194.73;519.53,181.16;498.09,191.88;500.95,208.31
1163	310070000	1	8	72617	1215.5,1270.65;113.6,270.13;113.6,257.79;129.03,253.16;150.63,255.47;170.69,249.3;193.06,260.87;205.4,282.47;185.34,304.08;168.37,315.65;139.06,291.73;123.63,277.07;113.6,272.44
1164	310070000	1	8	72618	1371.03,1437.03;235.33,247.68;235.33,261.56;232.07,288.51;196.14,308.11;164.29,277.08;150.41,248.5;157.76,216.65;178.17,209.3;200.22,214.2;219.82,234.62;234.52,242.78
1165	310080000	0	16	72619	134.42,234.42;204.17,129.65;355.69,129.21;357.43,349.29;206.79,347.98
1166	310080000	1	8	72620	148.89,194.01;281.33,297.41;270.8,297.04;229.8,247.76;228.67,232.34;268.54,162.01;280.95,161.26;322.33,233.1;322.7,247.39;280.95,295.91
1167	310090000	0	5	72621	1003.24,1013.24;472.9,532.8;487.32,539.01;482,552.37;466.71,546.88
1168	310090000	0	10	72622	1005.53,1055.53;513.34,486.92;531.99,496.25;546.28,506.61;552.24,510.39;563.07,524.48;551.06,551.39;509,571.31;489.75,579.49;471.36,570.85;453.8,557.08;449.06,528.77;459.95,495.06;480.43,482.72;500.22,479.66
1169	310090000	0	5	72621	1003.88,1013.88;502.56,547.22;516.37,554.74;509.44,566.84;496.37,561.31
1170	310090000	0	16	72623	878.55,1108.55;519.74,298.18;619.19,237.62;717.5,262.77;871.79,405.74;837.74,455.59;807.38,429.53;724.46,419.87;700.38,469.99;819.38,509.95;716.51,658.56;672.99,659.66;640.47,738.7;618.66,797.41;521.33,797.62;429.82,786.45;312.07,709.52;194.91,641.82;205.78,565.17;168.73,472.19;236.15,380.27;389.4,360.94
1171	310090000	0	5	72621	962.39,1005.39;455.42,526.92;452.76,507.51;457.93,489.5;468.43,466.57;488.62,465.7;496.1,465.93;521.06,457.46;538.87,463.97;558.78,485.3;561.83,514.38;540.41,540.94;566.04,555.07;549.08,580.27;526.55,564.92;494.83,564.25;503.27,545.22;487.64,538.4;479.11,559.92
1172	310090000	1	7	72624	960.49,1007.49;570.21,545.6;550.03,587.02;431.91,535.51;483.15,428.39;584.38,476.58;555.27,538.78
1173	310090000	1	7	72625	1007.47,1014.27;480.36,555;496.4,562.12;514.83,563.42;526.04,556.73;519.21,547.2;504.51,551.68;503.63,545.25;488.78,538.25;469.26,526.54;462.76,536.83;482.3,549.33
1174	310100000	0	20	72626	825.68,1325.68;-439.95,-310.82;1000.52,-313.23;1010.19,1347.17;-432.69,1356.83
1175	310100000	0	5	72627	987.67,1030.67;426.8,381.71;416.62,389.11;410.96,397.33;404.18,410.54;402.49,428.51;408.41,442.31;417.33,452.37;434.23,460.28;445.88,461.26;460.98,456.62;470.97,451.41;483.83,435.85;489.57,405.97;518.59,404.54;510.94,368.41;483.52,359.35;475.31,384.61;462.8,376.45;438.31,376.88
1176	310100000	0	12	72628	1037.98,1072.98;408.13,416.74;418.7,417.79;417.5,427.99;405.9,426.74;404.54,430.13;409.14,435.59;414.26,437.61;417.11,443.23;415.75,453.09;418.47,455.92;425.24,456.45;423.64,462.69;455.64,491.03;475.59,492.8;509.15,474.77;510.1,466.06;516.38,467.57;521.8,463.2;524.72,456.32;529.56,451.48;535.22,451.6;538.7,447.25;539.54,443.93;526.62,442.05;527.87,432.46;541.41,434;541.7,430.23;539.22,425.4;532.54,422.28;529.73,416.76;529.21,408.86;524.47,404.78;519.14,404.16;519.42,396.43;491.39,369.43;470.04,367.44;451.08,377.31;433.41,384.94;432.63,392.48;422.85,393;420.78,405.5;410.56,409.66;406.97,414.88
1177	310100000	0	8	72627	1024.78,1037.78;491.19,399.74;510.57,400.34;503.39,426.45;492.57,424.99
1178	310100000	0	9	72628	1031.44,1051.44;457.21,417.48;454.81,437.6;457.81,444.25;465.59,445.88;472.14,445;478.01,442.58;484.62,443.89;490.69,442.2;504.24,443.92;506.75,426.56;492.69,424.73;489.13,420.13;481.18,418.73;474.01,413.95;466.69,412.67;460.89,413.68
1179	310110000	0	16	72629	158,208;235.26,150.47;394.76,150.35;394.68,281.64;447.07,281.58;447.13,317.69;355.48,317.54;355.36,219.77;235.15,220.01
1180	310110000	0	16	72630	150,182;416.98,650.33;485.43,650.58;485.79,721.31;498.69,738.4;497.47,804.22;465.97,825.58;465.96,857.27;439.15,857.02;439.1,810.55;417.21,792.35;417.82,743.26
1181	310110000	0	13	72631	158,208;621.66,124.63;684.61,123.95;684.35,187.09;621.68,186.95
1182	310110000	0	16	72632	178,228;348.42,475.5;411.37,474.82;411.11,537.97;348.44,537.83
1183	310110000	0	15	72633	150,182;465.2,829.25;527.47,829.01;527.84,802.71;569.31,783;568.98,607.63;562.12,604.06;562.12,586.56;569.86,580.54;589.37,580.25;596.56,588.35;604.96,589.31;604.82,597.05;596.56,598.96;593.23,610.29;593.09,668.79;611.19,695.06;611.2,859.41;465.33,859.26
1184	310110000	0	16	72634	178,228;281.81,466.43;326.98,512.6;286.55,553.91;239.8,508.74
1185	310110000	0	13	72635	180,260;566.62,449.83;657.81,449.82;657.74,529.14;566.64,529
1186	310110000	0	20	72636	120,270;220.78,91.77;753.65,92.85;753.58,888.42;222.18,888.28
1187	310110000	0	16	72637	178,228;474.94,469.24;520.11,515.41;479.68,556.72;432.93,511.54
1188	310110000	0	15	72638	158,208;446.38,239.35;510.41,239.21;510.34,324.6;446.4,324.82
1189	310110000	0	14	72639	180,230;358.97,714.66;382.88,714.23;385.03,709.74;398.5,709.74;399.94,714.59;425.51,714.51;425.43,782.51;358.99,782.37
1190	310110000	0	14	72640	153,203;603.64,579.81;634.02,579.71;633.99,607.42;603.79,607.27
1191	310110000	0	13	72641	191.49,241.49;510.65,693.99;557.71,693.93;557.89,759.94;510.41,759.8
1192	310110000	0	15	72642	175.37,255.37;421.63,649.82;462.82,649.79;462.5,624.57;498.34,618.93;514.01,635.44;504.72,646.22;520.23,661.07;511.87,690.6;486.27,712.28;421.64,712.14
1193	310110000	0	16	72643	158,208;498.37,376.69;565.96,376.75;565.56,447.26;498.52,447.06
1194	310110000	0	14	72644	158,208;656.8,183.87;673.07,184.04;673.08,190.48;714.96,190.71;714.97,277.9;594.13,277.64;594.06,310.31;509.66,310.51;509.69,291.59;537.97,291.5;537.87,191.56;656.78,190.69
1195	310110000	1	8	72645	133.41,337.14;755.93,401.29;756.75,580.67;561.74,583.14;562.15,400.88
1196	310110000	1	8	72646	154.26,186.95;418.86,856.24;429.86,653.6;496.9,649.14;501.19,779.59;568.76,777.31;566.75,582.33;605.27,579.05;630.14,580.13;631.19,604.44;604.88,604.98;612.08,857.71
1197	310110000	1	8	72647	162,216.63;732.73,113.14;229.55,115.33;229.87,332.93;721.66,334.18
1198	310110000	1	8	72648	175.4,239.36;240.92,740.44;217.14,330.47;567.25,331.29;563.38,581.75;633.59,581.05;633.57,606.89;564.34,606.6;571.87,764.69;498.81,764.88;500.5,708.74;429,709.64;424.58,785.54;275.36,779.8
1199	310120000	0	16	72606	0.1,500.1;170,324;168,147;356,146;354,348;172,347
1200	310120000	0	16	72607	0.1,500.1;46,152;116,180;100,219;35,188
1201	310120000	0	16	72608	0.1,500.1;409,444;410,374;482,374;478,449
1202	320010000	0	16	72649	0.1,500.1;170,324;168,147;356,146;354,348;172,347
1203	320010000	0	16	72650	0.1,500.1;46,152;116,180;100,219;35,188
1204	320010000	0	16	72651	0.1,500.1;409,444;410,374;482,374;478,449
1205	320020000	0	16	72649	0.1,500.1;170,324;168,147;356,146;354,348;172,347
1206	320020000	0	16	72650	0.1,500.1;46,152;116,180;100,219;35,188
1207	320020000	0	16	72651	0.1,500.1;409,444;410,374;482,374;478,449
1208	320030000	0	16	72652	67.75,367.75;157.68,327.24;319.28,349.81;348.52,122.55;182.3,107.67
1209	320040000	0	16	72653	70,370;135.98,321.32;208.58,88.76;365.79,138.13;291.73,369.13
1210	320050000	0	16	72654	250,550;314.74,381.88;290.07,406.06;289.5,443.1;305.33,469.82;335.1,476.49;367.74,463.26;395.93,478.17;434,480.41;465.37,465.04;486.86,430.36;489.28,379.12;456.31,341.06;404.97,333.21;367.55,358.16;349.76,385.28
1211	320050000	0	16	72655	100,350;416.91,16.39;373.61,37.07;352.25,82.71;361.49,134.15;392.6,169.6;440.05,171.72;478.92,154.5;500.4,107.81;495.13,57.97;463.85,24.69
1212	320050000	0	16	72656	350,750;62.43,9.68;49.92,46.92;55.47,77.73;25.28,107.3;15.42,158.44;30.06,200;65.41,228.54;98.6,227.45;95.52,261.34;105.38,289.07;127.17,320.19;165.14,338.36;204.57,340.82;245.86,324.19;275.43,295.84;283.77,252.42;277.48,204.21;245.15,168.93;215.67,155.98;183.01,156.59;187.31,131.19;174.38,97.44;147.27,77.73;153.43,44.93;137.41,10.57;99.21,0.57
1213	320050000	0	30	69470	1,900;-26.83,-80.73;-26.49,571.36;539.87,570.72;539.87,-80.72
1214	320060000	0	16	72657	339.8,1939.8;1499.57,301.49;1324.01,1042.62;2636.84,1259.66;2682,558.65
1215	320070000	0	16	72658	0.5,300.5;191.29,185.81;192.73,304.99;311.91,305.47;312.87,186.77
1216	320080000	0	13	72659	350,495;441.05,483.67;498.55,482.54;555.98,516.47;595.28,595.59;552.77,690.17;430.84,696.79;375.12,602.93;392.07,517.29
1217	320080000	0	14	72660	490,570;307.84,374.44;341.51,400.7;377.91,404.6;391.08,424.31;385.81,475.2;360.06,486.05;330.05,449.68;283.27,439.23;272.87,417.94;251.3,416.1;224.02,428.01;195.75,417.1;187.81,391.3;165.99,390.81;164.5,358.57;227.99,331.29;268.16,340.22;273.62,378.9
1218	320080000	0	15	72661	600,690;478.68,354.01;524.39,365.23;505.58,439.75;461.54,477.65;423.85,438.97;440.71,395.84;474.92,388.9
1219	320080000	0	15	72662	480,580;148.37,526.48;198.64,531.23;213.14,562.2;202.42,593;221.65,596.12;239.3,620.71;214.13,636.55;124.58,644.23;89.23,591.26;102.68,549.28
1220	320080000	0	14	72663	500,570;245.42,616.88;264.2,634.14;243.86,654.71;253.31,711.71;228.9,745.72;166.83,738.54;149.38,660.55;184.4,631.96;214.7,636.99
1221	320080000	0	15	72664	580,680;316.94,646.68;351.24,683.58;350.29,727.9;311.69,761.85;263.31,759.44;225.28,731.03;232.67,660.07;273.48,641.42
1222	320080000	0	15	72665	405,495;661.46,396.46;701.76,419.1;679.36,474.24;580.22,500.33;568.63,486.02;532.15,503.42;513.3,492.61;576.77,417.01
1223	320080000	0	16	72666	480,580;249.06,422.13;278.54,435.19;298.24,513.97;295.82,560.01;268.05,570.13;211.24,541.43;193.03,454.68;213.76,431.42
1224	320080000	0	14	72667	490,560;459.4,520.1;542.31,562.07;543.58,641.05;492.56,671.88;427.4,629.93;426.09,536.76
1225	320080000	0	17	72668	470,570;217.24,592.54;298.16,557.15;347.85,488.92;399.68,467.23;446.14,528.16;421.61,542.39;396.58,526.34;349.61,563.32;352.56,630.78;408.12,652.19;422.21,677.28;366.64,702.66;237.57,620.07
1226	320080000	0	16	72669	520,670;685.11,666.8;697.34,722.39;682.44,738;624.91,751.96;603.57,724.05;587.14,718.14;553.66,732.99;510.27,732.42;490.37,746.89;468.66,738.3;442.43,722.46;437.9,709.8;495.36,707.15;560.85,676.58;604.66,688.83;617.8,677.1
1227	320080000	0	12	72670	260,410;748.73,271.18;813.25,273.58;842.6,247.91;937.55,248.95;951.07,301.21;891.16,365.44;898.25,456.2;884.72,474.55;899.32,526.61;879.28,562.33;831.16,572.61;811.69,557.28;798.87,584.08;766.35,598.18;736.21,571.69;687.88,584.76;620.38,562.74;529.51,483.51;514.13,424.13;542.8,370.83;625.06,337.08;644.87,264.83;708.76,235.76
1228	320080000	0	19	72669	200,800;172.92,323.82;126.7,371.53;80.48,583.26;143.1,796.48;345.88,780.08;417.45,730.87;517.35,792;718.64,738.33;790.21,607.12;897.56,566.86;966.15,271.63;922.91,210.5;647.07,228.39;571.03,322.33;398.07,381.97;251.95,314.87
1229	320080000	0	15	72671	565,635;557.52,553.57;577.63,564.55;596.2,603.54;589.1,642;546.89,662.74;522,645.92;513.85,616.66;522.06,579.74
1230	320080000	0	15	72672	580,680;412.28,529.74;438.51,553.02;446.13,604.4;418.63,644.4;384.37,653.59;337.77,633.25;338.61,562.29;372.35,533.56
1231	320080000	0	14	72673	600,690;534.01,399.93;572.73,418.15;555.26,464.46;496.67,490.21;488.4,468.98;504.29,447.76;515.02,408.8
1232	320080000	0	15	72674	520,670;654.45,568.9;686.23,584.47;710.22,612.62;682.69,668.58;620.48,678.3;598.92,657.91;599.95,622.83;628.99,579.24
1233	320080000	1	8	72675	177.72,737.72;690.52,770.47;928.26,608.2;1015.06,370.45;968.52,209.44;518.18,196.86;52.76,269.82;67.85,801.92
1234	320080000	1	6	72676	575.99,615.99;525.4,643.1;540.48,657.55;534.93,666.71;510.65,687.7;480.07,706.22;441.24,710.67;410.92,701.09;393.15,683.53;383.79,663.3;378.43,652.81;403.16,647.38;408.48,651.71;427.43,682.86;461.91,686.85;448.38,670;461.52,646.4;486.63,639.75;503.41,648.6
1235	320080000	1	6	72677	488.06,548.06;355.96,474.52;348.73,462.21;322.63,446.08;304.67,440.71;285.75,437.93;267.05,412.44;231.19,422.7;205.58,417.41;163.48,379.02;170.42,361.11;211.36,332.08;239.45,333.12;277.13,349.36;272.04,385.02;302.34,378.1;339.51,399.49;385.24,410.37;386.18,455.67;384.3,470.07
1236	320080000	1	6	72678	430.68,480.68;525.32,489.19;523.28,460.04;523.07,415.44;587.97,409.51;672.93,408.64;687.61,424.01;688.08,466.07;674.46,493;563.8,504.97;538.67,502.28
1237	320080000	1	6	72679	594.12,639.12;403.15,647.4;378.46,652.85;359.3,644.7;339.65,605.46;348.37,572.12;377.16,542.33;408.25,534.63;415.9,527.35;421.13,511.88;471.63,482.25;494.63,489.13;472.88,518.5;443.13,535.75;441.09,562.58;446.02,600.55;429.72,627.91
1238	320080000	1	6	72680	471.9,541.9;427.05,508.41;416.04,528.64;389.57,520.45;354.62,554.27;336.76,610.33;344.73,636.96;311.79,641.69;266.69,628.37;248.6,616.34;215.05,635.58;183.94,625.25;168.1,633.9;172.56,611.25;192.86,599.17;236.63,574.07;272.31,576.03;291.97,565.16;306.04,532.79;355.32,489.42;335.97,454.64;316.71,385.18;385.1,401.83;386.79,488.89;418.99,492.49
1239	320080000	1	7	72681	259.13,482.13;726.95,590.14;667.36,587.39;624.89,558.35;539.9,495.81;525.48,487.73;515.22,409.78;547.62,371.03;614.79,324.73;643.75,249.69;697.98,231.68;854.38,239.91;938.21,247.53;954.64,332.05;898.93,588.4;759.55,595.36
1240	320080000	1	6	72682	511.67,581.67;154.99,744.4;145.38,651.37;192.77,630.47;214.96,636.08;248.79,615.79;266.71,627.83;253.3,651.25;247.03,734.59
1241	320080000	1	6	72683	600.35,690.35;514.63,366.15;471.82,359.95;432.76,400.18;430.56,452.9;471.53,482.35;494.57,489.22;528.88,472.88;561.34,453.89;574.65,407.86
1242	320080000	1	6	72684	498.88,548.88;557.38,659.13;531.38,679;485.63,677.5;457,687.5;423.13,671.63;409.25,651.38;377.63,585.88;414.88,526.75;426,506.5;495.5,480.25;525.75,487.38;540,495.5;575.88,530.63;590.63,588.88;575.75,633.5
1243	320080000	1	6	72685	519.81,639.81;682.07,655.41;649.17,658.71;628.6,669.94;595.2,680.39;564.84,673.43;533.88,676.94;528.81,668.91;545.75,654.51;572.98,649.07;582.44,644.6;631.33,576.79;651.93,566.47;703.59,573.61;712.56,609.18
1244	320080000	1	6	72686	476.41,566.41;306.98,533.04;292.53,565.84;272.83,576.58;245.44,558.38;208.32,539.26;201.44,505.35;196.6,429.5;264.06,425.67;283.41,442.45;281.34,471;293.05,506.74
1245	320080000	1	7	72687	427.31,697.31;448.21,354.84;313.67,266.92;136.84,284.12;73.57,511.53;112.67,772.39;439.07,774.95;687.84,739.51;793.52,645.59;740.38,534.88;686,405;582.38,403.5;529.63,361.88
1246	320080000	1	6	72688	528.64,608.64;681.93,654.83;649.49,658.36;628.74,670.9;594.59,682.58;563.47,676.14;531.17,678.66;519.97,697.32;480.07,705.99;441.03,710.55;439.39,743.66;476.49,759.2;690.51,740.9
1247	320080000	1	6	72689	470.38,525.38;312.26,640.96;344.4,636.48;370.74,656.32;412.2,654.64;423.92,673.49;376.19,700.28;321.06,670.16
1248	320080000	1	6	72690	428.41,498.41;409.86,651.61;377.6,585.93;415.39,527.93;426.54,506.81;495.49,480.26;525.72,487.41;540,495.46;575.77,530.6;590.58,588.8;575.92,633.43;557.47,659.08;531.34,678.89;485.62,677.5;456.99,687.52;423.02,670.94
1249	320080000	1	6	72691	264.35,432.35;525.63,487.63;540,495.75;628.38,556.88;668,586.63;760.13,591.25;897.5,587;952.88,331.88;937.13,249;698.75,233.25;644.38,250.38;615.75,325.25;548.13,371.25;516.13,410
1250	320080000	1	6	72692	488.87,538.87;235.85,614.89;235.4,618.16;214.74,635.69;192.8,630.12;143.21,649.47;100.98,605.42;94.39,580.55;104.85,557.27;140.83,532.15;189.43,528.04;215.15,561.59;193.51,599.5;208.8,611.13;226.33,596.13;230.09,594.84
1251	320080000	1	6	72693	556.18,611.18;524.65,642.99;517.17,578.28;568.19,540.6;620.57,536.61;643.1,549.74;652.18,566.61;631.28,577.04;615.76,565.28;589.62,572.18;597.87,606.79;582.42,644.52;572.96,648.96;540.42,657.86
1252	320080000	1	6	72694	585.41,635.41;319.99,742.72;285.76,742.18;242.01,724.02;234.88,693.27;253.55,661.86;271.38,658.5;312.49,662.25;350.07,690.77;393.35,683.46;410.99,700.93;391.81,724.58;344.8,722.55
1253	320090000	0	16	72695	134.9,234.9;203.27,145.05;342.87,143.49;342.48,316.92;202.88,316.53
1254	320090000	1	8	72620	151.34,194.96;280.87,297.34;271.41,297.03;228.38,248.21;227.77,232.65;268.36,161.25;282.09,161.55;323.28,231.73;322.98,246.99;279.95,298.56
1255	320100000	0	16	69472	80,180;406.89,32.76;365.28,70.01;350.69,96.4;336.41,103.23;330.51,92.99;323.99,89.88;320.57,77.77;307.62,71.48;282.68,60.11;266.91,65.98;261.05,82.85;248.21,100.08;253.71,117.32;279.77,139.39;269.86,162.13;262.53,176.44;244.19,174.24;236.85,174.6;207.88,160.3;199.81,163.23;171.2,166.53;157.95,150.77;143.28,149.3;113.57,166.17;103.67,200.28;114.67,217.52;136.31,227.79;114.67,269.97;124.94,280.61;113.2,309.58;124.94,324.25;137.41,326.09;141.44,336.35;159.05,337.09;139.31,352.74;136.38,395.65;149.22,408.85;123.48,464.96;157.59,479.26;172.62,451.38;186.19,421.31;212.24,418.38;221.4,402.6;231.53,389.46;257.21,388.72;262.71,411.09;259.77,426.5;269.68,439.34;301.39,450.67;337.7,450.67;350.71,403.37;352.55,376.96;368.32,375.86;374.92,364.49;372.35,332.95;380.6,313.75;409.21,299.45;423.51,272.31;424.98,242.6;415.08,202.62;392.34,184.65;369.97,182.08;365.93,150.17;384.64,147.24;412.14,149.07;445.21,126.14;459.51,94.6;432.74,53.52
1256	320100000	1	8	72696	82.78,205.39;170.81,478.42;128.76,471.17;83.49,343.69;58.26,253.06;125.54,130.67;252.13,50.79;338.09,20.42;424.83,45.22;463.7,111.24;456.91,282.14;395.83,432.06;321.18,508.56
1257	320110000	0	16	69474	181.69,281.69;250.35,460.27;378.25,459.61;390.12,470.82;619.55,471.48;619.55,586.19;383.52,584.88;370.34,547.96;251.07,546.64
1258	320110000	0	14	72697	181.79,281.79;255.09,465.76;376.37,464.79;385.42,477.4;384.45,541.76;256.38,540.15
1259	320110000	0	15	72698	181.79,281.79;508.76,479.86;602.35,479.42;601.91,576.08;508.76,574.54;508.98,536.19;553.47,536.84;553.26,517.56;510.29,517.12
1260	320110000	0	15	72699	181.79,281.79;464.83,478.17;464.43,579.04;391.61,578.08;389.82,521.91;380.57,512.98;380.9,492.93;391.57,485.81;391.61,477.4
1261	320110000	1	8	72700	191.29,259.05;612.91,573.15;249.49,575.65;249.49,466.97;611.41,463.48;612.91,574.65
1262	320120000	0	16	72701	176.43,326.43;266.88,260.74;723.01,260.74;734.09,737.18;270.57,739.03
1263	320120000	1	8	72702	190,275;331.75,363.5;332,533;367,533;367,594;449,594;449,637;575,637;575,603;635,603;635,520;668,520;668,364
1264	320130000	0	3	72703	160,210;331.93,506.33;331.93,573.25;395.25,573.25;395.25,506.38
1265	320130000	0	6	72704	150,200;484.05,192.04;484.05,256.15;529.4,256.15;529.4,282.4;581.14,282.4;581.14,191.81
1266	320130000	0	6	72705	150,200;320.08,191.81;319.89,282.25;373.26,282.29;373.35,256.07;418.92,255.92;418.92,191.81
1267	320130000	0	29	72706	120,270;255.95,127.88;255.75,895.52;703.97,895.97;703.6,127.88
1268	320130000	0	5	72707	140,185;421.12,562.91;421.3,594.29;319.77,594.27;319.81,703.87;370.49,703.87;370.52,808.68;441.88,808.68;441.95,853.55;501.13,853.55;501.26,792.63;518.75,792.63;518.75,774.12;501.38,774.12;501.54,738.65;538.99,738.59;539,689.88;551.61,689.9;551.67,589.96;472.03,589.9;472.02,562.86
1269	320130000	0	4	72708	190,240;566.78,709.22;566.78,766.7;581.25,766.7;581.23,779.42;636.56,779.42;636.56,709.22
1270	320130000	0	15	72709	180,230;319.87,366.96;320.1,588.09;424.77,588.03;424.77,612.51;473.22,612.51;472.97,588.03;572.06,587.79;572.06,665.7;679.53,665.66;679.53,367.22
1271	320130000	0	3	72710	170,220;415.52,366.68;415.57,444.35;487.85,444.28;487.91,366.62
1272	320130000	0	3	72711	170,220;465.56,539.58;495.99,584.08;540.35,553.39;508.8,508.96
1273	320130000	0	4	72712	180,230;576.04,548.96;576.04,657.02;668.23,657.02;668.05,548.91
1274	320130000	0	2	72713	150,200;421.78,241.77;421.78,323.68;481.61,323.29;481.42,241.77
1275	320130000	1	8	72714	173.8,224.54;543.02,821.14;583.45,821.37;583.27,769.67;571.07,769.72;570.7,790.99;542.19,791.7
1276	320130000	1	8	72715	182.58,213.76;424.29,622.07;471.95,622.77;468.91,510.95;486.34,497.94;487.51,438.59;413.83,438.36;414.55,500.96;430.81,509.33
1277	320130000	1	8	72716	166.51,210.34;415.21,440.22;490.52,440.22;490.61,371.98;414.36,371.99
1278	320130000	1	8	72717	172.98,226.31;475.84,587.77;546.1,587.58;545.89,504.67;475.66,504.37
1279	320130000	1	8	72718	195.58,246.32;641.13,782.17;641.1,707.8;571.83,707.81;569.65,781.97
1280	320130000	1	8	72719	162.34,220.28;327.74,682.48;411.01,681.5;411.59,627.16;429.75,627.16;429.4,600.62;327.9,600.05
1281	320130000	1	8	72720	141.2,183.74;419.13,621.88;420.97,677.21;402.24,678.11;384.27,732.24;383.7,765.49;441.15,799.37;459.88,803.6;464.93,841.3;491.99,841.43;489.95,802.55;578.91,796.04;580.04,694.06;548.06,687.77;545.47,591.39;480.4,590;479.3,563.43;425.6,562.88
1282	320130000	1	8	72721	159.61,212.94;335.39,575.82;428.03,575.97;428.17,504.59;335.54,504.97
1283	320130000	1	8	72722	166.51,210.34;323.96,505.79;414.7,504.41;416,367.56;325.12,367.25
1284	320130000	1	8	72723	159.83,209.51;323.76,189.17;319.01,369.96;582.55,369.96;583.6,189.68
1285	320130000	1	8	72724	174.41,218.24;570,652.71;664.5,655.31;660.08,369.18;484.84,368.7;482.29,498.7;568.77,500.08
1286	320140000	0	16	72649	0.1,500.1;170,324;168,147;356,146;354,348;172,347
1287	320140000	0	16	72650	0.1,500.1;46,152;116,180;100,219;35,188
1288	320140000	0	16	72651	0.1,500.1;409,444;410,374;482,374;478,449
1289	320150000	0	16	72725	-7.4,292.6;530.57,355.53;521.71,346.87;507.33,336.25;491.05,328.81;372.79,334.05;366.86,314.78;365.37,293.28;386.13,228.81;392.05,197.68;439.49,154.69;503.23,129.49;538.06,123.56;644.04,152.47;675.17,197.68;664.79,276.98;639.6,301.44;620.33,364.43;580.3,391.12;542.51,397.79
1290	320150000	0	18	72726	-33.72,266.28;499.58,323.54;469.27,352.87;456.06,364.3;441.77,377.32;428.07,391.7;418.94,402.77;390.82,429.58;380.71,446.49;370.69,465.77;360.25,477.32;351.09,483.19;341.11,491.7;330.27,501.83;317.43,515.43;313.43,523.88;295.11,604.69;323.56,630.25;380.94,649.54;406.13,586.19;417.71,581.7;424.32,560.63;440.23,531;437.52,524.5;434.75,519.44;426.69,501.01;420.58,493.18;418.43,488.34;415.85,476.39;420.82,457.44;429.29,439.46;455.22,418.08;480.7,393.01;509.62,372.95;534.78,349.1
1291	320150000	0	20	69751	-32.53,317.47;410.35,182.67;455.05,137.99;517.51,111.72;555.69,105.99;592.26,116.1;661.5,133.42;692.87,178.85;682.62,255.97;656.76,286.31;637.72,345.22;598.39,372.81;559.16,381.69;546.5,414.15;553.98,449.18;595.91,464.93;632.43,495.88;633.02,542.59;587.3,572;583.02,622.84;486.13,651.71;392.98,653.5;325.18,628.8;259.11,577.41;258.36,505.14;272.46,434.91;315.33,373.29;351.83,339.2;390.87,317.63;384.29,297.57;383.86,275.24;398.55,251.29;411.8,251;421.28,238.56;403.7,209.72
1292	400010000	0	16	69476	1200,2000;525.88,2308.22;360.57,2502.35;424.27,2872.4;674.51,3139.32;1094.67,3322.07;1324.88,3250.5;1381.86,2761.63;1124.49,2731.13;997.55,2593.34;880.77,2405.28;768.54,2288.5
1293	400010000	0	16	72727	2348.32,3148.32;1371.6,2876.8;1454.86,3228;1655.06,3265.75;1874.2,3111.13;1937.49,2963.88;1847.06,2767.51;1608.42,2652.15;1439.16,2720.72
1294	400010000	0	14	72728	2430.12,3430.12;2671.74,728.28;2600.09,719.32;2578.59,710.37;2562.47,722.91;2567.85,746.19;2575.01,805.3;2616.21,821.43;2660.99,882.33;2723.69,907.41;2779.22,902.03;2827.58,862.63;2847.28,789.18;2834.75,758.74;2820.42,746.19;2773.84,731.86;2752.35,721.12;2738.02,708.58;2716.52,703.2;2695.03,710.37
1295	400010000	0	15	72729	1300,1800;1523.93,943.33;1486.51,1055.58;1541.08,1199.01;1612.79,1286.32;1704.78,1317.5;1859.12,1167.83;1824.82,937.1;1670.48,868.5
1296	400010000	0	15	69478	2650,3450;1502.91,2119.9;1435.68,2251.92;1606.35,2461.95;1865.01,2578.95;1949.28,2440.91;2000.61,2291.4;2088.73,2168.64;1982.37,2041.05;1967.51,1949.85;1741.94,2041.47;1617.04,2153.47
1297	400010000	0	14	69480	700.48,1900.48;2657.4,2462.39;2636.9,2443.89;2675.78,2335.51;2747.4,2329.39;2767.9,2464.39
1298	400010000	0	17	69482	2650,3450;2317.36,1887.12;2146.51,2096.26;2423.25,2227.46;2539.23,2318.65;2437.95,2452.45;2603.84,2517.12;2810.67,2371.54;2836.66,1877.84;2673.79,1884.17;2550.07,1863.56
1299	400010000	0	14	72730	1700,1800;1152.82,1027.21;1174.46,1125.67;1230.73,1162.46;1266.43,1163.55;1346.5,1083.48;1337.85,1017.47;1256.69,995.83
1300	400010000	0	14	69484	2650.1,3250.1;1985.88,1980.38;2001,1780.25;2225.5,1768.13;2349.75,1886.38;2277,2028.88;2167.88,2104.63;2010.13,2080.38
1301	400010000	0	18	72731	2400,3200;265.75,2918.48;324.66,3392.37;773.06,3534.79;1114,3321.45;1180.82,2868.4;1053.91,2617.79;788.67,2502.77;424.5,2636.41
1302	400010000	0	12	69486	2100.1,2600.1;2042.75,2052.38;1979.38,1949.63;2018.63,1803.13;2128,1763.76;2237.25,1787.88;2313.88,1897.13;2311.63,2015.26;2224.25,2098.26;2101.75,2115.76
1303	400010000	0	16	69488	2700.6,2920.6;475.39,1203.67;439.59,1006.86;585.37,985.17;619.55,1181.32
1304	400010000	0	15	69490	1554.26,1854.26;990.33,2881.47;1041.24,2930.92;1115.43,2888.74;1116.88,2842.19;1057.24,2794.19;1006.33,2834.92
1305	400010000	0	16	69492	1491.15,1641.15;3035.06,997.26;3115.93,918.93;3186.69,934.95;3204.14,1005.54;3131.3,1083.31;3036.05,1066.72
1306	400010000	0	14	72732	1700,1800;1210.95,1337.42;1242.12,1454.82;1283.67,1469.36;1333.54,1447.54;1396.91,1403.91;1396.91,1336.38;1320.04,1314.56;1258.74,1306.25
1307	400010000	0	14	69494	2650.1,3250.1;1689.5,2364.25;1689.5,2190;1866.38,2192.63;1868.88,2374.38
1308	400010000	0	14	69496	2766.11,2966.11;2846.55,727.09;2871.17,683.48;2945.24,700.18;2896.41,787.78
1309	400010000	0	16	69498	2650.1,3250.1;2387.5,2167;2390.13,2025.63;2513.25,1996.75;2612.88,2070.13;2607.63,2195.88;2474,2240.38
1310	400010000	0	25	72733	1000,3500;171.75,248.88;200.75,3678.63;3862.38,3724.76;3987.63,196.26
1311	400010000	0	13	69500	2430.22,3430.22;3123.16,598.48;3129.16,720.65;3213.28,896.9;3245.33,1019.08;3355.48,1039.1;3459.63,977.02;3429.59,760.71;3267.36,524.38
1312	400010000	0	19	72734	2400.1,3200.1;273.88,3440.38;256.63,2697.51;476.88,1820.76;1047.01,1833.76;1345.01,1984.88;1371.01,2192.13;1517.76,2606.76;2498.26,2922.13;2640.76,3112.13;2632.13,3271.88;1893.51,3349.63;749.01,3643.38
1313	400010000	0	15	69502	2430.42,3430.42;2622.45,1299.47;2690.55,1501.76;2832.75,1573.86;2920.87,1669.99;3087.1,1667.99;3089.11,1555.83;3031.03,1297.47;2990.97,1215.35;2822.73,1211.35;2730.6,1237.38
1314	400010000	0	15	69504	1443.66,1523.66;2719.81,803.18;2709.8,851.27;2737.1,889.1;2809.05,885.91;2808.51,832.03;2770.22,789.43
1315	400010000	0	14	69506	2400.1,3000.1;584.75,3069.38;584.75,2896.88;644.88,2816.63;809.38,2848.75;845.5,2921;821.38,3089.38;677,3105.5
1316	400010000	0	16	72735	1200,2400;1782.85,543.71;1907.01,894.86;2003.94,1023.69;2409.86,867.39;2432.51,573.85;2324.83,338.63;1857.25,321.33
1317	400010000	0	15	69508	1290.9,1540.9;3070.89,1496.81;3072.06,1428.89;3177.45,1363.32;3287.52,1454.65;3293.37,1523.74;3234.82,1586.97;3117.73,1562.38
1318	400010000	0	17	69510	2430.13,3430.13;3062.59,202.84;2749.48,215.4;2404.5,286.42;2330.86,541.37;2376.53,873.56;2547.91,1284.23;2631.65,1388.97;2676.42,1474.65;2799.56,1574.83;2898.87,1689.41;3075.05,1691.95;3298.19,1529.09;3496.15,1252.96;3600.07,889.35;3363,515.92;3200.78,291.93
1319	400010000	0	14	69512	1491.05,1641.05;2842.25,1065.64;2827.47,1028.6;2849.57,976.57;2902.32,972.29;2937.32,1000.05;2923,1058.54;2884.5,1077.07
1320	400010000	0	16	72736	2600,2950;1781.69,540.2;1876.56,903.76;1968.09,977.65;2366.09,851.81;2348.7,609.2;2395.07,328.95;1895.98,345.24
1321	400010000	0	12	72737	1200,2400;1317.69,2890.84;1305.25,3227.98;1862.39,3297.48;1937.56,2963.64;1860.66,2723.55;1597.82,2621.17;1397.09,2700.8
1322	400010000	0	14	72738	1700,1800;1399.52,964.46;1422.24,1045.61;1509.89,1099.71;1560.74,1082.4;1576.97,974.2;1526.12,923.34;1450.38,922.26
1323	400010000	0	15	69514	700.1,1900.1;3109.13,2409.5;2753.38,2073.25;3269,1698;3536.63,2070;3484.38,2354
1324	400010000	0	15	69516	2796.01,3096.01;359.22,3183.75;527.75,3076.26;613.69,3135.01;810.22,3134.44;802.09,3429.23;416.58,3319.13
1325	400010000	0	16	69518	700,1900;2879.66,1484.93;2729.75,1915.51;2723.75,2107.88;2515.88,2377.63;2403.2,2540.11;2787.72,2818.68;3112.38,2998.73;3506.63,3483.51;3856,3003.26;3632,2048.38;3528.47,1442.31;3322.3,1316.1;3134.14,1335.1
1326	400010000	0	16	69520	1496.97,1646.97;2907.48,864.92;2894.36,929.89;2917.16,969.29;2950.9,985.67;3025.53,965.79;3063.88,915.18;3061.96,868.7;3024.12,824.83;2953.92,822.49
1327	400010000	0	16	69522	2652.85,3052.85;2471.35,1209.7;2501.85,1123.3;2562.84,1085.18;2634,1130.92;2631.46,1224.95;2537.43,1257.99
1328	400010000	0	15	69524	1491.15,1641.15;2803.19,962.31;2803.19,890.16;2844.96,866.11;2898.12,895.23;2898.12,961.05;2842.43,978.77
1329	400010000	0	16	69526	2650.1,3450.1;2116.75,2748.13;1997.75,2750.75;1954.63,2484.75;2114.25,2112.25;2266.25,2203.5;2299.25,2398.5;2499.38,2555.63;2273.88,2720.25
1330	400010000	0	17	69528	2650.1,3450.1;1463.63,2073.5;1380,1850.5;1521.88,1716.25;1511.75,1536.38;1628.25,1506;1711.88,1668.13;1846.13,1665.63;2003.25,1817.63;1998.13,1954.38;1780.25,2043.13;1691.63,2007.63
1331	400010000	0	15	69530	1554.36,1854.36;1053.58,2999.71;1053.58,2944.76;1078.94,2919.4;1121.21,2927.85;1138.12,2988.44;1095.85,3020.84
1332	400010000	0	16	69532	2430.12,3430.12;2843.23,485.82;2830.69,525.23;2816.36,541.35;2871.89,677.49;2973.99,697.19;3081.47,564.64;3034.9,467.91;2927.42,446.41
1333	400010000	0	13	69534	700,1900;2931.38,3326.88;3004.01,3508.51;3283.26,3569.76;3312.76,3304.13;3226.51,3192.88;3097.13,3313.26
1334	400010000	0	15	72739	1300,1800;1230,1507.68;1400.85,1595.36;1400.85,1680.78;1493.02,1726.87;1682.99,1550.39;1673.99,1346.94;1581.82,1319.97;1486.28,1382.91;1392.99,1388.53;1281.71,1466.09
1335	400010000	0	13	69536	1900,2750;1769.84,1655.48;1783.82,2140.46;2007.44,2340.32;2289.76,2323.55;2514.78,2197.76;2538.54,1805.03;2300.94,1487.76;1997.66,1505.93
1336	400010000	0	16	69538	2400.35,3200.35;734.38,2191.5;591.38,2229.38;402.13,2078;608.25,1829.75;822.75,1859.25;755.5,2044.25
1337	400010000	0	15	72740	2430.12,3430.12;2572.75,453.57;2406.16,647.03;2409.75,792.12;2529.76,917.51;2723.22,944.38;2845.02,860.19;2904.13,716.89;2848.61,575.38;2776.95,414.16;2660.52,408.79
1338	400010000	0	15	69540	2796.11,3046.11;746.06,2559.4;747.7,2772.53;857.05,2773.15;949.46,2895.12;1120.57,2794.29;1021.97,2617.28;806.76,2534.7
1339	400010000	0	16	69542	1491.25,1641.25;2855.38,790.24;2817.53,690.67;2858.67,622.38;2996.09,622.38;3035.58,715.36;2980.45,800.93;2904.75,831.38
1340	400010000	0	13	69544	700,1900;2408.65,2762.92;2349.53,2692.54;2488.03,2644.79;2519.9,2778.79
1341	400010000	0	14	69546	1601.09,1801.09;861.53,3107.53;812.92,3013.25;817.34,2945.49;865.95,2883.63;980.84,2888.05;1039.77,2939.6;1041.24,3008.83;979.37,3098.69
1342	400010000	0	15	69548	2400.23,3200.23;629,2535;759.38,2143.75;708.88,2076.5;809.75,1857.75;1015.88,1841;906.5,2080.75;818.25,2530.75
1343	400010000	0	14	69550	900.35,1700.35;2726.12,2685.25;2705.62,2567.25;2790.25,2513.5;2851.75,2546.75;2887.62,2603.13;2879.87,2690.38;2785,2705.75
1344	400010000	0	15	72741	1300,1800;1075.57,1063.5;961.76,1143.01;908.75,1358.16;972.67,1442.34;1231.47,1489.11;1396.73,1383.1;1342.16,1323.86;1268.89,1320.74;1203.41,1177.31;1248.62,1075.97;1180.02,1066.62
1345	400010000	0	14	69552	1566.83,1666.83;1143.78,2896.15;1132.5,2923.5;1121.74,2967.77;1182.75,3004.34;1223.59,2991.86;1220.52,2889.33;1168.39,2881.29
1346	400010000	0	15	69554	700.35,1900.35;3369.88,3140.38;3342.38,3045.26;3460.01,2800.01;3630.13,2842.63;3730.26,2975.26;3520.01,3157.88
1347	400010000	0	15	69556	1554.46,1854.46;992.88,3108.91;1047.61,3035.93;1099.54,3035.93;1137.43,3094.87;1133.22,3177.68;1027.96,3155.22
1348	400010000	0	15	72742	2400.1,3200.1;1082.88,3242.88;1210.88,2833.38;1462.5,2573.13;2076.88,2786.38;2119.5,2897.38;2085.38,2969.88;1961.63,2935.75;1812.38,2777.88;1654.5,2709.63;1458.25,2726.75;1398.63,2871.75;1407.13,3174.63;1215.13,3370.88
1349	400010000	0	16	69558	1300,2000;477.31,642.26;460.43,1086.22;732.21,1275.28;917.89,1153.74;998.92,1069.34;1078.26,1042.33;1128.9,1042.33;1155.91,979.87;1091.76,726.66;1049.56,429.57;664.69,475.14
1350	400010000	0	13	69560	1300,1650;1223.28,1208.85;1268.49,1318.23;1412.88,1326.98;1461,1305.11;1525.17,1189.89;1472.67,1057.17;1396.83,1023.63;1300.58,1041.13;1234.95,1108.22
1351	400010000	0	16	69562	1491.15,1641.15;2924.72,1056.25;2937.57,1001;2981.26,993.28;3009.53,1018.98;3001.82,1061.39;2959.41,1075.52
1352	400010000	0	16	69564	1300,1900;747.88,1351.47;651.66,1756.6;763.07,2043.57;1058.48,2153.29;1362.33,1942.29;1380.9,1589.48;1198.59,1498.33;1077.05,1459.51;945.38,1418.99;857.6,1322.77
1353	400010000	0	15	72743	700.23,1900.23;2653.75,2654.5;2666.25,2464.38;3046.63,2426.88;3241.75,2557;3389.38,2867.25;3324.38,3039.88;3174.25,3024.88;3034.13,2752.13;2758.88,2772.13
1354	400010000	0	14	72744	2430.32,3430.32;3487.67,1201.33;3361.49,1039.1;3261.35,1031.09;3207.27,971.01;3173.23,979.02;3121.15,1043.11;3011,1119.22;2988.97,1249.4;3047.05,1383.59;3075.09,1581.87;3245.33,1567.85;3469.64,1275.44
1355	400010000	0	16	72745	2700.6,2920.6;3336.68,2581.74;3300.88,2384.93;3446.66,2363.24;3480.84,2559.39
1356	400010000	0	14	72746	1700,1800;1482.33,1262.2;1443.38,1318.47;1466.1,1362.83;1540.76,1364.99;1640.31,1310.89;1604.6,1237.31;1522.37,1200.53;1495.31,1223.25
1357	400010000	0	17	69566	700,2000;638.62,448.62;374.75,666.62;408.5,1173;678.62,2099.87;1036.89,2246.98;1353.61,2137.08;2026.07,1167.01;1727.73,312.13;1142,347.37
1358	400010000	0	15	72747	700,2000;1930.77,2726.06;1780.95,3291.69;1821.04,3644.12;3074,3711.25;3382.75,3673.75;3561.38,3455.75;3083.13,2945.25;2785.5,2804.63;2484.38,2568.63
1359	400010000	0	14	72748	700,1900;2454.38,2822.5;2592.88,2733;2707.88,2807.5;2886.88,3069.63;3114.88,3063.25;3195.88,3180.38;3123.38,3291.25;2718.63,3336;2505.51,3093
1360	400010000	0	14	69568	1554.46,1854.46;911.05,2867.95;913.86,2796.38;953.16,2776.73;996.67,2807.6;995.26,2853.92;964.39,2876.37
1361	400010000	0	15	72749	1300,1800;1157.56,689.34;1132.62,929.43;1160.68,1052.59;1185.62,1065.06;1313.46,984;1428.83,1016.73;1561.35,907.6;1495.87,686.22
1362	400010000	0	14	69570	700,1900;1906.75,3461.75;1908.88,3080.25;2356.38,2835.25;2535.38,3414.88;2173.13,3553.38
1363	400010000	0	15	69572	1492.62,1712.62;2074.91,2049.73;2039.11,1852.92;2184.9,1831.23;2219.08,2027.38
1364	400010000	0	15	72750	2650.1,3450.1;2235.63,1752.75;2418,1294.13;2552.25,1355;2805.63,1562.75;2825.88,1826.25;2438.25,1806;2359.75,1884.5
1365	400010000	0	16	69574	2400.48,3200.48;919.5,2115.75;991,1892.88;1306.38,1964.38;1310.63,2115.75;1138.13,2342.88
1366	400010000	0	16	69576	2650,3450;2049.91,1101.87;1910.52,1137.24;1626.02,1399.5;1717.04,1667.75;1854.9,1658.24;1964.61,1782.17;2228.83,1775.93;2214.35,1466.03;2342.89,1424.37;2308.32,1320.16
1367	400010000	0	13	69578	700,2000;2839.25,2769;2817.25,2885.25;2919.38,3015;3027.63,3044;3124.63,2938;3048.13,2813.5;2928,2764.5
1368	400010000	0	15	69580	2650.1,3250.1;1916.88,1163.63;1962,1392.75;2142.75,1386.25;2171.75,1250.75;2094.25,1147.5
1369	400010000	0	13	69582	2853.98,3003.98;2694.06,496.39;2693.83,455.78;2743.26,454.66;2743.49,497.5
1370	400010000	0	15	69584	1554.16,1854.16;668.34,2895.85;621.23,2817.95;670.15,2734.6;737.18,2730.98;806.03,2790.77;864.01,2790.77;887.56,2846.93;840.45,2870.49;800.6,2872.3;751.68,2901.29
1371	400010000	0	17	69586	1290.8,1820.8;2728.91,413.68;2448.59,489.56;2399.17,931.16;2512.99,1016.18;2757.91,1218.06;2958.66,1433.55;3314.84,1310.91;3443.17,1224.06;3483.17,821;3268.98,487.97;2982.03,393.68
1372	400010000	0	18	69588	2650.23,3450.23;2502,2649.75;2208.75,2772.63;1957.5,2767;1533,2599.5;1345.88,2043.75;1440.88,1529.88;1803.88,1066.38;1996.5,977;2303.75,1038.38;2951.63,1630.5;3032.63,2177.75;2848.25,2580
1373	400010000	0	16	69590	2430.22,3430.22;2916.86,732.67;2846.77,872.87;2762.65,936.96;2684.54,1179.3;2764.65,1241.39;2912.86,1191.32;3069.08,1053.12;3149.19,1015.07;3229.3,896.9;3109.14,688.61;3017.01,688.61
1374	400010000	0	15	69592	1200.1,1900.1;900.15,2524.52;900.15,2346.47;978.7,2308.06;1097.4,2309.81;1137.55,2388.36;1064.24,2521.03;950.77,2528.01
1375	400010000	0	16	69594	2796.21,3096.21;562.03,3054.52;356.19,3188.11;313.67,2851.59;489.34,2624.43;783.14,2524.48;1040.59,2621.4;1173.86,2887.94;1082.99,3263.52;789.19,3411.93;813.43,3124.19;886.12,2915.2;755.88,2778.9;586.26,2830.39;562.03,2927.31
1376	400010000	0	13	69596	900.48,1700.48;2520.5,2900.63;2504.63,2828.88;2581.63,2751.88;2629.38,2759.88;2706.38,2828.88;2669.25,2937.75;2592.25,2953.75
1377	400010000	1	7	72751	1639.91,1673.91;898.73,3032.97;886.96,3006.22;885.69,2962.71;899.28,2948.16;921.18,2946.82;933.4,2958;936.77,2954.86;947.35,2964.64;953.77,2957.57;969.57,2972.71;963.42,2979.26;973.67,2989.25;970.76,2992.42;983.56,3004.21;982.08,3026.06;968.51,3040.67;925.1,3042.13
1378	400010000	1	6	72752	2761.73,2875.73;672.15,3028.1;653.03,3005.18;648.91,2996.94;652.61,2950.43;697.4,2906.08;753.9,2900.28;783.92,2938.06;784.13,2953.23;771.93,2989.3;729.56,3030.52;697.07,3033.69
1379	400010000	1	8	72753	2303.82,3163.82;314.59,3435.52;256.42,3337.17;256.42,2826.71;316.26,2689.41;464.12,2664.77;485.24,2538.03;617.67,2514.05;973.72,2515.35;1092.17,2598.46;1222.59,3054.93;1096.51,3333.16;940.01,3415.76;792.34,3467.97
1380	400010000	1	8	72754	1371.43,1791.43;616.68,3024.85;914.91,3253.91;999.23,3185.7;1117.89,3202.68;1178.48,3127.45;1172.42,3033.53;1294.05,2985.35;1396.62,2920.38;1399.53,2910.76;1350.81,2821.18;1243.95,2881.07;1151.22,2860.84;999.84,2671.88;751.31,2682.1;667.83,2696.93;548.33,2788.13
1381	400010000	1	6	72755	2875.06,2892.06;773.54,2980.83;783.96,2944.75;759.96,2909.54;751.82,2901.41;718.75,2904.75;696,2915.13;729.21,2943.78;740.4,2956.13
1382	400010000	1	8	72756	1334.28,1774.28;2900.64,1108.36;2940.07,1068.92;2976.47,1090.16;3035.62,1023.42;3088.71,1114.42;3272.23,1008.25;3226.73,920.29;3288.91,849;2997.71,580.55;2926.42,648.8;2853.62,612.4;2808.12,698.85;2858.17,721.6;2773.24,801.98;2827.84,856.58;2805.09,877.82;2794.47,932.42;2811.15,1031
1383	400010000	1	7	72757	1498.27,1505.87;2593.2,2822.2;2609.09,2819.4;2612.05,2836.23;2595.31,2839.22;2585.86,2835.94;2583.15,2848.79;2570.21,2851.13;2572.01,2841.88;2576.61,2832.21
1384	400010000	1	8	72758	1524.61,1624.61;2185,2036.25;2056.75,1979.13;2111.88,1844.63;2246,1908
1385	400010000	1	6	72759	1545.86,1553.36;2949.84,898.78;2931.54,881.88;2944.25,867.5;2962.52,883.92
1386	400010000	1	8	72760	2192.37,2722.37;2266.94,968.65;1889.98,892.89;1843.91,521.35;1871.23,442.82;2097.83,417.4;2258.04,429.31;2366.25,675.46;2397.27,840.19;2322.75,959.49
1387	400010000	1	6	72761	2631.73,2731.73;502.04,3237.16;471.04,3130.62;518.68,3091.24;546.68,3098.07;581.93,3126.57;579.83,3154.35;564.17,3252.88
1388	400010000	1	6	72762	1545.97,1553.17;2963.88,879.38;2966.88,853.88;2986.5,856.13;2983.13,881.75
1389	400010000	1	6	72763	2268.07,2318.07;2190.51,1907.07;2191.38,1853;2088.73,1853.06;2087.19,1953.01;2128.03,1964.29;2210.79,1961.6;2210.67,1906.95
1390	400010000	1	6	72764	1646.01,1653.11;887.14,3006.22;903.26,2988.62;916.31,3000.99;900.09,3018.46
1391	400010000	1	6	72765	2567.37,2727.37;432.37,2955.1;437.77,2941.59;499.52,2930.47;537.65,2864.56;554.95,2773.11;633.52,2745.71;631.88,2718.27;577.61,2703.75;461.67,2741.78;449.07,2872.7;404.14,2866.13;401.32,2917.06
1392	400010000	1	8	72766	1322.73,1522.73;925.44,2606.55;990.9,2624.83;1123.95,2518.5;1151.22,2367.02;1054.73,2121.21;930.75,2057.52;770.25,2400.59
1393	400010000	1	8	72767	1094.4,1864.4;741.61,1893.77;655.54,1693.28;826.82,1395.8;503.41,1026.47;479.76,755.76;763.72,444.75;984.58,471.79;1209.95,683.64;1417.28,746.74;1827.45,918.02;1814.66,1186.29;1572.69,1686.83;1266.07,1990.83;1055.78,2087.67;962.04,2076.4
1394	400010000	1	8	72768	2678.8,3148.8;1353.29,2514.56;1553.41,2687.64;1791.4,2774.18;2072.65,2774.18;2770.39,2633.55;2927.24,2541.6;3030.01,2141.35;3027.54,1783.09;2608.12,1238.08;2207.87,967.64;1888.76,967.64;1472.28,1335.44;1342.47,1800.6;1293.79,1930.41;1288.38,2373.93
1395	400010000	1	6	72769	1538.59,1545.59;2987.05,943.59;2999.29,929.6;3016.71,945.63;3004.6,959.07
1396	400010000	1	7	72770	3041.53,3049.53;2536.67,2120.05;2538.62,2104.16;2536.93,2103.45;2534.83,2084.86;2523.47,2074.06;2514.74,2070.56;2506.54,2086.29;2514.62,2089.89;2520.71,2086.34;2528.16,2091.95;2526.33,2102.43;2521.46,2101.9;2519.12,2117.65
1397	400010000	1	7	72771	1455.29,1498.29;2557.75,2873.88;2569.63,2938.75;2670.5,2921.63;2652.31,2826.2;2666.96,2814.83;2667.51,2793.89;2648.45,2795.38;2650.12,2805.55;2621.69,2816.46;2532.13,2832.63;2541.88,2875.88
1398	400010000	1	7	72772	2818.01,2865.01;2683.11,741.82;2619.18,732.96;2605.03,830.3;2710.26,847.37;2724.81,787.05;2727.09,730.82;2686.36,725.15
1399	400010000	1	8	72773	2590.61,2940.61;3305.01,2429.19;3367.37,2351.23;3450.43,2414.84;3453.94,2473.32;3395.15,2630.31
1400	400010000	1	6	72774	1497.81,1503.72;2781.15,2576.4;2780.71,2583.81;2774.96,2593.14;2758.94,2595.97;2761.11,2591.51;2768.09,2586.62;2773.75,2576.57;2773.9,2559.25;2794.97,2559.29;2795.33,2576.22
1401	400010000	1	5	72775	2857.33,2875.33;758.35,2963.22;762.93,2958.66;767.57,2958.43;753.49,2939.87;738.77,2927.36;726.09,2912.66;743.79,2896.15;769.02,2924.24;761.93,2931.61;771.7,2939.96;779.68,2960.73;775.18,2977.11;772.23,2978.45
1402	400010000	1	6	72776	1545.81,1555.61;2989.63,883.5;3008.38,863;3021.25,874.25;3002.5,895.13
1403	400010000	1	8	72777	2818.2,3088.2;1911.32,2963.41;1887.85,3116.07;1514.97,3194.39;1435.71,3180.68;1418.71,2808.78;1426.27,2747.52;1642.53,2735.7;1773.09,2757.89
1404	400010000	1	6	72778	2318.06,2321.96;2087.71,1946.28;2087.94,1925.02;2105.31,1925.15;2104.74,1938.52;2112.85,1939.55;2121.71,1945.47;2117.38,1954.89;2113.45,1948.34;2104.36,1946.4
1405	400010000	1	7	72779	2895.33,2942.33;1850.35,2299.31;1830.16,2340.73;1717.18,2289.09;1766.72,2187.63;1862.41,2234.56;1835.41,2292.49
1406	400010000	1	7	72780	1640.98,1710.98;1280.75,1505.25;1108.75,1185.63;1149.25,963.38;1554.88,904.88;1676.63,1287.88;1540.38,1451.75
1407	400010000	1	7	72781	1464.17,1507.17;1349.09,1239.68;1340.25,1256.45;1316.9,1241.27;1325.14,1226.2;1278.92,1194.81;1300.62,1163.85;1331.82,1184.08;1386.43,1134.59;1447.25,1196.6;1437.47,1237.02;1405.45,1256.89
1408	400010000	1	6	72782	1538.62,1545.62;2926.55,889.91;2938.5,876.38;2955.64,891.53;2943.76,905.82
1409	400010000	1	6	72783	1653.11,1660.71;943.38,3018.59;956.51,3004.43;974.8,3021.47;961.61,3035.56
1410	400010000	1	7	72784	2995.6,3041.6;2500.2,2054.92;2463.22,2047.75;2442.84,2068.22;2425.85,2112.79;2450.38,2145.49;2495.32,2153.32;2539.96,2120.69;2544.48,2099.34;2544.04,2044.33;2503.43,2038.81
1411	400010000	1	7	72785	1507.15,1514.15;1361.54,1185.55;1371.15,1172.18;1356.47,1162.31;1347.4,1175.89;1342.93,1193.82;1346.19,1203.54;1356.27,1200.41;1350.64,1193.02;1356.44,1183.15
1412	400010000	1	6	72786	1645.98,1653.28;911.98,3029.54;928.32,3011.93;941.39,3024.21;925.1,3041.74
1413	400010000	1	6	72787	1546.01,1553.16;3006.04,901.41;3030.86,895.22;3035.16,914.26;3010.27,919.71
1414	400010000	1	8	72788	2464.75,3004.75;404.52,2070.97;667.21,2281.05;645.35,2488.15;748.01,2511.8;774.01,2511.96;933.34,2296.59;1078.55,2255.67;1161.62,2294.95;1330.96,2039.8;1335.14,1989.71;1238.57,1940.18;1108.15,1975.47;1113.46,1868.09;1052,1851.42;996.93,1898.83;882.61,1893.33;829.2,1994.52;751.31,1972.78;796.47,1868.46;617.27,1814.13;481.46,1941.29
1415	400010000	1	7	72789	1645.66,1845.66;1536.47,3024.25;1525.91,2936.27;1570.15,2872.4;1616.04,2859.77;1675.49,2856.22;1706.86,2870.57;1739.42,2908.31;1754.61,2964.05;1716.98,3040.49;1677.79,3071.23;1616.8,3072.31
1416	400010000	1	7	72790	2955.56,2963.06;2049.62,1242.43;2065.68,1242.73;2065.28,1260.2;2049.56,1259.91;2049.33,1254.39;2041.56,1253.67;2036.63,1256.34;2033.63,1262.9;2037.81,1267.32;2035.98,1274.82;2019.89,1268.97;2023.13,1260.83;2027.09,1251.42;2040.86,1245.16
1417	400010000	1	8	72791	1931.85,2631.85;2327.08,2231.24;2129.02,2275.7;1863.26,2209.01;1788.48,1891.71;1848.1,1667.38;1911.76,1599.68;2177.52,1509.74;2439.24,1662.33;2504.93,1909.44;2434.29,2143.11
1418	400010000	1	6	72792	2321.95,2329.05;2087.72,1946.13;2087.94,1925.09;2104.8,1925.32;2104.18,1946.35
1419	400010000	1	8	72793	2289.16,2819.16;1513.83,3191.11;1434.61,3177.43;1417.57,2805.49;1425.11,2744.24;1641.38,2732.41;1771.93,2754.59;1910.13,2960.09;1886.74,3112.77
1420	400010000	1	7	72794	2738.65,3008.65;798.14,3404.42;1043.31,3303.87;1191.18,2984.34;1136.04,2926.58;1075.87,2736.89;975.01,2651.49;883.69,2599.1;659.36,2526.36;514.84,2603.49;428.17,2700.29;287.17,3026.83;405.1,3315.85;677.38,3402.54
1421	400010000	1	6	72795	1546.12,1553.62;3011.32,952.74;2993.13,936.62;3006.14,921.93;3024.07,938.75
1422	400010000	1	6	72796	1640.97,1652.67;886.13,2962.85;899.3,2948.6;918.44,2966.33;913.91,2971.09;919.67,2977.21;915.59,2981.67;909.48,2976.19;905.07,2980.52
1423	400010000	1	6	72797	1655.1,1664.9;895.17,3024;914.08,3003.63;926.71,3015.51;907.81,3035.79
1424	400010000	1	8	72798	2572.11,3062.11;2137.59,918.94;2248.65,708.73;2379.53,760.29;2490.59,530.25;2649.24,407.29;3085.52,490.58;3206.35,349.78;3335.4,585.77;3545.61,863.41;3490.08,1275.9;3196.58,1545.6;3001.24,1649.97;2866.23,1619.44;2670.32,1688.43;2662.17,1539.94;2645.27,1156.91;2585.78,1279.87;2450.92,1220.37;2522.32,1073.62
1425	400010000	1	6	72799	2707.52,2762.02;762.13,3061.42;812.84,3016.17;821.69,2908.73;806.7,2880.64;774.33,2862.36;677.83,2862.25;626.36,2905.66;615.7,3026.16;641.32,3054.88
1426	400010000	1	7	72800	2864.91,2871.91;2719.21,806.79;2721.34,791.24;2718.53,774.94;2707.57,763.86;2703.48,773.75;2711.16,780.06;2709.62,789.49;2704.22,788.97;2702.03,804.8
1427	400010000	1	8	72801	2767.68,2867.68;513.88,989.25;650.88,1051.63;582.5,1187;450.5,1126
1428	400010000	1	8	72802	2722.1,2992.1;2322.78,959.5;2266.78,968.71;1890.41,893.25;1842.54,521.2;1873.38,442.17;2098.71,416.23;2257.89,429.33;2366.23,675.42;2397.27,840.13
1429	400010000	1	7	72803	2908.59,2955.59;1988.03,1285.35;1989.8,1241.86;2066.51,1240.87;2105.62,1254;2101.37,1353.38;2003.35,1350.83;2004.2,1286.5
1430	400010000	1	8	72804	892.95,2192.95;1885.66,959.37;1856.95,929.69;1843.94,521.27;1871.2,442.9;2097.8,417.34;2257.96,429.27;2366.44,675.52;2343.14,829.65
1431	400010000	1	7	72805	1549.3,1749.3;2067.31,765.3;2001.93,730.96;1991.17,650.63;2029.66,596.44;2070.96,563.32;2134.22,563.91;2162.41,583.03;2194.77,622;2209.3,677.47;2159.78,735.59;2128.85,763;2130.87,795.64;2080.99,798.93
1432	400010000	1	7	72806	1449.82,1497.82;2756.98,2601.36;2757.76,2637.05;2743.2,2644.42;2729.93,2663.76;2743.58,2676.6;2762.56,2651.23;2758.99,2677.18;2801.42,2678.08;2802.26,2661.94;2855.3,2661.31;2867.27,2644;2867.27,2565.81;2831.35,2559.77;2768.56,2560.68
1433	400010000	1	8	72807	640.02,1860.02;2160.84,3579.4;2540.85,3423.49;2938.04,3435.72;2944.15,3533.48;3310.79,3582.37;3334.07,3189.15;3505.01,3208.3;3762.97,2946.87;3462.12,2695.12;3314.68,2460.39;3530.77,2262.48;3542.99,2048.61;3230,1634.13;3193.25,1638.13;2979.29,1736.42;2346.16,2680.92;1924.77,2994.28;1900.83,3089;1905.35,3447.94
1434	400010000	1	8	72808	989.88,2289.88;1514.95,3194.39;1435.68,3180.69;1389.55,2808.77;1419.04,2729.5;1644.15,2704.05;1802.7,2718.73;1911.34,2963.41;1887.85,3116.09
1435	400010000	1	7	72809	2710.79,3010.79;1139.51,3375.62;1105.65,3302.26;1128.22,2907.21;1071.79,2785.87;1190.3,2723.79;1238.27,2785.87;1413.22,2678.64;1424.51,2610.92;1579.71,2613.74;1709.51,2647.6;1966.29,2749.19;2101.74,2771.76;2166.64,2924.14;2129.95,2977.75;1813.92,2955.18;1782.88,2805.62;1565.6,2749.19;1469.66,2720.97;1314.46,3285.32;1150.8,3375.62
1436	400010000	1	7	72810	1537.13,1570.63;2950.14,951.25;2960.7,939.45;2978.85,954.68;3004.59,959.18;3011.32,952.87;3025.07,939.05;3036.19,914.68;3032.69,894.63;3018.89,864.43;2986.81,855.33;2966.66,853.09;2944.24,867.06;2931.39,881.8;2926.37,889.84;2934.31,916.96;2952.07,931.53;2941.45,943.5
1437	400010000	1	6	72811	1503.71,1510.91;2773.77,2576.14;2773.92,2559.27;2794.93,2559.33;2795.31,2576.21
1438	400010000	1	7	72812	3040.98,3135.98;2055.72,2034.91;2246.34,2035.63;2244.9,1840.69;2047.8,1844.29
1439	400010000	1	6	72813	1641.08,1652.58;981.63,3026.18;968.43,3040.26;949.67,3022.73;953.96,3018.13;948.31,3012.14;952.39,3007.72;958.61,3013.21;962.78,3008.75
1440	400010000	1	6	72814	1653.31,1660.51;891.26,2969.89;904.48,2955.78;922.52,2973.15;909.39,2987.1
1441	400010000	1	6	72815	2743.47,2853.47;954.37,2967.23;947.27,2924.28;965.07,2922.62;913.17,2809.67;905.63,2660.6;938.48,2642.72;978.04,2663.79;974.66,2680.82;978.73,2761.31;1022.74,2764.81;1024.49,2880.89;1051.8,2882.27;1054.81,2982.7;970.19,2975.71
1442	400010000	1	8	72816	1227.7,1467.7;2952.24,1207.36;2994.9,1324.58;3030.29,1586.75;3207.44,1633.92;3317.18,1505.72;3310.52,1368.92;3138.37,1311.53;3138.21,1229;3036.12,1115.85;2950.55,1121.56
1443	400010000	1	7	72817	2942.31,2949.11;1760.38,2308.78;1776.41,2315.9;1794.85,2317.2;1806.05,2310.51;1799.23,2300.98;1784.52,2305.46;1783.64,2299.04;1768.8,2292.03;1752.26,2283.35;1744.91,2289.71;1762.31,2303.11
1444	400010000	1	7	72818	2264.16,2464.16;2182.39,1775.17;2081.76,1776.7;1982.07,1870.62;1995.99,1969.77;2049.27,2058.7;2131.35,2093.2;2227.53,2067.83;2288.3,1977.74;2283.03,1867.98;2239.07,1817.2
1445	400010000	1	7	72819	2492.43,2527.43;2143.74,1821.48;2057.8,1885.94;2047.27,1990.83;2149.22,2020.32;2243.16,1985.36;2214.52,1891.83
1446	600010000	0	15	69598	207.37,607.37;1457.58,714.96;1306.19,711.6;1254.71,743.11;1257.92,805.66;1319.09,828.84;1459.64,825.87
1447	600010000	0	16	69600	206.67,606.67;682.58,1227.3;698.88,1364.96;790.28,1427.52;902.98,1450.4;959.7,1321.8;858.97,1269.16;872.54,1196.06;828.13,1085.57;714.57,1091.82;714.06,1156.13
1448	600010000	0	17	69602	207.37,607.37;832.31,771.2;997.59,772.93;1001.9,835.77;1069.05,845.24;1069.91,945.96;927.86,914.11;912.37,884.84;860.72,864.18;829.72,861.6
1449	600010000	0	10	69604	206.67,606.67;509.65,656.66;509.65,879.44;839.07,880.62;836.7,656.66
1450	600010000	0	14	69843	206.67,606.67;435.6,1087.37;436.81,1208.73;525.41,1223.29;632.2,1160.19;611.57,1105.57;521.76,1060.67
1451	600010000	0	9	69844	279,329;520.89,748.21;520.8,785.91;550.25,785.85;550.28,747.98
1452	600010000	0	15	69845	206.67,606.67;840.02,1274.34;773.27,1324.1;794.48,1405.92;894.21,1420.82;938.93,1322.1;870.25,1287.98
1453	600010000	0	16	69846	206.67,606.67;313.59,88.27;355.64,60.32;460.38,88.1;453.5,178.04;413.64,194.59;324.45,152.93
1454	600010000	0	17	69606	207.17,607.17;733.71,875.17;861.32,867.89;914.36,891.26;926.19,933.38;948.7,1046.29;1080.93,1034.37;1082.71,1036.32;1080.81,935.64;1180.79,934.51;1175.35,1170.98;875.88,1181;840.69,1134.88;823.46,1102.51;723.57,1092.82;719.96,1009.42;779.99,999.73;786.57,966.83;748.96,952.72
1455	600010000	0	15	69608	207.37,607.37;933.74,484.95;936.97,607.56;1030.54,606.49;1033.76,482.8
1456	600010000	0	15	69610	206.67,606.67;515.98,459.91;546.01,428.01;603.25,424.25;652.04,367.95;709.29,383.9;709.29,470.23;701.59,505.54;612.63,505.65;532.86,491.3
1457	600010000	0	16	69612	206.67,606.67;726.87,247.18;739.54,341.04;703.58,384.57;703.58,464.5;799.79,467.07;868.11,361.59;864.38,267.44;931.5,201.24;877.82,107.7;776.2,124.3
1458	600010000	0	17	69614	207.27,607.27;691.79,446.75;833.26,458.19;853.25,376.68;1180.1,379.1;1177.58,627.48;1080.61,618.31;1082.98,510.36;1007.38,506.73;919.48,583.8;903.83,652.43;827.97,663.27;749.97,674.44;736.62,604.26;788.71,574.56;800.83,543.21;705.37,557.04
1459	600010000	0	16	69616	206.77,606.77;582.84,869.07;575.08,924.13;444.39,933.83;339.63,936.65;300.53,977.73;307.66,1191.42;425.53,1197.61;429.17,1069.7;605.71,1058.93;680.38,996.53;680.96,867.97
1460	600010000	0	15	69618	206.87,606.87;528.1,1031.39;685.88,1014.95;727.59,1073.64;727.7,1155.05;642.4,1157.48;638.36,1138.13;634.72,1112.64;525.67,1095.71
1461	600010000	0	14	69847	206.87,606.87;417.17,331.98;424.52,402.12;445.58,445.59;492.99,470.89;535.87,441.4;582.76,414.74;530.01,314.77;477.55,307.27
1462	600010000	0	15	69620	207.37,607.37;940.19,908.7;943.42,1031.31;1036.99,1030.24;1040.22,906.55
1463	600010000	0	17	69622	206.87,606.87;290.52,1176.76;241.38,1308.56;311.7,1473.9;439.14,1484.84;483.97,1419.55;458.03,1330.9;393.53,1333.56;401.59,1252.02;416.73,1191.32
1464	600010000	0	16	69848	206.97,606.97;371,1347.21;362.01,1452.3;430.26,1471.7;469.94,1420.54;454.32,1345.21
1465	600010000	0	15	69849	206.67,606.67;783.76,132.41;767.62,238.01;818.81,274.83;920.22,204.73;873.53,130.89
1466	600010000	0	17	69624	206.67,606.67;255.51,129.35;239.13,236.66;301.31,367.73;408.39,370.13;406.8,283.12;390.49,219.12;463.03,191.13;470.86,73.77;326.63,41.94
1467	600010000	0	16	69626	206.87,606.87;313.34,360.77;424.03,360.77;430.67,479.41;603.69,488.22;625.72,526.25;677.37,530.82;677.9,667.58;562.39,667.58;531.85,588.58;382.57,629.09;329.66,587.24
1468	600010000	0	18	69628	206.67,606.67;323.02,926.97;287.37,972.08;279.79,1165.36;228.33,1313.02;301.78,1495.59;453.83,1499.62;454.75,1500.98;495.68,1425.63;488.19,1357.64;537.6,1328.6;610.2,1324.92;631.54,1365.76;805.27,1455.31;904.51,1479.56;1081.42,1212.52;1090.95,891.86;431.22,872.42
1469	600010000	0	17	69630	207.27,607.27;829.72,666.18;834.03,767.76;996.73,768.62;1001.04,705.78;1069.91,692;1066.46,593;920.28,596.79;908.92,658.43
1470	600010000	0	10	69850	312.49,327.49;1371.87,744.06;1371.8,789.88;1418.73,790.31;1419.25,743.91
1471	600010000	0	16	69632	207.27,607.27;1310.3,596.53;1085.55,605.08;1082.48,944.01;1308.92,942.41;1339.94,914.3;1343.55,859.95;1355.98,837.31;1478.44,832.6;1477.74,708.94;1365.7,705.15;1355.98,685.48;1354.91,660.89
1472	600010000	0	18	69628	206.67,606.67;202.01,218.23;298.21,387.47;299.73,602.21;383.21,650.11;532.45,628.53;543.62,682.66;1097.52,675.31;1096.06,340.49;887.13,87.92;782.81,97.1;745.14,181.22;654.89,188.62;599.84,240.56;560.77,252.27;485.67,195.14;478.46,56.67;302.45,33.34
1473	600010000	1	8	72820	322.13,522.13;528.7,1109.14;589.92,1113.53;587.37,1172.86;523.69,1173.34;521.36,1194.61;471,1195.78;473.02,1126.51;444.54,1085.51;495.86,1059.68
1474	600010000	1	8	72821	322.13,522.13;464.14,400.99;437.2,345.84;489.79,318.26;522.18,373.09;541.74,364.44;568.03,407.4;507.11,440.43;485.94,485.64;437.85,454.22
1475	110010000	2	16	71598	0.1,300.1;1869.57,2236.96;1718.6,2240.06;1595.48,2243.46;1464.7,2236.51;1347.11,2169.02;1318.73,2015.54;1359.38,1876.87;1460.27,1800.83;1558.59,1781.98;1609.89,1782.65;1686.38,1830.46;1919.89,1864.8;1905.49,2021.86
1476	110010000	2	16	71594	520,630;1416.11,1811.37;1616.46,1652.6;1618.28,1600.64;1624.09,1571.94;1630.99,1527.97;1629.54,1493.45;1624.45,1473.11;1615.37,1443.31;1613.08,1345.25;1468.71,1174.25;1325.47,1237.36;1256.7,1443.08;1255.04,1648.91
1477	110010000	2	16	71596	0,700;1686.13,1830.16;1919.35,1863.86;2175.77,1866.42;2262.62,1842.95;2241.58,1560.11;2182.34,1279.7;1853.41,1281.29;1679.69,1281.49;1614.86,1345.39;1617.26,1443.16;1625.81,1472.3;1631.41,1492.79;1631.34,1528.92;1624.55,1570.48;1619.62,1599.97;1617.81,1652.13;1609.74,1780.89
1478	110010000	2	16	71597	300,700;1598.97,2341.41;1592.72,2044;1604.77,1922;1686.46,1831.82;1920.02,1864.85;1974.73,2016.63;1969.08,2341
1479	110010000	3	4	67392	624,800;1831.99,1478.88;1831.99,1550.23;1896.85,1552.03;1895.05,1477.8;1842.08,1476.36
1480	110010000	3	7	67419	550,605;1936.75,1554.5;1965.27,1554.49;1965.27,1586.85;1936.25,1587;1935.75,1555.5
1481	110010000	3	2	67425	400,1400;1813.35,2210.62;1818.84,2216.48;1826.17,2219.04;1831.66,2219.04;1838.25,2219.04;1844.47,2216.11;1849.23,2210.62;1852.53,2205.13;1854.73,2198.17;1855.09,2191.21;1851.8,2186.09;1847.4,2178.76;1840.45,2174.74;1828.73,2172.17;1823.24,2173.64;1814.08,2179.86;1808.96,2188.28;1807.86,2203.66;1813.72,2211.72
1482	110010000	3	17	67392	0.1,2000.1;1147.29,896.17;1177.9,2342.46;2245.4,2360.31;2300.24,1778.74;2273.46,829.85;1699.53,833.68;1393.44,850.26
1483	110010000	3	10	67415	550,605;1959.67,1467.56;1967.26,1468.81;1967.05,1497.48;1934.66,1497.48;1934.9,1467.14;1957.25,1467.56
1484	110010000	3	4	67407	550,605;1899.46,1584.74;1899.46,1552.29;1875.93,1552.29;1876.75,1584.74;1898.65,1585.15
1485	110010000	3	4	67403	550,605;1834.64,1437.73;1855.67,1438.54;1855.99,1467.68;1834.54,1467.38;1834.57,1438.55
1486	110010000	3	12	67411	550,605;1906.18,1382.48;1896.75,1399.25;1923.75,1414.75;1933.94,1394.17;1909.3,1378.3
1487	110010000	3	9	67423	550,610;1951.04,1497.34;1951.41,1525.75;1978.78,1526.43;1978.36,1604.49;2104.69,1604.91;2104.27,1414.79;1974.58,1412.69;1974.16,1497.05
1488	110010000	3	12	67393	550,610;1457.28,1420.99;1460.5,1425.25;1451.51,1450.69;1439.54,1449.45;1430.88,1461.41;1411.91,1453.16;1404.9,1465.95;1296.01,1413.57;1337.25,1330.25;1446.14,1380.98;1439.54,1397.07;1461.41,1409.44;1455.25,1421.75
1489	110010000	3	16	67383	0.1,1000.1;1855,1246.5;2030.97,1237.97;2073.43,1344.13;2084.05,1368.01;2092.01,1385.26;2148.4,1450.95;2183.75,1615;2176.75,1845.75;2008,2296.5;1653,2265.75;1544,2112.75;1474,1976.25;1202,1716.5;1208.25,1304.75;1321.75,1194;1438.75,1128.25;1637.5,1169.5;1794.75,1247.5
1490	110010000	3	3	67395	800,1050;1830.94,1474.05;1832.04,1545.18;1903.17,1545.55;1905.73,1474.42;1838.64,1471.48
1491	110010000	3	11	67413	550,605;1935,1432.46;1967,1431.62;1967,1465.3;1935,1465.3;1934.58,1432.04
1492	110010000	3	5	67401	550,625;1832.82,1448.38;1827.84,1467.89;1827.31,1478.7;1827.38,1545.67;1830.6,1558.53;1833,1573.63;1833.58,1587.18;1901.34,1588.87;1901.81,1436.41;1830.78,1436.59
1493	110010000	3	6	67421	550,605;1919.36,1604.71;1932.78,1615.84;1930.55,1623.41;1917.86,1632.34;1903.85,1640.22;1898.98,1641.84;1893.3,1637.79;1890.35,1621.64;1922.26,1603.74
1494	110010000	3	4	67409	550,605;1900.63,1467.3;1877.08,1467.3;1877.08,1437.14;1900.22,1437.14;1900.63,1466.47
1495	110010000	3	14	67399	571.08,612.08;1606.5,1493.75;1606.5,1480;1591.75,1455.25;1590.25,1425;1608,1423.75;1608.22,1444.14;1622.25,1466;1622.88,1494.63;1630.21,1505.21;1631.02,1514.17;1626.54,1521.5;1623.5,1527.75;1622.75,1548;1611.25,1578;1609,1600.25;1591,1598.5;1591.25,1589.25;1590.25,1569.5;1605,1546.25;1606,1527.75;1602.31,1521.29;1601.92,1500.08
1496	110010000	3	15	67395	550,610;1422.67,1593.58;1425.35,1593.58;1446.75,1612.76;1462.25,1596;1483.25,1617;1467.72,1634.17;1514.65,1680.43;1366.97,1829.81;1288.41,1739.9;1423.78,1594.15
1497	110010000	3	8	67417	550,605;1935,1526.5;1964.18,1527.5;1964.18,1553.09;1935,1553.25;1933.99,1529.18
1498	110010000	3	4	67405	550,605;1834.54,1554;1855.45,1554;1855.36,1582.97;1834.67,1582.95;1834.54,1554
1499	110010000	3	13	67397	400,650;1506.3,1398.04;1487.67,1408.97;1450.82,1370.1;1403.03,1348.63;1371.44,1276.55;1369.42,1233.62;1426.93,1202.84;1482.81,1195.96;1524.12,1287.89;1510.76,1347.01;1507.92,1385.08
1500	110010000	3	13	67427	549.07,571.07;1631.35,1453.84;1604.91,1454.34;1594.8,1458.88;1593.54,1481.57;1597.75,1501.73;1609.6,1512.23;1602.46,1521.34;1598.75,1542.42;1601.95,1567.67;1614.62,1571.88;1636.31,1568.97;1638.58,1555.05;1636.31,1525.26;1633.08,1498.06
1501	110010000	4	0	72822	561.05,587.05;1453.54,1341.11;1451.98,1340.88;1447.55,1339.17;1441.89,1335.13;1437.86,1328.53;1415.87,1281.19;1414.76,1275.03;1416.72,1266.58;1420.7,1260.49;1416.06,1257.98;1413.59,1255.59;1439.69,1243.36;1440.07,1245.43;1439.75,1248.75;1438.88,1251.91;1445.78,1252.81;1453.45,1256.66;1457.45,1261.44;1481.14,1312.07;1482.42,1318.8;1480.9,1325.87;1479.37,1328.7;1475.45,1321.05;1450.04,1332.89
1502	110010000	5	0	72823	495.05,572.78;1743.15,2068.83;1656.11,1461.34;1722.78,1449.66;1828.78,2052.58
1503	110010000	5	0	72824	589.42,806.89;1861.45,1515.62;1870.7,1515.64;1870.72,1506.54;1861.53,1506.57
1504	110010000	5	0	72825	545.61,606.42;1675.48,1628.73;1675.71,1600.27;1777.31,1600.42;1777.03,1629.23
1505	110010000	5	0	72826	12.48,593.85;1598.71,2029.68;1756.9,1884.3;1795.32,1924.01;1631.38,2067.46
1506	110020000	2	16	71599	1185.75,1255.5;2183.15,1665.15;2245.4,1559.61;2161.67,1515.03;2100.98,1620.47
1507	110020000	3	2	67161	0.2,10000.2;2036.81,1442.38;2031.11,1827.86;2380.25,1828.57;2401.63,1447.37
1508	110020000	3	16	67430	0.1,10000.1;1981.95,1394.64;1979.81,1864.19;2436.54,1879.87;2438.68,1355.45
1509	120010000	2	23	71611	139.81,289.81;1119.02,1594.27;1169.73,1453.74;1183.24,1444.36;1272.04,1474.32;1271,1490.51;1280.99,1493.86;1305.81,1593.39;1232.87,1635.44
1510	120010000	2	18	71606	174.6,324.6;1110.69,1612.19;963.95,1742.14;808.94,1563.04;943.19,1445.63
1511	120010000	2	17	71605	163.04,313.04;1121.06,992.42;1024.3,1352.67;1106,1417;1136.78,1453.64;1168.93,1465.51;1173.37,1453.94;1183.62,1447.47;1268.43,1476.34;1267.15,1492.28;1277.59,1495.66;1301.92,1593.01;1407.59,1559.65;1387.76,1452.1;1387.64,1419.59;1352.81,1414.21;1352.85,1388.8;1387.25,1381.17;1387.68,1345.69;1376.03,1309.1;1375.87,1227.96;1327.57,1227.88;1326.94,1159.54;1332.28,1159.85;1332.36,1087.16;1321.29,1087.24;1322,1013.73
1512	120010000	2	20	71608	136.05,286.05;886.34,938.31;806.44,1181.36;1028.39,1356.39;1127.2,991.7
1513	120010000	2	16	71604	143.3,293.3;1718.97,1471.77;1385.54,1472.84;1385.49,1421.66;1350.28,1416.3;1349.97,1386.82;1385.34,1378.46;1384.69,1345.87;1480.89,1346.3;1480.93,1329.96;1719.16,1329.57
1514	120010000	2	22	71610	159.63,309.63;1480.17,1234.35;1480.15,1348.98;1385.54,1348.87;1373.83,1309.42;1373.23,1166.67;1417.87,1166.96;1417.81,1234.5
1515	120010000	2	19	71607	178.05,328.05;675.25,1347.21;809.47,1176.38;1109.36,1415.15;1139.95,1451.93;1168.56,1462.63;1121.46,1594.56;1076.83,1582.3;943.57,1449.83;848.37,1532.64
1516	120010000	2	21	71609	120.02,270.02;1318.48,1011.69;1318.95,1090.25;1330.56,1090.01;1330.51,1155.83;1325.12,1155.96;1325.13,1230.41;1375.37,1230.45;1375.35,1170.47;1417.74,1170.44;1417.94,1012.73
1517	120010000	3	12	67392	0.1,1000.1;1186.02,1542.26;1189.11,1543.38;1185.88,1552.51;1182.79,1551.53
1518	120010000	3	11	67392	0.1,1000.1;1056.07,1449.06;1051.78,1452.51;1044.22,1444.77;1048.04,1441.04
1519	120010000	3	11	67392	0.1,1000.1;1364.91,1073.69;1365.15,1091.56;1372.05,1091.81;1372.22,1073.69
1520	120010000	3	13	67392	0.2,230.2;1434.13,1290.01;1429.44,1297.75;1429.28,1316.78;1446.61,1316.62;1447.26,1330.65;1453.71,1330.81;1454.11,1315.98;1453.55,1293;1438.42,1289.88
1521	120010000	3	12	67392	0.1,1000.1;1210.45,1545.49;1212.83,1546.47;1209.6,1555.6;1206.94,1554.61
1522	120010000	3	13	67392	0.1,1000.1;1513.34,1327.57;1513.01,1386.63;1530.05,1386.63;1530.05,1326.41
1523	120010000	3	15	67431	0.1,1000.1;747.3,899.79;662.29,1265.45;658.98,1595.27;792.06,1825.16;1474.85,1811.93;1747.76,1832.12;1747.76,959.33;1696.9,744.41;891.37,793.62
1524	120010000	3	11	67468	0.1,1000.1;1236.27,1482.74;1218.19,1531.58;1257.89,1546.19;1276,1497.06
1525	120010000	3	12	67392	0.1,1000.1;1229.68,1492.42;1232.06,1493.4;1228.83,1502.53;1226.17,1501.55
1526	120010000	3	11	67392	0.1,1000.1;1158.96,1370.08;1153.44,1370.08;1153.5,1380.08;1158.9,1380.16
1527	120010000	3	12	67444	0.1,1000.1;1283.81,1460.97;1284.13,1460.33;1283.65,1460.97;1282.2,1465.15;1286.22,1478;1283.65,1479.29;1305.88,1536.49;1301.83,1538.22;1305.59,1549.23;1302.69,1550.39;1309.65,1567.78;1322.11,1564.88;1325.88,1573.72;1326.58,1572.93;1382.59,1552.25;1381.62,1543.73;1390.78,1538.43;1383.87,1521.08;1384.36,1520.43;1378.41,1510.15;1373.43,1511.92;1358.32,1469.33;1358.53,1468.04;1351.94,1450.37;1348.89,1440.4;1342.78,1437.51
1528	120010000	3	12	67392	0.1,1000.1;1222.8,1511.09;1225.18,1512.07;1221.95,1521.2;1219.29,1520.22
1529	120010000	3	13	67392	0.1,1000.1;1315.14,1434.78;1301.32,1439.28;1306.14,1451.98;1319.16,1446.67
1530	120010000	3	10	67446	0.1,1000.1;1128.58,1363.45;1129,1388.02;1153.57,1388.3;1153.29,1362.75;1134.9,1361.77
1531	120010000	3	10	67476	217.98,1217.98;833.6,1389.19;804.63,1418.6;840.62,1454.97;871.02,1425.21;870.42,1423.01;853.28,1407.62;858.06,1400.43;850.65,1392.89;843.97,1398.7
1532	120010000	3	11	67392	0.1,1000.1;1100.15,1510.1;1096.01,1513.19;1088.44,1505.45;1092.27,1501.72
1533	120010000	3	13	67392	0.1,1000.1;1513.69,1418.47;1513,1513.77;1530.01,1514.98;1530.22,1417.9
1534	120010000	3	12	67456	201,1201;1386.42,1416.15;1385.52,1446.42;1425.84,1447.2;1425.97,1416.15
1535	120010000	3	10	67470	0.1,1000.1;1000.92,1355.34;980.97,1392.15;1008.14,1407.29;1029.3,1371.51
1536	120010000	3	12	67454	201,1201;1432.82,1355.16;1432.82,1385.56;1392.38,1385.05;1392.12,1354.26
1537	120010000	3	11	67466	0.1,1000.1;1212.47,1470.55;1201.8,1499.61;1161.37,1485.71;1172.6,1455.95
1538	120010000	3	11	67392	0.1,1000.1;906.53,1403.14;893.66,1416.38;882.68,1406.03;895.83,1392.93
1539	120010000	3	10	67452	217.98,1217.98;914.59,1374.14;868.82,1421.09;854.48,1406.98;858.04,1400.22;850.77,1392.94;844.47,1397.73;833.97,1387.59;809.66,1412.94;780.81,1388.15;804.66,1354;758.46,1305.8;789.59,1269.65;841.81,1317.1;875.2,1283.46;909.57,1323.18;885.22,1345.02
1540	120010000	3	11	67464	0.1,1000.1;1200.11,1502;1161.37,1487.4;1150.42,1517.86;1189.72,1531.06
1541	120010000	3	10	67472	0.1,1000.1;1046.33,1381.15;1017.61,1410.9;1039.45,1433.61;1069.38,1403.16
1542	120010000	3	12	67392	0.1,1000.1;1196.69,1512.08;1199.78,1513.2;1196.55,1522.33;1193.46,1521.35
1543	120010000	3	13	67392	201.2,1201.2;1399.78,1413.32;1399.78,1415.88;1405.27,1416.01;1405.27,1413.32
1544	120010000	3	13	67392	201.1,1201.1;1405.65,1384.98;1405.78,1388.3;1400.29,1388.3;1400.29,1385.23;1405.78,1385.36
1545	120010000	3	16	67392	0.1,1000.1;755.12,304.46;185.28,352.57;143.27,757.01;143.27,1010.5;133.54,1840.56;427.76,1920;737.5,1961.29;1193.4,2012.02;1611.17,2189.87;1867.93,2135.08;1923.71,1847.87;1891.69,1737.24;1904.79,1733.6;1968.84,1751.07;1979.03,1725.59;2104.74,1484.47;2371.13,881.69;2203.78,782.33;1848.04,493.37;1565.43,287.99;1394.82,32.54;1285.69,208.14;994.3,463.26;780.31,316.43
1546	120010000	3	12	67438	0.1,1000.1;1226.97,1152.27;1226,1241.02;1322.1,1240.83;1323.65,1152.07
1547	120010000	3	10	67474	0.1,1000.1;1070.25,1403.38;1041.18,1433.99;1063.71,1456.53;1093.82,1426.6
1548	120010000	3	12	67392	0.1,1000.1;1185.18,1556.72;1182.23,1565.28;1199.36,1571.6;1202.87,1562.9;1198.66,1561.63;1197.81,1564.86;1187.7,1561.35;1188.55,1557.98
1549	120010000	3	12	67392	0.1,1000.1;1209.04,1480.77;1211.57,1481.61;1208.06,1491.16;1205.25,1490.46
1550	120010000	3	10	67440	0.1,1000.1;1322.06,1020.66;1322.06,1073.69;1414.07,1073.48;1413.65,1020.66
1551	120010000	3	11	67392	0.1,1000.1;1031.23,1496.51;1038.36,1503.95;1027.87,1515.49;1019.47,1507.08
1552	120010000	3	10	67442	0.1,1000.1;1407,1175.54;1406.74,1230.37;1375.28,1230.63;1375.15,1175.54
1553	120010000	3	11	67392	0.1,1000.1;1032.36,1426.39;1028.38,1429.79;1020.81,1422.05;1024.57,1418.37
1554	120010000	3	11	67462	0.1,1000.1;1189.86,1532.32;1179.18,1561.21;1140.87,1547.2;1150.28,1518.28
1555	120010000	3	11	67460	0.1,1000.1;1161.2,1558.13;1219.6,1578.77;1205.42,1617.51;1147.3,1596.59
1556	120010000	3	11	67458	0.1,1000.1;1216.4,1536.39;1205.97,1566.26;1245.54,1580.58;1256.21,1550.54
1557	120010000	3	14	67438	0.1,200.1;1360.41,1348.29;1346,1389.55;1346.66,1435.07;1362.05,1477.31;1392.5,1506.13;1437.04,1514.31;1511.79,1514.37;1512.7,1315.8;1392.5,1317.51
1558	120010000	3	11	67392	0.1,1000.1;999.66,1402.61;996.98,1406.65;987.15,1400.89;989.47,1396.97
1559	120010000	3	11	67392	0.1,228.1;1163.46,1284.27;1163.46,1299.19;1152.6,1298.87;1152.76,1315.25;1100.87,1315.73;1100.87,1267.74;1153.09,1267.08;1153.08,1283.63;1163.78,1284.11
1560	120010000	3	10	67442	0.1,1000.1;1114.23,1465.13;1085.16,1493.68;1107.01,1517.24;1136.94,1487.49
1561	120010000	3	13	67392	0.1,1000.1;1267.54,1241.33;1267.54,1247.9;1281.21,1248.08;1281.21,1241.33
1562	120010000	3	11	67392	0.1,1000.1;1372.27,1189.77;1372.39,1196.72;1375.12,1196.77;1375.07,1189.66
1563	120010000	3	10	67448	228,1228;1149.52,1270;1150.17,1312;1103.3,1311.84;1103.3,1271.14
1564	120010000	3	10	67450	0.1,1000.1;1028.35,1577.7;1032.88,1557.07;1029.48,1540.95;1016.76,1527.1;1027.79,1515.51;1019.31,1507.03;1008,1518.62;991.89,1504.77;974.64,1501.66;959.66,1503.64;885.88,1577.7;900.87,1615.3;919.24,1635.93;955.14,1649.5;983.12,1622.08
1565	120010000	4	0	72827	220.47,244.47;1008.68,1566.02;968.97,1525.08;912.91,1580.83;953.2,1621.68
1566	120010000	5	0	72828	217.34,227.34;889.81,1413.1;880.28,1421.62;914.14,1443.01;948.11,1425.46;969.41,1426;998.14,1437.15;1061.1,1494.73;1085.92,1478.74;1152.54,1431.84;1148.45,1421.03;1078.29,1468.91;1062.01,1480.3;1001.29,1426.57;971.1,1413.84;945.83,1413.34;914.52,1430.1
1567	120010000	5	0	72829	207.63,219.63;1189.49,1234;1196.05,1233.92;1196.19,1239.88;1190.13,1240.39
1568	120010000	5	0	72830	214.03,227.03;1259.37,1464.9;1268.63,1464.21;1265.73,1436.19;1256.28,1425.18;1232.68,1412.29;1203.27,1417.12;1177.3,1416.72;1148.42,1421.03;1090.56,1460.55;1097.63,1470.48;1152.64,1431.84;1179.94,1428.12;1205.44,1427.67;1230.52,1424.46;1249.54,1434.54;1256.31,1440.38
1569	120010000	5	0	72831	208.87,220.87;1259.89,1463.93;1259.36,1456.6;1267.21,1456.55;1268.02,1463.56
1570	120010000	5	0	72832	207.97,222.97;1211,1240.28;1205.14,1240.37;1204.89,1234.11;1211.03,1233.99
1571	120010000	5	0	72833	208.32,227.32;1019.22,1136.29;1016.26,1147.79;1040.55,1154.19;1052.38,1173.45;1077.7,1180.73;1088.7,1181.94;1089.83,1172.13;1083.76,1171.57;1063.1,1166.49;1044.12,1142.61
1572	120010000	5	0	72834	214.32,232.32;1201.26,1241.71;1213.11,1242.3;1213.59,1142.74;1253.76,1139.7;1249.76,1129.62;1198.8,1129.89
1573	120010000	5	0	72835	207.91,221.08;1361.48,1246;1354.53,1245.77;1354.53,1238.66;1362.38,1238.37
1574	120010000	5	0	72836	214.83,232.83;1356.86,1145.95;1344.9,1146.24;1344.81,1173.23;1335.4,1215.24;1336.74,1248.06;1347.23,1248.06;1347.77,1213.63;1357.14,1169.83
1575	120010000	5	0	72837	208.7,221.32;1275.39,1462.43;1272.83,1456.35;1279.84,1453.8;1282.63,1459.65
1576	120010000	5	0	72838	210.88,230.88;1077.7,1180.81;1177.85,1192.29;1182.23,1195.86;1188,1242.95;1197.64,1242.52;1193.53,1187.83;1185.47,1180.94;1083.79,1171.48;1063.17,1166.43;1056.44,1158.06;1046.75,1164.41;1052.29,1173.58
1577	120010000	5	0	72839	204.64,219.64;1003.01,1133.91;1009.77,1135.53;1008.09,1142.4;1001.4,1140.84
1578	120010000	5	0	72840	212.22,231.22;1362.76,1238.14;1363.02,1264.61;1352.75,1286.22;1349.17,1334.6;1340.31,1386.77;1321.99,1412.56;1275.61,1428.41;1284.36,1462.25;1274.02,1464.14;1261.89,1422.2;1272.25,1417.14;1294.74,1412.31;1314.37,1402.2;1330.47,1379.62;1338.66,1335.64;1343.48,1284.05;1354.14,1259.66;1354.28,1237.88
1579	120010000	5	0	72841	209.55,227.55;1040.48,1154.27;1044.17,1142.52;1001.73,1131.74;998.83,1143.42
1580	120010000	5	0	72842	218.02,233.02;1344.81,1173.23;1357.15,1169.83;1356.85,1145.96;1349.44,1122.9;1353.37,1103.64;1344.88,1095.74;1303.78,1095.34;1249.75,1129.64;1198.79,1129.92;1213.55,1142.72;1253.74,1139.69;1306.8,1106.48;1338.88,1106.9;1337.16,1124.91;1338.37,1136.19;1344.9,1146.24
1581	120010000	5	0	72843	208.01,223.01;1339.74,1238.96;1345.62,1239.08;1345.76,1245.46;1339.59,1245.8
1582	120010000	5	0	72844	207.93,233.17;1132.78,1295.75;1141.75,1295.72;1141.75,1286.77;1132.82,1286.74
1583	120010000	5	0	72845	212.35,224.35;888.4,1415.1;894.42,1419.92;890.42,1424.44;884.84,1420.1
1584	120020000	2	16	71612	224.3,374.3;1471.13,1303.3;1629.3,1399.36;1543.9,1523.27;1410.06,1431.68
1585	120020000	3	16	67430	0.1,1000.1;1459.28,1312.18;1457.9,1513.9;1629.52,1513.2;1626.4,1316.33
1586	120020000	3	2	67166	0.1,1000.1;1467.24,1321.52;1466.55,1504.9;1621.9,1507.67;1618.1,1330.86
1587	110070000	2	16	71615	72.84,322.84;667.47,597.86;665.78,851.05;930.37,852.32;929.95,593.22
1588	110070000	2	16	71613	120.64,175.64;415.54,362.62;413.71,181.05;642.19,179.6;640.86,361.53
1589	110070000	2	16	71614	16.52,266.52;330.51,567.59;628.85,567.74;628.95,832.19;332.77,832.04
1590	110070000	3	16	67430	0.1,1000.1;391.36,376.53;393.07,405.31;628.4,406.78;625.08,150.1;388.65,157.46
1591	110070000	3	1	67479	0.1,1000.1;398.96,167.04;403.01,388.74;608.88,386.16;607.04,164.09;400.44,168.14
1592	120080000	2	16	71615	72.84,322.84;667.47,597.86;665.78,851.05;930.37,852.32;929.95,593.22
1593	120080000	2	16	71617	55.12,155.12;449.06,370.56;448.87,180.41;598.98,179.66;598.89,372
1594	120080000	2	16	71614	16.52,266.52;330.51,567.59;628.85,567.74;628.95,832.19;332.77,832.04
1595	120080000	3	1	67481	0.1,1000.1;451.31,169.88;451.31,339.6;610.33,340.04;610.1,169.66;610.1,169.66
1596	120080000	3	16	67430	0.2,1000.2;432.58,145.35;433.69,363.01;629.06,363.01;628.84,144.01;625.94,144.23
1597	210010000	2	6	71619	0,500;380.55,1538.46;412.59,1369.06;525.99,1263.33;346.15,982.43;24.64,1012.95;24.71,1131.19;25.31,1438.13;24.6,1748.15;154.1,1692.19;237.34,1713.7;328.1,1751.64;353.23,1773.32;365.13,1712.92;364.83,1665.68
1598	210010000	2	5	71622	0,500;328.44,1745.61;237.28,1707.48;154.25,1686.93;43.47,1734.28;43.69,2048.08;44.01,2214.95;383.16,2192.66;526.26,2025.19;471.85,1919.94;453.27,1879.13;441.29,1841.69;408.84,1824.21
1599	210010000	2	2	71618	0,500;814.26,1057.3;732.39,795.72;623.07,780.25;536.7,830.66;459.33,1023.86;452.89,1208.79;496.02,1275.43;663.32,1322.67;731.44,1347.27;752.01,1318.32;821.62,1164.17
1600	210010000	2	1	71621	0,500;807.31,1044.78;887.71,973.58;978.43,919.94;1024.57,907.71;1086.78,902.98;1274.1,1017.27;1296.71,1170.17;1309,1417.74;921.97,1714.24;808.54,1543.47;718.24,1348.97;749.03,1306.86;813.48,1164.52
1601	210010000	2	3	71623	0,500;507.86,1269.34;410.3,1357.56;380.34,1515.31;369.76,1597.52;455.18,1611.33;553.58,1688.65;606.15,1715.11;660.12,1751.32;720.8,1681.04;757.74,1532.78;650.96,1301.37
1602	210010000	2	1	71624	0.1,600.1;205.64,1172.91;221.89,1144.47;251.78,1158.4;308.65,1146.5;361.47,992.13;330.13,898.98;186.2,903.62;92.18,989.51;90.72,1107.62;110.17,1182.49;165.01,1188;187.65,1182.49
1603	210010000	2	4	71620	0,500;453.54,1602.19;360.74,1649.69;360.39,1710.96;349.76,1773.35;407.9,1829.4;438.19,1845.77;455.19,1893.48;511.89,2004.74;592.67,2006.13;658.12,1936.5;699.55,1896.46;725.32,1836.23;662.23,1743.9;608.82,1708.46;558.4,1682.5
1604	210010000	3	10	67520	0.1,1000.1;431.02,1097.54;431.02,1024.57;431.02,953.08;404.35,923.08;369.16,930.11;338.05,922.34;316.93,938.26;306.19,966.78;299.89,997.53;299.89,1007.53;306.19,1021.24;306.19,1041.98;303.23,1068.28;288.78,1079.76;272.85,1080.5;264.38,1073.75;254.75,1076.38;244.25,1075.63;234.5,1069.75;229.13,1059.88;226,1058;215.5,1053.25;202.48,1050.5;188.77,1045.31;190.25,1031.61;202.85,1016.42;206.18,997.16;212.48,987.9;216.55,973.08;231.74,968.64;244.7,966.41;260.63,963.08;273.6,963.82;281,971.23;288.04,980.12;292.49,961.97;285.45,946.04;252.85,936.78;207.66,940.86;166.92,950.86;141.73,986.42;127.28,1025.68;113.21,1072.35;110.62,1133.1;127.25,1264.25;357.63,1204.38;343.38,1136.75
1605	210010000	3	16	72846	0.1,10.1;0,0;0,0;0,0
1606	210010000	3	1	67493	0.1,127.1;819.57,1252.04;819.55,1245.87;825.5,1245.75;827.43,1245.87;827.54,1246.48;827.06,1246.91;827.06,1253.31;830.8,1253.45;830.89,1270.7;819.69,1270.88;815.88,1270.92;815.77,1253.35;817.29,1253.36;819.51,1253.38
1607	210010000	3	11	67523	0.1,1000.1;228.21,1057.94;234.74,1070.07;244.24,1075.55;255.07,1076.34;264.32,1073.78;276.62,1073.68;290.72,1070.23;298.68,1056.95;299.61,1045.61;298.21,1038.62;301.22,1020.23;295.38,1006.38;289.1,989.16;283.41,982.91;275.25,971.8;265.55,966.14;257.07,966.87;227.69,976.01;217.48,983.01;210.48,1000.64;209.33,1014.57;201.08,1024.68;190.91,1041.6;233,1061.38
1608	210010000	3	3	67497	0.1,1000.1;816.45,1158.56;822.54,1120.35;828.29,1084;836.34,1037.1;814.52,1009.03;811.45,1003.16;817.53,993.36;717.93,826.51;700.18,797.76;679.31,762.28;629.26,785.28;532.39,829.43;473.99,981.59;435.42,1087.06;385.07,1213.17;428.84,1215.86;427.64,1278.84;484.02,1283.64;503.21,1266.88;511.05,1264.99;545.98,1261.81;582.88,1237.96;609,1230.68;614.82,1230.58;650.66,1264.9;654.76,1303.47;659.68,1309.46;685.46,1316.93;796.66,1305.91;796.69,1296.29;786.36,1285.61;784.49,1260.96;788.98,1248.57;792.57,1234.27;794.88,1225.95;803.72,1207.65;805.09,1205.81;785.81,1200.01;784.44,1192.61;785.51,1190.66;788.02,1175.22;797.84,1168.15;815.09,1161.93;814.84,1161.93
1609	210010000	3	8	67516	0.1,1000.1;353.35,1621.08;335.1,1661.87;356,1656.74;356,1736.44;290.29,1706.09;262.63,1701.57;226.77,1692.86;200.57,1681.05;180.39,1687.7;168.12,1697.77;105,1653.54;57.34,1617.9;64.21,1524.29;63.85,1494.6;72.44,1465.19;126.11,1301.18;130.25,1278.25;407.25,1208.63;444.46,1219;447.69,1288.14;420.63,1301.45;408.16,1336.1;367.55,1458.47;358.56,1610.22
1610	210010000	3	4	67501	0.1,1000.1;656.92,1324.34;519.23,1282.74;474.72,1294.27;416.98,1354.18;406.08,1434.08;400.59,1513.86;413.04,1611.14;708.91,1722.91;844.87,1722.1;838.27,1519.22;739.68,1351.29;680.83,1328.64
1611	210010000	3	1	67483	0.1,1000.1;1341.84,973.45;1340.13,1118.87;1264.7,1260.3;1229.7,1381.42;1148.71,1470.52;1012.54,1498.38;894.65,1541.54;815.39,1308.74;851.62,1297.09;873.95,1276.17;894.88,1258.84;895.5,1246.81;896.27,1235.4;895.75,1214.04;890.39,1209.68;884.87,1205.7;879,1199.37;888.19,1190.21;874.5,1169.35;866.04,1172.45;849.64,1166.68;817.75,1160.11;838.41,1035.76;814.21,1003.59;915.91,813.82;1223.24,837.65;1341.29,943.54
1612	210010000	3	16	72846	0.1,10.1;0,0;0,0;0,0
1613	210010000	3	6	67510	0.13,1000.13;672.44,1781.15;750.83,1768.86;792.37,1868.82;747.43,1944.59;700.06,1967.8;631.78,1994.93;605.38,1950.8;608.6,1930.05;617.47,1931.86;611.22,1928.84;585.03,1886.92;560.04,1872.41;555.2,1868.98;555.81,1838.15;579.79,1836.54;623.32,1786.97;668.84,1784.44;671.66,1783.23
1614	210010000	3	3	67392	0.1,1000.1;491.99,1533.32;504.19,1562.24;503.49,1563.81;488.85,1573.48;467.86,1582.88;453.05,1569.99;444.6,1552.75;456.54,1529.66;477.62,1526.09;491.99,1532.45
1615	210010000	3	1	67495	0.1,125.1;856.53,1240.83;856.38,1241.21;859.13,1245.55;857.28,1247.06;864.07,1257.46;866.11,1256.29;872.06,1252.37;870.74,1250.37;874.29,1248.22;870.86,1243.13;867.5,1245.25;865.24,1241.85;864.3,1242.42;861.47,1238.35;860.6,1238.12;856.53,1240.72
1616	210010000	3	16	67392	0.1,10000.1;0,0;0,0;2237.67,-65.22;3282.18,-2.97;3240.68,1297.48;3233.76,1823.2;3267.58,3219.32;51.04,3236.61;-44.99,3064.76;-72.66,-6.52;3.43,-86.07
1617	210010000	3	2	67489	0.1,1000.1;894.76,1217.06;893.63,1253.98;893.3,1257.86;883.08,1267.2;875.94,1272.65;858.75,1287.3;849.56,1295.44;818.74,1304.66;814.23,1305.88;810.29,1302.85;799.38,1294.51;786.85,1282.36;785.49,1272.28;785.03,1259.93;787.91,1249.78;792.11,1232.24;795.35,1223.7;799.97,1214.46;804.37,1205.6;812.22,1204.82;813.38,1205.15;832.46,1209.63;848.38,1192.94;878.21,1199.28;885.25,1206.45;891.74,1211.73;895,1214.79;894.96,1215.91
1618	210010000	3	7	67512	0.04,1000.04;455.91,1891.21;472.26,1945.3;490.66,2013.46;490.91,2033.39;452.64,2137.23;384.53,2182.04;234.44,2206;211.44,2194.2;154.54,2068.02;147.96,1935.26;145.06,1770.69;310.68,1802.59;384.31,1817.89;394.25,1849.17;415.01,1879.16;426.63,1897.69
1619	210010000	3	5	67506	0.1,1000.1;393.51,1634.59;385.11,1739.64;372.23,1742.64;370.08,1743.93;361.09,1763.2;364.1,1780.16;417.77,1843.26;424.92,1829.2;461.13,1870.39;460.29,1900.86;496.28,1984.33;599.27,1989.1;605.77,1927.74;582.64,1891.64;552.86,1869.01;553.55,1838.36;553.93,1834.95;580.54,1831.92;632.66,1771.28;701.7,1738.86
1620	210020000	2	2	71596	100,900;13.3,3055.85;16.56,2471.39;338.74,2459.44;384.6,2423.03;415.64,2387.24;497.77,2425.4;543.96,2445.7;541.74,2491.16;541.26,3058.02
1621	210020000	2	6	71650	200,600;2623.25,2391.38;2596,2380.76;2576.63,2368.13;2558.63,2366.13;2538.63,2344.13;2513.38,2337.51;2495.38,2324.13;2472,2327.51;2460.75,2350.13;2454,2370.76;2442.13,2388.13;2422.75,2392.76;2392.75,2406.76;2385.38,2434.13;2371.5,2460.76;2376.75,2488.01;2396.13,2514.01;2425.38,2537.38;2444.13,2539.38;2474.75,2521.38;2495.38,2508.76;2504,2510.01;2501.38,2532.76;2485.38,2547.38;2479.38,2593.38;2488.75,2611.63;2518.75,2620.25;2545.38,2616.88;2560.13,2606.88;2593.38,2623.63;2622.63,2626.63;2640.63,2612.01;2663.25,2627.26;2685.25,2629.26;2684.63,2460.01;2665.25,2418.13
1622	210020000	2	8	71629	100,900;3065.15,1620.51;2552.62,1646.21;2498,1622.11;2412.84,1622.11;2390.35,1601.22;2348.58,1609.26;2289.13,1609.26;2181.48,1622.11;2212.01,1755.47;2136.5,1986.83;2154.17,2038.24;2046.52,2137.85;1874.61,2126.61;1864.97,2266.39;1784.64,2335.47;1545.24,2378.85;1585.41,2428.66;1585.41,2507.39;1567.61,2606.39;1507.82,2644.1;1493.86,2671.91;1452.09,2774.74;1503.5,2853.47;1588.66,2874.35;1585.44,3057.51;3060.03,3060.79
1623	210020000	2	9	71632	100,900;12.37,1956.37;6.94,1672.84;113.4,1603.31;218.78,1618.52;251.37,1589.19;314.38,1584.84;337.19,1572.89;390.42,1643.51;442.57,1658.72;481.67,1684.79;495.8,1681.53;508.83,1653.28;534.9,1646.77;552.29,1629.38;619.64,1647.85;638.11,1676.1;667.44,1684.79;660.92,1715.21;646.8,1730.41;680.48,1776.04;695.92,1781.62;706.02,1815.7;706.65,1839.68;709.18,1860.5;724.95,1895.84;741.36,1914.77;736.31,2003.75;549.45,1993.66;534.46,2014.15;398.55,2020.01;287.77,1955.92
1624	210020000	2	16	71641	100,900;1585.07,1629.15;1649.64,1602.48;1756.33,1405.96;1874.24,1355.42;1900.91,1285.24;1945.83,1323.14;2052.52,1304.89;2052.52,1376.48;2045.5,1405.96;2083.4,1448.07;2100.25,1509.83;2132.53,1522.47;2187.28,1616.52;2216.76,1759.7;2143.76,1989.91;2160.61,2039.04;2045.5,2147.13;1870.03,2131.69;1756.33,1967.45;1695.97,1887.44;1645.43,1806.02;1641.22,1728.82;1599.11,1679.69
1625	210020000	2	5	71633	100,700;17.39,505.68;12.63,1002.34;144.23,1005.57;191.86,1028.18;246.76,1036.25;333.14,1040.29;394.46,1097.77;398.42,1157.26;440.28,1258.89;434.83,1364.16;401.26,1393.2;403.1,1435.21;358.62,1520.32;356.04,1550.62;335.41,1577.05;388.92,1646.04;441.14,1661.51;479.18,1687.3;495.94,1683.43;512.06,1654.42;533.98,1649.26;551.54,1631.62;617.95,1649.68;637.29,1679.33;663.08,1687.72;658.56,1712.86;645.03,1730.91;678.75,1777.66;694.17,1781.29;716.86,1784.01;742.27,1752.25;787.65,1529.01;808.52,1480.01;915.6,1464.58;970.96,1476.38;1117.85,1383.28;1216.77,1291.62;1249.43,1209.95;1262.14,1119.2;1382.12,1066.57;1421.14,1013.93;1434.75,892.33;1490.98,726.77;1443.1,611.04;1353.93,547.76;1308.19,495.25;1328.44,439.62;1327.76,337.36;1378.55,333.97;1377.2,180.91;1232.08,14.04;434.73,17.75;482.83,184.73;490.99,252.79;485.55,329.02;462.86,404.34;424.44,437.54;366.67,471.5;285.9,514.15;228.73,515.05;172.47,507.79
1626	210020000	2	2	71647	100,400;1173.12,1420.88;1229.5,1438.26;1278.75,1484.13;1309.5,1530.63;1309,1569.26;1330.5,1603.51;1327,1670.76;1283.5,1709.26;1228.5,1743.13;1177.75,1761.13;1117.12,1743.13;1066.75,1699.63;1044.87,1648.13;1041.12,1592.13;1011.5,1547.26;1018.5,1484.26;1042.62,1452.38;1077.37,1436.01;1104.12,1449.88;1127.25,1469.76;1145.75,1443.76
1627	210020000	2	12	71638	100,900;2717.44,889.11;2662.49,901.6;2603.79,936.57;2495.13,980.28;2465.16,1007.76;2408.95,1033.99;2356.5,1081.45;2314.03,1137.65;2266.57,1175.12;2246.59,1210.09;2215.37,1223.83;2144.18,1212.59;2041.76,1310.01;2046.76,1364.96;2036.77,1411.17;2071.74,1443.64;2096.72,1517.33;2122.95,1526.07;2184.14,1625.99;2291.55,1611;2346.51,1608.5;2387.72,1599.76;2412.7,1623.49;2498.88,1623.49;2555.08,1645.97;3064.65,1619.74;3057.16,822.92
1628	210020000	2	15	71639	100,500;4.61,2473.99;2.44,2240;95.86,2299.75;149.09,2332.34;178.42,2346.46;209.93,2358.41;341.38,2462.7
1629	210020000	2	13	71637	100,600;1375.33,179.57;1377.47,331.53;1322.9,331.53;1325.04,438.53;1305.78,493.11;1352.78,549.49;1440.8,611.04;1488.76,729.6;1482.34,751;1514.44,798.08;1555.11,797.01;1585.07,769.19;1622.52,723.18;1648.2,723.18;1671.74,692.14;1683.52,663.25;1684.59,633.29;1666.39,587.28;1669.6,516.65;1682.45,471.71;1865.43,450.31;1740.23,296.21;1605.4,204.19;1486.62,174.22
1630	210020000	2	12	71646	344,364;1392.5,224.13;1391.63,335.63;1401.63,335.63;1401,305.75;1453.88,305.75;1455.25,225.75
1631	210020000	2	3	71648	-20,263.14;68.25,62;26.38,146.63;18.63,235.38;14.38,321.63;18.63,501.88;170.75,506.13;223.63,511.25;284.25,511.25;377.38,463.5;425.13,433.5;458.5,403.63;481.5,331.13;487.5,255.13;479,187.63;459.38,115;432,74;310.75,24.5;227,25.38;150.25,31.38
1632	210020000	2	10	71644	344,364;1400.63,334.75;1326.76,336.75;1329.38,392.88;1400.51,393.75
1633	210020000	2	3	71597	100,900;917.84,2256.07;915.03,2247.86;913.08,2240.51;911.35,2234.03;909.41,2229.49;908.97,2226.03;907.01,2218.02;905.27,2211.96;905.91,2207.64;904.39,2201.8;903.96,2195.54;901.36,2189.7;901.13,2183.65;897.24,2177.17;894,2168.73;891.4,2162.25;889.46,2153.17;884.55,2142.47;945.87,2086.99;953.17,2026.4;991.86,1973.12;1046.61,1967.28;1076.54,1951.95;1121.07,1907.42;1148.5,1851.09;1172.23,1874.82;1269.51,1881.11;1334.46,1879.86;1400.65,1841.14;1458.1,1771.2;1478.09,1727.49;1540.53,1688.77;1588.47,1640.99;1616.44,1654.07;1619.86,1674.32;1628.08,1692.21;1633.25,1704.47;1649.51,1721.81;1652.88,1737.55;1662.08,1750.39;1661.76,1761.51;1660.39,1782.91;1659.95,1816.04;1669.02,1837.57;1702.3,1870.11;1728.22,1920.92;1763.48,1961.84;1785.72,2002.3;1815.94,2041.66;1879.17,2131.28;1871.98,2267.63;1785.02,2341.76;1549.49,2381.73;1500.24,2388.87;1315.2,2386.42;1341.1,2351.85;1302.59,2334.53;1263.52,2347.56;1223.59,2400.17;1218.93,2411.27;1192.75,2448;1215.86,2477.44;1163.43,2491.21;1164.15,2632.53;1052.93,2493.13;999.28,2469.09;964.28,2493.03;926.48,2449.82;912.92,2426.26;915.75,2404.44;924.06,2269.12
1634	210020000	2	11	71645	344,364;1446.38,312.88;1446,409;1519.25,408.88;1518.63,313.13
1635	210020000	2	10	71634	100,900;1153.9,3065.78;1162.64,2622.41;1162.59,2488.31;1212.57,2477.15;1191.14,2447.99;1216.67,2410.86;1223.18,2398.14;1262.65,2346.46;1302.45,2332.94;1342.62,2350.95;1318.11,2384.55;1496.11,2385.11;1547.32,2377.61;1587.96,2427.68;1587.62,2507.72;1569.64,2607.88;1509.15,2646.68;1495.08,2674.51;1453.18,2774.89;1505.5,2852.01;1589.78,2872.7;1586.03,3058.29
1636	210020000	2	6	71631	100,900;1871.02,446.24;1681.76,467.17;1663.56,518.53;1662.83,587.88;1678.89,634.6;1675.97,663.07;1665.02,690.81;1646.04,718.55;1621.22,718.55;1596.4,750.67;1553.21,791.65;1518.9,791.65;1481.67,739.09;1429.84,890.19;1413.09,1008.44;1375.13,1062.46;1257.88,1119.13;1244.45,1208.32;1213.03,1287.81;1115.68,1379.61;968.65,1472.65;919.97,1462.17;802.26,1476.56;781.82,1529.12;735.84,1748.84;693.5,1782.42;694.96,1824.76;707.37,1877.32;735.11,1916.74;734.38,2008.72;886.21,2149.6;908.84,2124.78;950.45,2089.75;956.29,2030.62;994.98,1977.33;1044.62,1970.76;1079.66,1954.7;1124.19,1909.44;1150.47,1852.26;1171.52,1878.53;1265.43,1885.04;1333.91,1883.83;1401.8,1846.6;1460.93,1777.98;1481.37,1729.8;1539.77,1692.57;1598.16,1637.09;1658.02,1608.63;1764.59,1419.43;1879.93,1366.15;1906.94,1299.72;1912.32,1236.53;1877.33,1196.95;1840.83,1123.23;1871.49,1075.05;1868.57,1027.6;1863.21,944.12;1999.72,765.27;2044.97,571.83
1637	210020000	2	11	71636	100,600;3.69,1671.42;9.02,1169.83;9.4,991.85;140.19,997.5;192.67,1023.33;241.11,1033.02;333.14,1036.25;397.2,1096;401.01,1154.61;445.36,1261.49;438.09,1367.25;418.72,1381.79;406.47,1396.38;409.7,1432.71;361.43,1523;361.43,1552.68;335.43,1578.84;316.05,1588.53;251.46,1593.37;217.56,1623.24;115.03,1611.13
1638	210020000	2	7	71630	100,900;3060.23,48.1;2389.54,197.97;2144.75,336.6;2041.09,576.4;1995.69,763.26;1859.56,943.1;1865.8,1030.53;1869.55,1071.75;1834.58,1122.95;1875.79,1197.89;1910.77,1239.1;1908.27,1296.56;1946.98,1329.03;2045.65,1310.29;2146.82,1214.13;2215.51,1222.87;2249.23,1211.63;2269.21,1171.66;2317.92,1137.94;2361.63,1079.24;2412.84,1034.28;2467.79,1008.05;2500.27,980.57;2605.18,936.86;2665.13,901.89;2718.83,890.65;3058.4,820.88
1639	210020000	2	14	71635	100,900;11.47,2246.73;10.04,1957.55;292.49,1955.38;398.99,2018.46;538.18,2012.84;578.13,2090.62;531.7,2135.92;552.81,2157.1;532.17,2173.74;529.05,2282.78;491.29,2295.62;441.87,2324.27;424.89,2375.8;341.04,2463.73;211.01,2360.59;176.38,2347.89;146.99,2332.55;93.35,2301.05
1640	210020000	2	6	71649	199.38,599.38;2345.38,2434.38;2309.26,2486.76;2259.38,2515.13;2207.88,2522.76;2213.01,2557.13;2210.51,2584.63;2166.63,2605.26;2146.88,2616.51;2132.26,2646.51;2108.26,2650.76;2091.01,2632.76;2061.01,2601.01;2035.26,2590.63;2019.76,2568.38;1975.01,2566.63;1933.88,2554.63;1909.76,2529.63;1920.13,2505.63;1933.88,2492.76;1933.88,2462.63;1965.63,2454.13;1988.01,2450.63;1994.01,2470.38;2016.26,2486.76;2042.88,2480.76;2061.88,2459.26;2061.88,2436.01;2059.26,2408.51;2088.51,2376.76;2122.01,2354.38;2144.26,2349.26;2175.26,2353.63;2200.13,2335.51;2233.63,2347.51;2249.13,2370.76;2278.38,2387.13;2318.76,2387.88;2342.76,2408.51
1641	210020000	2	9	71643	344,364;1447.76,305;1398.88,305;1398.88,392.25;1447.76,392.13
1642	210020000	2	4	71598	236.25,503.46;15.77,266.69;17.09,212.49;24.36,144.41;68.18,59.19;150.67,20.44;222.06,14.49;314.6,17.14;437.22,67.49;464.32,113.1;484.15,177.87;496.05,255.87;488.78,329.9;465.02,407.61;427.77,440.11;374.95,472.62;288.94,516.64;230.02,520.03;177.71,512.58;162.97,511.22;15.11,507.95;11.8,332.13
1643	210020000	2	1	71594	172.13,972.13;539.02,3067.21;540.27,2489.68;542.8,2446.18;504.04,2428.62;415.69,2387.83;382.88,2425.95;338.84,2464.09;422.73,2373.78;437.94,2322.72;493.34,2291.22;527.02,2281.44;530.28,2171.72;550.92,2156.51;529.19,2134.78;575.91,2089.16;535.65,2009.34;549.69,1991.12;738.05,2001.61;890.95,2146.73;903.91,2185.78;914.89,2238.31;925.91,2267.76;917.02,2423.75;927.88,2445.48;964.82,2487.85;997.41,2462.86;1056.07,2492.19;1161.45,2622.55;1153.84,3065.78
1644	210020000	2	5	71642	415,450;2270.12,431.88;2244.62,439.13;2231,457.26;2238.87,488.51;2267.37,506.26;2282.37,499.76;2280.37,471.63;2297.75,459.13
1645	210020000	3	1	67392	0.1,1000.1;451.68,411.97;427.81,437.86;440.95,448.17;453.29,457.68;463.41,468.2;470.89,475.08;482.02,478.52;495.17,475.48;508.11,472.04;518.63,465.17;540.07,456.67;549.38,425.92;539.87,420.66;531.58,422.69;521.46,425.92;506.9,430.17;497.8,431.99;486.47,434.62;476.76,432.19;468.46,426.33;463,422.08;457.95,418.24;454.91,414.39
1646	210020000	3	16	67562	0.1,1000.1;2055.7,1363.53;2001.98,1313.86;1924.94,1337.85;1915.48,1358.46;1918.86,1384.14;1992.18,1446.99;2010.09,1439.22;2026.3,1422.32;2048.27,1419.96;2061.78,1381.1
1647	210020000	3	5	67547	0.1,1000.1;3.98,1940.56;6.4,2449.54;21.49,2274.47;158.64,2319.62;198.72,2355.18;176.14,2443.24;353.17,2451.77;441.72,2381.32;450.15,2173.7;468.26,2152.57;392.81,2053.47;350.53,1964.19
1648	210020000	3	9	67566	0.1,1000.1;525.38,35.07;529.19,203.26;535.38,218.94;538.68,226.78;573.76,251.54;584.59,245.69;593.57,246.59;599.35,250.31;603.48,263.1;597.7,266.4;597.29,275.48;612.56,282.5;613.38,292.4;603.48,303.13;601.83,310.15;610.08,316.75;617.51,315.93;627.83,304.37;636.91,304.37;641.45,309.32;654.65,304.37;660.43,306.43;664.97,298.59;675.29,295.7;678.18,300.24;696.34,299.83;699.22,284.97;740.81,299.76;775.83,163.54;740.91,159.1;740.79,44.4
1649	210020000	3	8	67596	0.1,1000.1;1151.87,2491.67;1129.92,3018.06;1504.58,3046.19;1504.8,2873.31;1463.03,2772.87;1481.41,2645.83;1469.57,2619.28;1520.62,2551.89;1568.47,2512.77;1551.12,2382.38;1476.36,2388.96;1313.42,2387.77;1267.16,2434.02;1248.18,2457.49
1650	210020000	3	19	67576	0.1,1000.1;1509.27,745.99;1507.21,769.71;1449.58,895.92;1450.74,923.24;1435.71,947.52;1424.54,954.84;1426.08,977.57;1414.14,1031.9;1404.5,1091.24;1422.23,1137.48;1201.18,1332.29;1196.42,1377.81;1268.94,1477.86;1287.46,1473.09;1309.7,1493.74;1328.75,1490.56;1356.81,1499.56;1365.57,1531.25;1442.33,1545.54;1456.09,1533.89;1477.26,1555.6;1562.2,1641.07;1670.91,1545.99;1651.56,1470.29;1626.15,1415.77;1628.27,1388.77;1646.27,1339.01;1635.14,1301.29;1680.5,1213.68;1677.75,1221.37;1683.52,1221.92;1694.78,1217.25;1702.74,1219.72;1714.28,1228.51;1735.7,1238.94;1743.98,1247.39;1746.9,1280.32;1744.4,1291.58;1731.06,1306.17;1735.22,1328.69;1772.33,1360.37;1835.29,1349.95;1854.21,1297.29;1850.87,1174.71;1839.2,1145.94;1879.22,1040.88;1905.91,992.1;1930.18,653.37;1929.35,557.89;1762.16,547.05;1673.35,600;1625.4,699.23;1527.01,713.93
1651	210020000	3	11	67582	0.1,315.1;1835.02,2582.13;1830.98,2577.47;1775.02,2579.64;1743.61,2562.23;1776.57,2527.72;1813.57,2526.17;1871.61,2465.56;1857.44,2447.86;1867.01,2431.56;1887.42,2390.68;1942.14,2312.95;1995.05,2335.03;2041.07,2315.13;2039.82,2266.32;2054.13,2266.63;2083.04,2211.29;2068.83,2172.1;2084.69,2146.3;2104.28,2135.72;2153.09,2178.01;2187.44,2156.96;2210.75,2169.4;2227.54,2194.9;2270.14,2219.15;2304.96,2269.51;2351.45,2269.99;2391.56,2233.62;2432.29,2209.99;2452.9,2202.14;2489.59,2215.51;2529.1,2178.24;2555.22,2140.93;2587.55,2131.92;2594.7,2172.64;2670.8,2179.71;2699.71,2294.75;2654.37,2350.51;2626.08,2425.13;2608.98,2441.92;2617.06,2397.15;2618,2391.24;2516.64,2342.43;2439.83,2414.75;2413.71,2427.81;2402.21,2454.55;2395.68,2478.18;2413.4,2516.73;2456.62,2529.79;2501.7,2511.45;2482.14,2579.69;2493.64,2607.98;2539.35,2618.55;2564.42,2604.2;2601.42,2620.98;2632.12,2613.71;2646.42,2617.13;2662.9,2628.63;2679.07,2633.3;2691.19,2620.24;2702.38,2601.27;2712.86,2589.24;2731.51,2581.47;2748.92,2573.69;2777.21,2580.53;2808.62,2606.96;2834.17,2632;2829.19,2676.77;2806.18,2701.95;2785.66,2729.31;2766.39,2758.54;2727.66,2759.75;2701.54,2754.16;2677.29,2759.44;2658.64,2758.2;2643.09,2748.25;2631.28,2740.17;2616.35,2740.17;2594.9,2735.5;2576.56,2741.1;2564.12,2742.65;2544.22,2729.28;2526.5,2713.12;2518.73,2698.5;2501.01,2689.07;2478.63,2690.93;2474.9,2699.64;2479.87,2717.98;2489.82,2741.92;2496.97,2760.57;2500.7,2777.36;2484.2,2797.9;2471.46,2797.9;2453.73,2768.37;2440.68,2745.36;2422.95,2723.28;2408.34,2703.7;2395.9,2692.5;2365.38,2635.85;2352.32,2630.88;2333.05,2638.34;2323.41,2645.8;2323.41,2655.75;2329.94,2670.67;2324.03,2678.45;2316.26,2694.93;2311.28,2707.98;2299.16,2717;2278.02,2720.11;2260.61,2720.73;2241.95,2721.66;2232.31,2722.91;2224.54,2679.38;2186.13,2694.2;2169.65,2709.43;2165.29,2727.47;2159.39,2750.79;2155.66,2762.91;2149.44,2769.75;2141.04,2783.12;2132.34,2789.65;2126.12,2786.54;2125.5,2766.02;2119.9,2747.68;2111.51,2734.62;2100.31,2729.64;2086.01,2735.24;2062.69,2742.08;2051.19,2748.3;2038.44,2749.54;2025.39,2746.28;2003.94,2735.09;1994.92,2714.26;1985.91,2692.81;1965.7,2688.77;1939.89,2694.36;1931.5,2694.98;1923.1,2714.26;1911.91,2718.3;1900.41,2718.61;1888.9,2719.23;1873.98,2726.39;1868.69,2739.44;1850.97,2757.79;1839.78,2768.98;1827.03,2774.58;1815.84,2769.6;1811.18,2754.99;1819.26,2732.91;1823.61,2709.29;1833.25,2686.28;1841.64,2656.43;1845.38,2636.22;1850.04,2620.05;1847.24,2607.31
1652	210020000	3	2	67539	262,269;280.53,2739.28;280.37,2736.27;262.97,2715.67;246.59,2730.57;263.62,2750.78;273.94,2753.49;283.23,2745.01;281.17,2738.92
1653	210020000	3	16	67559	0.1,1000.1;1590.18,1781.78;1427.43,1890.28;1339.44,1887.32;1332.01,1952.19;1322.46,1975.78;1327.92,1997.82;1336.1,2013.95;1338.59,2018.95;1356.09,2027.36;1366.09,2031.22;1374.72,2045.76;1381.31,2055.3;1381.78,2065.84;1462.95,2111.28;1500.52,2179.8;1497.43,2204.64;1541.66,2265.15;1606.24,2309.22;1654.12,2346.4;1778.8,2321.32;1812.82,2258.62;1859.71,2161.13;1839.53,2104.51;1810.37,2067.57;1806.29,2023.58;1720.53,1952.22;1719.54,1925.34;1702.71,1910.64;1626.59,1849.82;1616.43,1833.85;1608.88,1821.94;1606.55,1809.74;1604.81,1798.41;1602.2,1789.12;1600.74,1787.96
1654	210020000	3	15	67596	0.1,1000.1;2720.95,365.27;2420.84,180.39;2148.2,329.1;2118.83,380.33;2036.44,683.79;2096.73,791.64;1940.27,946;1938.26,978.82;1950.31,1003.61;1939.6,1058.54;1910.12,1077.29;1891.36,1090.28;1862.88,1155.25;1866.09,1197.77;1889.88,1203.6;2047.73,1267.87;2043.06,1248.37;2140.02,1207.82;2186.21,1221.74;2242.45,1217.84;2256.24,1204.05;2256.24,1182.12;2265.43,1167.27;2279.94,1161.61;2326.75,1123.85;2333.69,1073;2361.04,1053.35;2474.05,994.63;2527.43,935.42;2561.96,904.48;2674.77,731.07;2676.24,596.17;2733.87,406.69
1655	210020000	3	1	67541	269.2,289.2;263.01,2715.77;246.93,2730.41;263.49,2750.8;273.81,2753.44;283.65,2744.81;282.45,2738.81;263.49,2716.25
1656	210020000	3	15	67592	0.1,1000.1;2132.08,2048.68;2124.69,1981.43;2160.53,1902.36;2173.46,1803.7;2196.22,1694.98;2189.94,1627.36;2150.03,1568.61;2126.91,1518.79;2043.4,1425.31;2030.1,1424.94;2017.9,1432.33;2009.03,1441.57;1993.52,1448.96;1982.06,1448.59;1976.52,1450.44;1913.7,1394.27;1825.44,1418.2;1747.84,1426.33;1718.65,1487.3;1636.81,1602.32;1565.5,1649.52;1600.6,1774.42;1610.94,1825.04;1633.11,1854.23;1646.79,1853.12;1651.22,1841.3;1670.06,1833.17;1680.04,1830.95;1691.86,1822.45;1734.63,1879.14;1822.05,1985.42;1845.05,1946.98;1857.98,1931.83;1920.43,1912.62;1942.97,1906.7;1997.65,1932.57;2026.77,1964.53;2031.2,2000.37;2039.97,2043.85;2040.44,2075.01;2109.21,2083.73;2130.64,2068.21
1657	210020000	3	12	67592	0.1,1000.1;1141.74,1323.21;1015.37,1442.84;983.92,1507.99;1019.3,1587.75;1036.15,1692.21;1163.08,1828.69;1260.25,1834.87;1298.05,1871.96;1408.38,1881.48;1571.7,1776.19;1518.78,1708.52;1528.33,1625.96;1482.27,1573.17;1452.5,1552.95;1445.76,1563.06;1357.58,1543.96;1352.53,1511.39;1326.69,1502.96;1307.6,1507.45;1285.13,1485.55;1267.16,1490.6;1241.32,1467.58;1174.49,1377.15
1658	210020000	3	2	67590	269.2,289.2;326.02,2796.04;317.89,2803.64;307.99,2793.74;307.99,2787.91;312.06,2784.02;317.71,2785.44;326.02,2796.22
1659	210020000	3	16	67392	0.1,465.1;1762.28,911.67;1762.83,907.28;1762.28,904.53;1759.42,901.09;1762.01,892.99;1758.12,891.81;1755.14,900.14;1750.47,901.23;1747.72,904.25;1746.63,908.1;1747.45,911.94;1750.47,915.24;1754.87,916.34;1758.71,915.52;1760.08,914.42;1762.01,912.49
1660	210020000	3	0	67392	265,275;302.14,2688.63;296.86,2692.93;301.16,2697.23;306.33,2692.53
1661	210020000	3	14	67562	0.1,1000.1;2028.01,1972.78;2036.52,2055.72;2021.97,2096.37;1973.36,2115.59;1920.9,2123.01;1872.56,2095;1850.87,2066.71;1828.9,2032.93;1820.66,2010.13;1822.85,1986.24;1838.78,1970.31;1858.28,1936.25;1939.58,1912.63;1994.78,1939;2020.32,1968.11;2027.74,1975.25
1662	210020000	3	30	67392	0.1,1000.1;3193.04,-334.44;3193.04,3135.14;-113.18,3134.47;-90.75,-267.83;2247.45,-319.12
1663	210020000	3	13	67593	0.1,1000.1;1556.29,2566.54;1584.35,2635.94;1532.66,2679.51;1487.63,2691.32;1463.26,2776.23;1542.26,2942.36;1669.26,3042.77;2312.37,3001.1;2296.54,2873.65;2295.03,2850.27;2359.13,2848;2429.27,2974.7;2991.56,2972.64;3015.71,1899.45;2693.13,2071.68;2558.39,1997.98;2577.19,1968.03;2606.46,1822.55;2618.65,1690.29;2538.92,1666.37;2507.5,1662.62;2487.8,1660.27;2480.3,1670.59;2431.42,1712.33;2235.14,1658.4;2216.95,1710.45;2174.31,1916.14;2149.22,1990.14;2162.14,2067.76;2073.73,2135.95;1985.74,2191.77;1913.53,2271.87;1842.47,2310.99;1792.15,2347.08;1650.76,2377.42;1601,2443.56;1588.87,2514.56
1664	210020000	3	11	67549	0.1,1000.1;9.53,1929.24;19.83,529.64;13.75,1.96;1229.2,8.43;1295.87,152.88;1377.35,198.56;1353.27,249.02;1366.61,273.39;1372.12,314.78;1345.45,324.44;1319.7,330.88;1315.1,351.11;1332.11,380.08;1336.71,418.71;1314.18,471.14;1294.4,513.45;1299,586.11;1316.48,657.39;1400.04,720.74;1438.5,724.93;1488.39,765.6;1435.45,890.13;1432.4,949.16;1420.96,956.62;1413.07,982.05;1400.86,1018.68;1373.12,1048.72;1318.18,1055.34;1262.48,1083.82;1247.12,1101.66;1249.78,1160.72;1200.93,1192.25;1176.51,1198.02;1185.39,1259.74;1163.9,1296.21;1112.83,1319.3;1098.62,1357.05;1062.65,1383.69;1028.01,1424.54;1001.7,1440.17;977.95,1508.44;1004.86,1589.46;1023.99,1691.79;1160.35,1844.43;1256.53,1852.77;1301.12,1899.84;1307.7,1928.95;1308.14,1956.44;1321.72,1972.82;1321.28,1973.04;1326.88,1999.42;1338.45,2019.35;1365.28,2032.87;1375.31,2047.93;1379.9,2055.34;1378.15,2057.96;1379.46,2062.76;1380.32,2077.17;1461.41,2122.49;1503.88,2277.52;1413.31,2371.07;1351.19,2372.66;1292.01,2382.04;1261.85,2418.11;1258.5,2437.03;1248.44,2455.56;1222.03,2463.65;1128.23,2487.27;1024,2473.49;1010.18,2420.11;979.82,2398.04;971.61,2367.9;969.64,2346.41;941.89,2233.43;924.74,2207.01;871.53,2118.05;855.33,2089.47;817.29,2074.69;817.88,2056.55;715.52,1997.2;531.99,1973.73;398.83,1975.56;350.61,1960.63
1665	210020000	3	0	67392	257,267;372.54,2758.03;369.62,2762.98;374.05,2765.88;377.17,2760.49
1666	210020000	3	2	67538	262,269;326.33,2796.2;317.84,2803.2;308.11,2793.62;304.7,2790.26;314.29,2782.13;317.27,2785.51;319.18,2788.33
1667	210020000	3	13	67392	0.1,370.1;1954.98,2054.64;1956.07,2054.23;1956.82,2052.97;1953.08,2041.69;1951.69,2041.05;1949.66,2041.69;1948.68,2038.76;1948.27,2037.73;1947.55,2037.2;1944.15,2038.26;1943.91,2039.68;1945.03,2043.03;1943.03,2043.98;1942.4,2045.43;1945.81,2056.12;1947.28,2057.08
1668	210020000	3	13	67573	0.1,1000.1;1330.7,643.41;1310.64,510.06;1346.75,413.75;1337.5,399.66;1333.8,374.66;1320.52,354.28;1323.61,336.38;1368.06,329.28;1379.79,305.2;1364.56,246.38;1381.52,196.69;1366.38,114.28;1602.09,153.06;1809.92,288.8;1879.61,466.34;1807.55,488.45;1717.27,552.68;1666.97,598.12;1639.53,636.78;1519.86,667;1449.17,673.48;1412.13,693.55;1395.63,685.24;1332.97,648.2
1669	210020000	3	12	67392	0.1,348.1;1886.82,2448.15;1878.92,2439.66;1868.31,2428.68;1840.58,2452.69;1823.49,2458.14;1820.52,2469.04;1817.05,2485.63;1813.09,2491.33;1809.87,2493.31;1804.17,2492.82;1798.23,2510.65;1799.47,2518.82;1808.88,2521.54;1820.02,2517.33;1871.78,2465.11;1873.33,2464.72;1879.88,2459.33
1670	210020000	3	0	67523	0.1,1000.1;2483.68,686.29;2468.32,676.69;2444.63,665.8;2433.1,668.36;2404.29,683.73;2388.29,699.73;2385.73,711.26;2385.09,727.26;2388.93,742.63;2399.81,768.24;2417.1,781.04;2436.95,791.28;2460.63,807.29;2483.68,830.34;2509.93,843.78;2527.21,842.5;2543.22,822.65;2562.43,806.01;2573.31,786.8;2585.47,763.76;2585.47,736.87;2569.47,693.33;2536.82,688.85;2527.85,690.13;2522.09,713.18;2506.09,706.78;2493.92,692.69
1671	210020000	3	2	67532	255,290;379.5,2757.15;371.83,2769.77;386.57,2779.03;394.22,2765.1
1672	210020000	3	2	67536	262,282;289.62,2789.08;268.62,2807.1;250.83,2787.11;272.09,2768.6;289.76,2788.46
1673	210020000	3	14	67605	0.1,1000.1;2444.7,1664.23;2279.53,1628.7;2235.83,1628.22;2177.23,1591.03;2156.58,1547.34;2137.38,1520.45;2127.77,1514.21;2132.09,1495.96;2053.89,1404.65;2060.86,1379.96;2077.71,1336.4;2099.49,1317.52;2051.65,1269.74;2160.62,1224.55;2206.24,1237.99;2247.36,1224.69;2259.39,1210.9;2271.77,1193.92;2295.11,1175.53;2339.32,1159.61;2384.24,1148.3;2526.96,1114;2587.09,1154.93;2590.56,1169.96;2605.59,1202.71;2608.9,1243.42;2648.1,1305.92;2714.88,1380.47;2685.82,1508.86;2575.29,1646.61;2471.92,1658.25
1674	210020000	3	17	67566	0.1,1000.1;1687.17,1481.9;1650.27,1464.25;1634.62,1430.96;1628.61,1403.68;1641.44,1359.56;1651.47,1341.11;1643.85,1309.02;1646.46,1301.05;1681.34,1224.7;1698.92,1221.68;1715.67,1232.39;1739.29,1245.57;1744.51,1271.66;1744.51,1287.32;1732.15,1299.13;1723.36,1310.39;1712.92,1329.06;1711,1347.19;1718.42,1371.91;1725.83,1404.31;1723.91,1428.76;1717.32,1456.5;1703.86,1475.99
1675	210020000	3	9	67559	0.1,1000.1;109.16,1135.89;78.84,1210.67;84.17,1295.16;133.64,1322.55;170.74,1283.16;209.56,1277.45;256.36,1303.71;284.9,1305.99;390.26,1258.38;325.83,1178;246.66,1138.75
1676	210020000	3	2	67534	265,293;291.57,2663.46;277.68,2674.82;280.27,2679.12;277.37,2681.16;283.47,2689.68;286.75,2687.31;293.69,2695.41;306.04,2685.35;303.15,2681.8;304.72,2679.36
1677	210020000	3	9	67568	0.1,1000.1;27.26,12.68;23.36,517.42;219.77,507.8;275.32,543.1;317.01,515.21;399.37,471.74;420.07,445.92;456.61,406.09;486.95,348.49;492.74,235.78;451.45,12.68
1678	210020000	3	9	67562	0.1,1000.1;626.48,424.29;626.75,424.28;599.29,453.56;598.99,484.34;606.49,523.82;624.64,526.89;642.14,533.22;652.1,531.72;667.49,500.33;682.88,501.84;690.13,508.18;689.52,520.85;694.96,558.37;736.35,559.38;760.35,511.73;760.44,481.62;755.31,474.08;753.5,459.29;763.16,450.84;760.74,432.43;742.94,414.32;725.74,381.13;719.1,380.83;679.56,413.72;664.17,414.63;660.85,410.7;649.39,409.8;638.82,419.45
1679	210020000	3	4	67542	0.1,1000.1;401.73,2011.52;405.33,2038.08;441.55,2074.29;494.52,2145.1;473.98,2176.46;465.55,2375.87;470.83,2381.95;560.85,2466.17;553.37,2527.33;552.73,2989.19;1008.19,2988.42;1076.16,2633.61;1072.71,2561.62;995.2,2448.67;992.77,2438.96;953.03,2463.23;943.62,2446.85;972.44,2423.19;935.34,2270.94;897.94,2265.23;880.95,2252.18;894.9,2227.91;836.42,2119.85;825.93,2131.45;801.14,2139.83;786.73,2122.74;812.86,2096.28;779.93,2049.95;739.73,2014.77;647.33,2003.64;573.73,1991.88;562.92,1999.45
1680	210020000	3	3	67526	0.1,1000.1;6.83,2453.73;3.06,3122.59;548.4,3124.76;543.07,2806.68;540.99,2478.81;442.89,2386.7;355.98,2456.33
1681	210020000	3	13	67392	0.1,370.1;1972.15,2018.53;1970.42,2016.68;1969.29,2016.45;1966.89,2018.41;1970.08,2023.91;1970.73,2025.05;1970.58,2026.6;1972.7,2028.98;1974.34,2029.44;1976.82,2028.84;1977.28,2028.55;1978.13,2027.21;1978.5,2026.36;1978.63,2026.02;1978.65,2024.85;1978.61,2024.29;1977.48,2022.27;1976.93,2021.85;1975.46,2021.49;1973.65,2020.02
1682	210020000	4	0	72847	87.14,317.14;195.3,2493.94;105.19,2611.38;63.95,2803.29;197.88,2954.3;396.29,2957.12;514.86,2851.03;532.12,2715.92;488.86,2622.82;420.04,2516.03
1683	210020000	4	0	72848	15.59,315.59;432.79,414.01;463,342.32;474.25,244.9;454.05,168.15;408.31,109.84;356.85,68.85;280.09,56;225.37,58.53;175.92,78.65;108.34,122.55;61.04,194.72;55.68,269.86;43.78,278.39;35.65,290.86;42.66,301.19;60.56,306.54;73.92,371.06;114.14,414.06;179.33,467.75;263.23,487.4;322.21,476.53;385.08,448.16
1684	210020000	5	0	72849	396.66,416.66;2075.01,1084.72;2061.33,1094.11;2076.4,1118.1;2092.58,1107.75
1685	210020000	5	0	72850	439.52,459.52;2258.22,864.71;2258.4,887.81;2287.34,887.87;2286.78,864.09
1686	210020000	5	0	72851	395.88,415.88;2094.04,1054.88;2077.74,1068.94;2096.34,1093.2;2113.28,1080.13
1687	210020000	5	0	72852	421.84,436.84;1758.52,909.1;1757.01,910.92;1754.63,911.61;1752.52,910.87;1751.09,908.91;1751.13,906.6;1752.6,904.69;1755.06,904.14;1756.91,904.71;1758.54,906.75
1688	210020000	5	0	72853	183,266;287.83,2767.38;286.49,2767.83;285.3,2768.59;284.36,2769.71;283.81,2770.99;283.62,2772.41;283.84,2773.79;284.45,2775.08;285.43,2776.15;286.62,2776.9;288.02,2777.26;289.47,2777.26;290.8,2776.82;291.97,2776.05;292.87,2774.97;293.45,2773.65;293.64,2772.23;293.39,2770.86;292.81,2769.53;291.92,2768.49;290.6,2767.73;289.19,2767.38
1689	210030000	2	1	71594	70,870;886.85,1823.47;1106.77,1481.49;1479.48,1638.39;1487.87,1679.65;1491.74,1710.06;1493.66,1751.41;1414.6,1789.03;1379.07,1834.94;1363.05,1863.53;1374.98,1931.44;1446.97,2010.35;1443.38,2079.07;1366,2111.64;1332.1,2141.43;1279.35,2127.86;1239.58,2117.16;1199.83,2114.68;1086.61,2096.66
1690	210030000	2	11	71636	70,870;2182.27,2216.91;2164.92,2149.41;2137.77,2079.99;2112.78,2072.3;1915.56,2065.11;2082.08,1738.88;2107.02,1551.4;2281.5,1546.6;2393.28,1541.71;2461.47,1504.21;2536,1445.09;2702.13,1539.21;3073.72,1583.56;3075.24,2514.73
1691	210030000	2	10	71634	70,870;1817.29,2840.58;2093.43,3023.97;2495.49,2817.78;2669.67,2806.24;2715.67,2648.22;2483.08,2297.19;2318.98,2247.02;2186.4,2214.69;2169.3,2149.01;2140.8,2076.16;2133.08,2070.04;2009.81,2065.12;1945.92,2311.75;1851.66,2502.6;1797.47,2556.58;1818.31,2595.31;1923.26,2604.74;1929.19,2623.85;1908.16,2709.16;1915.36,2738.05
1692	210030000	2	4	71598	70,870;1651.01,1162.92;1650.57,1103.52;1595.16,965.62;1586.66,836.81;1634.5,714.4;1829.11,654.21;2002.9,698.52;2046.78,706.65;2044.39,761;2086.75,773.19;2123.28,770.7;2178.1,821.21;2177.28,963.5;2179.12,992.24;2263.31,987.53;2308.88,1020.21;2313.82,1039.76;2265.36,1088.96;2196.88,1120.74;2118.49,1207.39;2030.56,1321.1;1966.42,1244.74;1805.26,1202.92;1751.88,1189.59
1693	210030000	2	13	71637	70,870;1756.69,1861.44;1491.23,1764.72;1485.33,1715.85;1485.92,1686.12;1473.11,1641.68;1356.48,1590.1;1317.05,1511.18;1364.7,1214.88;1463.13,1043.84;1545.55,975.22;1619.11,1005.6;1656.03,1096.81;1656.77,1153.56;1747.85,1181.12;2009.23,1247.42;2113.56,1454.65;2080.82,1722.44;1954.36,1861.63
1694	210030000	2	6	71631	70,870;750.89,2294.79;550.79,2524.82;574.82,2642.99;624.97,2735.95;810.14,2744.28;890.1,2683.72;944.69,2583.59;946.65,2574.13;959.21,2582.34;973.08,2578.35;989.54,2541.34;1077.97,2512.82;1111.72,2404.12;1061.97,2273.21;962.88,2312.3;861.38,2315.57
1695	210030000	2	3	71597	70,870;1427.72,2598.49;1384.01,2386.68;1537.42,2342.41;1596.84,2263.42;1642.39,2262.27;1671.1,2289.13;1740.11,2251.01;1809.17,2141.15;1876.45,2318.41;1856.53,2500.55;1688.82,2664.88;1573.13,2659.56
1696	210030000	2	8	71629	70,870;884.95,2686.17;941.76,2583.69;945.08,2570.39;959.93,2578.18;969.87,2574.59;987.29,2536.93;1078.42,2507.17;1144.98,2474.75;1289.3,2448.83;1380.35,2448.01;1427.71,2592.59;1592.84,2661.5;1521.11,2801.45;1479.44,2874.82;1220.37,2940.95;876.9,2956.09
1697	210030000	2	2	71596	100,900;1107.64,2408.29;1059.42,2274.01;1063.62,2158.31;1083.03,2078.14;1200.92,2107.16;1239.57,2113.02;1333.29,2137.85;1363.49,2107.86;1440.4,2076.62;1443.41,2013.52;1370.22,1932.14;1357.27,1862.75;1374.71,1831.79;1410.36,1785.49;1489.32,1747.38;1756.59,1855.9;1807.89,2000.28;1806.19,2151.82;1744.02,2254.41;1669.87,2293.65;1642.19,2266.19;1599.93,2266.41;1541,2347.11;1256.76,2427.01
1698	210030000	2	12	71638	70,870;2040.17,763.23;2041.16,710.23;1986.77,700.8;1902.4,678.85;1704.55,636.25;1964.52,-91.7;2880.59,146.56;2798.53,733.92;2612.83,916.53;2498.74,1018.73;2317.1,1032.27;2263.28,993.91;2176.85,996.58;2174.3,963.57;2174.52,831.03;2123.34,774.97;2086.75,776.77
1699	210030000	2	9	71632	70,870;1491.76,2837.73;1588.18,2656.76;1675.64,2657.07;1800.7,2541.68;1823.94,2587.98;1929.15,2599.51;1936.5,2618.9;1914.25,2712.14;1920.69,2738.22;1767.34,2896.99;1527.66,2936.06
1700	210030000	2	5	71633	70,870;2165.23,1558.25;2048.08,1350.52;2031.13,1308.58;2191.59,1117.68;2261.98,1085.62;2311.85,1032.72;2337.55,1026.64;2410.85,1016.29;2498.24,1010.89;2768,756.95;3014.87,1046.12;2472.99,1506.89;2399.1,1545.95
1701	210030000	2	7	71630	70,870;824.92,1959.62;943.42,1893.58;1085.96,2086.76;1068.12,2158.89;1064.22,2277.95;963.89,2315.27;861.09,2318.44;751.22,2298.79;740.23,2223.02;771.42,2062.32
1702	210030000	3	12	67523	0.1,1000.1;2662.26,1022.49;2622.93,1053.96;2598.12,1082.7;2576.64,1095.71;2566.66,1116.28;2560.91,1132.31;2551.17,1138.22;2558.53,1156.55;2580.88,1167.71;2612.95,1172.25;2637.75,1156.82;2651.37,1138.97;2685.86,1116.88;2713.09,1083.91;2722.77,1052.75;2699.47,1032.78;2676.78,1023.1
1703	210030000	3	3	67608	0.1,1000.1;2065.77,1606.72;2104.31,1559.83;2179.8,1523.96;2063.46,1298.16;1636.53,1172.27;1582.27,1182.84;1287.62,1110.3;1207.81,1220.78;1143.56,1459.51;1391.69,1556.73;1466.01,1626.89;1493.06,1661.82;1546.96,1729.9;1511.9,1781.06;1773.45,1846.29;1823.61,1833.65;1973.69,1781.99
1704	210030000	3	4	67541	0.1,160.1;1255.07,2182.72;1250.83,2177.95;1247.79,2180.21;1236.39,2167.21;1246.22,2159.22;1246.55,2158.91;1247.79,2157.38;1258.73,2170.54;1256.26,2173.01;1258.65,2175.98;1260.78,2178.19;1255.07,2182.88
1705	210030000	3	0	67539	0.1,125.1;1639.34,1488.09;1637.41,1489.59;1636.57,1491.2;1633.34,1492.65;1631.29,1492.2;1628.71,1489.93;1628.6,1486.48;1629.46,1484.69;1632.77,1483.01;1634.4,1483.47;1636.46,1483.09;1639.68,1482.04;1641.96,1481.11;1643.52,1481.54;1644.59,1483.79;1644.03,1485.28;1642.35,1486.32
1706	210030000	3	16	67592	0.1,1000.1;1986.02,486.74;1950.47,614.01;1952,631.21;1968.82,652.61;2026.53,702.68;2088.45,759.24;2131.63,759.63;2138.51,763.45;2143.48,774.15;2176.73,761.15;2212.28,528.78;2139.28,522.29;2069.72,453.11
1707	210030000	3	7	67596	0.1,1000.1;1100.69,2406.41;1105.84,2384.08;1093.39,2288.32;1084.8,2249.67;1082.65,2138.88;1039.71,2109.25;1038.42,2042.69;1010.51,2006.19;989.47,1984.29;952.58,1952.65;888.59,1951.36;822.46,2013.63;760.63,2081.9;715.11,2144.6;574.74,2501.53;541.12,2574.17;549.42,2660.5;567.68,2710.73;620.55,2784.63;743.41,2784.63;853.4,2714.9;923.55,2682.11;951.36,2672.56;969.93,2620.67;976.98,2623.58;976.15,2569.2;1011.44,2533.92;1074.94,2450.49;1094.86,2408.15
1708	210030000	3	1	67613	0.1,1000.1;1715.42,1548.03;1700.07,1554.45;1685.94,1559.8;1656.27,1560;1646.73,1552.16;1639.28,1546.36;1634.48,1548.6;1633.92,1548.81;1609.31,1517.57;1615.05,1509.52;1606.33,1496.74;1603.49,1492.28;1618.43,1446.53;1642.25,1427.19;1668.11,1415.57;1692.05,1415.37;1726.14,1425.21;1746.95,1449.78;1752.4,1467.93;1754.64,1482.6;1752.4,1500.39;1750.38,1512.22;1739.82,1529.2;1720.34,1547.06
1709	210030000	3	0	67641	0.1,127.1;1681.55,1433.73;1682.78,1434.71;1685.24,1448.94;1684.31,1450.32;1681.84,1450.84;1682.49,1455.67;1681.62,1456.87;1677.97,1457.37;1677.02,1456.8;1676.6,1454.73;1676.05,1451.6;1673.58,1452.05;1672.25,1451.11;1669.75,1436.85;1670.6,1435.49;1676.37,1434.59
1710	210030000	3	4	67392	0.1,1000.1;1238.63,2280.72;1222.01,2291.3;1223.6,2295.08;1222.9,2298.39;1223.16,2303.55;1223.92,2306;1225.1,2309.02;1227.67,2312.45;1230.53,2314.21;1232.91,2316.04;1236.4,2316.19;1240.39,2315.01;1243.81,2316.71;1247.66,2317.7;1249.82,2320.22;1250.58,2321.7;1252.05,2322.47;1251.83,2324.43;1253.65,2325.48;1253.71,2328.07;1253.63,2330.52;1255.02,2333.25;1255.98,2338.29;1256.05,2343.82;1252.39,2348.92;1251.54,2352.41;1252.43,2356.61;1252.42,2361.37;1251.57,2364.72;1252.11,2369.27;1255.39,2372.15;1257.42,2372.58;1261.12,2372.59;1265.74,2370.86;1269.39,2368.28;1272.47,2366.4;1274.78,2366.48;1274.38,2364.94;1273.06,2362.07;1274.48,2358.02;1277.42,2355.93;1282.55,2369.45;1292.41,2370.74;1302.86,2366.49;1310.44,2359.52;1309.99,2346.58;1303.04,2336.2;1297.13,2325.27;1289.08,2327.27;1287.61,2327.27;1279.02,2312.64;1268.67,2291.15;1262.57,2301.83;1258.34,2299.44;1263.61,2288.21;1245.87,2292.03;1239.07,2281.48
1711	210030000	3	11	67635	0.1,1000.1;2312.15,2135.36;2307.51,2132.12;2128.03,2024.06;2100.01,2045.58;2099.08,2046.97;2016.93,2000.93;1938.4,2028.63;1948.84,1913.75;1844.96,1871.43;1849.91,1825.26;1974.13,1793.38;2046.13,1660.37;2095.05,1626.29;2110.86,1569.43;2290.28,1566.12;2332.46,1559.22;2355.35,1557.29;2369.41,1566.94;2499.55,1512.63;2555.52,1490.83;2846.21,1832.77;2853.9,2033.94;2675.27,2210.92;2366.92,2165.3;2363.89,2164.3;2313.07,2142.78;2306.85,2146.21;2305.46,2147.14;2305.46,2147.14
1712	210030000	3	15	67639	0.1,1000.1;2599.12,909.58;2524.69,931.06;2388.85,983.7;2343.46,1006.84;2292.2,992.31;2253.22,959.6;2236.7,923.26;2238.12,863.17;2194.5,802.07;2195.41,761.22;2197.35,695.67;2238.53,526.87;2589.04,721.45;2607.72,858.03
1713	210030000	3	8	67628	0.1,1000.1;1113.89,2407.25;1098.17,2482.72;1040.94,2511.01;1084.81,2574.8;1004.55,2679.59;1100.68,2733.64;1147.22,2753.76;1182.44,2782.69;1198.79,2811.62;1230.86,2831.11;1263.56,2821.68;1296.89,2790.23;1318.9,2769.48;1352.86,2772.63;1383.05,2808.47;1416.38,2794.64;1452.22,2778.92;1476.75,2750.62;1499.39,2744.96;1509.57,2764.72;1537.44,2673.22;1530.21,2638.05;1505.05,2590.25;1479.9,2537.43;1452.85,2502.21;1428.33,2470.14;1405.69,2455.04;1354.75,2455.67;1311.99,2458.82;1274.25,2458.82;1235.89,2468.88;1196.9,2478.94;1173,2483.97;1130.87,2498.44
1714	210030000	3	4	67392	0.1,1000.1;1368.69,2263.44;1368.4,2249.18;1367.57,2230.68;1358.14,2216.25;1335.91,2181.95;1301.68,2148.52;1292.15,2139.42;1303.43,2132.68;1333.07,2155.08;1377.79,2219.51;1376.6,2223.56;1375.66,2231.96;1369.45,2262.87
1715	210030000	3	0	67541	0.1,130.1;1718.56,1440.45;1700.13,1457.52;1704,1461.62;1696.66,1468.63;1702.22,1474.6;1703.49,1475.95;1710.95,1468.95;1714.5,1472.7;1714.9,1473;1733.01,1456.12
1716	210030000	3	6	67615	0.1,1000.1;1757.6,1850.7;1687.91,1829.79;1610.09,1812.95;1468.73,1781.15;1451.44,1741.55;1458.08,1713.6;1475.24,1650.79;1465.56,1628.92;1427.92,1602.64;1399.43,1571.42;1390.46,1558.61;1128.27,1470.17;954.11,1799.77;984.61,1929.02;1063.28,2044.24;1068.35,2123.71;1127.23,2170.58;1136.73,2195.01;1120.99,2258.78;1106.6,2287.82;1121.23,2277.87;1162.47,2344.63;1159.49,2383.17;1227.89,2457.37;1381.36,2446.04;1421.25,2459.34;1449.2,2484.04;1441.33,2343.19;1636.49,2236.32;1808.04,2144.19;1868.99,2359.63;1919.99,2139.27;1945.56,1930.62;1922.82,1915.93
1717	210030000	3	0	67532	0.08,125.08;1676.25,1525.61;1678.24,1540.99;1691.66,1539.29;1689.66,1523.82;1686.96,1524.18
1718	210030000	3	5	67619	0.1,1000.1;1664.59,2643.88;1486.36,2532.85;1443.54,2341.11;1588.04,2268.41;1804.69,2149.56;1863.75,2358.79;1848.02,2498.71;1797.07,2553.38;1737.67,2597.25;1681.85,2637.56
1719	210030000	3	13	67596	0.1,1000.1;2474.58,1299.83;2519.75,1426.24;2475.27,1506.5;2363.41,1552.57;2297.14,1516.99;2282.75,1380.08;2195.91,1373.48;2183.82,1362.49;2130.5,1297.63;2128.3,1228.93;2208.55,1122.84;2186.59,1111.17;2089.57,1222.18;1992.99,1270.25;1960.21,1235.72;1780.96,1192.22;1664.71,1175.17;1607.85,1162.19;1587.33,1174.94;1534.65,1114.5;1569,973.27;1703.5,790.68;1775.63,712.37;1824.38,649.07;1975.31,686.13;2010.27,700.23;2043.04,723.22;2066.04,761.66;2141.97,782.77;2168.75,809.55;2170.64,850.82;2175.15,936.1;2173.32,987.81;2264.71,984.03;2321.8,1021.89;2525.22,990.29;2686.4,925.15;2773.67,1055.27;2737.13,1156.09;2556.97,1324.73;2510.08,1333.81
1720	210030000	3	14	67392	0.1,150.1;2380.19,824.36;2375.7,827.51;2373.8,832.34;2375.26,837.86;2375.16,838;2378.61,840.82;2384.33,841.19;2389.07,838.65;2390.99,833.57;2389.76,828.21;2385.61,824.79
1721	210030000	3	4	67392	0.1,152.1;1329.55,2249.33;1333.31,2254.7;1333.52,2256.44;1336.01,2259.12;1337.59,2259.33;1338.62,2258.88;1340.48,2258.18;1341.91,2255.33;1341.76,2253.71;1339.43,2251.07;1337.87,2250.88;1336.07,2249.64;1332.62,2246.47;1331.63,2246.41;1329.42,2248.46
1722	210030000	3	10	67632	0.1,1000.1;1884.39,2475.63;1803.64,2554.73;1823.83,2589.34;1921.88,2597.58;1930.53,2605;1934.65,2618.18;1923.12,2657.73;1927.24,2670.51;1912.82,2710.06;1928.74,2745.42;1801.68,2890.69;1794.5,3003.65;1794.19,3054.5;2095.31,3032.48;2097.87,3020.19;2167.52,2843.52;2399.44,2230.19;2288.47,2154.29;2271.16,2161.63;2261.71,2159.53;2108,2053.04;2032.98,2018.94;1996.59,2041.07;1992.91,2147.57;1927.91,2188.24;1894.93,2356.43
1723	210030000	3	2	67392	0.1,1000.1;1630.56,1432.62;1617.59,1443.32;1610.88,1462.89;1602.68,1489.06;1601.32,1493.72;1608.6,1503.05;1612.44,1508.32;1607.49,1516.19;1605.1,1531.21;1618.87,1549.53;1634.35,1549.65;1639.35,1547.83;1653.8,1560;1656.31,1561.82;1685.36,1561.77;1721.96,1547.26;1740.28,1529.88;1751.31,1512.58;1755.96,1481.68;1749.13,1448.57;1728.54,1424.11;1692.74,1413.44;1667.67,1413.85;1642.15,1425.19;1631.64,1432.38
1724	210030000	3	0	67534	0.1,125.1;1703.11,1518.08;1704.07,1517.54;1706.09,1521.25;1709.61,1519.36;1712.4,1524.59;1708.82,1526.51;1709.79,1528.4;1708.09,1529.41;1704.2,1531.44;1701.55,1532.89;1695.75,1522;1697.79,1520.83;1695.42,1516.52;1695.47,1515.55;1699.7,1513.36;1700.79,1513.77
1725	210030000	3	4	67392	0.1,1000.1;1212.42,2173.49;1206.43,2166.34;1203,2167.93;1197.89,2168.82;1195.45,2167.49;1193.27,2168.25;1194.17,2171.26;1196.68,2174.48;1200.72,2178.83;1202.59,2183.95;1201.94,2191.01;1200.17,2195.62;1199.11,2198.83;1198.53,2205.06;1196.06,2210.99;1193.31,2218.19;1191.47,2224.13;1189.63,2229.29;1189.96,2235.66;1194.18,2246.4;1197.73,2250.68;1198.35,2254.53;1199.6,2257.26;1201.9,2259.23;1203.5,2261.82;1204.95,2265.74;1206.13,2269.94;1207.73,2272.75;1208.91,2274.64;1213.94,2281.23;1222.15,2291.81;1238.52,2281.24;1232.02,2270.17;1230.99,2263.66;1230.17,2258.06;1229.14,2254;1227.12,2249.8;1225.39,2245.95;1223.8,2241.68;1221.01,2238.24;1218.22,2235.08;1216.2,2232.28;1206.97,2203.44;1212.58,2173.8
1726	210030000	3	18	67392	0.1,1000.1;0,0;1844.22,-34.88;3166.79,-34.88;3308.5,1294.45;3237.65,3180.47;2023.03,3254.69;950.13,3214.21;310.5,3275.65;-23.28,3182.36;-37.1,2360.07;-30.19,715.5;-30.19,293.99
1727	210030000	3	9	67619	0.1,1000.1;1556.77,2667.74;1519.4,2783.89;1621.03,2915.46;1769.27,2917.61;1768.2,2905.79;1913.81,2723.58;1911.04,2708.63;1923.81,2673.8;1919.94,2656.39;1929.23,2619.63;1924.2,2604.15;1916.07,2599.89;1822.43,2592.15;1801.53,2554.23;1671.89,2647.16;1670.35,2654.9
1728	210030000	3	5	67582	0.1,1000.1;1214.45,1881.07;1134.45,1937.43;1035.76,1916.81;1006.9,1850.83;1112.46,1748.84;1216.92,1812.07;1215.28,1878.05
1729	210030000	3	0	67538	0.1,127.1;1654.26,1446.56;1660.61,1457.27;1658.57,1458.47;1661.14,1462.59;1661.18,1463.61;1657.03,1466.14;1655.9,1465.7;1653.34,1461.55;1652.33,1462.04;1650.26,1458.55;1646.86,1460.56;1643.82,1455.5;1647.21,1453.45;1646.14,1451.51
1730	210030000	3	4	67392	0.1,158.1;1273.53,2162.46;1271.68,2163.08;1270.28,2162.59;1265.97,2151.36;1266.54,2149.88;1275.1,2146.54;1276.74,2147.16;1281.02,2158.27;1280.4,2159.71;1278.72,2160.65;1279.83,2164.48;1279.33,2165.55;1276.5,2166.74;1275.18,2166.25
1731	210030000	3	5	67624	0.1,1000.1;1356.55,2216.42;1334.37,2182.45;1315.79,2164.67;1292.61,2141.68;1259.83,2127.1;1215.67,2158.67;1208.35,2199.23;1207.36,2202.87;1216.53,2231.65;1224.22,2240.42;1230.52,2256.69;1232.1,2269.7;1245.96,2291.48;1246.05,2291.56;1246.26,2291.78;1264.29,2287.74;1258.77,2299.27;1262.52,2301.24;1268.43,2290.2;1279.05,2312.16;1288.42,2327.04;1318.98,2316.93;1333.57,2287.96;1366.94,2264.18;1365.74,2232.21;1357.15,2217.82
1732	210030000	3	0	67536	0.1,129.1;1728.08,1499.61;1716.18,1499.45;1711.22,1499.4;1711.14,1488.18;1728.11,1488.35
1733	210030000	4	0	72854	90,260;2181.62,2062.75;2154.25,2028.73;2109.88,2021.33;2083.99,1989.53;2095.08,1931.1;2111.36,1894.11;2146.12,1849.73;2117.27,1795;2120.23,1741.01;2154.25,1707.72;2186.06,1698.11;2183.84,1640.42;2190.5,1609.35;2226.74,1590.12;2257.06,1564.23;2285.91,1593.82;2327.33,1581.25;2346.32,1569.63;2382.56,1563.71;2449.13,1525.25;2483.15,1569.63;2500.9,1604.39;2534.93,1610.31;2554.16,1609.57;2618.5,1596.26;2639.95,1605.13;2641.43,1640.63;2627.38,1688.71;2597.05,1730.87;2588.92,1777.47;2614.81,1806.31;2661.73,1812.08;2658.77,1849.07;2598.86,1881.61;2548.56,1940.04;2517.5,1952.62;2483.48,1922.29;2447.97,1938.56;2424.3,1996.25;2379.19,2036.93;2332.59,2071.7;2275.96,2076.25;2250.81,2068.85;2184.99,2084.39
1734	210030000	4	0	72855	96.95,296.95;1456.57,1455.09;1433.36,1391.29;1458.02,1347.06;1513.84,1292.68;1587.8,1250.63;1627.67,1236.13;1729.55,1213.03;1875.73,1270.79;1996.66,1323.21;2082.97,1477.58;2056,1661.62;1939.99,1755.7;1874.98,1788.61;1776.34,1821.31;1644.6,1802.53;1601.83,1792.13;1538.24,1746.9;1488.86,1731.62;1489.74,1644.12;1451.31,1562.19;1434.64,1520.14
1735	210030000	5	0	72856	102.24,117.24;2379.29,830.37;2381.35,829.21;2383.82,829.42;2385.52,830.87;2386.15,833.21;2385.29,835.35;2383.23,836.61;2380.74,836.24;2379.21,835.05;2378.42,832.56
1736	210040000	2	15	71636	1,801;2305.74,2360.14;2575.5,2162.05;2652.16,2163.9;2804.27,2055.47;2943.67,2034.07;3057.57,2052.01;3066.84,3066.13;2357.69,3065.06;2344.18,2965.24;2340.04,2793.58;2449.8,2718.22;2464.51,2701.95;2466.95,2679.74;2451.63,2658.46;2483.59,2482.51
1737	210040000	2	3	71623	0.2,800.2;1810.25,22.16;3055.3,18.16;3048.65,891.3;2862.22,843;2470.98,1050.96;1857.15,1126.52;1843.98,1204.3;1611.44,1216.18;1619.45,1199.39;1614.98,1142.29;1577.47,986.58;1704.19,765.72;1742.04,711.7;1804.26,671.43;1868.37,591.68;1903.08,502.27;1905.49,427.07
1738	210040000	2	16	71620	0.1,800.1;1806.42,3065.38;1839.74,2691.76;1806.25,2663.84;1860.49,2473.82;1852.53,2295.47;1886.13,2293.41;1884.07,2145.85;1938.37,2024.05;2102.53,1896.85;2150.37,1757;2091.35,1664.82;2145.45,1575.41;2133.66,1542.4;2128.3,1497.59;2138.73,1441.72;2137.14,1410.07;2006.58,1299.59;1833.07,1252.43;1856.43,1125.71;2470.44,1050.02;2862.03,841.89;3048.41,890.1;3068.97,3067.49
1739	210040000	2	7	71624	0.1,800.1;2634.12,1221.31;2690.77,1220.22;2767.99,1254.06;2801.71,1340.44;2787.82,1414.69;2741.95,1471.36;2741.2,1557.38;2729.87,1654.66;2693.48,1748.97;2658.06,1725.16;2663.33,1702.67;2663.57,1661.55;2676.75,1613.06;2685.87,1517.86;2649.79,1461.88;2606.9,1437.93;2546.43,1410.88;2520.8,1373.41;2473.06,1357.44;2448,1357.22;2420.71,1363.88;2412.51,1400.7;2388.55,1400.03;2370.58,1399.59;2356.61,1394.93;2356.39,1373.42;2332.65,1362.77;2315.97,1300.36;2406.22,1247.69;2554.02,1244.63
1740	210040000	2	8	71655	0.1,800.1;0.84,3071.47;1.39,2359.92;366.84,2383.29;475.73,2361.55;509.6,2392.2;533,2479.86;562.22,2486.82;620.84,2449.06;718.38,2432.58;702.84,2477.48;682.28,2492.77;670.05,2507.36;660.42,2533.82;642.48,2539.53;632.38,2539.76;633.96,2563.56;655.78,2563.46;670.08,2572.48;677.78,2584.64;678.88,2604.97;674.51,2619.76;665.16,2630.8;650.8,2632.18;637.57,2633.67;630.96,2633.66;622.03,2632.63;617.11,2631.6;609.81,2693.64;615.25,2700.79;619.29,2711.28;612.9,2721.54;603.95,2728.25;609.03,2798.12;627.21,2815.67;672.01,2821.65;697.05,2848.29;733.22,2845.12;742.72,2867.16;748.97,2874.1;785.68,2858.13;795.39,2869.52;814.65,2888.91;832.32,2914.12;846.08,2926.58;842.93,2948.18;851.2,2965.42;856.1,2978.94;855.99,3067
1741	210040000	2	10	71634	0.1,800.1;874.9,2910.12;858.6,2865.56;861.74,2818.27;887.39,2760.82;913.33,2735.54;965.66,2707.84;1026.37,2706.69;1070.77,2720.59;1110.66,2745.95;1140.14,2809.24;1142.96,2858.22;1137.54,2898.54;1116.2,2943.66;1070.78,2977.65;1019.05,2988.23;971.63,2991.05;933.06,2967.72;905.4,2945.33
1742	210040000	2	11	71621	0.1,800.1;855.52,3066.98;855.49,2978.94;850.79,2965.58;842.24,2947.95;845.55,2926.71;831.89,2914.4;814.27,2889.26;795.01,2869.88;785.64,2858.72;748.83,2874.5;742.32,2867.4;732.96,2845.63;696.87,2848.69;671.68,2822.12;627.06,2816.09;608.74,2798.27;603.5,2728.09;612.65,2721.34;618.68,2711.24;614.93,2701.06;609.32,2693.76;616.74,2631.08;622.77,2632.27;631.15,2632.98;639.07,2632.96;664.92,2630.45;674.12,2619.47;678.48,2604.93;677.28,2584.75;669.73,2572.86;655.7,2563.79;633.66,2563.97;631.71,2539.36;642.38,2539.04;660.02,2533.5;669.77,2507.14;681.94,2492.44;702.32,2477.29;717.42,2433.23;621.05,2449.53;562.22,2487.55;532.51,2480.5;509.32,2392.51;474.89,2361.76;753.42,2305.49;844.83,2245.68;872.58,2239.72;976.51,2240.11;1113.73,2297.44;1203.47,2287.59;1307.2,2283.82;1455.81,2211.55;1643.52,2171.63;1709.46,2149.91;1766.24,2126.09;1835.83,2111.87;1886.81,2143.25;1887.76,2294.72;1854.34,2297.09;1864.11,2474.52;1809.3,2664.1;1842.88,2691.17;1807.77,3065.46
1743	210040000	2	9	71656	0.1,400.1;2484.32,2482.35;2451.9,2657.7;2467.9,2678.99;2465.87,2702.49;2451.58,2718.22;2339.83,2794.94;2346.9,2968.49;2024.43,3065.69;1813.48,3064.69;1844.74,2690.61;1810.88,2663.74;1866,2474.84;2117.04,2301.71;2308.65,2357.34
1744	210040000	2	5	71622	0.1,800.1;7.74,20.88;1811.42,22.22;1906.73,426.59;1904.24,502.28;1869.24,593.02;1805.45,673;1742.91,712.38;1704.61,765.91;1578.06,986.72;1615.4,1142.11;1620.08,1199.27;1600.74,1240.25;1529.22,1304.87;1498.58,1339.47;1503.95,1360.68;1496.24,1413.1;1483.41,1436.33;1462.28,1443.21;1409.44,1441.11;1402.26,1439.99;1333.97,1378.39;1327.54,1354.72;1334.56,1332.58;1357.67,1304.8;1359.24,1279.82;1345.48,1252.8;1324.72,1229.59;1347.97,1193.14;1345.45,1149.96;1320.17,1150.1;1302.5,1146.17;1281.89,1135.68;1263.4,1135.7;1217.08,1126.52;1192.16,1136.77;1128.79,1221.04;1104.72,1243.58;1110.84,1272.65;1115.71,1287.51;1113.22,1299.93;1100.56,1303.52;1105.88,1313.2;1106.8,1326.93;1101.9,1338.29;1089.03,1350.13;1074.07,1353.94;1069.1,1376.43;1061.61,1384.23;1051.39,1382.14;1038.44,1369.1;1020.6,1359.86;1001.83,1352.19;957.31,1350.88;938.06,1344.77;933.4,1360.05;920.64,1361.09;908.99,1352.93;868.83,1290.31;869.3,1277.42;853.8,1257.68;830.9,1221.19;814.47,1179.08;818.69,1150.77;788.28,1155.72;776.94,1113.99;742.4,1094.23;728.77,1098.46;725.5,1125.89;710.57,1148.99;685.49,1133.47;677.03,1118.45;653.55,1091.38;638.03,1096.63;622.53,1112.24;604.29,1133.44;526.48,1159.46;488.69,1110.26;436.48,1083.68;426.38,1093.25;386.54,1096.38;350.84,1059;322.64,1089.17;263.61,1089.09;263.52,1054.9;289.11,1040.76;281.48,966.34;272.81,932.07;245.9,920.42;182.73,961.03;166.77,945.77;177.3,883.67;10.37,733.98
1745	210040000	2	6	71619	0.1,800.1;2295.39,1733.71;2260.73,1688.63;2239.95,1666.79;2230,1648.19;2214.61,1639;2192.32,1600;2203.93,1579.14;2211.96,1573.43;2242.64,1578.13;2250.27,1587.82;2260.25,1596.43;2266.11,1624.8;2281.02,1634.71;2306.54,1632.59;2315.8,1641.28;2330.92,1659.73;2367.26,1672.12;2390.52,1670.6;2407.58,1676.62;2421.78,1663.09;2435.56,1665.98;2450.17,1662.77;2459.92,1669.99;2468.99,1689.03;2478.94,1696.79;2498.31,1697.37;2517.53,1710.76;2540.59,1717.56;2550.21,1723.55;2559.54,1739.99;2547.93,1765.21;2519.96,1776.05;2495.5,1789.08;2452.17,1805;2430.63,1765.76;2407.72,1758.61;2382.86,1744.73;2349.96,1733.34
1746	210040000	2	2	71618	0.3,800.3;10.49,732.25;178.39,883.29;167.45,945.52;182.91,960.37;245.98,919.96;273.16,931.9;281.95,965.58;289.45,1040.99;264.17,1055.14;264.22,1088.67;322.16,1088.41;350.91,1058.57;386.91,1095.76;426.4,1092.75;436.54,1083.14;488.85,1109.65;526.78,1158.93;604,1132.98;621.94,1111.81;637.77,1096.09;653.64,1091.01;677.33,1118.16;685.61,1133.03;710.51,1148.64;725.3,1125.93;728.27,1098.33;742.46,1093.76;777.3,1113.54;788.48,1155.25;819.18,1150.2;815.02,1178.96;831.66,1220.43;854.16,1257.46;870.02,1277.27;869.27,1290.17;909.41,1352.47;920.99,1360.36;933.06,1359.48;938.16,1343.68;957.48,1350.38;1001.99,1351.51;1021.04,1359.08;1038.63,1368.49;1051.73,1381.42;1061.69,1383.59;1068.65,1376.16;1073.71,1353.46;1088.85,1349.62;1101.54,1338.02;1106.51,1326.88;1105.46,1313.38;1100,1303.25;1112.71,1299.52;1115.17,1287.47;1110.4,1272.88;1104.2,1243.56;1128.44,1220.69;1191.83,1136.48;1217.13,1125.82;1263.63,1135.26;1282.01,1135.28;1302.53,1145.63;1320.37,1149.67;1345.82,1149.67;1348.46,1193.18;1325.32,1229.44;1345.76,1252.03;1359.7,1279.62;1358.08,1304.7;1335,1332.57;1328.08,1354.74;1334.31,1378.11;1402.53,1439.63;1409.5,1440.5;1462.09,1442.74;1482.98,1435.76;1495.48,1412.66;1503.13,1360.98;1497.86,1339.14;1528.73,1304.47;1600.23,1239.95;1611.66,1215.74;1844.12,1203.06;1834.24,1251.64;2007.31,1298.83;2138.13,1409.83;2139.74,1441.48;2129.67,1497.68;2134.71,1542.27;2146.6,1575.49;2092.95,1665.11;2151.95,1756.9;2103.56,1897.87;1940.67,2025.2;1888.58,2146.39;1836.26,2113.73;1766.79,2127.15;1709.8,2151.44;1643.9,2173.2;1456.58,2212.96;1307.34,2285.28;1203.47,2288.94;1113.17,2299.09;976.14,2240.83;872.74,2240.51;845.28,2247.41;754.4,2308.17;367.3,2384.21;1.38,2360.38
1747	210040000	3	0	67392	0.6,124.6;1572.43,2738.94;1568.47,2750.65;1569.08,2751.81;1578,2754.88;1579.24,2754.33;1583.17,2742.57;1582.53,2741.42;1580.63,2740.72;1582.05,2736.71;1581.69,2735.75;1578.17,2734.58;1576.99,2734.93;1575.71,2738.88;1573.84,2738.42
1748	210040000	3	0	67523	0.1,400.1;1855.35,2520.11;1821.82,2636.63;1823.07,2663.53;1930.61,2738.96;2005.87,2735.07;2019.51,2706.51;2004.63,2679.19;2021.93,2659.69;2041.88,2655.68;2056.31,2639.71;2069,2583.28;2025.76,2507.14;1920.66,2504.54
1749	210040000	3	6	67596	0.1,1000.1;2925.32,1020.53;2649.3,1021.95;2485.39,1063.81;2082.94,1100.86;2014.11,1178.91;2007.72,1256.25;2011.98,1280.38;2139.09,1303.95;2139.09,1378.22;2149.98,1419.49;2161.54,1432.03;2162.53,1552.85;2119.17,1644.25;2116.2,1671.32;2116.53,1709.61;2119.17,1735.03;2123.13,1814.25;2136.66,1851.89;2145.91,1871.03;2215.89,1909.33;2231.08,1893.81;2245.6,1853.87;2257.82,1808.64;2267.06,1774.31;2277.62,1764.41;2353.04,1743.55;2376.81,1743.88;2407.51,1756.75;2416.76,1763.03;2417.09,1797.69;2414.77,1820.14;2415.1,1832.35;2430.29,1832.35;2454.72,1827.07;2470.23,1822.78;2498.62,1822.12;2540.22,1828.72;2616.95,1845.36;2632.14,1823.91;2645.01,1818.62;2666.14,1799.81;2680.01,1798.49;2708.73,1788.25;2720.61,1778.02;2739.76,1750.62;2746.36,1734.44;2829.61,1569.04;2829.28,1493.44;2829.28,1440.62;2854.44,1374.3;2830.79,1149.91;2882.6,1056.44
1750	210040000	3	5	67707	0.1,1000.1;3036.41,855.68;3041.05,1736.84;3041.05,2403.95;3040.02,3055.71;2858.7,3030.98;2703.14,3068.58;2678.06,3068.5;2660.51,3069.38;2640.33,3070.26;2613.13,3070.26;1897.42,2967.41;1843.34,2848.84;1822.68,2803.13;1821.37,2745.74;1804.68,2696.45;1783.88,2667.76;1801.35,2570.8;1792.15,2516.03;1787.48,2430.43;1798.55,2407.24;1901.91,2083.03;1922.93,1965.89;1924.8,1959.54;1947.57,1901.68;2044.26,1882.64;2084.88,1844.61;2109.45,1814.52;2114.04,1855.98;2195.23,1909.13;2216.87,1917.24;2235.16,1897.04;2260.24,1825.65;2279.4,1781.34;2307.89,1789.07;2310.6,1783.56;2326.09,1757.74;2364.82,1752.58;2400.31,1764.84;2410.64,1788.08;2395.8,1843.59;2397.3,1852.49;2497.34,1830.55;2528.97,1836.35;2610.14,1859.58;2649.37,1818.86;2659.39,1813.58;2698.43,1809.54;2721.76,1799.12;2815.79,1721.65;3015.98,1032.95
1751	210040000	3	8	67592	0.3,1000.3;518.16,40.71;152.52,82.89;87.48,415.13;75.17,760.56;75.89,1118.88;137.32,1066.78;184.37,1024.01;221.7,1032.18;225.2,1098.67;233.37,1109.65;266.9,1097.57;266.41,1088.44;319.9,1090.42;312.75,1134.55;321.87,1143.67;323.11,1164.38;329.52,1185.33;337.9,1183.36;341.1,1166.59;341.1,1148.1;341.6,1136.27;358.02,1115.64;371.08,1102.08;378.48,1093.7;420.64,1092.47;431.73,1083.59;435.43,1081.37;480.26,1103.06;523.89,1160.75;530.3,1159.27;546.33,1150.64;551.75,1143.25;550.03,1095.17;553.06,1085.48;555.52,1084.25;596.2,1083.26;595.21,1110.38;633.99,1105.08;646.32,1095.96;654.46,1095.47;656.43,1097.2;673.19,1094.48;677.14,1071.8;676.64,1066.63;662.84,1057.5;653.96,1062.68;649.28,1064.65;651.25,1026.69;659.14,1025.46;666.78,1023.73;675.41,1010.17;682.56,1005.98;679.11,1000.8;672.95,994.15;665.55,994.15;664.07,993.41;650.76,953.22;697.11,903.67;696.12,898.74;708.66,884.79;739.48,876.16;746.88,883.56;764.63,884.05;768.08,882.08;774.73,882.32;777.94,878.87;774.73,862.36;755.75,855.45;741.45,844.85;726.66,839.18;724.69,831.54;719.27,828.33;718.77,822.91;706.69,815.51;695.35,813.79;694.37,806.64;689.39,802.35;690.62,768.33;652.91,718.64;627.52,659.47;529.11,511.28;528.14,508.42;547.62,488.45;553.53,414.24;542.44,401.67;541.7,396;539.42,245.29;509.89,136.24;538.49,86.44
1752	210040000	3	0	67541	0.2,132.2;1637.17,2747.77;1637.17,2755.08;1641.19,2755.08;1641.3,2772.25;1626.32,2772.35;1626.42,2755.08;1630.28,2755.08;1630.18,2747.72
1753	210040000	3	9	67682	0.1,1000.1;1808.18,3326.85;1821.13,2923.77;1821.13,2820.19;1816.81,2781.35;1814.22,2744.24;1802.14,2710.57;1785.74,2682.09;1777.11,2668.28;1779.7,2594.05;1785.74,2559.53;1784.01,2483.57;1776.24,2440.42;1793.51,2386.9;1821.13,2302.31;1887.78,2089.29;1839.85,2114.94;1769.63,2125.87;1711.19,2161.19;1707.83,2169.18;1645.6,2178.85;1636.64,2173.16;1595.85,2181.57;1554.23,2191.24;1503.78,2198.81;1416.75,2218.99;1359.99,2227.4;1113.76,2298.61;1032.78,2264.69;951.34,2237.09;929.42,2200.64;897.12,2190.25;825.64,2339.73;812.49,2378.72;795.65,2400.41;771.65,2418.17;757.64,2412.33;747.02,2373.33;693.03,2360.41;635.58,2370.8;584.13,2386.95;467.06,2365.9;426.92,2364.06;365.82,2384.45;202.16,2321.7;159.84,2370.32;20.69,2359.36;20.69,2406.2;23.98,2769.16;18.99,2963.01;14.5,3077.15;-13.01,3141.53;-2.54,3222.24;764.44,3418.72;967.25,3414.87;1034.63,3380.21;1537.32,3427.82;1785.31,3399.61;1786.59,3399.61;1799.43,3386.13
1754	210040000	3	0	67534	0.1,420.6;2434.3,349.16;2433.89,348.55;2428.99,348.34;2428.99,345.69;2416.95,344.67;2416.13,354.06;2418.17,354.06;2418.17,358.55;2423.89,358.76;2424.09,354.67;2428.18,354.88;2428.18,353.86;2433.69,354.06;2434.5,353.04;2434.5,349.77
1755	210040000	3	0	67532	0.1,421.1;2510.22,290.07;2502.05,302.93;2513.49,309.87;2521.65,297.01;2511.04,290.48;2510.22,289.87
1756	210040000	3	0	67392	0.5,125.5;1550.72,2707.54;1548.69,2709.68;1548.72,2712.85;1549.56,2714.34;1552.66,2715.66;1554.04,2715.25;1558.63,2716.2;1560.82,2717.15;1561.62,2716.78;1562.96,2713.91;1562.31,2712.89;1556.44,2709.43;1555.53,2708.15;1552.58,2706.95
1757	210040000	3	0	67541	0.1,450.1;2448.04,271.95;2447.33,269.19;2443.65,262.04;2432.01,238.55;2460.2,229.36;2476.74,256.73;2476.17,262.14
1758	210040000	3	0	67536	0.1,423.1;2448.76,321.51;2438.96,326.61;2432.02,312.12;2442.43,307.42;2448.76,321.31
1759	210040000	3	3	67392	0.1,220.1;1444.41,1350.87;1446.34,1345.68;1441.99,1344.39;1440.52,1350.07;1435.02,1352.37;1431.83,1356.82;1432.22,1362.05;1435.7,1366.07;1440.77,1367.3;1445.57,1365.32;1448.37,1360.65;1448.95,1357.28;1448.34,1355.45
1760	210040000	3	7	67655	0.1,1000.1;2277.51,36.4;1812.67,-3.36;1611.97,8.95;545.26,15.24;545.4,162.11;546.42,401.9;564.26,419.21;556.29,489.62;662.4,715.24;696.85,763.32;696.59,802.15;698.16,810.55;707.08,812.12;720.2,820.78;722.03,826.62;727.39,830.31;730.4,837.84;742.63,842.87;757.37,853.09;777.13,861.46;782.15,878.37;775.45,884.74;765.57,887.59;747.17,887.58;738.34,881.47;710.89,887.58;699.34,899.81;700.7,905.38;658.88,950.78;671.92,990.86;678.85,992.49;680.75,997.24;683.61,998.46;685.37,1003.49;687.28,1007.57;681.57,1010.56;667.3,1026.59;659.12,1029.7;657.36,1057;664.69,1056.32;671.35,1058.09;678.14,1063.39;679.67,1071.85;677.06,1102.79;683.9,1114.72;713.39,1120.08;736.81,1084.88;743.59,1083.62;781,1103.2;785.65,1105.7;793.18,1139.6;829.83,1142.11;831.92,1160.2;824.39,1178.78;868.83,1265.49;874.57,1278.9;873.45,1292.94;879.2,1307.82;888.05,1313.86;895.63,1317.93;900.26,1325.09;899.84,1332.95;901.39,1337.45;903.91,1340.96;908.83,1345.31;916.83,1352.89;939.62,1341;946.5,1342.21;967.87,1346.94;992.78,1346.66;1009.66,1347.53;1015.7,1352.18;1041.34,1365.62;1049.8,1377.14;1057.51,1379.56;1063.74,1377.7;1066.83,1370.54;1075.52,1353.9;1088.67,1337.79;1089.87,1328.85;1093.07,1316.31;1100.41,1305.19;1101.34,1301.66;1100.1,1290.68;1096.8,1257.65;1100.34,1245.77;1101.45,1228.49;1175.61,1138.56;1191.55,1125.54;1202.04,1122.35;1223.47,1113;1295.05,1130.78;1326.5,1140.82;1342.54,1201.55;1328.33,1231.42;1363.25,1276.27;1363.25,1284.4;1354.22,1321.12;1343.38,1329.85;1332.25,1353.93;1336.76,1372;1404.49,1437.62;1470.66,1437.46;1493.84,1420.9;1498.33,1345.54;1518.11,1302.42;1600.71,1210.48;1546.83,1090.37;1562.42,1065.44;1607.81,1033.95;1723.42,726.71;1729.15,724.06;1796.83,708.45;1913.57,551.68;1865.34,515.22;1876.34,491.81;1884.14,495.65;1926.69,483.74;1958.53,343.68;1996.81,298.59;2347.11,116.62
1761	210040000	3	0	67641	0.2,421.2;2442.64,376.02;2437.54,376.84;2437.94,380.1;2437.54,380.72;2423.04,384.39;2422.02,383.57;2419.37,372.96;2420.39,371.53;2434.68,368.06;2435.29,369.08;2436.11,371.32;2441.01,370.1;2442.44,370.51;2443.46,375
1762	210040000	3	4	67670	0.1,1000.1;204.96,1035.51;138.62,1091.32;42,1185.01;10.97,1220.73;1.6,1236.54;1.6,1392.3;2.48,1646.85;82.71,1659.73;106.13,1604.69;107.3,1548.47;161.8,1481.54;180.67,1478.1;205.42,1481.32;237.47,1498.18;266.58,1525.57;281.57,1562.52;285.59,1596.31;277.52,1632;271.26,1640.41;262.6,1658.6;247.84,1675.07;200.99,1709.5;145.36,1718.87;134.82,1719.46;96.17,1668.51;13.02,1697.21;16.23,2271.38;91.77,2291.28;101.39,2287.02;112.52,2261.26;356.44,2354.29;569.68,2357.7;749,2341.6;766.9,2409.86;812.08,2356.85;818.71,2289.39;871.08,2210.44;882.23,2196.84;883.62,2195.23;891.1,2188.48;900.47,2183.06;909.79,2181.1;913.78,2179.85;931.28,2189.96;951.42,2207.96;971.64,2219.06;1000.23,2223.25;1016.49,2247.88;1127.43,2289.54;1140.87,2267.93;1459.33,2176.69;1671.92,2151.32;1867.52,2076.57;1897.64,2045.24;1937.39,1896.47;2038.48,1879.38;2117.39,1791.44;2108.35,1707.12;2092.69,1668.57;2147.16,1527.76;2153.55,1525.36;2148.55,1455.23;2148.55,1438.24;2110.76,1367.44;2069.97,1305.33;1970.73,1304.23;1962.91,1241.31;1895.65,1181.04;1830.96,1253.81;1808.05,1205.1;1782.28,1188.84;1732.25,1194.09;1694.98,1210.85;1657.71,1233.87;1602.23,1247.2;1557.09,1272.03;1525.04,1302.27;1529.85,1324.43;1520.12,1328.91;1502.62,1347.51;1506.16,1386.05;1495.98,1422.81;1473.61,1443.4;1403.06,1438.11;1376.48,1414.41;1350.35,1389.83;1334.85,1373;1330.2,1353.51;1341.89,1327.86;1354.29,1319.22;1362.04,1284.23;1325.05,1230.86;1270.33,1170.5;1242.74,1175.27;1226.16,1205.39;1218.91,1199.09;1190.72,1144.1;1112.43,1241.91;1112.03,1246.57;1108.5,1255.57;1116.87,1287.78;1115.97,1294.23;1115.29,1297.07;1114.38,1300.59;1102.68,1304.39;1106.88,1313.08;1107.28,1319.79;1107.39,1326.77;1103.23,1339.15;1089.85,1351.6;1075.02,1355.03;1069.83,1377.06;1061.94,1385.35;1051.04,1383.22;1038.42,1370.77;1001.71,1353.34;957.51,1351.75;939.34,1346.66;934.45,1361.53;920.24,1362.61;907.95,1354.73;899.38,1342.4;888.69,1324.05;879.08,1312.32;868.54,1293.55;867.91,1291.22;867.58,1277.44;850.88,1254.32;833.27,1227.45;828.63,1220.09;821.72,1201.91;812.94,1180.05;816.21,1162.89;817.29,1152.83;790.01,1156.09;787.4,1155.97;784.79,1151.7;781.75,1146.72;780.13,1130;774.53,1114.36;742.63,1096.05;729.59,1101.94;727.07,1125.09;710.36,1149.86;685.03,1135.58;673.73,1118.67;652.73,1095.81;639.29,1101.55;630.12,1112.49;628.45,1113.64;605.72,1134.59;529.25,1162.03;522.44,1162.66;478.55,1107.41;466.15,1100.95;441.07,1088.17;434.92,1087.44;427.31,1094.11;385.41,1098.59;380.51,1094.42;346.03,1141.79;345.61,1172.75;342.07,1185.36;331.34,1188.54;326.12,1186.82;315.47,1165.56;314,1146.31;305.39,1143.2;305.94,1131.65;306.49,1119.92;270.85,1114.49;241.53,1118.15;223.93,1113.94;205.17,1092.82
1763	210040000	3	0	67641	0.4,126.9;1599.2,2689.58;1597.89,2692.07;1598.36,2693.16;1603.67,2697.13;1604.22,2698.69;1607.21,2700.26;1609.11,2700.15;1611.47,2698.33;1612.02,2695.27;1611.25,2693.52;1608.49,2691.67;1606.84,2691.77;1604.84,2691.19;1600.4,2689.23
1764	210040000	3	4	67649	0.1,1000.1;2677.83,226.23;2610.02,185.43;2375.1,166.5;2284.6,227.9;2250.33,302.05;2199.01,253.55;1959.9,361.17;1954.73,425.29;1928.34,477.4;1968.26,528.07;1970.72,530.86;1986.8,551.9;1981.66,564.06;1954.93,566.95;1913.46,558.06;1909.76,567.32;1882.7,610.69;1800.88,712.14;1770.37,719.36;1728.91,727.08;1694.47,818.53;1620.94,1019.84;1615.8,1032.92;1571.51,1085.34;1617.27,1185.88;1635.72,1233.7;1675.81,1218.58;1704.94,1201.36;1745.74,1188.91;1787.25,1180.09;1808.81,1130.27;1982.31,1058.04;2239.72,1017.6;2722.28,955.81;2787.53,842.96;2873.48,538.71;2774.38,251.98;2728.01,244.78
1765	210040000	3	0	67392	0.3,119.3;1655.91,2718.76;1653.98,2720.65;1654,2721.23;1656.12,2723.29;1655.16,2724.26;1660.45,2729.18;1664.3,2725.16;1663.48,2724.27;1664.98,2722.58;1662.38,2720.18;1660.86,2721.79;1659.06,2720.18;1658.62,2720.64;1656.5,2718.73
1766	210040000	3	5	67695	0.1,1000.1;204.55,1487.66;179.6,1483.83;173.08,1483.83;165.53,1486.4;157.67,1512.9;145.83,1524.76;136.76,1537.33;121.34,1554.91;117.18,1571.28;109.13,1585.3;108.11,1593.47;113.02,1600.28;115.79,1609.58;115.55,1617.82;99.32,1655.98;99.04,1669.16;127.66,1703.9;141.4,1715.42;167.41,1699.64;178.14,1697.65;195.02,1695.06;218.3,1686.12;234.63,1679.19;238.97,1674.3;247.99,1665.41;259.28,1655.27;274.97,1624.28;280.17,1591.31;274.31,1557.95;269.68,1548.51;262.99,1538.56;258.83,1527.77;235.02,1503.39
1767	210040000	3	20	67392	0.1,10000.1;0,0;-62.55,60.04;-24.79,1163.21;-26.1,1751.86;-30.01,2142.13;-22.18,2442.33;-22.49,3440.02;384.99,3512.68;1755.47,3676.32;3257.95,3900.74;4188.45,3891.24;4203.35,2686.69;4126.96,-474.26;-8.72,-470.97;-35.82,-353.09
1768	210040000	3	1	67689	0.1,1000.1;1105.48,2740.68;1064.89,2718.41;1027.77,2708.01;961.45,2708.01;912.44,2737.22;887.2,2761.96;860.97,2818.88;858.49,2863.93;875.82,2915.9;910.96,2948.57;974.31,2993.11;1073.8,2978.26;1118.84,2946.09;1137.16,2901.05;1143.1,2857;1142.11,2808.99;1111.91,2748.6
1769	210040000	3	0	67539	0.1,418.1;2490.3,415.87;2490,411.34;2489.09,410.2;2485.92,410.52;2485.51,411.54;2484.69,418.69;2483.87,420.33;2484.03,422.75;2484.49,424.61;2485.31,425.84;2488.17,427.06;2492.45,425.43;2493.07,421.96;2491.92,419.31
1770	210040000	3	0	67538	0.1,418.9;2453.66,395.62;2450.19,398.68;2450.8,399.91;2447.74,402.56;2450.39,405.62;2445.9,409.5;2443.66,406.85;2441.82,407.87;2435.69,401.54;2444.68,393.17;2445.9,394.8;2449.99,391.13;2451.01,391.13;2454.07,394.6
1771	210040000	3	2	67643	0.1,1000.1;2571.55,328.8;2568.4,322.8;2565.62,312.95;2560.74,303.19;2558.83,301.4;2550.58,289.32;2549.53,288.44;2531.56,273.33;2518.55,268.92;2509.85,265.53;2490.37,262.42;2479.03,256.93;2461.53,226.45;2429.42,236.86;2447.02,269.96;2445.88,270.31;2433.57,276.89;2426.36,281.77;2422.62,285.36;2414.69,291.1;2410.5,297.77;2400.27,310.84;2396.19,327.31;2393.62,338.41;2393.23,355.49;2395.19,373.55;2402.62,394.96;2407.41,405.03;2419.29,419.24;2428.84,427.13;2448.76,437.24;2457.26,442.79;2481.45,446.61;2498.7,445.83;2520.34,438.75;2533.4,433.86;2537.94,430.42;2543.38,421.57;2549.92,417.79;2557.4,418.06;2564.89,416.8;2571.89,421.68;2579.36,419.22;2580.59,418.7;2581.22,414.67;2581.43,414.67;2593.53,391.55;2590.42,383.01;2582.8,382.75;2575.97,368.28;2571.45,336.8
1772	210040000	3	1	67562	0.1,1000.1;1716.33,2599.97;1473.16,2606.35;1472.6,2680.75;1451.65,2696.74;1441.17,2750.72;1522.62,2829.94;1567.44,2851.4;1617.75,2852.74;1663.83,2845.6;1754.56,2841.97;1765.68,2752.15;1769.91,2665.29;1768.3,2618.34
1773	210040000	3	0	67582	0.1,1000.1;1909.93,757.13;1865.54,689.81;1826.74,693.34;1794.7,711.86;1772.35,716.27;1730.9,727.44;1717.38,758.31;1775.88,803.58;1783.82,815.04;1801.16,832.09;1838.79,821.51;1866.42,820.92;1887.59,802.4;1904.35,788.29
1774	210040000	3	3	67392	0.1,1000.1;2441.5,267.95;2413.44,286.43;2392.95,324.07;2389.83,343.23;2391.39,372.62;2403.19,405.14;2420.34,425.85;2438.83,437.21;2468.23,449.01;2480.78,450.86;2494.81,451.98;2506.83,448.64;2518.41,446.41;2530.22,441.51;2536.73,442.9;2539.62,442.49;2547.7,446;2560.11,444.56;2569.22,439.18;2592.6,440.62;2615.46,386.35;2604.7,370.62;2600.97,353.86;2594.14,334.62;2582.55,320.13;2568.97,303.88;2554.72,286.73;2539.79,273.36;2526.65,266.24;2509.73,258.22;2493.92,252.21;2483.45,239.51;2474.54,223.7;2452.05,219.91;2428.89,222.81;2421.54,242.85;2426.21,257.11;2433.79,265.79
1775	210040000	3	0	67541	0.1,130.1;144.81,1620.77;150.65,1618.05;153.44,1624.44;147.66,1627.09;149.36,1630.76;133.8,1638.03;127.48,1624.51;142.84,1617.3
1776	210040000	4	0	72857	100,290;931.83,2761.65;964.04,2731.35;1007.19,2718.14;1052.95,2730.56;1102.56,2755.82;1136.34,2810.45;1135.5,2853.58;1124.96,2886.65;1099.22,2920.82;1065.8,2944.4;1031.3,2953.68;994.78,2954.33;967.78,2941.27;942.15,2925.47;919.18,2893.23;906.84,2851.83;911.28,2806.05
1777	210040000	4	0	72858	318.18,698.18;2280.25,579.72;2353.71,430.93;2331.33,324.93;2353.59,238.2;2416.43,172.69;2494.72,174.11;2610.12,196.05;2764.9,281.47;2799.01,376.32;2792.66,541.17;2771.78,605.65;2700.5,669.58;2607.74,738.74;2466.72,782.74;2366.48,787.33;2326.86,775.54;2293.23,735.75;2307.56,643.98
1778	210040000	5	0	72859	174.41,189.41;1437.55,1356.49;1439.61,1355.34;1442.08,1355.54;1443.78,1357;1444.41,1359.34;1443.55,1361.48;1441.49,1362.73;1438.99,1362.37;1437.47,1361.17;1436.68,1358.68
1779	210040000	5	0	72849	128.12,148.12;2304.7,2567.66;2305.11,2575.66;2319.53,2575.08;2318.86,2567.15
1780	210040000	5	0	72860	110.71,142.71;2328.18,2570.66;2329.19,2574.57;2334.21,2574.37;2335.63,2571.94;2333.93,2568.26;2330.3,2568.78
1781	210040000	5	0	72851	127.33,147.33;2319.65,2553.52;2316.25,2557.35;2317.97,2565.51;2319.64,2567.72;2324.53,2566.64;2323.11,2557.2
1782	210040000	5	0	72861	102.24,117.24;2325.79,842.51;2327.86,841.35;2330.33,841.56;2332.03,843.01;2332.66,845.35;2331.8,847.49;2329.74,848.74;2327.24,848.38;2325.72,847.19;2324.93,844.7
1783	210050000	2	16	71674	0.1,800.1;1.88,-0.63;-4.88,776.5;130.88,793.88;314.88,750.88;397.38,728.5;486.75,747.38;557.25,761.13;693.25,708.63;670.25,425.63;632.38,366.38;559,322;534.88,226.38;546.75,1.13
1784	210050000	2	16	71671	0.1,800.1;538.37,-0.98;539.58,75.22;534.55,135.76;530.53,228.67;556.66,326.29;629.7,369.11;666.06,425.77;679.64,575.7;685.23,709.43;715.46,746.08;742.96,779.27;778.88,792.54;815.44,810.9;868.02,815.31;940.09,823.96;985.92,830.5;1043.47,838.96;1109.54,845.85;1153.6,886.26;1223.98,862.53;1293.99,865.16;1362.25,898.09;1385.51,917.3;1409.99,938.08;1479.55,964.44;1488.98,955.17;1520.52,910.18;1596.97,847.25;1745.2,812.88;1813.86,750.56;1865.93,668.86;1903.85,580.46;1902.45,505.19;1908.53,487.86;1936.16,433.7;1974.54,372.99;2031.91,340.26;2076.51,272.35;2123.02,261.11;2141.91,264.6;2175.47,154.67;2173.42,46.06;2176.44,-1.06;1421.02,-1.8;753.11,-1.29
1785	210050000	2	16	71673	0.1,800.1;3069.25,687.88;3071.13,1;2684.25,-1.75;2669.88,22.5;2678.88,40.38;2683.38,92.25;2663.63,139.75;2653.75,177.38;2652,246.38;2632.25,313.5;2604.5,398.63;2606.38,450.5;2618,529.25;2666.38,596.5;2695.88,659.13;2699.5,700.38;2690.5,733.5;2705.75,732.63;2731.75,717.38;2770.25,725.38;2803.38,753.13;2832,766.63;2869.63,752.25;2946.63,728.13;3017.38,711.13
1786	210050000	2	16	72862	246.98,292.81;226.18,1224.78;245.36,1219.14;259.02,1254.83;277.81,1246.81;317.15,1306.75;364.19,1288.62;389.77,1338.72;351.88,1378.66;293.44,1372.02;271.35,1350.88;187.33,1414.03;147.96,1357.31;212.97,1307.24;211.75,1273.02;226.6,1241.96
1787	210050000	2	13	71665	339.14,464;1240.61,765.15;1184.29,742.09;1067.36,777.35;992.51,903.62;988.14,938.48;1087.55,995.84;1086.07,1058.82;1095.66,1092.37;1105.67,1101.25;1118.08,1111.33;1127.65,1109.3;1146.74,1087.47;1149.78,1050.43;1142.21,982.03;1222.88,979.37;1263.66,934.21;1287.39,875.8;1220.48,854.95
1788	210050000	2	16	71675	0,800;2158.5,2158.75;2158.38,2127.25;2164.25,2095.25;2198.5,2060.75;2220.25,2051.38;2239,2052.75;2254.38,2040.88;2262.88,2017.88;2285,2015.75;2296.38,2000.13;2299.75,1983;2318.25,1978.13;2333.88,1996.13;2341.38,2015.13;2326.13,2030.63;2311.25,2046.5;2301.88,2071.38;2298,2084.63;2336.5,2107.88;2374.5,2145;2375.38,2162.75;2382.63,2218.38;2388.88,2237.75;2397.63,2259.5;2365.88,2285.88;2349.63,2318;2321.13,2379.75;2297.88,2405.13;2236.75,2432.75;2190.5,2420.25;2164.88,2401;2108.88,2398;2061.25,2409.88;2009.38,2383.38;1976.63,2357.38;1994.5,2328.5;2009.63,2304;2058.25,2259;2107.5,2225.25;2135,2191.38;2144.5,2174.75
1789	210050000	2	16	71672	0.1,800.1;2685.38,-0.88;2662.13,49.38;2658.38,100.38;2652.75,251.88;2601.75,417.25;2619.38,529.75;2700.25,662.63;2684.38,752.75;2620.25,823.38;2579.75,846.25;2499.5,874.5;2463.88,901.38;2352.13,877.88;2306.25,836.25;2236.63,803.88;2191.13,754.25;2144.63,739.88;2096.25,718;1998,750.63;1913.63,721.63;1862,668.5;1900.75,580;1899.13,502.5;1932.25,432;1972.75,370.13;1999.25,353.75;2030,337.63;2074.63,271.25;2124.38,257.13;2140.25,262.38;2173.13,154.25;2170.5,46;2173.13,0;2482.63,1.75
1790	210050000	2	16	71666	0.1,800.1;475.62,1770.31;472.48,1817.51;564.72,1949.38;594.36,1961.8;618.79,1968.54;646.51,1975.81;653.25,1998.83;672.28,2056.64;684.44,2077.57;683.52,2105.94;669.13,2122.72;755.66,2141.6;807.58,2127.44;840.61,2095.97;884.66,2111.7;927.14,2111.7;961.75,2144.74;986.92,2185.65;1021.54,2220.26;1056.15,2248.58;1109.64,2259.59;1131.66,2235.99;1163.13,2217.11;1186.73,2217.11;1237.07,2243.86;1277.37,2303.65;1399.19,2319.47;1412.66,2218.52;1425.14,2198.06;1438.44,2187.22;1471.48,2180.93;1509.24,2187.22;1556.44,2188.79;1580.03,2174.63;1603.63,2250.15;1657.12,2325.66;1754.66,2368.14;1839.99,2380.85;1904.49,2361.98;1972.14,2358.83;2009.9,2302.19;2063.39,2250.28;2101.14,2228.25;2153.06,2184.2;2168.79,2162.18;2165.65,2119.7;2170.37,2094.53;2209.7,2056.77;2245.88,2055.2;2269.48,2023.73;2253.75,1995.41;2222.28,1996.99;2208.12,1965.52;2187.67,1951.36;2171.06,1900.08;2152.1,1847.39;2149.91,1827.08;2183.8,1785.54;2191.87,1756.24;2200.26,1696.5;2187.67,1655.59;2151.49,1641.43;2124.74,1652.45;2102.72,1676.05;2049.23,1676.05;2008.69,1660.93;1948.63,1692.4;1902.31,1710.1;1865.34,1733.93;1827.4,1746.84;1808.52,1754.71;1795.94,1768.87;1773.91,1770.44;1758.18,1776.73;1745.59,1794.04;1704.69,1801.9;1687.38,1808.2;1648.05,1809.77;1624.45,1783.03;1583.55,1729.54;1545.79,1705.94;1493.87,1698.07;1471.85,1702.79;1470.28,1735.83;1456.12,1768.87;1429.37,1803.48;1399.48,1816.06;1372.74,1809.77;1327.11,1822.36;1309.81,1834.94;1287.78,1841.23;1273.62,1831.8;1261.04,1798.76;1239.01,1778.31;1221.7,1767.29;1199.68,1765.72;1183.95,1745.27;1168.21,1742.12;1160.35,1737.4;1160.35,1716.95;1154.06,1691.78;1139.9,1687.06;1117.87,1698.07;1106.86,1721.67;1073.82,1732.68;1059.66,1737.4;1043.93,1757.85;1032.92,1757.85;1023.48,1770.44;1015.61,1764.15;1009.32,1748.41;1009.32,1729.54;992.01,1704.36;977.85,1688.63;981,1665.03;976.28,1636.71;963.69,1619.41;955.83,1602.1;938.52,1594.24;921.22,1597.38;894.47,1595.81;892.9,1548.61;903.91,1540.75;899.19,1528.16;889.75,1520.3;889.75,1491.98;881.89,1469.95;877.17,1444.78;870.87,1425.9;848.85,1416.46;825.25,1441.63;803.47,1439.71;779.87,1447.58;776.72,1425.55;762.56,1376.78;760.99,1340.6;743.68,1309.14;715.36,1305.99;701.2,1331.16;685.47,1359.48;652.43,1375.21;636.7,1390.94;646.14,1412.97;633.56,1441.29;620.97,1444.43;617.82,1464.89;627.26,1496.35;622.54,1549.56;632.98,1566.29;620.97,1595.46;600.52,1614.34;565.05,1648.38;558.04,1700.01;539.16,1713.46;504.55,1727.62;487.24,1751.21
1791	210050000	2	14	71670	0.1,319.59;527.88,1380.5;562,1434.13;621.13,1451.75;637.5,1435.63;647.13,1411.88;637.25,1385.75;689.38,1360.75;703.13,1329.13;718.25,1311.88;743.13,1312.38;763,1364.5;761.13,1382.63;773,1398.88;776.88,1448.13;788.5,1452.13;796,1444.38;805.88,1444.88;812.38,1437.25;822.25,1438.88;845.88,1424;866.13,1425.75;874.75,1432;875.13,1458.5;881.25,1460.38;882.63,1478.63;891.38,1488.25;890.63,1506.13;890.5,1524.5;896.75,1538.88;897,1546.25;891.5,1550.63;893,1589.88;896.75,1596.88;922.13,1599.5;935.13,1595;954.88,1600.25;963.75,1627.13;971.5,1633.25;981.75,1659.25;980,1698;1002.63,1719.5;1009.25,1737.38;1006.5,1748.63;1010.63,1761.63;1021,1773.5;1032.38,1766.13;1042.63,1765;1065,1736.75;1110.88,1725;1120.25,1706.88;1146,1691.25;1155.5,1699;1155.38,1726.75;1153.13,1742.63;1163.5,1748.75;1179.5,1746.63;1185.75,1751.63;1196.38,1769.88;1208.5,1773.75;1219.88,1771.75;1232.88,1777.63;1242.75,1779.5;1259.5,1799.5;1265.88,1819.5;1270.63,1834.25;1287.63,1845;1311.5,1842.5;1326.25,1828.5;1344.13,1827.5;1380.38,1818.13;1408,1821.75;1430.5,1812.13;1449.75,1794;1464.13,1766.25;1476.88,1737.5;1473.38,1706.63;1492.75,1700.5;1515,1705;1540.75,1709;1576.13,1729.13;1604.88,1756.63;1626.38,1781.5;1620,1811.25;1695.13,1816.5;1707,1811.25;1744,1811.75;1757.63,1793.13;1768.88,1779.75;1800.88,1771.25;1810.63,1759.5;1829.38,1754;1827,1739.63;1826.5,1720.88;1814.25,1704.88;1809.38,1688;1803.63,1673.88;1775.13,1618.63;1778.5,1611.88;1804.88,1607.63;1798.13,1571.13;1783.25,1531.5;1797.25,1511.75;1786.63,1487.5;1790.38,1480.13;1801.88,1477.63;1814,1466;1852,1458.25;1885.63,1482.88;1908.75,1461.13;1928.5,1456.63;1951.63,1453.63;1958.5,1434.88;1980.88,1395.88;1954,1381.5;1939.5,1367.88;1926.13,1361.13;1921.38,1359.13;1906.13,1383.38;1879.63,1401.13;1841.25,1393.63;1813.75,1397.5;1777.63,1423.13;1751.25,1410.88;1730.88,1383.88;1675.38,1358.38;1628.5,1315.88;1588.13,1313.5;1557.63,1304.38;1559.38,1354.88;1535.88,1384.75;1491.13,1415.13;1456.5,1451.13;1468.25,1459.5;1465.38,1476.75;1467.88,1494.5;1455.38,1517.63;1464.5,1555.25;1463.88,1624.63;1447,1669.63;1422.63,1695.25;1383.88,1717.75;1345.75,1745.88;1303.88,1728.38;1283.13,1737.38;1256.88,1734.88;1236.25,1716.75;1218.13,1682.38;1196.88,1633;1164.25,1614.88;1146.13,1629.25;1127.38,1643;1103,1649.25;1077.88,1673.13;1064.13,1683.13;1054.13,1680;1047.25,1674.38;1034.75,1650.63;1013.5,1631.25;998.5,1620.63;992.88,1612.5;1002.88,1577.5;992.88,1568.75;992.25,1541.25;977.88,1531.88;959.75,1539.38;939.13,1531.88;934.75,1504.38;936,1484.38;923.5,1445.5;922.88,1406.13;905.38,1362.38;890.38,1359.25;875.38,1374.25;809.63,1373;792.75,1346.75;787.75,1284.25;774,1269.88;759.25,1247.63;755.25,1209.25;723.38,1198;715.25,1239.25;695.88,1260.5;694,1278.63;671.5,1301.88;655.13,1335.63;638.25,1336.88;624.5,1321.88;608.88,1321.88;594.5,1352.5;582,1367.5;555.13,1378.75;538.88,1378.75
1792	210050000	2	16	71664	0.1,800.1;155,784.13;179,819.38;182.25,874.88;212.13,898.75;300.38,902.13;308.13,918.88;335.63,936.63;361.5,990.25;394.5,999;419.88,977.13;427.25,951.63;444.5,942.75;456.38,961.63;471.5,967.5;482.88,984.75;497.25,979.13;513.25,957.75;532.75,960.13;541.63,978.38;536.5,1013.13;593,1055.75;598.88,1066.75;540.88,1162.5;539.25,1197.13;512.63,1280.75;535.13,1382.5;562,1433.38;621.75,1451.25;622.88,1445.5;634.13,1442.63;647.75,1413;637.88,1391.38;652.88,1376;686.38,1360.13;716,1308.38;743.13,1310.13;760.13,1340.88;761.25,1376.75;775.25,1426.25;779,1448.88;803.63,1441;825.5,1443;849.38,1417.63;870,1427.38;888.25,1492.13;888.38,1521.25;897.75,1528.75;902.75,1540.38;891.63,1548.63;894,1596.75;921.13,1599;938.75,1595.75;954.63,1602.63;962,1619.5;975,1637.38;979.75,1664.25;976.5,1688.88;991.13,1705.38;1008.25,1730.25;1008.38,1748.5;1014.75,1764.63;1023.13,1771.25;1033.63,1758.75;1044.63,1758.63;1060.25,1738.13;1107.25,1722.63;1119.13,1698.63;1140,1688.25;1153.38,1692.63;1159,1717.25;1159.63,1738;1169.88,1740.38;1187.88,1744.88;1198.75,1766.13;1210.5,1778.88;1217.75,1782.38;1224.13,1784.25;1227.63,1790;1236.75,1794.88;1246.38,1803.13;1261.25,1818;1271.75,1834;1287.38,1843.88;1311.13,1838.5;1328.38,1825.63;1372.75,1812.5;1400,1818;1432.63,1805.38;1458.25,1770.13;1473.38,1737.75;1473.75,1704.25;1494.25,1700.88;1545.25,1707.88;1581.5,1731.25;1646,1812.5;1689,1810.13;1747.38,1795.25;1759.75,1777.75;1773.88,1771.88;1797.13,1770;1809.5,1755;1866,1735.38;1903.63,1711.75;1949,1694;2009.5,1662.63;2026.38,1609.88;2034.38,1563.88;2020.75,1543.88;1968.5,1534.88;1934.13,1502.38;1947.75,1465.75;1959.13,1433.75;1981,1397;1954.13,1381.88;1937.5,1366.63;1921.75,1359.38;1905.38,1384.38;1880.13,1400.88;1841.38,1393.75;1814,1396.88;1777.13,1423;1750.5,1410.63;1730.75,1383.5;1675.38,1357.88;1628.5,1315.13;1589.25,1314.13;1558.25,1304.25;1558,1277.75;1557.25,1257.63;1557.25,1235.25;1565.38,1189.88;1575.38,1128.88;1529.25,1081.25;1476.75,962.5;1411.5,936.13;1386.63,916;1363.13,896.13;1295.38,862.63;1224,860.75;1154.25,883.38;1110.25,843.5;1032.63,835;940.25,821.63;868,812.5;815.75,808.88;779.38,789.88;744.88,777.88;688.13,708.63;609.88,733.5;556.5,756.38;474,736.75;398.13,723.88;260.75,757.13
1793	210050000	2	14	71661	0.1,500.1;1992.75,748.63;1987.5,864.5;2062.63,944.25;2071.13,1042.63;2054.5,1085.38;2062,1162.25;2040.75,1171.38;2031.25,1232.13;2046.38,1262.63;2080.63,1284.38;2116.75,1348.13;2126.25,1380.38;2107.25,1420.38;2075.88,1429.88;2039.75,1413.63;1998.88,1409.88;1978,1393.75;1951.88,1451.25;1932.13,1504.38;1969.38,1537.38;2021.75,1547.38;2032,1565.5;2023.38,1610.63;2007.75,1659.5;2042.88,1680.5;2099.88,1678.63;2130.25,1654.75;2163.63,1650;2192.13,1656.75;2226.25,1618.75;2265.25,1595;2302.25,1580.75;2327,1543.63;2366,1531.25;2406.88,1543.63;2436.25,1537.88;2464.75,1477.13;2488.5,1459.13;2506.63,1455.25;2517,1443.88;2502.75,1417.25;2502.75,1390.63;2508.5,1366.88;2524.63,1347;2557,1332.75;2560.75,1308;2554.13,1293.75;2575,1265.25;2591.13,1255.75;2607.25,1245.25;2611.13,1207.25;2615.88,1191.13;2645.38,1142.63;2614,1119.88;2535.13,1107.5;2521.75,1068.5;2570.25,1026.75;2574,977.38;2538.88,950.75;2515.13,951.63;2478.13,927.88;2461,895.63;2356.5,871.88;2309,832.88;2243.38,800.63;2194,751.13;2144.63,733.13;2092.25,713.13;2018.13,739.75
1794	210050000	2	16	71667	0,800;2181.12,1654.38;2191.62,1675.26;2196.37,1712.51;2191.62,1745.88;2182.12,1783.01;2146.87,1817.38;2149.75,1846.88;2168.75,1898.38;2166.87,1930.76;2175.5,1947.01;2178.25,1961.26;2205,1970.88;2221.25,1996.63;2249.75,2000.38;2265.12,2020.38;2285.87,2017.13;2297.75,2000.38;2301.62,1984.38;2317.5,1980.38;2332.75,1996.63;2339.37,2013.76;2308.87,2046.13;2296.5,2083.38;2333.75,2109.13;2372.75,2147.26;2379.5,2220.63;2395.62,2260.63;2431,2270.26;2473.87,2296.88;2505.37,2332.13;2550.12,2336.01;2582.37,2336.88;2667.62,2320.13;2723.12,2313.76;2777.75,2303.38;2827.12,2287.38;2869.87,2283.88;3069.12,2245.51;3068.75,1407.01;2972.75,1390.76;2896.37,1419.13;2852.37,1503.88;2801.87,1552.26;2749.37,1548.51;2677,1520.88;2624.5,1471.26;2583.5,1460.76;2542.5,1464.63;2514.87,1444.63;2504.37,1452.26;2485.25,1453.13;2463.37,1473.13;2435.75,1534.13;2404.25,1540.88;2363.25,1528.51;2325.12,1539.88;2301.25,1578.01;2262.25,1592.38;2222.12,1619.01
1795	210050000	2	14	71662	0.1,800.1;1117.63,917.25;1136.13,901;1155.25,881.13;1224.5,858.38;1298.25,861.38;1365.38,896;1412.5,934.63;1478.88,961.25;1512,1032.38;1529.5,1080.5;1575.25,1128;1566.25,1190.88;1560.13,1235.25;1561,1305.5;1560.88,1356.63;1538.13,1386.13;1492.75,1417.13;1457.88,1455.75;1360.5,1501.5;1300.38,1500.63;1246.5,1500.63;1192.75,1471;1150.63,1407.25;1137.13,1364.25;1124.5,1298.75;1108.38,1285.63;1083.13,1276.88;1054.38,1256.63;1024.88,1259.25;980.63,1278.88;951.25,1273.38;929.38,1240.13;920.5,1194.38;922,1167;932.75,1139.25;947.63,1128.63;963.88,1122.5;985.63,1120.63;1009.25,1122;1028.75,1109.75;1051.75,1101.63;1081.63,1079.88;1102.25,1052.5;1108.13,1020.38;1103.25,983.25;1106,962.25;1108,937.25
1796	210050000	2	16	71669	0,800;0.75,1465.75;-2.13,2385.88;34.38,2339.88;83.63,2301;152.25,2277.75;196.25,2257;253.63,2215.13;316.25,2182.88;398.38,2164.88;458,2155;493.38,2153.25;532,2145.38;582,2137.75;629,2127.63;667.25,2124.38;685.25,2106.5;686.38,2077.13;674,2056.25;653.25,1997.5;649,1975.75;626,1965.63;595.38,1959.75;570.75,1946.25;553.38,1925.88;516.25,1868.75;476.5,1820.38;478.63,1770.63;505.38,1735;562.75,1703.25;567.75,1648.63;592.63,1621.5;623.25,1596.25;638,1567.38;624.63,1549.13;634.75,1504.25;620.13,1470.25;620.88,1449.38;562.75,1431.5;532.5,1385.13;512.75,1430.88;496.88,1464.13;440.63,1529.63;414.63,1529.5;358.13,1521.75;271.38,1529.63;158.88,1493.75;101.63,1475.88;54.38,1465.5
1797	210050000	2	16	71663	0,800;0.04,773.99;0.52,1465.87;71.47,1469.19;126.3,1490.99;192.39,1506.65;269.2,1534.07;358.54,1528.35;443.08,1534.16;502,1466.93;537.01,1381.93;515.13,1279.9;541.54,1197.08;542.33,1162.32;591.02,1091.35;601.08,1065.47;593.77,1053.9;579.04,1041.25;537.36,1012.89;542.66,978.09;533.17,959.23;512.92,956.71;496.34,977.81;483.76,983.42;472.68,965.88;456.89,960.79;444.9,940.26;426.07,950.43;418.48,975.24;394.23,997.15;363.29,989.41;351.68,966.2;337.76,934.49;309.14,917.47;301.4,900.45;213.22,896.58;184.59,874.15;181.5,819.23;158.21,783.76;132.72,789.1
1798	210050000	2	16	71668	0.1,800.1;3072.5,686.13;3070.75,1409.25;2975.13,1399;2894.88,1423;2862.38,1508.38;2807.75,1556.13;2744.63,1559.5;2669.5,1525.38;2626.75,1474.13;2575.63,1469;2539.75,1475.88;2508,1455.88;2485.13,1461.25;2467.13,1475.75;2452.25,1504.88;2437.63,1540;2407.25,1546.5;2357,1530.5;2324.63,1547.63;2304.88,1582.13;2266.75,1598.25;2228.75,1623.5;2194.25,1656.25;2162,1649.88;2130.63,1658;2113.38,1668.25;2099.88,1679.25;2040.88,1684.13;2005.25,1660.5;2022,1610;2026.88,1590.25;2030.5,1565.5;2019.88,1546.25;1968,1538.5;1929,1505.25;1946.75,1456.75;1966,1419.5;1976.25,1402.5;1979.63,1394.13;1959.13,1383.63;1940.38,1364.88;1918.25,1356.38;1911.38,1380.25;1880.77,1403.28;1855,1399;1841.22,1395.25;1819.13,1397.38;1793.94,1412.47;1777.42,1425.39;1747.5,1409.25;1729.14,1385.15;1676.26,1360.35;1658.63,1341;1629.63,1317.13;1593.75,1315.38;1561.38,1305.13;1552.75,1250.5;1561.38,1194.13;1566.5,1139.5;1522.13,1079.75;1494.75,1011.5;1474.25,965.38;1515.25,907.25;1590.38,835.63;1735.5,808.25;1803.75,746.75;1863.5,656.25;1919.88,714.38;1997.88,742.75;2093,711.5;2193.88,748.38;2241.38,801.13;2310.25,829.38;2354.13,872.63;2463.63,897.25;2478.25,888.5;2498.63,870.5;2565.38,845.88;2621.63,813.38;2688.38,733.5;2749.13,711.63;2836.63,754.63;2993.88,709.25
1799	210050000	3	1	67797	0.1,610.1;1242.34,272.88;1242.34,284.35;1259.26,284.64;1259.55,273.74
1800	210050000	3	1	67495	0.1,596.1;1289.04,308.35;1271.26,321.55;1281.01,335.03;1299.08,322.12
1801	210050000	3	2	67717	0.1,1000.1;1458.41,205.43;1393.93,129.42;1226.58,71.92;1176.15,118.74;1131.84,205.2;1170.75,334.88;1260.07,440.48;1297.95,461.78;1357.6,486.27;1359.76,480.14;1393.62,459.25;1418.84,455.65;1439.01,461.41;1451.62,462.49;1480.8,442.32;1486.56,437.28;1492.33,397.29;1521.51,361.57;1524.4,316.54;1517.74,281.27;1508.27,263.9;1498.91,251.81;1489.14,223.96
1802	210050000	3	2	67766	0.1,1000.1;644.55,1551.83;582,1651.37;535.36,1727.15;469.58,1770.45;488.73,1836.24;539.53,1902.86;586.99,1951.16;649.45,1956.15;742.72,1958.65;806.84,2126.87;535.36,2285.09;331.34,2369.2;-38.7,2358.53;-52.03,2031.26;-48.7,1556.6;62.89,1487.48;167.82,1487.48;231.22,1534.16;346.13,1554.15;467.72,1543.32;495.2,1510.01;523.51,1461.71;557.65,1437.56;609.28,1457.55;640.09,1485.03;641.76,1547.48
1803	210050000	3	1	67727	0.1,1000.1;2412.58,452.43;2408.04,413.05;2398.95,401.31;2359.95,402.07;2335.71,408.13;2328.14,424.41;2325.86,451.29;2309.58,461.9;2286.1,456.6;2245.21,435.39;2205.07,434.25;2095.68,564.15;2140.74,623.98;2166.11,669.42;2248.66,672.83;2295.62,701.99;2412.25,454.72;2411.87,456.61;2414.9,453.58
1804	210050000	3	1	67566	0.1,448.1;1303.02,852.09;1293.93,695.23;1027.94,722.51;926.78,845.27;1000.86,942.93;1032.9,980.6;1064.77,1024.89;1094.03,1076.15;1090.46,1106.14;1108.73,1121.41;1132.41,1105.54;1148.93,1086.92;1143.11,1066.19;1153.19,1044.28;1138.59,1015.76;1133.02,990.71;1156.67,982.02;1193.89,977.5;1216.85,962.54;1236.32,939.93
1805	210050000	3	1	67795	0.1,650.1;1301.68,209.01;1280.57,181.63;1273.16,186.76;1270.31,183.34;1268.6,184.77;1258.33,171.65;1260.61,167.94;1260.32,163.09;1259.47,157.96;1257.47,154.82;1252.91,152.25;1249.77,152.25;1245.21,151.68;1240.93,152.25;1238.08,154.53;1234.94,161.66;1234.94,167.37;1236.65,171.93;1242.64,175.93;1247.78,177.07;1252.34,176.5;1262.89,189.33;1260.61,191.9;1262.89,193.61;1256.05,200.17;1278.86,227.55;1287.71,221.84;1294.26,227.55;1298.54,223.84;1293.69,217
1806	210050000	3	1	67740	0.1,1000.1;1917.51,2258.94;1869.97,2356.73;1768.1,2368.95;1643.82,2334.32;1586.09,2279.31;1565.72,2188.99;1621.41,2098.66;1668.94,2049.76;1697.47,2036.86;1712.41,2024.64;1737.54,2022.6;1763.34,2021.92;1779.64,2035.5;1798.66,2040.94;1816.32,2041.61;1836.01,2059.27;1852.31,2083.72;1859.78,2100.02;1875.4,2136.69;1884.91,2158.42;1891.7,2189.66;1903.24,2224.98;1914.11,2246.03
1807	210050000	3	4	67655	0.1,1000.1;-47.33,-257.03;-57.42,525.69;-52.72,802.19;209.68,880.56;240.02,884.35;252.92,869.94;294.64,874.49;305.25,894.97;312.08,920.76;330.29,945.03;363.66,997.36;396.27,1009.5;431.92,969.3;427.82,1020.4;490.1,1043.38;483.11,1082.02;509.09,1147.63;532.4,1172.61;533.15,1181.25;531.93,1219.57;541.67,1265.2;577.56,1290.14;607.98,1326.03;631.09,1332.12;693.75,1287.71;694.97,1260.94;697.4,1215.32;714.44,1167.26;752.67,1170.19;806.51,1156.92;809.3,1124.21;842.96,1108.61;885.39,1131.67;894.24,1133.01;911.28,1131.79;946.41,1107.78;1026.61,1094.06;1046.58,1090.54;1089.28,1037.17;1177.71,918.38;1237.65,879.79;1323.86,886.35;1406.69,923.96;1474.02,951.06;1488.8,1055.33;1487.98,1158.79;1515.9,1168.64;1542.99,1217.08;1563.58,1264.43;1582.46,1305.48;1617.77,1303.84;1662.93,1348.17;1688.38,1378.55;1738.47,1389.23;1762.55,1411.39;1842.99,1376.91;1844.38,1385.12;1872.3,1396.62;1905.96,1385.94;1922.38,1363.77;1983.1,1396.74;1961.92,1461.3;1988.15,1518.79;2016.39,1526.86;2044.64,1513.75;2068.85,1519.8;2067.84,1549.06;2065.82,1593.44;2049.68,1627.74;2075.91,1638.84;2107.18,1640.85;2165.69,1614.63;2231.26,1579.32;2226.21,1516.78;2262.66,1530.85;2299.16,1538.91;2330.92,1507.14;2375.57,1465.93;2427.95,1543.2;2465.72,1561.23;2488.91,1523.45;2558.45,1513.15;2637.44,1514.87;2713,1562.09;2804.87,1568.1;3105.78,1610.05;3143.56,1048.53;3139.27,822.71;3142.19,-290.09;66,-250.06
1808	210050000	3	1	67798	570,600;1325.63,352.97;1316.68,379.62;1329.99,384;1337.79,355.77
1809	210050000	3	1	67799	570,600;1413.7,284.76;1414.11,295.97;1446.55,299.52;1446.44,281.29
1810	210050000	3	3	67770	0.1,1000.1;160.29,229.52;150.15,236.57;104.76,237.46;76.56,234.81;17.14,247.73;8.32,401.97;10.09,560.61;4.86,691.12;9.71,757.22;129.09,773.43;243.95,750.8;301.09,718.55;305.05,632.55;308.45,563.52;326.55,552.77;361.63,522.78;406.9,500.71;453.29,435.65;445.94,269.86;392.19,145.39;286.95,135.2;205.47,187.82;203.21,187.82;190.76,203.66
1811	210050000	3	2	67722	0.1,1000.1;3109.65,-13.04;3091.61,771.72;2713.83,703.03;2659.74,596.56;2569.59,547.62;2571.3,456.61;2596.2,403.38;2659.74,232.52;2682.06,143.22;2755.9,-53.4
1812	210050000	3	1	67797	0.1,610.1;1354.21,181.37;1352.2,198.29;1363.1,199.73;1365.4,183.38
1813	210050000	3	1	67760	0.1,1000.1;794.37,1814.85;757.35,1846.84;767.4,1871.98;769.69,1876.54;765.58,1886.14;743.18,1895.74;781.11,1977.54;817.67,2007.24;839.61,2042.43;938.32,2080.82;984.01,2047.91;984.47,1992.62;971.68,1930.93;944.26,1905.79;936.49,1895.74;918.67,1850.5;906.33,1822.16;890.79,1830.39;874.34,1796.12;817.67,1799.31
1814	210050000	3	1	67801	0.1,596.1;1277.62,291.24;1259.26,302.14;1267.58,317.05;1286.8,305.29
1815	210050000	3	1	67800	0.1,596.1;1396.38,225.55;1378.88,239.32;1389.78,252.8;1406.42,239.03
1816	210050000	3	1	67523	0.1,1000.1;108.92,2017.73;111.23,1928.88;-5.72,1910.98;-23.28,2289.1;117.2,2320.71;232.51,2282.08;275.24,2152.72;254.75,2074.28;216.7,2015.75;195.18,2018.59
1817	210050000	3	4	67776	0.1,1000.1;28.05,869.96;-28.44,1204.27;-27.06,1473.73;174.7,1472.35;248.63,1531.77;473.87,1529.7;513.95,1466.13;541.73,1415.68;542.72,1281.25;533.74,1233.6;536.47,1181.64;523.97,1165.24;513.82,1154.69;498.97,1128.91;482.18,1082.03;505.61,1044.93;500.93,1007.03;454,975.01;434.76,972.18;399.68,1010.66;362.34,997.64;325.99,940.12;306.75,921.45;299.96,893.72;289.77,877.88;253.56,875.62;236.02,893.72;132.66,873.04;130.96,872.47;89.66,867.38
1818	210050000	3	16	67392	0.1,1000.1;-92.11,-717.37;-94.98,3284.85;3200.7,3325.37;3212.34,-468.77
1819	210050000	3	2	67735	0.1,1000.1;3011.6,2386.5;3049.7,1614.93;2820.14,1577.78;2734.41,1569.21;2700.12,1562.54;2651.54,1530.16;2619.15,1513.96;2555.33,1521.58;2506.75,1531.11;2477.22,1565.4;2432.45,1572.07;2387.68,1532.06;2341,1587.31;2267.74,1655.65;2236.3,1720.43;2238.21,1792.82;2199.15,1803.3;2176.29,1829.02;2166.77,1857.59;2182.01,1886.17;2202.97,1920.46;2212.49,1949.99;2223.92,1975.71;2247.73,1988.09;2268.69,2004.29;2257.26,2038.58;2228.68,2048.1;2190.58,2071.92;2172.48,2157.65;2189.63,2232.9;2279.17,2341.49;2435.39,2591.06
1820	210050000	3	1	67755	0.1,1000.1;1042.51,1443.71;1022.01,1452.18;996.16,1468.22;941.8,1518.58;959.18,1579.19;1009.09,1625.53;1034.93,1638.01;1064.35,1651.83;1103.12,1656.28;1132.08,1647.37;1146.79,1612.61;1146.34,1565.82;1128.96,1540.41;1137.43,1517.24;1142.33,1497.63;1138.32,1480.25;1115.15,1448.61;1095.99,1444.16;1072.37,1445.05
1821	210050000	3	4	67707	0.1,1000.1;2252.84,2676.7;2189.9,2253.01;2166.24,2159.23;2179.98,2106.95;2186.03,2073.19;2224.75,2044.36;2253.14,2037.48;2265.18,2006.51;2248.58,1990.88;2225.78,1984.43;2212.44,1958.19;2198.24,1917.75;2176.73,1891.94;2162.11,1853.22;2179.74,1820.95;2204.27,1796;2236.96,1790.41;2232.66,1737.06;2213.5,1640.67;2115.56,1660.85;2054.12,1647.79;2045.67,1627.82;2057.19,1556.39;1983.42,1530.22;1961.05,1465.69;1974.82,1402.02;1926.21,1375.78;1904.07,1396.24;1875.68,1402.26;1850.74,1390.25;1839.11,1382.04;1759.96,1414.74;1744.47,1398.82;1729.47,1390.26;1688.77,1382.34;1619.17,1310.52;1582.43,1313.64;1573.19,1303.2;1512.83,1170.87;1486.93,1161.68;1486.93,1077.72;1462.85,960.84;1427.02,939.76;1238.8,890.19;1192.01,919.85;1096.78,1052.67;1024.32,1096.95;946.88,1109.54;912.35,1133.37;894.74,1136.2;882.99,1131.41;869.66,1123.75;843.11,1111.81;811.79,1127.68;810.53,1154.83;806.5,1163.29;752.16,1175.71;717.53,1172.06;702.5,1224.27;697.48,1278.99;693.61,1288.21;657.73,1335.28;624.32,1340.02;544.11,1420.98;610.12,1445.28;645.3,1481.38;655.97,1550.78;547.03,1715.31;494.52,1819.14;546.87,1892.7;627.24,1938.74;750.11,1947.44;757.05,1962.07;827.06,2126.88;1006.45,2538.18;1375.45,2730.69
1822	210050000	3	1	67730	0.1,1000.1;2885.3,1396.44;2874.03,1536.8;2801.8,1553.7;2728.55,1553.19;2692.7,1538.33;2655.82,1514.26;2644.55,1482.5;2626.11,1449.71;2614.84,1425.13;2664.52,1395.42;2675.79,1380.05;2676.31,1360.58;2710.63,1328.31;2757.24,1326.78;2827.93,1358.53;2861.74,1380.56
1823	210050000	4	0	72863	312.14,515.2;2643.87,369.92;2668.2,248.9;2750.74,95.82;2826.08,53.34;2924.66,62.96;2998.4,118.26;3016.03,266.53;3021.64,388.35;3032.86,546.24;3004.81,644.02;2891.8,688.1;2797.23,688.1;2698.65,625.59;2657.77,494.14;2658.57,414
1824	210050000	4	0	72864	55,240;2237.98,2387.35;2195.02,2348.36;2145.81,2355.87;2112.37,2366.85;2077.33,2362.89;2071.3,2327.78;2116.18,2290.62;2143.2,2274.23;2194.11,2294.08;2226.89,2278.6;2198.75,2227.26;2161.63,2138.2;2191.52,2081.75;2211.41,2055.64;2249.87,2046.68;2272.16,2017.19;2291.23,2008.41;2307.32,1991.13;2328.4,2011.82;2325.12,2021.08;2309.25,2034.28;2290.51,2068.42;2295.12,2094.78;2313.19,2109.35;2305.79,2128.03;2278.89,2117.22;2257.86,2125.32;2252.62,2147.5;2239.39,2156.58;2252.95,2173.44;2254.68,2192.91;2262.31,2205.95;2293.57,2207.29;2299.8,2227.7;2318.68,2241.76;2332.36,2252.66;2319.3,2272.24;2313.73,2289.46;2297.95,2302.87;2285.96,2329.29;2286.65,2370.46
1825	210050000	4	0	72865	200,375;697.57,1027.57;749.01,1015.75;762.25,1006.58;765.9,993.38;772.93,972.44;796.74,940.72;822.13,932.48;852.32,917.8;864.72,941.5;874.53,951.24;964.13,956.45;987.05,953.21;1028.86,984.68;1053.96,1010.97;1052.33,1037.23;1070.98,1047.87;1074.19,1075.14;1049.82,1074;1028.64,1093.48;1000.98,1111.05;986.62,1098.83;971.59,1096.45;937.8,1106.64;909.47,1133.81;890.99,1137.8;882.19,1125.73;856.58,1111.91;832.19,1110.63;808.19,1123.66;798.04,1164.91;785.59,1174.77;767.64,1175.54;738.13,1155.4;745.95,1135.62;756.7,1117.72;749.37,1098.2;724.57,1072.58;694.36,1049.71
1826	210050000	5	0	72866	193.71,373.71;792.41,1428.54;790.28,1428.55;788.14,1427.87;787.31,1424.6;788.12,1421.34;790.73,1420.72;792.86,1420.72;794.94,1421.33;795.49,1424.6;794.96,1427.82
1827	210050000	5	0	72867	382.43,427.43;1195.46,949.29;1193.33,949.31;1191.59,948.1;1190.93,946.02;1191.57,943.94;1193.33,942.71;1195.46,942.71;1197.23,943.91;1197.93,946.02;1197.28,948.03
1828	210050000	5	0	72868	333.14,513.14;2603.55,663.67;2601.68,662.65;2600.14,661.02;2601,657.76;2603.29,655.3;2605.88,656.02;2607.74,657.05;2609.26,658.6;2608.16,661.73;2606.14,664.28
1829	210050000	5	0	72869	180.31,360.31;1011.64,1696.69;1009.52,1696.71;1007.37,1696.02;1006.54,1692.76;1007.36,1689.49;1009.97,1688.87;1012.1,1688.87;1014.18,1689.48;1014.73,1692.76;1014.2,1695.97
1830	210050000	5	0	72870	189.18,369.18;2691.17,1586.6;2689.14,1586.62;2686.54,1585.71;2685.87,1582.69;2686.55,1579.43;2689.09,1578.52;2691.91,1578.52;2693.61,1579.35;2694.38,1582.03;2693.78,1585.63
1831	210050000	5	0	72871	183.6,363.6;1105.21,1696.99;1103.09,1697;1100.94,1696.32;1100.11,1693.05;1100.92,1689.79;1103.54,1689.17;1105.66,1689.17;1107.75,1689.78;1108.3,1693.05;1107.77,1696.27
1832	210050000	5	0	72872	206.95,386.95;2211.85,1905.39;2209.83,1905.44;2207.42,1904.48;2206.77,1901.21;2207.46,1897.9;2209.8,1897.02;2212.4,1897.06;2214.35,1897.92;2215.16,1901.52;2214.33,1904.43
1833	210060000	2	1	71689	0.1,400.1;361.34,581.88;378.49,511.77;407.46,496.11;421.07,476.07;408.1,427.49;404.58,407.83;436.6,384.19;468.55,388.58;500.38,423.93;531.48,466.89;565.93,471.03;598.06,464.37;627.81,437.09;654.87,450.78;640,533.27;600.55,591.75;562.54,672.28;528.17,678.85;461.16,669.96;430.06,656.56;398.91,625.06
1834	210060000	2	1	71693	0.2,400.2;2092.13,6;2067.91,216.69;2084.3,342.63;2019.35,392.2;1998.2,414.55;1997.19,449.83;1964.5,471.18;1941.06,513.07;1967.62,645.7;1711.19,656.63;1650.44,613.49;1533.92,601.26;1440.64,512.03;1344.32,463.25;1283.23,389.27;1273.48,260.83;1281.01,202.57;1289.62,94.33;1288.8,8.62;1441.38,5.89
1835	210060000	2	4	71695	0.1,400.1;4.96,1387.82;116.25,1377.84;128.83,1322.87;167.15,1285.61;174.62,1245.37;246.17,1236.5;280.21,1200.32;248.17,1151.27;253.01,1107.63;337.96,1068.45;368.78,1017.06;367.39,1005.2;449.5,964.17;556.49,1056.35;646.25,1065.36;764.18,1057.87;890.18,1140.29;931.77,1125.87;955.22,1109;984.09,1093.26;1025.62,1104.63;1064.4,1111.68;1076.51,1100.33;1109.76,1127.74;1138.82,1130.68;1157.22,1152.05;1163.73,1173.22;1175.75,1216.93;1152.56,1231.31;1167.65,1251.61;1189.93,1265.9;1242.09,1289.73;1226.7,1369.31;1203.97,1426.35;1222.62,1539.6;1174.56,1897.95;1085.29,1966.18;986.08,1843.42;958.54,1846.39;869.63,1847.91;735.82,1895.19;650.9,1872.92;511.09,1882.36;436.35,1850.16;344.79,1878.24;236.61,1801.99;2.46,1804.31
1836	210060000	2	1	71681	0.1,400.1;1815.49,1809.86;1907.21,1864.15;1985.22,1882.9;2134.11,1856.97;2180.11,1862.69;2250.33,1921.61;2291.23,2026.19;2332.47,2068.59;2366.45,2073.6;2361.66,2196.32;2331.53,2265.96;2275.68,2305.41;2256.85,2457.76;2147.71,2500.48;2128.88,2520.29;2126.54,2538.96;2070.59,2564.42;2044.54,2537.77;1952.17,2464.55;1891.5,2477.12;1836.73,2554.39;1799.43,2639.2;1616.02,2544.02;1636.42,2356.36;1726.28,2158.04;1698.27,2140.52;1628.1,2029.67;1608.74,1874.07;1662.05,1779.56;1763.99,1780.09
1837	210060000	2	2	71692	1,401;2062.2,1420.95;1951.23,1351.53;1864.24,1470.8;1764.02,1592;1779.69,1816.22;1903.46,1870.72;1987.18,1889.61;2086.95,1876.58;2134.71,1862.33;2250.32,1901.36;2316.96,1862.43;2327.93,1656.37;2308.93,1532.73;2260.12,1454.92;2179.41,1450.05
1838	210060000	2	1	71688	0.3,400.3;408.69,908;389.05,846.63;443.31,813.81;560.03,873.1;633.24,843.98;741.48,881.97;798.4,860.86;858.4,928.31;886.16,1003.64;765.54,1061.43;646.79,1070.01;557.2,1058.96;441.44,963.14
1839	210060000	2	1	71687	0.3,400.3;723.47,794.46;735.48,764.31;689.22,663.41;720.18,618.97;815.8,545.03;1114.53,506.32;1130.52,624.84;1140.61,682.96;1178.42,753.48;1289.36,770.96;1323.67,811.28;1341.39,908.5;1145.3,911.76;1123.9,947.52;1102.32,949.84;1086.02,928.94;996.21,937.52;944.52,904.89;951.9,868.54;840.42,806.54;759.26,818.62
1840	210060000	2	3	71686	0.4,400.4;118.89,1379.84;6.88,1390.42;11.59,9.28;1292.9,8.83;1293.29,98.14;1277.93,261.95;1294.41,414.51;1220.68,478.91;1142.09,461.98;1145.48,383.19;1157.34,286.21;1066,221.79;928.54,341.87;870.59,380.64;772.59,396.29;727.71,413.44;692.68,389.61;662.74,348.82;537.9,343.96;477.48,182.2;433.48,191.32;375.58,300.43;336.32,339.23;254.95,290.42;157.15,281.76;142.88,348.18;141.51,410.43;205.09,456.26;215.76,555.47;126.79,643.27;196.41,751.63;187.33,805.05;200.49,874.83;240.61,897.18;267.39,887.37;335.61,932.56;369.17,1000.24;371.02,1017.67;340.53,1070.53;254.55,1109.19;250.26,1150.26;283.02,1200.46;246.82,1238.64;176.49,1247.41;168.73,1287.64;131.23,1324.93
1841	210060000	2	4	71683	0.1,400.1;2950.08,1232.57;3053.04,1261.21;3062.82,2079.51;2426.16,2074.46;2364.35,2074.98;2331.13,2071.33;2286.85,2027.8;2246.46,1921.82;2293.62,1868.18;2317.08,1790.42;2321.37,1655.19;2308,1601.68;2302.75,1534.47;2255.53,1460.51;2176.01,1458.19;2135.96,1399.15;2118.69,1337.44;2145.96,1300.54;2149.75,1249.03;2208.67,1277.77;2263.41,1271.99;2306.11,1327.06
1842	210060000	2	6	71685	0.3,400.3;3066.8,5.62;3064.46,380.76;2964.09,360.58;2876.25,371.96;2863.34,403.51;2834.44,447.07;2808.14,472.35;2776.55,482.58;2602.27,572.89;2392.47,589.35;2306.14,652.36;2309.05,744.92;2294.53,781.9;2284.05,801.28;2179.74,777.6;2124.44,738.44;2067.53,694.99;2036.97,658.46;1962.57,644.93;1937.45,513.31;1962.12,469.34;1994.44,448.13;1995.51,412.79;2016.72,389.52;2080.47,341.11;2063.27,216.82;2085.82,11.51;2206.49,9.05;2336.72,11.44
1843	210060000	2	2	71690	0.2,400.2;365.67,1007.99;333.34,935.15;267.88,890.31;240.08,899.28;198.33,875.62;184.51,805.35;192.42,751.92;122.78,642.52;212.09,553.85;203.18,458;137.24,411.72;140.37,345.35;155,279.65;256.4,288.53;335.42,336.3;374.03,299.12;431.64,186.27;480.22,178.22;539.62,340.67;664.33,346.35;693.81,388.07;727.24,411.83;773.37,394.84;868.79,378.26;927.32,340.67;1065.22,216.95;1161.03,284.21;1155.18,338.11;1148.5,397.98;1147.3,468.94;1119.45,514.19;815.79,549.63;717.37,618.87;685.98,663.32;732.18,763.98;718.99,795.91;758.5,820.37;837.14,809.62;948.2,868.1;942.17,906.92;996.78,940.71;1085.21,930.69;1102.86,947.86;1123.4,945.41;1144.24,910.31;1249.5,907.98;1339,906.18;1334.73,1006.56;1320.09,1115.94;1320.96,1212.06;1242.98,1294.72;1188.02,1267.86;1166.24,1252.61;1149.14,1230.67;1173.76,1216.19;1167.95,1197.5;1162.66,1173.09;1156.08,1153.01;1138.25,1131.95;1109.45,1128.77;1076.39,1102.06;1065.07,1113.21;1025.32,1106.17;984.64,1094.47;956.21,1110.46;933.09,1126.83;890.33,1141.49;762.91,1059.76;882.62,1001.16;855.23,929.55;797.43,863.87;740.89,884.61;633.56,847.38;559.11,877.56;444.64,818.25;392.31,847.63;411.92,906.67;449.57,965.71
1844	210060000	2	3	71682	0.2,400.2;1834.85,2552.18;1792.61,2642.22;1753.09,2854.55;1755.14,3066.16;2472.16,3065.68;3074.29,3075.13;3067.08,2076.98;2425.79,2072.15;2366.13,2071.88;2358.51,2101.99;2359.38,2194.36;2330.01,2264.97;2273.27,2303.4;2255.36,2454.36;2146.21,2497.35;2125.56,2518.48;2124.14,2537.17;2071.53,2562.01;2044.04,2532.66;1953.4,2461.47;1889.81,2474.96
1845	210060000	2	5	71684	0.2,400.2;2874.74,370.24;2964.95,358.23;3063.28,376.87;3063.83,1268.43;2949.08,1238.6;2305.98,1330.67;2261.59,1275;2206.29,1280.51;2142.89,1249.62;2204.82,1217.64;2254.47,1157.58;2304.83,1082.16;2344.92,1060.56;2370.77,923.23;2277.51,802.22;2305.39,743.58;2302.58,648.56;2391.64,585.97;2601.86,569.77;2705.48,515.07;2776.58,481.14;2807.71,470.59;2832.7,446.03;2860.97,402.81
1846	210060000	2	2	71680	0.2,400.2;762.28,2592.53;963.19,2499.62;1200.41,2519.21;1238.36,2455.31;1341.19,2388.64;1470.03,2405.71;1535.3,2459.71;1618.85,2543.26;1802.02,2635.34;1758.82,2854.39;1760.59,3068.99;649.01,3069.67;645.29,2920.3;754.95,2715.31
1847	210060000	2	3	71694	0.1,400.1;1090.74,1965.59;1070.21,2026.92;1047.08,2068.62;1059.63,2125.01;1024.78,2219.7;938.27,2266.09;922.11,2312.61;1001.83,2506.68;964.66,2505.02;764.17,2593.9;759.41,2715.46;648.74,2921.66;653.94,3062.8;10.47,3064.59;1.08,1800.29;238.3,1797.97;346.09,1872.72;437.27,1846.33;510.23,1879.52;651.09,1869.88;736.57,1892.79;869.02,1845.09;987.28,1840.97
1848	210060000	2	3	71679	0.1,400.1;1481.65,1704.9;1620.56,1686;1666.98,1779.55;1611.71,1874.94;1632.24,2029.15;1700.89,2138.44;1731.24,2155.74;1641.2,2358.39;1619.52,2548.02;1531.21,2458.41;1470.3,2409.14;1342.58,2391.85;1239.49,2457.46;1198.62,2522.9;996.7,2505.17;918.61,2311.69;935.53,2262.77;1021.46,2216.41;1056.14,2124.43;1043.12,2067.98;1067.55,2025.63;1089.47,1954.23;1165.25,1898.41;1181.51,1796.91;1203.06,1657.98;1319.47,1669.43
1849	210060000	2	3	71691	1,401;1106.76,499.71;1136.89,684.77;1177.43,754.03;1288.43,772.17;1322.19,813.41;1336.72,911.63;1332.02,1007.26;1316.78,1113.95;1316.53,1210.91;1236.3,1294.12;1224.09,1368.29;1199.56,1426.82;1219.02,1539.5;1199.79,1662.4;1318.61,1672.87;1480.49,1708.62;1617.88,1690.37;1663.8,1783.28;1762.07,1784.63;1906.51,1867.51;1986.05,1885.82;2135.48,1859.45;2178.3,1864.55;2249.83,1923.11;2296.55,1867.29;2318.31,1793.3;2324.82,1656.38;2311.22,1597.46;2306.3,1534.15;2256.08,1456.57;2178.33,1453.27;2138.29,1397.67;2125.38,1337.44;2150.05,1301.32;2160.87,1251.42;2205.81,1220.15;2256.34,1159;2307.83,1084.78;2347.45,1064.27;2376.16,922.84;2287.11,797.4;2181.57,775.49;2070.32,690.15;2040.81,653.23;1964.25,640.34;1711.48,653.97;1650.72,611.36;1534.65,597.47;1442.45,509.85;1344.34,459.31;1300.23,397.57;1217.51,470.46;1138.56,456.44
1850	210060000	3	1	67430	0.1,80.1;2295.57,2232.1;2290.58,2228.08;2288.25,2231.45;2293.11,2235.6;2293.11,2241.62;2295.76,2246.09;2300.69,2248.1;2306.26,2246.87;2309.63,2242.47;2309.3,2236.89;2306.13,2232.42;2301.59,2230.61;2295.76,2232.04
1851	210060000	3	11	67717	0.1,1000.1;3112.8,-12.39;3105.86,353.68;2890.84,353.68;2829.96,442.31;2725.92,516.3;2706.65,562.54;2386.91,589.66;2373.04,593.52;2310.62,649.78;2305.49,660.3;2310.12,715.02;2290.08,765.89;2243.84,803.65;2169.08,789.78;2102.8,768.2;2090.47,740.45;2090.47,695.75;1928.14,590.94;1968.98,489.21;2050.68,399.04;2076.11,299.63;2076.11,208.69;2104.62,126.22;2167.05,48.38;2231.78,-49.49;3072.65,-25.94
1852	210060000	3	7	67840	0.1,1000.1;-53.44,1986.54;159.31,2009.95;294.75,2042.17;367.02,2047.79;549.59,2059.82;693.44,2036.07;740.84,2001.3;759.32,1983.47;765.84,1975.64;938.52,1978.9;947.09,1974.96;964,1965.93;1074.28,1971.67;1125.02,1911.56;1143.92,1877.41;1167.35,1713.15;1174.59,1685.91;1241.56,1256.29;1306.28,1251.96;1372.72,1154.87;1351.08,872.27;1302.41,710;1217.22,770.85;1148.26,712.71;1121.21,599.12;1190.17,515.29;1270.86,392.1;1262.75,263.65;1285.74,214.97;1276.27,164.94;1293.85,118.96;1292.5,10.79;1291.14,-54.12;1233.62,-105.3;1156.55,-97.19;1059.19,-62.03;-79.52,-36.01;-70.06,1939.53
1853	210060000	3	4	67549	0.1,1000.1;2151.53,2086.54;2198.97,2040.09;2224.4,1995.49;2150.81,1821.93;2080,1841.05;2066.98,1862.97;2056.29,1863.08;2042.18,1871.24;2027.38,1867.37;2009.89,1865.86;1996.1,1861.99;1985.67,1856.27;1982.98,1848.54;1980.96,1840.46;1978.28,1830.39;1974.41,1826.61;1966.96,1813.67;1944.71,1817.35;1931.01,1826.57;1887.12,1846.64;1861.9,1863.06;1838.84,1858.41;1832.42,1850.83;1825.84,1835.69;1663.67,1836.19;1638.07,1714.56;1598.84,1682.46;1398.12,1682.24;1275.16,1671.14;1168.76,1716.69;1152.25,1858.27;1145.06,1896.54;1070.22,1975.52;1053.77,2017.74;929.32,2373.35;983.11,2415.95;992.43,2435.7;1203.55,2519.15;1241.47,2460.63;1247.05,2445.65;1262.73,2429.62;1264.96,2425.86;1266,2419.59;1267.78,2405.93;1282.55,2401.81;1297.19,2401.99;1303.64,2393.28;1318.79,2386.31;1334.13,2388.92;1345.82,2389.67;1364.64,2386.36;1376.14,2377.99;1378.4,2372.94;1376.3,2362.94;1375.78,2362.42;1375.78,2357.19;1374.38,2345;1381.7,2336.46;1429.44,2341.69;1450.52,2351.97;1458.99,2400.97;1491.82,2457.71;1503.85,2478.09;1525.1,2498.31;1556.92,2505.26;1580.27,2499.16;1600.65,2501.77;1606.06,2512.23;1608.67,2522.33;1612.99,2528.44;1643.66,2546.21;1773.99,2623.82;1784.29,2623.15;1849.08,2521.84;1895.55,2481.93;1957.6,2456.26;2023.32,2505.67;2038.81,2519.97;2066.94,2537.51;2124.47,2522.93;2125.08,2516.24;2139.06,2510.57;2147.37,2499.02;2157.7,2495.37;2172.91,2491.22;2235.22,2389.99;2211.62,2330.65;2200.65,2309.74;2191.58,2286.05;2192.46,2273.16;2182.34,2199.44;2180.07,2184.63;2173.98,2159.37;2157.6,2121.73;2150.8,2100.65
1854	210060000	3	3	67847	0.1,70.1;420.03,917.63;334.48,972.57;287.37,931.63;252.61,909.62;229.06,899.2;213.52,877.73;209.66,858.42;195.37,849.92;188.03,817.87;187.26,786.59;190.35,771.53;186.1,754.93;172.58,747.97;163.32,738.71;158.3,720.17;157.14,703.18;148.26,690.82;144.39,675.37;147.48,663.79;145.17,645.64;144.39,631.35;151.35,617.45;161,608.57;175.29,595.05;187.26,584.63;203.09,572.65;216.22,564.54;228.58,546.78;242.09,540.6;255.61,525.54;265.81,494.38;255.77,471.59;226.42,445.72;203.63,438;186.26,426.02;174.28,413.67;165.02,401.31;157.29,382;153.05,358.45;152.66,332.96;155.75,301.68;164.63,290.48;185.48,287;205.95,282.76;255.38,287.39;284.73,297.82;300.56,320.22;311.37,326.78;327.21,332.19;361.96,333.34;378.95,315.58;386.68,291.64;396.49,260.43;418.51,228.76;433.95,218.33;459.44,188.6;473.34,173.15;487.63,181.65;495.35,204.82;502.69,233.01;508.1,251.55;515.43,274.33;523.54,287.46;532.42,316.04;540.92,345.77;542.85,360.83;559.19,372.73;571.17,373.11;592.79,366.93;611.71,360.37;625.23,360.37;633.34,363.07;661.53,373.5;677.75,375.43;693.19,387.02;705.94,403.23;720.61,415.21;761.55,428.1;789.74,417.29;844.96,401.45;889.76,392.96;930.36,363.67;963.57,351.31;997.94,308.45;1033.08,278.71;1134.64,300.53;1154.54,319.92;1155.57,352.49;1156.87,382.74;1156.87,400.83;1145.75,427.72;1129.72,456.15;1117.83,481.23;1067.49,488.67;1033.37,484.02;1001.83,477.82;965.38,484.54;937.46,492.29;901.18,540.15;877.91,541.44;855.68,541.7;834.74,532.13;818.72,527.48;800.36,537.56;793.64,551.26;773.84,583.45;736.87,602.58;720.85,604.91;700.68,613.96;685.69,639.55;677.67,665.14;676.64,694.09;684.14,714.26;693.19,733.13;711.28,745.02;726.27,757.94;728.08,768.54;721.36,776.56;720.33,799.31;731.44,834.2;735.84,839.37;753.16,833.43;767.12,822.83;782.37,812.23;795.55,803.18;807.45,798.27;832.26,803.18;858.11,808.61;880.97,819.99;890.64,828.51;899.62,831.27;906.06,837.95;907.21,842.78;856.81,882.82;838.17,866.25;820.55,870;799.03,868.85;781.82,869.71;757.72,882.62;737.93,888.07;719,883.77;699.77,874.59;681.41,859.67;655.6,850.49;644.12,835.86;628.34,825.25;570.45,862.64;545.2,862.92;520.53,857.19;495.86,834.24;468.32,812.43;450.53,803.83;435.43,809.62;414.77,828.84;401.58,846.91;391.82,868.14;413.91,906.01
1855	210060000	3	3	67826	0.1,1000.1;3067.36,369.19;2895.13,360.09;2885.55,367.11;2860.86,411.04;2831.71,450.63;2818.74,460.86;2723.28,527.75;2711,564.41;2651.01,569.04;2390.04,592.11;2371.8,600.59;2310.15,657.05;2314.38,713.6;2294.51,765.54;2306.03,800.31;2322.99,849.34;2336.27,882.91;2331.2,969.45;2323.53,1210.93;2154.41,1290.05;2138.98,1309.39;2123.33,1332.41;2126.09,1350.6;2131.62,1386.97;2147.96,1417.82;2149.8,1423.35;2167.99,1445.68;2173.96,1457.97;2185.29,1463.9;2220.91,1468.62;2238.17,1479.91;2252.6,1498.41;2278.85,1532.95;2281.52,1561.25;2277.12,1604.76;2299.54,1638.98;2305.65,1668.55;2288.78,1718.41;2289.17,1779.19;2203.72,1891.77;2235.75,2034.33;2259.84,2056.45;2326.8,2084.1;2340.17,2151.88;2354.86,2240.66;2320.61,2331.47;2302.56,2448.74;2216.7,2515.17;2179.47,2514.69;2061.22,2543.37;2021.99,2509.47;1946.53,2464.61;1867.2,2509.67;1799.03,2617.55;1743.97,2752.14;1728.07,3056.58;2535.56,3114.72;3134.32,3137.79;3111.3,369.41
1856	210060000	3	16	67430	0.2,10000.2;3303.93,3146.93;3103.98,3360.14;-110.47,3204.72;-109.98,-101.18;3522.16,-127.78;3517.95,149.67
1857	210060000	3	3	67813	0.1,1000.1;1844.25,668.84;1735.67,690.28;1612.85,660.51;1500.05,574.25;1371.48,503.64;1253.89,453.56;1148.5,585.81;1141.23,660.52;1151.44,707.47;1176.96,731.46;1215.75,756.98;1245.86,746.77;1300.98,708.49;1308.64,711.56;1311.7,722.27;1322.42,755.45;1336.41,810.09;1367.08,937.18;1604.58,837.6;1740.95,830.52;1852.11,677.72
1858	210060000	3	5	67707	0.1,1000.1;956.68,2449.77;875.3,2537.45;816.21,2565.89;788.32,2590.14;755.42,2733.81;737.61,2743;716.43,2784.62;690.2,2817.23;543.34,3100.07;-24.75,3083.32;-19.29,1999.76;156.85,2012.27;262.08,2045.57;379.43,2052.7;549.3,2062.34;694.89,2041.35;770.1,1980.15;938.47,1980.33;964.66,1967.88;1012.9,1983.96;1049.73,1983.03;926.38,2382.3;974.29,2422.97;973.51,2436.19;962.36,2449.94
1859	210060000	3	10	67854	0.1,1000.1;1285.8,335.8;1268.48,270.84;1289.05,221.03;1286.88,186.38;1282.55,173.39;1292.3,144.16;1305.29,113.84;1324.78,46.71;1357.26,-40.99;2186.63,-21.95;2111.92,92.82;2024.22,154.53;2067.61,288.43;2029.48,342.54;2000.1,367.28;1977.42,400.26;1982.47,427.9;1981.31,443.76;1979.01,451.55;1968.91,454.43;1954.49,463.08;1948.43,474.04;1939.2,492.79;1928.82,508.65;1857.61,579.8;1808.87,644.69;1692,679.09;1611.53,648.46;1571.3,595.62;1538.28,580.61;1380.76,481.55;1284.68,404.09
1860	210060000	3	2	67805	0.1,1000.1;1396.93,947.2;1590.01,863.65;1637.14,897.77;1797.85,994.66;1896.29,1287.34;1917.28,1344.52;1900.82,1371.16;1880.95,1373.22;1827.32,1447.75;1808.16,1507.24;1634.82,1656.35;1499.2,1657.48;1431.75,1636.41;1493.23,1559.04;1482.25,1455.33;1460.58,1377.68;1386.66,1102.71;1410.14,988.89
1861	210060000	3	5	67682	0.1,1000.1;1862.69,650.16;1995.99,646.53;2041.55,671.22;2085.95,699;2086.63,740.44;2099.14,765.83;2102.78,769.47;2124.28,777.3;2175.31,795.45;2231.36,806.21;2328.43,873.73;2332.33,885.38;2324.26,1037.84;2318.68,1176.97;2165.55,1270.95;2141.3,1296.31;2134.57,1313.73;2125.66,1325.8;2121.7,1332.34;2121.7,1339.66;2127.64,1381.42;2131.4,1403.99;2127.45,1437.94;2076.91,1452.67;2055.16,1433.93;2044.66,1403.46;1945.93,1335.52;1918.68,1288.26;1905.63,1291.6;1806.96,991.89;1806.96,975.16;1795.62,984.29;1670.12,905.97;1682.5,864.14;1719.65,851.75;1745.08,840.04;1839.78,711.84;1864.88,656.95
1862	210060000	3	12	67832	0.1,1000.1;1773.41,2633.26;1738.94,2737.76;1718.75,3089.83;577,3100.66;612.33,3002.23;752.4,2747.33;770.07,2715.78;783.95,2632.5;802.88,2580.76;835.69,2568.14;878.59,2550.47;915.19,2523.97;982.07,2507.57;1054,2508.83;1138.54,2510.09;1195.33,2523.97;1211.73,2517.66;1232.52,2475.72;1242.57,2460.98;1247.53,2446.61;1258.33,2435.8;1265.34,2427.13;1269.29,2408.06;1280.47,2403.35;1299.77,2402.13;1308.04,2392.46;1318.72,2387.5;1337.18,2390.89;1383.72,2389.75;1447.71,2401.57;1514.59,2515.14;1605.45,2565.62;1702.31,2591.7;1703.05,2590.6
1863	210060000	3	5	67562	0.1,1000.1;700.82,1133.84;694.56,1158.72;680.35,1178.45;658.55,1193.77;651.55,1221.27;611.58,1294.81;516.65,1331.08;493.88,1345.98;485.6,1344.47;469.5,1339.36;459.15,1331.35;426,1329.63;416.89,1327.01;410.72,1319.45;410.22,1300.14;386.59,1287.99;360.56,1249.94;371.22,1206.88;413.08,1174.72;443.25,1175.12;470.35,1177.32;477.81,1162.1;498.17,1136.47;518.74,1135.93;526.74,1136.65;536.07,1138.65;580.28,1148.52;590.18,1151.57;619.89,1153.09;625.57,1149.06;631.5,1143.26;647.78,1131.67;659.93,1123.26;689.72,1118.28
1864	210060000	3	4	67852	0.1,160.1;426.23,1210.56;426.11,1252.71;411.35,1252.83;383.6,1262.99;374.16,1249.17;372.27,1226.62;376.64,1207.61;385.85,1198.87;407.57,1203.71;409.94,1206.66;417.14,1205.25;422.1,1205.96;426.11,1210.32
1865	210060000	3	2	67562	0.1,1000.1;2351.48,2242.74;2269.39,2324.44;2218.73,2336.31;2202.26,2306.2;2194.65,2271.48;2183.49,2199.57;2178.35,2170.17;2152.32,2102.33;2197.66,2046.72;2249.53,2052.2;2259.62,2061.06;2324.62,2086.03;2351.99,2238.26
1866	210060000	3	6	67816	0.1,1000.1;2059.12,1861.4;2050.35,1862.43;2047.69,1865.92;2041.01,1870.59;2034.23,1867.29;2024.82,1865.24;2011.66,1864.67;2003.41,1863.44;1997.85,1861.92;1991.96,1858.31;1987.29,1853;1984.49,1848.08;1982.87,1840.1;1980.8,1833.66;1975.36,1824.99;1966.77,1813.07;1944.46,1816.85;1930.69,1826.71;1917.87,1831.58;1897.52,1840.8;1886.06,1846.88;1878.05,1852.11;1861.08,1862.16;1847.53,1859.27;1839.21,1857.67;1831.97,1848.96;1830.37,1843.58;1828.2,1837.5;1826.47,1835.26;1750.14,1815.56;1684.09,1783.57;1626.86,1696.28;1676.92,1640.32;1720.64,1598.35;1810.25,1515.4;1837.52,1447.73;1889.64,1379.88;1921.47,1360.3;2050.52,1457.18;2145.49,1448.17;2184.77,1465.04;2222.26,1475.36;2236.38,1483.73;2255.91,1513.65;2259.6,1515.28;2266.56,1519.85;2275.24,1536.83;2276.99,1537.34;2278.95,1563.85;2277.09,1566.87;2274.27,1596.64;2274.37,1603.81;2291.65,1633.04;2298.3,1648.95;2297.08,1667.71;2286.95,1684.96;2276.67,1699.02;2273.19,1712.82;2268.63,1726.73;2261.67,1731.51;2249.29,1730.53;2234.88,1734.79;2233.47,1741.42;2231.18,1751.42;2234.44,1764.56;2234.77,1776.63;2228.86,1793.78;2212.34,1801.49;2201.69,1794.1;2196.91,1783.67;2190.28,1769.55;2176.01,1762.94;2150.81,1762.08;2141.54,1763.07;2131.75,1758.46;2123.11,1758.58;2112.24,1760.68;2104.46,1766.73;2097.91,1766.98;2089.76,1762.04;2076.42,1757.34;2070.49,1750.18;2068.14,1740.54;2069.75,1728.31;2068.88,1719.78;2055.05,1717.44;2050.23,1723.86;2044.42,1730.53;2043.8,1743.87;2048.75,1769.94;2060.98,1792.43;2081.94,1824.51;2077.05,1842.44;2070.96,1853.64;2067.27,1861.35
1867	210060000	3	1	67717	0.1,1000.1;1271.54,1364.4;1219.98,1467.75;1297.66,1664.81;1423.28,1632.38;1482.09,1555.38;1473.15,1465.6;1446.99,1381.94;1386.64,1377.14
1868	210060000	5	0	72873	78.57,279.88;2641.02,1772.24;2638.89,1772.25;2637.15,1771.05;2636.49,1768.97;2637.14,1766.89;2638.89,1765.65;2641.02,1765.65;2642.79,1766.86;2643.49,1768.97;2642.84,1770.97
1869	210060000	5	0	72859	61.75,76.75;2297.84,2240.82;2297.63,2238.46;2298.82,2236.29;2300.84,2235.33;2303.23,2235.71;2304.84,2237.36;2305.15,2239.75;2303.8,2241.89;2302.09,2242.79;2299.49,2242.5
1870	210060000	5	0	72874	53.55,254.86;2619.13,1476.68;2617,1476.7;2615.26,1475.49;2614.6,1473.41;2615.24,1471.33;2617,1470.1;2619.13,1470.1;2620.9,1471.3;2621.6,1473.41;2620.95,1475.42
1871	210060000	5	0	72875	65.02,266.33;2862.34,1634.1;2860.21,1634.12;2858.47,1632.91;2857.81,1630.83;2858.46,1628.75;2860.21,1627.52;2862.34,1627.52;2864.12,1628.72;2864.81,1630.83;2864.16,1632.84
1872	220010000	2	14	71630	200,450;606.23,1247.79;561.66,911.8;628.85,918.68;655.24,917.98;672.68,940.92;789.54,949.88;824.51,1027.68;785.63,1283.49
1873	220010000	2	9	71596	200,450;146.98,2340.62;105.89,2198.5;227.65,1981.65;498.12,2018.32;610.13,1982.88;644.5,1950.13;675.28,1945.49;817.21,2106.47;776.06,2193.28;781.06,2275.33;766.06,2367.24;589.29,2343.89;489.18,2386.08;470.22,2411.31;493.7,2467.33;386.79,2484.74;349.35,2436.53
1874	220010000	2	11	71634	283.29,383.29;596.2,843.33;601.65,906.3;627.55,919.93;654.26,920.48;672.53,944.19;727.59,900.85;720.5,826.43;656.72,798.08
1875	220010000	2	13	71629	296.42,446.42;758.15,1262.61;767.04,1214.64;712.81,1196.18;685.26,1205.47;674.31,1245.67;697.85,1269.64;738.6,1280.79
1876	220010000	2	13	71631	200,450;460.12,1686.66;369.96,1607.4;331.1,1343.2;605.74,1244.92;787.53,1281.4;870.6,1505.47;834.03,1618.33;735.36,1661.59;680.55,1652.81;622.3,1644.73;565.25,1609.9
1877	220010000	2	8	71594	200,450;11.75,3046.14;7.82,2344.02;150.09,2335.76;353.95,2433.54;387.78,2479.81;487.91,2463.89;466.55,2409.45;485.84,2382.59;589.68,2338.42;805.88,2367.31;810.6,3053.7
1878	220010000	2	12	71632	304.29,344.29;628.15,1030.53;612.68,1036.77;606.2,1056.98;625.91,1081.43;651.23,1077.07;663.71,1064.84;671.7,1053.36;653.48,1046.13;647.62,1038.52;637.26,1031.9
1879	220010000	2	11	71598	200,450;733.06,1811.06;743.35,1725.73;719.5,1688.03;735.64,1658.23;831.13,1617.07;867.31,1507.02;962.1,1437.21;1302.44,1535.4;1380.49,1777.83;1265.64,2018.01;1040.72,1953.01;1012.09,1973.05;858.55,1826.35
1880	220010000	2	12	71633	200,500;227.4,1984.38;252.27,1835.01;564.86,1604.51;623.48,1640.92;680.21,1648.47;720.61,1684.26;747.36,1725.63;737.15,1809.69;675.4,1952.19;643.89,1955.08;611.17,1986.79;498.6,2022.32
1881	220010000	2	10	71597	200,450;680.06,1956.54;743.03,1809.27;861.95,1823.72;1012.55,1966.81;1038.03,1948.09;1268.63,2013.76;1400.19,2192.54;1238.62,2508.72;973.77,2513.29;812.99,2359.8;776.24,2275.12;770.56,2192.7;811.09,2107.74
1882	220010000	3	10	67523	0.1,1000.1;670.05,809.18;611.55,806.24;573.6,838.74;566.08,870.09;586.12,907.79;596.04,913.59;608.83,930.58;702.55,937.7;731.06,890.95;735.26,839.16
1883	220010000	3	2	67861	0.1,1000.1;777.42,3036.88;467.77,2994.39;423.94,2999.73;359.16,3005.87;237.21,2975.36;79.8,2903.66;59.84,2766.43;56.23,2518.96;130.49,2423.47;225.35,2428.8;308.51,2433.09;331.32,2456.19;341.16,2460.97;351.89,2464.49;374.05,2480.38;418.89,2511.23;450.54,2503.36;480.56,2493.57;509.01,2492.93;529.75,2493.53;549.69,2497.36;563.27,2501.33;568.24,2503.18;573.92,2516.21;578.6,2520.83;582.78,2521.52;588.18,2522.67;598.73,2521.21;657.9,2524.79;698.67,2573.69;734.56,2601.02;742.21,2634.32;771.3,2703.58
1884	220010000	3	9	67895	0.1,1000.1;666.67,1224.85;575.76,1223.51;517.39,1227.2;676.43,1167.09;658.23,1103.39;680.68,1069.72;627.9,1016.95;556.83,941.06;707.37,945.04;820.73,918.51;857.19,1055.25;834.78,1213.24;811.95,1233.2
1885	220010000	3	6	67881	0.1,1000.1;905.41,1853.87;888.92,1842.48;879.28,1838;858.89,1837.31;836.26,1838.05;829.98,1843.52;825.33,1850.73;817.53,1857.59;805.56,1868.64;796.95,1868.29;777.03,1862.42;710.13,1808.92;744.77,1794.71;749.53,1731.2;749.53,1697.4;777.41,1667.33;822.02,1647.63;875.11,1613.55;877.16,1608.53;830.07,1621.3;857.33,1546.57;865.72,1513.98;872.15,1489.87;886.51,1455.87;977.32,1519.61;978.95,1549.68;1087.03,1594.12;1278.94,1621.5;1202.29,1766;1169.43,1790.57;1173.04,1798.8;1173.63,1822.25;1168.84,1832.59;1165.56,1837.55;1160.72,1837.87;1137.87,1835.39;1108.38,1847.78;1083.22,1948.08;1005,1970.1;974.26,1931.7
1886	220010000	3	5	67876	0.1,500.1;757.8,2189.08;792.76,2288.44;817.11,2316.76;861.81,2319.64;887.92,2317.65;912.88,2367.8;1007.34,2467.01;1097.8,2474.92;1163.09,2423.42;1163.57,2357.88;1231.19,2329.46;1268.54,2236.55;1300.22,2215.02;1341.6,2168.09;1312.82,2062.9;1250.67,2014.05;1172.32,2016.96;1150.58,1991.8;1106.33,1978.26;1080.71,1958.36;1075.54,1952.82;1034.36,1964.65;989.53,1987.47;880.22,1874.28;883.87,1841.58;837.59,1838.33;803.41,1873.76;772.21,1865.29;767.38,1882.95;748.76,1925.75;728.69,1958.63;724.17,1991.99;740.17,2019.27;744.89,2050.68;775.16,2104.43;788.17,2138.37;765.09,2115.96;759.43,2146.23;755.75,2168.58;754.62,2185.27;754.62,2191.21
1887	220010000	3	7	67887	0.1,1000.1;706.73,1796.63;705.08,1827.28;716.95,1844.52;702.45,1884.19;662.02,1976.78;585.43,1993.52;532.71,1993.52;501.72,1991.03;459.34,1997.82;391.35,1983.82;336.86,1965.32;292.6,1927.82;278.43,1862.89;406.79,1763.63;447.09,1734.53;497.83,1708.41;523.21,1680.8;541.07,1673.27;599.42,1628.45;717.23,1618.84;773.76,1624.89;754.64,1678.13;732.72,1723;733.38,1737.98;729.34,1752.52;723.09,1765.94;699.62,1774;693.28,1791.51;696.28,1801.11;697.62,1812.38
1888	220010000	3	3	67867	0.1,1000.1;652.99,2478.99;662.88,2420.03;601.6,2387.86;570.34,2374.38;539.5,2389.8;526.27,2403.03;519.11,2400.14;511.87,2401.24;501.67,2399.08;494.23,2400.5;485.98,2415.92;489.36,2419.3;493.96,2423.09;497.88,2426.87;503.02,2430.52;503.97,2431.2;504.67,2437.06;504.28,2446.23;507.74,2453.57;509.66,2459.74;514.47,2466.27;525.08,2487.9;540.71,2492.27;557.9,2495.39;579.26,2503.97;591.5,2508.26
1889	220010000	3	8	67891	0.1,1000.1;744.45,1592.66;670.18,1610.58;619.01,1609.64;576.8,1603.74;545.71,1588.26;568.64,1600.71;497.73,1652.88;474.74,1666.79;439.9,1729.84;362.79,1717.81;357.57,1650.77;368.66,1575.31;376.44,1510.23;426.34,1487.47;396.16,1439.37;391.44,1398.1;409.01,1340.61;437.54,1324.57;475.98,1298.16;529.03,1291.8;557.33,1295.33;639.34,1230.36;666.63,1262.72;779.85,1285.91;773.65,1354.77;747.95,1415.61;760.17,1470.95;816.29,1439.59;864.39,1447.37;870.99,1476.13;847.18,1500.89;847.81,1512.85;826.8,1527.92;791.52,1524.73;769.17,1537.36;759.09,1543.12;760.97,1561.04;755.55,1578.96;746.59,1583.68
1890	220010000	3	4	67871	0.1,1000.1;497.9,2488.57;436.79,2498.43;418.87,2499.4;383.45,2481.17;357.44,2466.71;310.49,2431.82;283.16,2416;282.36,2374.5;228.96,2331.78;246.63,2282.81;302.79,2289.2;253.89,2218.03;245.23,2196.74;247.8,2126.32;278.82,2032.12;362.95,2020.72;436.79,2039.64;508.54,2051.11;535.27,2031.84;587.11,2001.1;644.22,2002.74;719.04,2070.81;754.83,2100;743.48,2159.28;738.67,2182.19;740.4,2197.97;748.35,2240.72;776.32,2305.43;784.14,2367.45;797.48,2421;781.66,2513.94;772.38,2532.13;691.08,2528.25;663.99,2456.23;663.28,2413.92;560.69,2369.27;496.98,2398.36;495.69,2398.65;488.36,2392.37;475.47,2410.84;485.09,2422.78;490.48,2428.17;497.02,2432.21;500.87,2435.1;502.99,2439.91;506.26,2458.58;512.62,2467.24;510.11,2473.78;509.92,2475.52;507.61,2479.17;499.32,2482.64
1891	220010000	3	6	67582	0.1,1000.1;1206.18,1761.84;1281.11,1759.82;1317.27,1868.88;1284.87,1961.45;1216.59,1991.53;1156.42,1982.28;1105.8,1967.23;1087.57,1953.74;1110.43,1858.56;1142.54,1864.64;1152.08,1844.1;1164.81,1842.65;1175.52,1823.85;1176.09,1814.88;1176.38,1791.37;1205.31,1773.22
1892	220010000	3	11	67392	0.1,1000.1;1400.58,3077.72;-38.28,3095.1;127.57,790.89;643.81,666.14;1478.99,995.25;1438.9,2958.45;1429.29,2961.76
1893	220020000	2	13	71713	10,810;3088,1996;2884,2052;2780,2024;2696,2080;2568,1984;2441.05,2140.84;2309.92,2139.66;2275.27,2119.97;2260.74,2155.56;2259.69,2195.56;2261.62,2226.7;2283.72,2254.92;2264.78,2299.13;2316.29,2300.8;2491.48,2360.83;2610.29,2473.61;2683.73,2401.64;2724.84,2408.87;2819.42,2438.67;2855.7,2421.83;2890.6,2341.34;2921.17,2336.04;2957.05,2361.15;2983.43,2427.6;3009.76,2443.45;3048.37,2463.4;3092.16,2463.43
1894	220020000	2	14	71714	10,810;2313.02,3101.91;2311.53,2930.98;2336.8,2841.31;2365.04,2801.67;2369,2769.47;2326.08,2703.57;2323.2,2610.26;2302.44,2543.23;2278.95,2508.6;2289.92,2440.49;2275.71,2348.43;2264.06,2298.22;2272.57,2298.7;2278.03,2299.02;2288.54,2299.53;2296.89,2299.62;2303.16,2299.86;2309.45,2300.2;2317.78,2300.68;2491.93,2360.04;2611.4,2471.29;2605.92,2629.48;2638.61,2646.84;2601.02,2710.82;2548.39,2800.76;2581.05,2865.59;2555.79,2980.03;2555.79,3096.96
1895	220020000	2	12	71712	10,810;3095.77,1577.45;3002.25,1654.27;2909.84,1560.75;2789.6,1576.33;2702.76,1586.35;2614.8,1559.63;2502.35,1569.65;2304.17,1639.79;2161.8,1676.05;2171.82,1722.67;2168.82,1750.79;2171.62,1771.57;2176.36,1795.76;2183.64,1838.37;2186.91,1842.27;2210.33,1851.45;2225.9,1844.69;2242.52,1851.79;2251.29,1865.57;2254.24,1881.14;2249.84,1891.4;2241.37,1916.13;2239,1944.24;2244.08,1967.27;2258.56,1984.13;2271.92,1985.86;2283.37,1979.57;2302.24,1982.57;2305.62,2015.71;2282.06,2050.8;2274.23,2068.6;2280.23,2086.85;2276.7,2121.74;2309.51,2140.46;2441.27,2141.68;2568.31,1986.58;2696.14,2082.5;2780.47,2026.61;2884.59,2054.38;3091.53,1996.8;3093.35,1681.05
1896	220020000	2	2	71701	10,810;-17.98,2110.68;-17.98,1639.91;155.23,1636.95;314.26,1639.92;408.48,1618.75;511.47,1643.16;634.05,1694.39;689.87,1761.69;728.65,1783.39;812.48,1778.16;853,1864.34;892.03,1954.53;876.89,2153.67;881.31,2192.11;893.39,2222.28;893.51,2261.66;902.45,2354.69;848.82,2379.05;827.06,2390.86;770.81,2498.93;645.55,2493.25;527.44,2147.32;394.39,2130;347.65,2105.34;271,2029.33;90.05,2139.99
1897	220020000	2	6	71705	10,810;-21.86,-68.96;942.64,-68.96;942.64,190.62;854.96,285.23;835.35,324.45;809.96,325.61;796.12,305.99;733.82,338.3;736.13,359.07;764.97,432.9;755.74,440.98;723.44,423.67;674.98,461.75;578.07,515.97;368.09,589.81;358.86,670.57;-29.94,954.38
1898	220020000	2	15	71715	10.1,810.1;3095.22,3091.28;3092.35,2462.63;3049.14,2462.63;3010.53,2442.94;2984.45,2427.09;2957.57,2360.91;2921.7,2334.89;2890.17,2340.13;2855.66,2420.63;2819.23,2437.14;2726.45,2407.54;2683.76,2399.57;2608.23,2473.29;2603.1,2631.53;2636.43,2648.83;2608.31,2696.98;2547.55,2800.91;2579.2,2866.05;2554.15,2979.33;2554.15,3102.85;3095.16,3103.94
1899	220020000	2	16	71716	10.2,810.2;2361.66,931.52;2405.83,965.98;2417.69,995.63;2431.86,1010.46;2436.14,1034.18;2445.36,1056.91;2458.21,1078.32;2456.24,1086.23;2454.26,1091.17;2457.23,1100.07;2461.84,1105.67;2462.17,1115.88;2459.53,1128.4;2459.2,1139.93;2453.27,1151.46;2452.61,1163.32;2441.74,1173.53;2431.53,1178.8;2405.81,1182.45;2404.56,1191.14;2398.46,1214.53;2399.46,1220.74;2402.43,1229.19;2412.28,1239.19;2419,1250.92;2449.94,1269.82;2498.45,1293.07;2504.56,1324.12;2521.82,1355.96;2541.01,1389.56;2547.93,1413.79;2547.77,1471.29;2588.62,1544.17;2594.57,1562.64;2614.75,1561.02;2702.96,1587.09;2909.39,1562.06;3002.48,1655.44;3097.9,1576.77;3097.81,1005.4;2684.94,1005.91;2598.09,927.78;2528.45,921.84;2470.58,906.83;2468.93,901.52;2371.85,926.32
1900	220020000	2	4	71703	10,810;548.25,1430.99;532,1344;521.87,1292;552,1284;588,1292;612,1308;620,1320;640,1316;656,1312;676,1308;687.38,1305.94;696.44,1304.04;696.65,1308.89;697.07,1320.05;697.28,1342.8;675.8,1371.23;622.43,1437.7
1901	220020000	2	18	71718	10,810;2097.95,400.24;2104.46,470.96;2149.24,532.98;2188.54,584.09;2230.1,604.73;2270.82,692.77;2314.55,724.32;2298.26,816.58;2368.31,834.14;2409.71,850.64;2444.82,858.09;2471.03,886.7;2466.87,903.6;2372.94,927.12;2333.94,946.02;2283.36,983.8;2118.47,1029.71;1969.93,1134.88;1866.95,963.65;1773.14,926.11;1648.21,898.08;1612.26,707.95;1317.22,558.15;1384.86,458.21;1461.65,292.46;1462.49,-47.46;2101.04,-50.37
1902	220020000	2	16	71710	0.1,800.1;1849.41,3098.81;1849.41,2824.38;1886.76,2786.22;1884.32,2749.68;1902.19,2706.65;1985.81,2575.93;1959.83,2450.9;1912.74,2415.17;1952.52,2377.83;2028.84,2330.73;2064.57,2316.12;2153.07,2294.2;2180.67,2268.22;2203.41,2265.78;2231.82,2275.52;2269.17,2300.69;2292.72,2438.72;2281.35,2507.73;2304.9,2542.64;2326.01,2608.41;2328.44,2703.4;2373.1,2771.61;2368.23,2804.89;2341.43,2842.24;2315.45,2930.74;2316.26,3108.55
1903	220020000	2	20	71719	10,810;2099.13,-49.61;2096.98,400.92;2102.85,471.41;2155.14,543.36;2187.91,585.47;2228.23,605.95;2269.67,692.84;2312.29,724.88;2296.19,817.34;2366.76,835.41;2408.7,851.46;2443.96,859.13;2469.31,887.36;2464.67,906.39;2528.38,922.85;2597.77,928.85;2684.28,1006.8;3112.47,1005.97;3110.62,-43.38
1904	220020000	2	11	71711	10.1,810.1;1614.85,2757.16;1564.82,2821.59;1564.83,3097.55;1852.85,3097.72;1852.85,2827.15;1889.93,2788.38;1887.6,2751.72;1904.48,2709.25;1988.97,2575.98;1961.62,2447.97;1842.52,2358.86;1735.31,2321.17;1633.89,2221.32;1580.05,2291.89;1527.12,2341.09;1482.16,2398.07;1471.71,2487.47;1460.63,2586.53;1432.4,2633.05;1583.07,2698.88
1905	220020000	2	7	71706	10,810;771.47,517.04;763.98,448.32;729.85,362.83;725.98,335.14;796.33,297.82;817.92,319.61;829.77,318.79;839.98,305.72;849.09,284.27;936.46,186.74;936.46,-42.87;1464.76,-42.87;1464.76,290.36;1387.55,458;1317.45,561.62;1094.95,645.95;919.19,733.32;828.77,683.54
1906	220020000	2	5	71704	10,810;877.73,1655.4;1109.21,1641.09;1236.66,1652.37;1271.62,1648.99;1355.08,1588.08;1467.87,1549.74;1510.73,1502.37;1510.57,1421.76;1459.82,1398.58;1503.96,1307.25;1483.52,1216.49;1511.85,1048.97;1450.43,938.57;1447.41,869.46;1394.31,666.81;1309.73,562.01;1094.31,642.09;920.62,726.67;832.31,680.45;778.17,520.29;767.28,442.47;735.7,417.77;725.44,416.45;718.35,416.87;690.03,443.43;674.95,452.04;599.87,496.46;539.22,523.57;499.22,538.11;360,584;352,668;-60.66,970.97;-57.61,1644.68;312.32,1645.81;403.68,1624.38;510.85,1647.53;632.32,1698.25;687.58,1767.05;732.7,1788.48;806.01,1783.96;818.68,1776.07;839.22,1685.87
1907	220020000	2	1	71696	10,810;351.28,2103.82;271.24,2024.67;73.09,2146.29;27.97,2211.6;36.61,2529.73;179.76,2680.15;329.07,2694.04;479.89,2592.17;578.82,2469.85;601.68,2350.39;529.85,2141.33;395.35,2126.3
1908	220020000	2	8	71707	10.2,810.2;1032.55,3098.43;1032.57,3009.8;1085.12,2942.99;1108.28,2809.39;1128.76,2741.69;1103.82,2627.68;1164.39,2598.29;1207.15,2517.23;1203.19,2411.89;1172.02,2242.65;1196.96,2151.8;1228.89,2135.3;1252.05,2104.13;1269.87,2037.33;1278.77,1956.27;1275.21,1867.2;1342.9,1781.69;1240.47,1650.76;1246.71,1645.42;1268.98,1644.52;1350.92,1585.74;1464.04,1547.44;1506.43,1501.11;1562.54,1531.39;1532.6,1598.69;1488.49,1640.54;1465.87,1678.43;1480.57,1708.96;1480.57,1734.98;1502.63,1777.95;1522.42,1806.8;1502.06,1837.33;1461.34,1859.95;1455.12,1890.49;1469.83,1926.12;1471.52,1954.39;1457.95,1972.49;1466.43,2011.51;1506.58,2056.18;1529.29,2072.28;1515.76,2091.84;1532,2115.35;1554.23,2122.73;1591.27,2123.58;1588.44,2216.03;1594.94,2232.99;1618.69,2246.85;1581.2,2293.38;1526.07,2345.4;1483.38,2398.56;1461.69,2587.47;1433.98,2632.99;1583.76,2697.78;1615.59,2757.41;1566.53,2821.7;1566,3095.53;1060.56,3096.97
1909	220020000	2	16	71702	10.2,810.2;897.43,2354.58;934.97,2374.23;969.23,2401.19;1087.64,2468.96;1206.1,2415.31;1173.35,2242.99;1197.68,2153.31;1230.18,2136.18;1253.36,2104.43;1271.26,2037.41;1280.07,1955.79;1276.8,1868.12;1344.32,1781.74;1241.65,1650.9;1235.6,1651.15;1110.39,1639.81;877.28,1654.29;838.1,1685.19;817.69,1774.63;811.55,1779.41;891.16,1955.01;875.87,2154.67;880.65,2192.21;892.75,2222.69;892.75,2262.76;901.31,2352.7
1910	220020000	2	10	71709	10.2,810.2;1951.53,2383.65;1943.87,2389.8;1937.78,2394.97;1931.26,2401.2;1925.38,2407.38;1922.09,2411.99;1914.72,2415.99;1842.06,2360.8;1731.56,2322.55;1710.09,2299.98;1729.36,2287.86;1738.17,2234.46;1745.33,2203.63;1781.73,2125.91;1824.77,2084.13;1816.07,2049.56;1784.88,2027.14;1788.62,1976.09;1772.37,1945.34;1764.4,1925.14;1777.93,1881.65;1817.51,1869.92;1838.36,1816.9;1865.41,1796.15;1889.71,1744.45;1886.8,1690.05;1913.17,1686.52;1920.11,1676.34;1932.83,1663.6;1935.68,1660.9;1955.01,1603.55;1966.81,1533.41;1979.47,1555.98;2024.61,1575.25;2049.94,1676;2091.48,1662.43;2163.7,1675.47;2172.96,1723.26;2169.66,1750.79;2172.2,1771.79;2176.36,1791.9;2179.73,1811.96;2181.99,1825.06;2184.12,1837.68;2187.16,1841.64;2192,1843.68;2210.45,1850.93;2225.74,1843.87;2243.05,1851.48;2251.85,1865.25;2254.94,1881.37;2250.03,1892.91;2241.94,1916.94;2239.7,1944.47;2244.31,1965.11;2258.5,1983.35;2271.92,1985.16;2283.38,1978.64;2302.98,1981.89;2306.24,2015.96;2282.01,2051.69;2274.85,2068.94;2281.08,2086.85;2277.78,2115.48;2261.26,2155.67;2260.16,2196.41;2262.36,2226.51;2284.63,2254.76;2265.12,2301.01;2233.52,2280.86;2202.12,2268.28;2181.79,2271.84;2156.34,2296.22;2075.26,2317.46;2056.6,2322.96;2032.31,2333.16;2025.31,2337.27;2010.24,2347.09;1977.39,2368.76;1974.1,2370.82;1960.34,2379.11
1911	220020000	2	17	71717	10,810;1972.07,1130.28;2114.74,1028.74;2190.57,1008.82;2280.54,983.76;2333.86,944.12;2362.48,930.45;2364.87,932.79;2406.97,965.32;2418.48,994.82;2432.27,1009.8;2436.81,1034.81;2445.81,1056.64;2458.57,1078.28;2456.56,1086.32;2454.7,1091.19;2457.48,1099.99;2462.1,1105.49;2462.52,1116.09;2459.76,1128.57;2459.41,1140.19;2453.59,1151.69;2452.86,1163.46;2441.66,1173.86;2431.33,1179.26;2405.91,1182.89;2404.85,1191.02;2398.99,1214.65;2400.06,1220.97;2402.85,1229.07;2412.27,1238.87;2419.38,1250.68;2450.2,1269.61;2499.08,1292.72;2505.06,1323.49;2541.79,1389.77;2548.89,1413.74;2548.43,1471.61;2589.46,1544.19;2595.39,1562.66;2503.79,1572.08;2303.54,1642.22;2159.38,1678.1;2092.1,1665.92;2048.53,1679.38;2023.54,1578.14;1977.54,1558.55;1966,1533.56;1979.46,1489.35;2014.06,1482.95;2058.91,1391.32;2027.51,1232.42;1968.57,1135.67
1912	220020000	2	19	71720	10,810;2744.05,309.58;2953.14,225.43;3093.59,243.2;3097.64,994.31;2837.09,993.86;2836.75,830.77;2735.42,681.67;2717.28,507.2
1913	220020000	2	16	71721	10.1,810.1;-16.7,2672.81;328.69,2689.46;468.79,2595.14;570.05,2475.85;599.18,2345.46;649.11,2489.72;769.79,2495.26;825.16,2386.98;899.3,2353.1;935.1,2372.91;970.43,2401.08;1086.89,2467.85;1206.32,2414.23;1209.52,2517.77;1166.06,2600.22;1106.62,2628.98;1131.55,2744.03;1110.45,2811.14;1087.44,2945.36;1035.28,3009.66;1035.28,3104.25;-17.93,3103.78
1914	220020000	2	9	71708	10.1,810.1;1589,2147.27;1587.58,2216.1;1593.97,2233.13;1619.51,2248.75;1634.41,2230.3;1709.63,2304.09;1732.34,2287.77;1740.85,2234.55;1747.95,2204.04;1782.72,2128.11;1826,2083.41;1816.78,2049.35;1785.56,2026.64;1789.81,1974.84;1773.49,1946.46;1764.98,1924.46;1778.46,1882.6;1818.91,1871.24;1838.78,1817.31;1867.16,1796.03;1890.58,1744.93;1887.74,1690.3;1913.64,1687.61;1920.83,1676.06;1935.89,1661.74;1955.48,1604.84;1961.91,1566.87;1968.89,1531.23;1980.17,1492.6;2015.81,1484.85;2062.28,1390.35;2029.75,1227.67;1868.63,961.97;1777.54,925.56;1652.83,896.89;1614.21,705.55;1314.42,554.5;1302.8,560.69;1389.56,669.14;1440.69,867.45;1443.95,941.49;1504.37,1051.49;1476.49,1214.16;1496.63,1307.89;1452.36,1403.07;1502.72,1427.08;1502.72,1502.99;1558.49,1533.21;1531.38,1597.5;1487.22,1639.33;1463.98,1678.84;1478.7,1707.5;1479.48,1735.38;1500.89,1777.94;1520.26,1805.06;1502.44,1832.94;1458.29,1859.28;1452.86,1892.59;1468.36,1925.13;1469.9,1951.47;1455.96,1972.38;1465.53,2012.11;1505.04,2056.27;1528.28,2072.53;1515.23,2091.79;1531.38,2115.91;1553.07,2123.66;1588.37,2125.72
1915	220020000	3	0	67454	0.1,460.1;282.16,2432.76;286.42,2430.74;287.47,2431.36;289.57,2435.62;290.56,2435.19;292.35,2438.96;295.94,2437.23;298.47,2442.66;294.81,2444.36;295.78,2446.33;287.22,2450.36;282.03,2439.17;284.13,2438.15;282.06,2433.61
1916	220020000	3	6	67935	0.1,1000.1;1330.87,1639.66;1329.66,1687.44;1347.67,1736.16;1340.94,1793.83;1288.41,1876.2;1224.33,2022.42;1198.65,2036.31;1175.1,2124.46;1170.64,2134.96;1134.47,2234.51;1214.67,2457.62;1217.73,2503.01;1206.25,2512.95;1192.03,2569.28;1175.16,2625.81;1156.74,2681.86;1142.17,2690.03;1142.39,2731.48;1077,3018.47;1127.92,3089.94;2369.75,3089.94;2358.84,2938;2373.51,2781.58;2342.11,2606.07;2298.12,2505.25;2303.59,2450.41;2282.64,2323.78;2269.1,2291.75;2281.59,2057.54;2292.09,2038.7;2302.34,2020.37;2300.72,2003.98;2301.27,1990.5;2295.7,1984.77;2288.59,1983.32;2276.89,1987.76;2258.93,1987.55;2245.68,1973.42;2240.52,1951.58;2241.97,1923.65;2236.28,1910.86;2230.07,1898.99;2239.75,1892.77;2245.07,1890.56;2251.21,1886.92;2254.11,1875.05;2250.08,1863.43;2239.86,1851.99;2225.85,1846.15;2224.56,1845.26;2214.02,1845.71;2202.22,1847.58;2184.67,1840.83;2178.77,1839.97;2174.3,1841.22;2167.54,1842.23;2158.61,1844;2150.47,1843.32;2145.62,1815.87;2144.22,1811.96;2145.04,1809.47;2142.26,1788.2;2146.1,1785.03;2153.83,1780.44;2154.06,1774.83;2155.67,1747.02;2161.18,1744.13;2159.23,1710.81;2127.19,1676.03;2102.26,1609.14;2024.38,1560.72;1927.9,1477.82;1943.34,1324.15;1958.78,1201.37;1949.66,1066.65;1855.63,947.37;1602.34,830.19;1476.74,913.69;1481.35,1286.51;1448.37,1353.87
1917	220020000	3	0	67947	0.1,462.1;220.27,2413.1;223.29,2417.59;225.57,2421;237.47,2412.97;231.97,2405.16
1918	220020000	3	2	67917	0.1,1000.1;683.74,1307.33;683.74,1330.8;659.08,1337.16;653.91,1388.87;606.18,1421.89;547.7,1423.08;512.3,1384.5;511.11,1330;518.27,1279.49;528.61,1267.16;563.61,1276.3;594.24,1281.87;603.39,1300.57;615.72,1310.51;629.64,1320.85;654.7,1314.09;673.8,1306.93
1919	220020000	3	0	67955	450,460;330.14,2288.3;326.77,2291.87;326.73,2293.37;329.23,2296.12;330.88,2296.06;334.52,2292.83;336.22,2294.56;348.44,2282.93;340.75,2274.75;328.56,2286.47
1920	220020000	3	0	67917	0.1,436.1;238.61,1416.99;237.03,1462.69;301.65,1459.54;316.46,1475.61;296.92,1549.05;302.59,1559.45;336.32,1548.11;353.97,1558.51;351.76,1601.69;312.68,1611.46;288.41,1592.23;271.39,1603.89;266.98,1619.34;307.32,1668.51;308.27,1702.86;284.27,1718.89;235.68,1720.28;223.19,1694.59;221.1,1671.34;234.99,1649.82;202.01,1658.5;192.3,1663.36;173.9,1657.8;164.53,1632.12;129.11,1613.99;110.93,1581.43;71.18,1585.59;55.28,1572.72;32.95,1572.72;9.56,1553.66;26.72,1522.19;59.42,1519.33;68.41,1476.41;87.62,1458.43;126.86,1462.93;180.82,1446.58;197.98,1467.42;213.51,1439.63;220.87,1417.56
1921	220020000	3	2	67930	0.1,1000.1;1171.27,1155.9;1173.02,1189.89;1206.26,1176.14;1230.24,1161.65;1245.74,1143.91;1258.98,1123.66;1269.48,1109.17;1275.23,1086.18;1282.97,1044.95;1296.47,1013.71;1308.96,999.22;1318.46,996.72;1374.43,967.78;1408.42,941.04;1393.68,907.31;1366.69,890.06;1344.95,873.32;1326.71,860.08;1304.96,849.33;1281.72,836.09;1264.98,824.34;1248.74,823.84;1236.99,824.34;1090.03,832.75;1068.79,854.49;1055.3,894.72;1050.8,919.96;1060.54,957.94;1080.04,975.44;1101.28,992.43;1129.02,1008.92;1142.01,1054.15;1152.26,1080.89;1169.5,1080.89;1180.24,1067.4;1189.74,1067.4;1195.74,1085.64;1195.99,1095.63;1203.98,1101.63;1210.98,1109.13;1218.23,1125.62;1214.64,1135.69;1193.9,1146.94;1173.66,1155.68
1922	220020000	3	11	67891	0.1,1000.1;3067.94,992.02;3057.29,48.67;1816.47,73.54;1750.08,592.13;1783.4,637.59;1884.43,735.18;2090.4,539.7;2198.43,562.44;2227.2,627.3;2232.34,652.81;2248.88,696.9;2247.1,786.21;2389.44,889.74;2473.44,874.69;2601.22,904.44;3006.48,981.49
1923	220020000	3	2	67910	0.1,1000.1;755.2,2704.77;731.65,2832.89;645.06,2787.25;541.85,2779.31;488.57,2857.9;534.39,2903.34;348.41,3083.19;592.61,3089.74;805.49,3086.55;1000.28,3069.52;1062.01,3050.36;1057.59,2935.68;1076.34,2852.96;1108.72,2729.53;1119.13,2715.83;1137.48,2690.36;1156.92,2629.92;1168.09,2584.39;1193.53,2459.66;1193.07,2452.1;1158.87,2334.01;1136.52,2229.69;1184.28,2078.72;1185.13,2058.26;1179.12,1999.23;1150.46,1989.3;1145.82,1969.43;1170.08,1928.65;1195.37,1890.2;1205.58,1847.45;1235,1839.19;1276.85,1847.29;1324.68,1781.38;1294.06,1674.07;1177.48,1666.37;1156.99,1672.03;1106.81,1689.34;1055.03,1679.63;1035.84,1680.73;1028.16,1668.75;892.55,1668.4;884.54,1674.21;874.81,1675.93;872.05,1705.78;851.69,1755.98;846.4,1805.6;880.05,2022.2;882.6,2055.31;887.21,2145.48;886.69,2147.66;887.54,2157.4;880.74,2160.41;883.13,2182.7;913.65,2205.55;907.12,2219.87;898.05,2234.55;935.09,2336.88;940.44,2494.83;900.69,2521.53
1924	220020000	3	3	67566	0.1,1000.1;2474.2,2435.78;2324.81,2436.42;2310.12,2502.18;2333.74,2567.94;2351.62,2608.16;2368.86,2671.37;2379.71,2728.82;2376.74,2812.79;2372.91,2836.41;2372.9,2877.27;2372.9,2916.86;2371.63,2973.04;2383.12,3016.45;2402.91,3057.95;2496.12,3061.78;2560.6,3061.78;2587.42,3056.04;2565.71,2978.79;2566.35,2928.35;2564.44,2861.95;2564.44,2812.15;2542.73,2774.49;2572.74,2658.29;2581.04,2589.98;2592.53,2501.87;2571.46,2457.82;2531.88,2425.26
1925	220020000	3	8	67962	0.1,1000.1;3080.62,1011.91;3060.68,1990.68;2989.59,2089.51;2967.99,2049.06;2786.02,2047.9;2774.35,2027.07;2726.45,2055.82;2666.32,2050.15;2570.87,1979.41;2506.71,1881.44;2586.45,1937.51;2598.61,1918.07;2595.83,1891.8;2594.59,1883.14;2590.26,1876.34;2580.99,1868.31;2575.74,1854.27;2570.07,1850.97;2560.43,1847.42;2561.36,1831.96;2564.76,1818.37;2566.3,1799.51;2565.38,1782.82;2569.08,1781.58;2556.41,1755;2546.83,1744.49;2542.81,1736.15;2545.59,1727.8;2551.78,1698.44;2555.95,1687.06;2549.92,1681.75;2529.21,1664.13;2477.46,1660.64;2484.74,1614.57;2471.76,1617.11;2448.58,1637.13;2438.38,1655.67;2515.09,1325.29;2508.46,1288.77;2499.02,1288.29;2399.01,1277.62;2382.03,1259.38;2398.76,1241.97;2399.98,1232.8;2399.91,1203.04;2402.5,1200.84;2419.37,1198.2;2433.41,1192.42;2450.09,1186.97;2463.94,1176.57;2476.98,1151.53;2471.45,1141.35;2469.92,1130.49;2473.46,1117.98;2475.45,1111.81;2470.25,1080.03;2453.19,1064.71;2429.99,1019.91;2410.4,981.51;2422.74,951.65;2391.79,901.96;2476.83,893.54;2578.3,911.53;3065.17,1015.2
1926	220020000	3	0	67945	0.1,455.1;215.12,2314.04;209.7,2334.79;234.01,2341.33;235.45,2335.5;244.51,2338.33;246.99,2328.48;237.88,2325.92;239.36,2320.26
1927	220020000	3	0	67949	446,458;360.26,2424.51;357.11,2428.27;356.77,2429.2;357.2,2429.82;361.29,2433.17;359.54,2435.02;372.46,2445.78;379.98,2437.03;366.54,2426.3;365.13,2428.29
1928	220020000	3	0	67951	0.1,460.1;362.36,2393.04;358.49,2405.91;373.26,2410.29;377.3,2397.41;362.33,2392.89
1929	220020000	3	0	67566	0.1,1000.1;2855.67,1586.36;2825.46,1612.66;2828.26,1669.44;2836.65,1686.51;2920.01,1810.15;2968.96,1848.48;3020.44,1852.39;3048.69,1775.46;3029.95,1683.43;2993.02,1580.21;2930.64,1576.57;2905.46,1581.33
1930	220020000	3	0	67953	0.1,100.1;2444.48,1833.82;2440.84,1837.19;2442.13,1838.95;2443.52,1840.62;2443.46,1844.2;2450.58,1851.7;2458.61,1844.1;2454.69,1840.24;2451.55,1836.44;2447.85,1836.66
1931	220020000	3	2	67891	0.1,1000.1;413.06,294.65;395.83,288.79;370.18,285.85;347.09,285.85;317.4,285.12;302.74,296.85;287.34,300.51;274.52,309.68;260.96,324.7;249.23,352.93;245.93,367.59;240.43,372.35;231.63,373.08;222.84,381.51;222.47,400.57;222.47,416.7;223.94,430.26;238.23,436.86;244.46,450.05;252.16,458.48;264.99,471.31;272.32,481.57;281.48,494.4;283.31,503.93;290.28,507.6;311.9,502.83;333.89,497.7;345.62,491.84;351.85,482.31;359.18,461.42;369.81,456.28;375.31,449.69;376.41,440.16;385.57,421.47;389.6,413.4;391.44,400.57;391.44,389.58;396.57,383.71;401.33,378.22;405.73,371.62;404.63,360.62;403.9,344.5;403.16,337.17;402.8,326.17;410.86,313.34;411.96,307.11;414.89,301.61
1932	220020000	3	3	67920	0.1,1000.1;24.44,44.48;63.05,1272.11;226.38,1306.51;239.78,1323.24;247.67,1325.33;271.81,1355.27;273.89,1359.18;288.09,1341.73;337.96,1416.82;614.72,1462.22;636.75,1514.39;886.09,1672.52;892.72,1667.28;1020.53,1668.2;1164.2,1636.96;1286.56,1558.84;1466.58,1312.09;1477.88,1264.87;1476.03,1092.78;1451.21,944.84;1278.5,815.31;986.41,802.61;709.56,718.79;691.78,525.76;642.67,530.13;630.91,509.97;737.86,331.67;793.39,306.08;902.25,148.22;903.67,95.51;690.9,73.76;337.91,49.02
1933	220020000	3	9	67970	0.2,1000.2;2389.27,902.09;2421.29,953.28;2408.92,981.9;2450.89,1064.14;2461.26,1077.58;2455.2,1087.04;2457.14,1103.78;2459.32,1120.76;2459.32,1135.32;2457.38,1151.57;2448.65,1164.18;2439.43,1173.16;2421.37,1181.06;2403.66,1190.04;2389.18,1200.76;2383.84,1210.7;2383.36,1222.35;2385.78,1232.29;2373.27,1253.38;2382.18,1262.3;2398.19,1279.28;2478,1296.02;2504.2,1296.32;2508.1,1318.77;2462.12,1521.29;2430.51,1650.18;2400.06,1608.99;2351.3,1621.12;2228.7,1663.42;2141.87,1642.27;2117.37,1576.28;2079.52,1487.01;2001.96,1337.99;1977.97,1252.4;1986.95,1133.05;2024.3,1102;2068.54,985.16;1959.44,1012.4;1916.21,954.2;1899.16,890.6;1895.42,787.5;1932.84,719.74;2019.3,644.08;2117.25,553.57;2188.34,597.21;2221.38,631.77;2225.12,675.42;2235.51,707.84;2240.5,753.16;2240.09,798.05;2380.19,902.99
1934	220020000	3	4	67891	0.1,1000.1;1445.91,372.52;1366.04,65.48;965.25,77.34;888.78,245.31;809.93,336.76;798.77,342.88;783.65,340.36;644.2,523.2;694.62,523.22;837.5,644.23;1044.8,727.48;1280.85,701.75;1409.47,556.37
1935	220020000	3	10	67592	0.1,1000.1;3051.91,2407.16;3026.35,2097.83;2805.14,2086.34;2786.62,2075.49;2618.71,2061.44;2528.05,1998.87;2459.97,2088.11;2303.29,2154.36;2282.95,2261.78;2310.95,2360.58;2314.59,2408.96;2548.9,2397.47;2741.19,2391.01;2856.23,2415.99;2936.41,2463.63;3010.78,2450.85
1936	220020000	3	0	67392	0.1,220.1;2819.55,1110.75;2820.6,1116.12;2818.24,1121.18;2813.51,1123.87;2808,1122.95;2804.12,1119.6;2803.27,1113.95;2798.08,1111.31;2799.98,1107.12;2805.11,1109.42;2810.37,1106.43;2815.68,1107.06
1937	220020000	3	5	67562	0.1,1000.1;2343.09,1702.21;2351.51,1743.43;2346.85,1775.07;2274.63,1688.43;2171.44,1774.84;2146.6,1785.49;2147.05,1811.79;2150.92,1815;2156.01,1841;2158,1843.44;2164.29,1841.38;2179.67,1838.84;2203.46,1845.59;2223.49,1844.81;2240.06,1852.09;2250.46,1863.48;2254.44,1874.88;2251.56,1887.38;2240.28,1893.13;2230.98,1899.22;2237.62,1911.5;2243.6,1925.33;2241.28,1952.09;2245.81,1973.11;2259.31,1986.94;2277.34,1987.27;2288.52,1982.73;2295.93,1984.74;2301.68,1990.93;2301.24,2003.33;2302.9,2020.81;2282.72,2058.01;2282.27,2077.09;2295.29,2090.37;2323.36,2098.08;2344.87,2101.91;2363.51,2105.55;2398.76,2101.75;2421.99,2091.35;2441.32,2086.42;2452.72,2071.7;2455.7,2057.43;2458.69,2039.5;2463.02,2019.81;2480.94,2021.47;2492.41,2024.15;2500.71,2025.37;2507.01,2016.96;2511.99,2003.57;2517.74,1993.17;2521.27,1991.2;2526.6,1980.4;2527.82,1973.65;2526.16,1965.9;2521.95,1960.04;2513.54,1957.61;2510.56,1955.17;2510.56,1950.3;2509.22,1942.39;2505.46,1935.86;2496.73,1921.61;2485.34,1903.59;2477.6,1879.72;2472.86,1858.86;2475.7,1846.06;2483.92,1838.63;2509.53,1836.41;2520.87,1840.92;2531.31,1846.29;2532.26,1859.57;2530.99,1881.33;2555.94,1892.01;2595.21,1922.4;2597.06,1908.18;2594.59,1884.07;2588.41,1876.03;2578.83,1866.76;2574.81,1855.94;2558.12,1847.91;2556.72,1845.61;2564.31,1787.29;2549.8,1764.33;2547.14,1754.74;2537.28,1746.74;2534.61,1733.95;2538.34,1727.02;2541.27,1722.76;2543.67,1704.37;2544.47,1694.51;2542.34,1685.71;2540.21,1682.25;2528.48,1672.39;2517.82,1666.79;2497.03,1667.59;2462.65,1672.39;2469.72,1620.65;2454.46,1636.44;2442.47,1653.23;2436.6,1660.96;2420.08,1668.15;2408.09,1639.64;2371.84,1649.77;2380.77,1659.58;2375.91,1692.93
1938	220020000	3	1	67899	0.1,1000.1;199.2,1748.89;74.88,2339.44;64.97,2590.94;415.27,2630.58;717.21,2823.39;744.48,2698.75;746.5,2691.61;756.34,2648.36;838.47,2571.77;862.32,2569.57;925.67,2489.36;898.73,2233.11;911.84,2205.6;884.24,2185.12;876.09,2176.16;878.63,2160.97;884.3,2156.18;885.53,2153.85;885.96,2148.03;879.46,2037.75;879.15,2032.31;864.72,1968.22;820.52,1861.59;745.21,1775.73;609.38,1683.41;575.25,1681.75;552.75,1684.03;535.68,1679.99;523.93,1681.46;517.76,1697.62;513.2,1688.03;507.19,1685.87;498.27,1682.88;493.67,1692.33;492.79,1672.36;492.5,1648.36;459.56,1649.07;337.13,1635.2;328.91,1640.75;321.36,1646.08;325.71,1658.44;308.61,1652.44;290.17,1660.43;251.09,1676.2;226.95,1685.15;218.41,1702.54;215.36,1706.81;212.31,1711.69;211.7,1717.48;216.58,1724.8;201.94,1737.3
1939	220020000	3	10	67523	0.1,1000.1;2863.58,853.32;2887.82,914.23;2950.51,934.04;3033.59,939.07;3055.18,916;3060.5,875.79;3056.36,826.41;3049.27,790.04;3026.2,780.88;2962.4,807.12;2940.24,819.62;2926.19,815.67;2916.1,800.97;2914.12,770.69;2909.52,756.86;2872.25,775.6;2861.72,822.52;2861.21,837.82
1940	220020000	3	0	67955	0.1,101.6;2474.32,1794.05;2471.77,1794.04;2473.07,1810.94;2484.57,1810.27;2482.95,1793.08;2480.76,1793.32;2479.87,1787.36;2474.8,1787.65;2474.03,1788.86
1941	220020000	3	30	67392	0.1,1000.1;-54.43,-130.16;-39.3,3163.92;3139.88,3155.09;3114.66,-86.02;48.69,-93.09;53.74,-98.14;3.29,-108.23
1942	220020000	3	0	67566	0.1,410.1;1711.04,2487.14;1680.96,2506.91;1676.74,2533.93;1674.34,2540.99;1658.93,2546.93;1648.14,2555.85;1642.52,2574.63;1591.36,2614.42;1585.74,2626.3;1595.53,2657.93;1602.27,2667.24;1607.04,2669.12;1621.97,2668.16;1631.44,2693.68;1613.62,2716.79;1594.68,2714.71;1592.76,2732.52;1605.29,2736.43;1610.22,2753.51;1604.26,2772.45;1574.54,2812.13;1545.4,2837.79;1550.17,2893.73;1590.55,2889.09;1623.79,2902.54;1625.73,2917.29;1637.07,2940.74;1665.89,2957.45;1644.18,2979.44;1639.94,3009.77;1646.12,3037.46;1662.55,3045.26;1694.64,3038.21;1720.99,2984.56;1740.39,2981.91;1753.08,3008.54;1788.68,3027.55;1822.73,3020.66;1842.79,2994.62;1843.84,2970.82;1823.91,2923.83;1770.66,2938.99;1760.26,2928.59;1809.63,2905.14;1820.92,2890.68;1821.27,2873.93;1798.7,2851.53;1780.54,2840.6;1750.1,2858.61;1732.47,2886.64;1700.38,2852.08;1686.08,2854.02;1657.69,2847.49;1641.64,2864.95;1633.88,2885.93;1595.27,2856.31;1676.05,2820.18;1725.42,2842.57;1760.98,2825.67;1781.79,2811.39;1829.24,2789.71;1874.46,2726.17;1872.05,2669.66;1877.51,2657.14;1881.33,2627;1909.74,2615.44;1927.56,2590.72;1930.77,2567.15;1908.42,2541.64;1877.64,2530.04;1848.9,2544.81;1843.77,2549.14;1842.32,2500.82;1823.75,2484.2;1784.67,2485.26;1766.21,2513.42;1763.96,2521.77;1742.14,2488
1943	220020000	3	0	67953	0.1,458.1;344.34,2312.55;342.54,2313.95;340.24,2320.98;341.96,2324.03;341.31,2327.13;341.87,2328.37;345.19,2328.97;346.16,2328.49;347.27,2325.87;350.5,2324.06;352.62,2317.12;351.75,2314.66;348.47,2312.66
1944	220020000	3	0	67945	0.1,113.1;2386.02,1711.99;2384.28,1717.47;2395.24,1720.15;2392.63,1730.24;2382.22,1727.13;2380.79,1732.74;2356.43,1726.45;2361.85,1705.64
1945	220020000	3	16	67592	0.1,1000.1;2850.02,2420.74;2924.39,2468.38;3006.89,2459.09;3043.5,2580.52;3055.7,2653.14;3056.28,2715.89;3053.95,2791.42;3039.86,3043.55;2954.45,3057.49;2768.53,3049.94;2648.84,3062.14;2611.07,3030.18;2587.25,2868.66;2577.38,2800.1;2632.57,2730.38;2618.05,2617.09;2640.58,2443.48;2680.67,2412.69;2738.19,2397;2823.6,2416.18
1946	220020000	3	2	67891	0.1,1000.1;127.16,267.52;149.15,314.43;156.11,346.32;149.15,363.55;124.59,465.44;73.28,458.11;45.79,352.92;44.69,295.38;77.68,268.99
1947	220020000	3	0	67392	0.1,1000.1;201.51,1665.08;215.47,1693.32;208.49,1700.3;206.13,1723.35;185.12,1727.19;154.89,1709.51;155.15,1674.42;177.7,1660.07;200.24,1665.45
1948	220020000	3	0	67392	0.1,1000.1;483.88,1626.36;493.47,1647.73;494.45,1682.13;508.45,1684.83;513.37,1688.03;517.3,1691.47;526.65,1679.49;548,1676.44;567.18,1630.29;549.49,1617.76;507.72,1615.79
1949	220020000	4	0	72876	429.23,579.23;155.65,2273.87;214.36,2221.46;289.49,2183.33;367.98,2198.65;420.38,2238.77;449.77,2277.25;472.4,2328.46;470.61,2401.57;436.25,2465.79;385.35,2506.11;326.43,2533.95;253.04,2539.44;197.54,2522.79;160.7,2478.35;137.23,2412.65;131.86,2347.02
1950	220020000	4	0	72877	20,220;1499.53,1145.35;1574.09,984.23;1680.99,972.27;1804.64,1039.24;1865.97,1091.94;1909.78,1148.76;1914.62,1203.12;1909.13,1280.56;1909.59,1351.05;1864.65,1447.87;1777.06,1498.13;1595.79,1499.5;1527.42,1442.87;1493.53,1379.87;1498.76,1307.16;1496.91,1246.05
1951	220020000	5	0	72878	189.47,231.77;2547.71,537.37;2544.57,545.4;2575.49,556.67;2578.48,558.08;2580.29,555.94;2580.82,550.9
1952	220020000	5	0	72879	229.76,249.76;1762.47,2140.88;1771.74,2155.95;1803.88,2141.55;1795.43,2124.28
1953	220020000	5	0	72880	171.74,186.74;2808.73,1112.44;2810.8,1111.28;2813.27,1111.49;2814.97,1112.94;2815.6,1115.28;2814.74,1117.42;2812.68,1118.67;2810.18,1118.31;2808.66,1117.12;2807.87,1114.63
1954	220020000	5	0	72881	236.2,256.2;1762.38,2141.33;1756.14,2145.47;1747.46,2166.19;1752.96,2170.7;1760.42,2171.77;1765.73,2167.02;1768.22,2150.75
1955	220020000	5	0	72882	225.31,265.87;2508.76,567.2;2504.89,575.71;2508.75,578.78;2553.42,611.72;2557.96,602.94;2514.67,570.51
1956	220020000	5	0	72883	183.84,202.23;2596.96,534.91;2594.16,531.32;2556.61,524.99;2552.43,530.9;2590.9,536.56
1957	220020000	5	0	72884	209.38,229.38;2569.24,242.48;2551.14,261.34;2560.95,270.02;2578.48,255.46;2575.63,246.2
1958	220020000	5	0	72885	202.37,227.37;2563.75,285.01;2551.69,291.52;2562.12,319.01;2576.07,312.57
1959	220020000	5	0	72886	183.3,221.32;2593.12,493.73;2596.33,504.12;2606.88,532.52;2614.14,530.07;2603.39,495.93
1960	220020000	5	0	72861	102.24,117.24;2325.79,842.51;2327.86,841.35;2330.33,841.56;2332.03,843.01;2332.66,845.35;2331.8,847.49;2329.74,848.74;2327.24,848.38;2325.72,847.19;2324.93,844.7
1961	220030000	2	9	71636	240,440;2202.84,878.54;2173.48,822.96;2098.27,787.81;1946.49,653.8;1918.89,547.26;1843.87,583.63;1805.42,619.72;1737.25,627.93;1695.62,655.02;1523.18,580.85;1423.14,584.31;1357.83,538.21;1303.15,544.53;1193.96,533.08;1181.95,643.04;1265.48,694.95;1327.44,764.22;1363.07,856.62;1402.82,918.46;1466.51,1050.93;1625.51,918.24;1737.16,886.26;1798.21,933.21;1864.56,954.59;2005.85,943.77
1962	220030000	2	4	71641	198.93,248.93;1614.48,1739.84;1589.23,1786.38;1581.32,1817.71;1594.71,1864.25;1650.37,1898.62;1712.42,1882.8;1752.57,1855.43;1765.35,1807.37;1758.05,1771.17;1712.42,1717.34;1681.4,1704.86;1629.08,1714.6
1963	220030000	2	8	71638	240,440;1368.08,458.24;1334.89,418.91;1216.02,436.71;1057.39,410.98;1087.06,185.46;1174.82,3.2;1886.42,3.18;1881.06,127.38;1691.46,367.68;1614.16,379.86;1578.41,418.59;1514.91,371.02
1964	220030000	2	11	71632	240,440;2199.82,880.23;2380.14,682.27;2395.27,603.54;2744.07,363.47;2707.05,156.44;1944.27,159.93;1963.18,406.42;1913.11,551.96;1941.15,655.87;2096.56,790.64;2171.01,825.76
1965	220030000	2	12	71629	240,440;2248.09,1016.41;2232.62,930.8;2198.45,879.21;2376.28,680.59;2392.23,600.81;2743.56,356.72;3053.14,312.12;3069.65,1294.31;2805.83,1226.6;2777.05,1008.55;2694.05,949.01;2625.52,916.82;2481.61,1006.43
1966	220030000	2	15	71633	240,440;1357.38,540.16;1366.5,456.33;1514.93,364.65;1578.92,412.38;1611.95,374.64;1688.81,363.06;1877.82,122.09;1948.12,161.33;1968.39,408.46;1917.9,553.36;1845.56,587.34;1807.66,623.29;1738.48,630.79;1695.62,658.21;1522.76,582.55;1422.86,586.66
1967	220030000	2	7	71637	240,440;1148.03,1025.85;1097.2,882.43;1183.13,638.34;1266.88,691.02;1328.74,759.86;1365.83,854.14;1405.11,916.45;1468.93,1047.2;1353.28,1082.57;1235.79,1060.97
1968	220030000	2	19	71594	240,440;1221.66,2338.75;1162.62,2743.92;1340.31,2877.45;1854.74,2917.28;1855.12,2573.43;1822.33,2448.01;1775.66,2356.91;1741.56,2327.57;1647.49,2327.09;1589.02,2275.64;1552.72,2264.43;1466.6,2280.03;1378.38,2222.52
1969	220030000	2	18	71596	240,440;1376.74,2225.29;1413.01,2097.31;1628.76,2077.33;1665.22,2046.11;1850.66,2012.52;1869.87,2148.64;1740.35,2330.92;1644.72,2330.29;1588.18,2278.51;1553.18,2267.55;1465.19,2282.97
1970	220030000	2	17	71597	240,440;1851.08,2916.42;1851.62,2573.54;1818.47,2448.94;1772.84,2360.11;1737.3,2328.95;1868.14,2144.72;2033.14,2138.59;2282.15,2374.2;2324.67,2407.65;2337.5,2489.96;2268.17,2601.09;2147.27,2700.73;2143.9,2955.68;2010.53,2982.47
1971	220030000	2	5	71639	10,440;1413.77,2100.53;1287.49,1973.65;1274.54,1589.84;1410.31,1598.72;1457.08,1570.17;1569.63,1554.92;1797.48,1554.86;1851.3,1446.42;1962.1,1438.04;2026.44,1479.88;2033.24,2143.03;1865.19,2149.44;1846.96,2018.74;1664.5,2050.51;1629.67,2080.59
1972	220030000	2	1	71724	299.53,399.53;2576.27,2443.91;2493.23,2423.52;2418.16,2481.69;2381.36,2578.15;2413.68,2664.17;2498.21,2703.44;2586.21,2689.03;2642.89,2616.43;2646.37,2522.96;2613.06,2466.78
1973	220030000	2	14	71631	240,440;3065.86,2121.85;2822.56,2137.11;2492.02,1988.01;2411.49,1857.36;2262.55,1817.39;2225.52,1769.82;2204.02,1654.54;2108.85,1591.57;2094.12,1486.85;2162.39,1335.37;2319.33,1406.38;2564.99,1324.11;2575.77,1262.94;2696.58,1190.65;3068.97,1284.94
1974	220030000	2	6	71635	240,440;1279.4,1596.17;1412.6,1605.02;1458.51,1574.98;1567.81,1559.1;1800.51,1559.51;1858.02,1445.03;1759.26,1436.14;1691.77,1411.24;1645.2,1297.14;1676.9,1226.97;1678.93,1071.67;1766.83,1037.85;1815.31,974.43;1803.86,932.55;1737.09,882.61;1624.87,915;1471,1041.98;1353.14,1077.67;1237.79,1056.83;1149.09,1022.07;911.9,1098.55;1022.7,1453.74
1975	220030000	2	16	71598	240,440;2138.52,2953.96;2142.27,2697.51;2264.96,2595.65;2331.67,2488.23;2319.57,2408.14;2278.24,2376.68;2030.58,2142.71;2264.1,1811.19;2417.27,1850.73;2498.1,1983.8;2825.24,2129.5;3064.77,2114.81;3064.31,3060.61;2619.41,3045.16
1976	220030000	2	3	71722	235.59,285.59;1778.13,1532.68;1748.86,1538.19;1704.95,1529.07;1674.83,1509.98;1695.62,1495.13;1717.68,1500.65;1743.77,1513.59;1772.2,1515.28
1977	220030000	2	13	71630	240,440;2161.19,1341.43;2249.86,1011.57;2480.12,1000.28;2624.49,910.85;2695.46,943.9;2782.66,1004.99;2812.7,1228.47;2697.04,1197.65;2580.24,1266.07;2569.5,1328.61;2318.99,1412.61
1978	220030000	2	10	71634	240,440;2256.85,1018.12;2240.33,928.52;2202.3,871.75;2004.44,938.51;1862.63,949.78;1798.38,928.48;1810.59,972.6;1763.4,1033.25;1672.42,1068.67;1670.72,1225.38;1638.72,1296.08;1685.87,1414.07;1758.32,1442.74;1852.73,1452.87;1963.95,1444.44;2024.66,1484.87;2096.68,1493.3;2167.56,1342.59
1979	220030000	2	2	71723	307.54,407.54;1369.17,455.4;1359.47,541.3;1302.66,547.07;1246.55,536.68;1266.41,429.77;1334.53,419.14
1980	220030000	3	10	67990	0.1,1000.1;1941.13,674.4;1933.49,668.39;1908.24,655.91;1894.9,655.23;1887.52,656;1883.33,658.49;1875.78,669.29;1843.6,628.21;1981.3,307.71;1846.07,243.69;1620.12,388.41;1564.65,440.77;1507.07,368.1;1390.1,455.14;1404.86,459.02;1425.52,480.35;1466.77,492.74;1458.11,544.06;1442.54,580.37;1516.02,591.53;1587.98,620.24;1660.82,652.14;1683.97,653.3;1729.87,692.61;1758.41,737.84;1823.02,763.68;1836.83,763.79;1848.94,800.76;1920.63,830.18;2029.75,785.49;2010.46,731.17;1983.69,704.4
1981	220030000	3	16	67523	290,1290;2557,2562.07;2553.15,2596.61;2534.17,2664.23;2497.77,2657.49;2472.4,2641.93;2452.95,2638.56;2450.36,2623.57;2442.59,2564.89;2455.44,2535.15;2486.95,2503.31;2498.03,2516.57;2516.07,2516.57;2533.46,2525.48;2541.93,2542.21
1982	220030000	3	6	67980	0.1,1000.1;1737.52,1440.52;1704.72,1495.28;1693.47,1496.11;1677.07,1507.99;1680.78,1512.41;1670.85,1519.35;1659.13,1522.8;1653.39,1528.18;1635.78,1549.79;1491.33,1568.58;1460.59,1578.62;1380.28,1613.22;1310.02,1538.56;1281.89,1416.42;1334.06,1343.44;1400.9,1223.07;1401.65,1097.94;949.79,1007.29;1040.07,617.79;1289.56,584.81;1453.83,650.74;1516.92,613.02;1587.8,625.59;1690.07,669.82;1724.16,696.14;1731.82,735.86;1765.8,748.31;1803.13,761.71;1829.94,781.33;1847.17,803.83;1895.51,833.98;1884.98,844.03;1917.52,876.1;1913.69,897.15;2017.61,935.34;2028.27,1151.79;2008.82,1269.74;1975.57,1408.39;1889.31,1471.62;1785.89,1440.06
1983	220030000	3	5	67891	0.1,1000.1;1924.83,903.14;1807.19,971.9;1765.76,1033.72;1660.98,1080.04;1673.11,1138.87;1672.3,1154.79;1666.14,1175.26;1655.21,1190.96;1658.59,1214.21;1646.66,1248.59;1625.96,1274.89;1641.06,1307.08;1672.64,1328.09;1662.4,1389.1;1676.15,1429.37;1728.56,1444.8;1728.86,1446.12;1735.13,1439.08;1745.5,1436.16;1817.21,1440.63;1827.61,1372.13;1844.7,1292.05;1867.65,1231.9;1896.27,1171.69;1901.71,1157.39;1936.09,1157.19;1968.88,1135.53;1986.2,1073.49;1973.09,1018.05;1971.29,969.67;1931.15,944.43;1928.67,913.53
1984	220030000	3	16	68006	0.1,1000.1;1849.51,2189.11;1821.17,2218.88;1814.22,2219.41;1780.18,2252.74;1768.41,2262.19;1690.46,2310.44;1642.87,2314.36;1611.33,2293.33;1596.67,2288.07;1589.9,2288.78;1540.1,2328.4;1505.35,2306.48;1370.16,2250.99;1472.65,2079.35;1622.99,2076.27;1687.51,2028.51;1693.49,2028.98;1718.44,2022.75;1738.58,2019.54;1756.58,2015.97;1785.46,2014.19;1808.45,2012.77;1832.67,2023.32;1851.74,2089.27;1851.23,2174.88
1985	220030000	3	17	68009	0.1,1000.1;1595.91,2289.82;1546.08,2334.57;1433.2,2342.19;1369.13,2349.31;1315.09,2350.72;1287.13,2639.54;1468.65,2710.72;1634.42,2740.72;1775.41,2743.9;1824.73,2666.61;1843.04,2552.2;1817.61,2465.76;1774.9,2384.41;1663.03,2327.46;1614.22,2303.05
1986	220030000	3	3	67392	0.1,1000.1;1717.15,1700.74;1713.34,1706.63;1725.9,1713.97;1729.16,1708.1;1717.32,1700.94
1987	220030000	3	9	67945	0.1,270.1;1779.01,681.43;1772.18,694.81;1787.63,703.23;1789.65,699.38;1797.01,703.47;1800.48,697.51;1793.02,693.46;1794.94,689.76;1779.44,681.43
1988	220030000	3	12	67891	0.1,1000.1;1587.77,403.35;1568.14,426.92;1531.16,387.21;1539.99,376.83;1523.84,348.22;1494.81,358.23;1427.01,404.11;1337.03,452.33;1293.43,387.07;1270.57,328.31;1280.33,239.69;1293.07,127.83;1341.29,55.33;1486.61,56.56;1670.29,103.71;1802.3,173.93;1882.84,207.64;1810.76,248.08;1737.98,280.52;1695.74,307.26;1629.47,349.18;1594.47,383.21;1594.47,382.48
1989	220030000	3	2	67979	247,1247;1779.44,1847.9;1769.63,1875.59;1758.85,1890.2;1745.07,1904.27;1737.07,1914.95;1728.29,1917.59;1718.4,1920.99;1710.38,1925.13;1703.22,1928.63;1691.89,1932.6;1676.19,1934.63;1666.91,1933.6;1652.92,1934.86;1644.55,1939.56;1636.85,1938.18;1627.65,1934.96;1619.64,1932.01;1611.64,1929.53;1598.71,1924.7;1591.07,1918.45;1579.02,1908.97;1567.89,1899.31;1559.79,1889.74;1555.28,1884.87;1543.68,1871.6;1537.24,1850.43;1535.23,1805.02;1536.61,1794.9;1538.82,1788.37;1550.86,1754.14;1579.2,1720.38;1587.84,1713.55;1627.22,1694.51;1673.68,1690.91;1680.95,1693.4;1688.31,1698;1699.9,1701.86;1709.43,1704.61;1726.54,1714.64;1735.1,1723.65;1745.86,1733.4;1751.23,1735.81;1758.77,1739.4;1765.31,1750.25;1780.6,1782.1;1782.72,1803.35;1783.92,1817.43;1783.69,1831.42;1781.3,1841.72;1780.17,1845.85
1990	220030000	3	7	67582	0.1,1000.1;1391.89,1148.64;1394.35,1222.98;1359.64,1280.33;1336.68,1329.15;1285.72,1353.76;1202.68,1404.58;1149.75,1392.27;1121.94,1352.15;1104.95,1273.87;1070.89,1123.84;1137.85,1051.72;1348.66,1090.6;1385.06,1138.6
1991	220030000	3	14	67998	0.1,1000.1;2521.66,1961.05;2471.88,1939.69;2384.96,1841.03;2340,1691.94;2363.08,1610.89;2454.4,1517.44;2494.06,1487.08;2543.76,1466.47;2642.48,1433.86;2762.97,1319.02;2962.96,1321.15;3032.11,1412.64;3025.73,1765.82;2935.3,1881.78;2624.67,1987.1;2561.9,1971.14;2554.46,1971.14
1992	220030000	3	1	67951	0.06,263.06;1747.62,1831.12;1744.43,1843.86;1759.23,1847.82;1762.43,1835.08;1747.91,1831.34
1993	220030000	3	4	67974	0.1,1000.1;1787.66,1548.98;1755.69,1537.75;1727,1543.97;1510.77,1568.92;1377.28,1621.85;1341.06,1582.55;1275.27,1517.19;1253.63,1416.07;1194.45,1480.54;991.55,1627.42;1012.23,1993.82;1267.45,2396.01;1466.78,2068.9;1618.17,2069.73;1687.73,2023.36;1736.24,2013.05;1738.39,2010.24;1734.4,1996.13;1756.82,1993.69;1757.79,2010.4;1807.54,2010.35;1834.45,2010.69;1871.73,2099.92;1903.6,2099.6;1927.82,2081.76;2026.77,2006.95;2016.57,1864.5;2011.47,1808.41;2008.26,1527.06;1807.81,1474.29
1994	220030000	3	1	67945	0.1,265.1;1606.2,1805.76;1629.38,1815.45;1631.44,1809.84;1641.47,1814.31;1645.31,1804.76;1635.12,1800.87;1637.44,1795.31;1614.36,1785.77;1606.19,1805.4
1995	220030000	3	19	67392	0.1,1000.1;2920.86,3126.67;3273.42,1265.62;3333.53,34.77;686.96,-279.48;122.66,-52.67;-10.76,1625.75;-77.25,3017.12
1996	220030000	3	1	67949	0.1,267.1;1627.99,1900.46;1626.69,1900.86;1623.61,1904.62;1621.6,1903.37;1611.45,1916.6;1620.52,1923.31;1630.32,1909.85;1628.39,1908.42;1630.99,1904.04;1630.9,1902.38;1627.95,1900.51
1997	220030000	3	17	68003	0.1,1000.1;2307.42,2438.49;2294.64,2457.17;2236.64,2548.52;2231.91,2624.14;2186.39,2732.55;2250.42,2801.98;2343.32,2869.56;2610.5,2874.68;2755.61,2688.6;2760.73,2484.59;2618.18,2450.44;2560.13,2426.54;2522.76,2409.75;2458.42,2450.97;2420.41,2479.37;2412.69,2479.37;2380.4,2484.28
1998	220030000	3	1	67955	0.1,277.1;1551.4,1855.45;1550.98,1866.66;1567.93,1867.21;1567.84,1864.74;1573.11,1864.4;1573.99,1863.69;1574.16,1860.05;1573.16,1859.26;1568.26,1858.59;1568.18,1856.08;1551.99,1855.41
1999	220030000	3	0	67392	0.1,255.1;1597.4,1718.72;1611.07,1731.23;1607.41,1734.27;1609.2,1736.15;1621.35,1735.25;1637.44,1754.02;1616.79,1773.14;1605.53,1761.53;1598.65,1749.64;1583.01,1730.96;1596.6,1718.72
2000	220030000	3	1	67953	0.1,262.1;1745.32,1775.67;1744.96,1778.31;1745.97,1779.54;1749.02,1780.44;1750.88,1783.12;1758.11,1784.23;1759.98,1783.29;1761.84,1779.95;1761.4,1775.5;1759.01,1773.59;1752.45,1772.77;1749.48,1774.9;1746.6,1774.8;1745.3,1775.67
2001	220030000	3	1	67454	0.1,263.1;1732.98,1858.92;1728.98,1861.67;1728.98,1862.54;1731.87,1866.62;1729.97,1868.04;1736.91,1878.22;1744.65,1872.84;1743.47,1871.28;1747.36,1867.96;1744.96,1864.07;1740.19,1866.13;1737.56,1862.77;1736.79,1863.31;1733.36,1858.84
2002	220030000	3	15	67891	0.1,1000.1;1856.08,2180.05;1883.17,2146.75;1911.11,2100.18;2028.38,2015.43;2010.18,2189.37;2143.38,2287.01;2224.03,2231;2178.28,2139.11;2250.48,2019.39;2447.04,1930.4;2470.94,1944.03;2501.76,1985.42;2651.94,2117.45;2742.5,2265.98;2775.1,2395.41;2744.09,2457.13;2584.19,2422.24;2537.49,2406.01;2502.21,2373.05;2467.07,2386.2;2440.15,2370.19;2383.66,2366.14;2368.18,2369.31;2301.88,2430.45;2261.1,2480.96;2220.62,2567.1;2076.43,2794.23;1895.24,2790.99;1862.8,2637.6;1862.8,2531.49;1839.63,2480.98;1764.15,2284.77;1837.41,2240.02
2003	220030000	3	11	67582	0.1,1000.1;1461.63,494.09;1454.28,538.97;1433.94,571.17;1368.84,568.69;1298.9,566.74;1240.49,567.36;1243.11,421.73;1288.56,411.98;1355.3,465.99;1373.29,479.28;1402.64,460.61;1425.39,482.05;1459.44,494.45
2004	220030000	3	16	67392	0.1,330.1;1451.49,2534.19;1453.1,2539.59;1457.22,2542.88;1462.8,2543.3;1467.36,2539.5;1473.82,2542.16;1475.62,2537.77;1469.07,2535.64;1467.96,2529.32;1463.81,2526.2;1458.18,2525.84;1453.55,2528.88
2005	220030000	3	16	67582	0.2,1000.2;1775.85,2610.65;1763.43,2596.41;1775.31,2519.42;1743.38,2454.49;1663.43,2443.6;1673.2,2567.7;1663.44,2641.85;1668.59,2678.21;1668.29,2684.88;1738.28,2682.76;1759.19,2682.76
2006	220030000	3	1	67947	0.1,270.1;1658.87,1752;1671.47,1757.75;1675.29,1749.15;1662.36,1743.6;1658.78,1751.92
2007	220030000	3	3	67392	0.1,1000.1;1687.4,1933.29;1685.07,1933.92;1686.92,1940.22;1701.46,1936.23;1699.39,1930.16;1692.24,1932.79;1687.69,1933.24
2008	220030000	3	8	67993	0.1,1000.1;1877.29,663.99;1848.72,628.48;1973.25,356.84;1990.15,332.58;2280.64,324.72;2393.56,416.03;2593.02,658.04;2809.29,710.79;2891.76,1036.13;2667.67,1298.61;2161.08,1418.19;2154.27,773.7;2028.47,725.97;1916.55,654.9;1885.89,652.5
2009	220030000	4	0	72887	200,440;2407.38,1604.5;2428.38,1561.13;2452.01,1525.88;2493.63,1485.13;2553.26,1459.75;2636.63,1455.25;2696.26,1468.88;2751.51,1506;2784.13,1549.38;2802.26,1589.25;2817.63,1652.5;2808.51,1725;2783.13,1774.75;2730.76,1833.63;2672.76,1864.38;2634.76,1873.38;2577.76,1871.63;2536.13,1858.88;2484.51,1831.75;2452.01,1801.88;2423.01,1763;2408.01,1722.5;2401.13,1673.38;2401.76,1639.88
2010	220030000	4	0	72888	240,440;1397.01,1772.64;1391.52,1727.95;1440.86,1669.35;1480.94,1631.01;1527.38,1612.71;1596.35,1616;1666.4,1593.59;1731.22,1587.28;1807.4,1568.61;1902.23,1650.4;1922.57,1726.24;1923.85,1799.46;1888.74,1981.36;1816.64,1989.13;1756.05,1994.32;1688.11,2005.51;1635.2,2015.4;1584.97,2027.17;1551.83,2028.45;1493.24,2031.59;1447.21,2001.01;1426.1,1908.74
2011	220030000	5	0	72889	300.27,310.27;1457.47,2531.65;1457.51,2537.5;1463.48,2537.5;1463.48,2531.62
2012	220040000	2	15	71620	0.1,1000.1;1649.12,-13.33;2244.07,-3.08;2233.12,252.97;2410.67,396.91;2500.84,516.59;2476.19,666.62;2384.87,708.54;2315.9,869.05;2226.76,886.86;2196.81,976.48;2136.66,1044.79;2140.02,1090.95;2197.46,1136.44;2149.95,1200.38;2150.21,1329.87;2143.58,1402.25;2102.72,1489.07;2026.04,1489.37;1994.33,1423.92;1989.22,1384.75;1961.95,1365.09;1789.61,1395.88;1819.65,1324.8;1819.65,1273.81;1847.33,1221.36;1844.41,1132.49;1809.45,1069.84;1777.4,1043.62;1780.31,1020.31;1838.59,966.4;1881.64,919.74;1769.46,842.52;1779.69,786.84;1814.94,771.51;1801.15,688.74;1732.17,720.92;1511.33,668.22;1620.28,339.26;1672.08,87.68
2013	220040000	2	14	71622	0.2,1000.2;2239.06,-3.91;2225.36,256.38;2401.74,401.94;2494.21,520.09;2471.95,667.36;2379.48,705.04;2310.98,864.29;2220.22,881.42;2191.11,975.6;2131.17,1044.1;2131.17,1093.76;2191.11,1138.28;2232.28,1130.08;2254.13,1102.26;2287.26,1091.11;2336.12,1023.61;2405.62,1000.78;2457.17,998.83;2501.29,1023.61;2557,1031.7;2595.24,997.86;2586.68,977.31;2615.79,915.67;2550.72,920.8;2526.75,912.24;2525.03,879.7;2542.16,847.17;2581.54,838.61;2579.83,768.4;2648.33,718.74;2648.33,607.43;2828.13,460.16;3080.65,596.12;3077.84,-4.04
2014	220040000	2	11	71638	0.1,1000.1;1712.47,1595.31;1662.92,1710.41;1717.38,1763.22;1849.03,1739.75;1968.98,1803.1;2038.55,1843.97;2104.73,1876.46;2101.3,2036.66;2143.16,2120.54;2266.75,2176.21;2342.57,2120.65;2399.01,1932.24;2599.13,1782.56;2538.63,1713.43;2497.74,1688.68;2466.53,1692.98;2452,1683.84;2434.24,1655.32;2436.74,1629.33;2484.92,1601.4;2497.22,1530.65;2500.73,1410.55;2488.61,1395.05;2477.31,1392.36;2448.79,1393.43;2420.88,1416.11;2399.89,1448.93;2354.81,1417.88;2332.09,1413.42;2285.06,1468.17;2173.48,1517.22;2120.3,1493.36;2028.53,1501.63;1991.12,1424.89;1987.05,1385.37;1958.27,1369.04;1845.93,1396.52
2015	220040000	2	14	71636	0.1,1000.1;556.89,3070.42;356.47,2878.06;331.95,2783.06;385.25,2702.49;445.23,2665.05;563.68,2552.57;572.12,2528.27;606.29,2495.68;867.44,2514.18;1006.43,2623.77;1026.88,2752.08;951.16,2937.3;857.76,3076.71
2016	220040000	2	9	71655	0.2,1000.2;2145.28,1200.45;2193.38,1133.26;2231.55,1128.68;2252.93,1099.67;2284.23,1089.75;2334.62,1021.03;2405.63,996.6;2459.84,996.6;2502.59,1021.03;2557.56,1030.19;2591.92,1057.68;2587.34,1112.65;2569.78,1132.5;2515.57,1134.03;2475.87,1121.05;2452.96,1118.76;2436.17,1149.3;2405.63,1168.38;2408.68,1192.82;2429.3,1214.19;2473.58,1235.57;2507.17,1269.16;2465.18,1339.4;2436.93,1322.61;2421.66,1336.35;2420.13,1366.89;2413.26,1389.03;2392.65,1398.19;2368.22,1394.37;2359.82,1377.58;2330.81,1378.34;2336.15,1411.94;2285.76,1472.25;2171.24,1519.59;2122.38,1498.21;2117.8,1453.16;2141.46,1402.77
2017	220040000	2	16	71656	0.1,1000.1;-6.97,1690.3;150.92,1576.82;441.21,1581.92;526.09,1525.85;745.06,1539.09;749.87,1492.64;759.72,1450.25;776.55,1441.04;787.98,1422.95;768.29,1393.1;785.76,1342.61;810.84,1324.2;845.88,1328.46;1108.46,1479.29;1281.95,1776.24;1262.75,2148.82;1151.01,2433.01;1049.64,2476.31;866.49,2511.86;608,2495.06;571.3,2530.46;562.84,2551.72;442.86,2663.6;384.04,2700.98;328.51,2780;-3.97,2760.62
2018	220040000	2	10	71634	0.1,1000.1;786.33,1343.88;772.82,1376.76;769.88,1394.37;789.85,1423.15;776.34,1441.94;759.9,1450.16;750.51,1494.2;746.98,1541.17;782.22,1579.34;836.58,1721.24;842.7,1757.84;956.58,1799.3;991.25,1842.4;1024.42,1892.85;1172.87,1906.93;1282.79,1775.81;1107.11,1480.54;847.26,1330.21;809.73,1327.19
2019	220040000	2	12	71618	0.1,1000.1;688.4,-7.45;756.38,50.34;714.75,129.34;646.29,189.02;648.04,287.32;711.24,411.95;792.12,407.78;876.13,392.73;894.58,412.15;891.34,492.29;923.98,539.19;944.36,720.53;883.52,788.29;806.08,893.38;991.19,1069.57;1114.31,1084.32;1207.76,1317.6;1283.09,1421.05;1394.14,1523.89;1469.6,1597.27;1535.5,1647.05;1601.44,1643.04;1646.57,1614.31;1719.02,1482.7;1748.1,1430.28;1793.21,1396.84;1820.53,1328.35;1826.36,1268.6;1848.89,1218.72;1850.55,1135.81;1811.85,1067.03;1781.55,1044.04;1787.23,1018.62;1854,958.79;1889.65,920;1833.48,882.12;1774.35,838.96;1790.02,790.32;1820.55,771.82;1811.74,676.87;1736.21,711.12;1519.12,665.78;1547.88,556.88;1625.03,340.52;1681.74,82.94;1670.16,-0.71
2020	220040000	2	9	71621	0.2,370.2;285.29,230.85;248.06,262.12;226.91,309.37;226.16,371.23;237.65,396.21;252.36,416.04;308.82,449.28;307.18,461.68;320.88,463.38;323.22,451.81;354.75,452.53;383.2,441.44;411.77,419.78;434.34,387.53;445.25,359.07;446.5,347.44;459.34,351.2;463.57,338.2;446.34,332.24;446.91,324.68;441.49,301.39;458.09,289.64;448.85,277.89;434.98,283.56;422.34,266.28;407.59,247.09;383.07,231.86;360.91,222.97;342.99,218.97;316.5,222.61
2021	220040000	2	10	71624	0.1,1000.1;2594.17,996.57;2555.13,1030.17;2587.33,1056.56;2584.17,1110.32;2567.31,1130.35;2518.82,1130.35;2479.82,1119.81;2450.31,1116.64;2435.55,1144.05;2401.82,1166.18;2406.04,1193.59;2428.17,1216.78;2470.33,1235.75;2503.01,1268.43;2479.82,1310.59;2464.01,1336.94;2434.49,1316.91;2418.68,1335.89;2417.63,1365.4;2412.36,1385.43;2393.39,1395.97;2368.09,1391.75;2360.71,1373.83;2328.03,1374.89;2333.31,1414.94;2357.55,1420.21;2400.76,1450.78;2421.85,1418.1;2449.25,1393.86;2475.6,1393.86;2488.25,1398.08;2498.79,1411.78;2495.63,1528.78;2481.93,1599.4;2458.74,1614.16;2435.55,1628.91;2432.39,1654.21;2451.36,1686.89;2466.12,1695.32;2498.79,1692.16;2536.74,1714.29;2555.71,1738.54;2598.57,1784.42;2649.52,1791.24;2677.98,1739.59;2749.66,1741.7;2780.23,1710.08;2807.63,1700.59;2885.44,1653.88;2960.54,1657.94;2962.4,1631.15;2975.8,1590.21;2954.33,1577.56;2928.52,1535.84;2921.72,1491.67;2907.95,1463.39;2877.43,1451.48;2877.73,1412.79;2900.5,1374.06;2852.49,1371.83;2827.53,1335.95;2817.3,1311.95;2826.07,1294.04;2830.63,1280.89;2788.66,1239.97;2780.54,1218.59;2740.78,1161.97;2748.6,1150.37;2778.81,1136.75;2846.75,1124.96;2870.39,1104.91;2843.88,1073.39;2818.17,1075.53;2798.14,1067.1;2781.28,1039.7;2803.41,940.61;2817.12,915.32;2827.66,863.67;2812.9,856.29;2783.39,876.32;2766.52,904.78;2668.5,938.51;2635.82,966.97;2626.33,996.48
2022	220040000	2	10	71641	0.1,1000.1;-14.73,-20.05;-2.11,790.01;81.76,698.92;166.06,777.77;239.64,720.35;322.39,770.93;392.88,802.32;383.19,897.81;416.95,1004.49;563.66,1089.08;671.75,1013.46;708.56,911.03;746.51,910.5;811.95,894.1;952.6,721.12;935.38,532.26;899.69,489.97;902.33,409.34;878.4,386.25;716.67,407.4;657.36,284.13;648.92,194.54;721.98,136.67;768.47,52.78;705.36,-0.65
2023	220040000	2	16	71619	0.1,1000.1;3074.25,580.03;2824.57,453.04;2745.71,521.47;2640.57,603.9;2643.49,711.4;2573.89,770.52;2580.84,834.47;2538.77,840.32;2518.95,872.23;2524.2,912.55;2551.71,924.9;2608.97,919.05;2580.34,974.56;2593.93,1009.16;2630.01,1000.85;2639.69,966.97;2673.53,940.65;2743.47,919.06;2770.13,908.12;2790.98,879.41;2812.52,864.71;2825.51,867.79;2813.54,910.51;2800.21,940.59;2780.73,1013.39;2776.97,1040.4;2795.26,1071.02;2823.28,1079.91;2844.81,1074.6;2868.19,1104.71;2845.87,1122.19;2778.92,1135.58;2745.94,1147.76;2738.13,1162.27;2755.62,1189.8;2778.31,1219.19;2784.51,1243.7;2828.41,1280.9;2824.69,1293.92;2815.63,1310.36;2827.34,1337;2852.35,1374.13;2897.97,1374.81;2876.52,1412.6;2875.5,1453.27;2906.74,1464.61;2920.18,1491.48;2927.19,1536.9;2953.21,1579.02;2972.72,1590.41;2961.18,1631.56;2958.7,1659.19;2970.96,1693.28;2980.45,1714.59;3071.75,1730.58
2024	220040000	2	14	71635	0.1,1000.1;3073.36,2071.48;2833.93,2023.18;2802.87,2086.48;2807.16,2156.98;2720.78,2152.25;2730.83,2246.44;2653.14,2345.82;2576.26,2388.16;2533.37,2473.72;2483.21,2495.4;2408.54,2487.67;2314,2536.19;2306.75,2579.74;2265.16,2652.29;2256.54,2719.97;2203.06,2789.49;2050.49,2860.43;2009.11,3079.2;3075.59,3069.87
2025	220040000	2	16	71639	0.1,1000.1;1330.02,3076.69;1281.51,2675.12;1242.48,2468.54;1449.71,1779.03;1660.63,1716.02;1718.08,1761.18;1851.16,1736.25;2109.48,1876.65;2099.45,1994.66;2028.73,2021.38;1933.55,2145.16;1896.4,2295.34;1831.17,2484.22;1764.88,2608.49;1759.87,2873.11;1753.7,3082.96
2026	220040000	2	11	71623	0.1,1000.1;-5.17,780.35;-9.51,1701.32;150.49,1581.72;442.09,1586.26;525.24,1529.06;626.6,1527.1;746.95,1542.09;750.4,1493.8;760.72,1449.55;776.9,1440.8;788.94,1422.73;769.1,1392.61;773,1376.66;786.82,1342.64;810.21,1324.92;845.7,1328.38;1104.28,1482.51;1138.52,1403.27;1209.84,1315.17;1113.88,1084.72;990.21,1073.11;809.48,900.63;748.4,912.23;706.62,911.35;668.21,1010.72;564.62,1086.48;419.5,1001.5;385.9,896.14;397.83,798.59;323.69,765.74;237.99,712.41;165.16,769.63;82.06,693.68
2027	220040000	2	12	71637	0.2,1000.2;2598.56,1782.12;2539.08,1826.5;2399.42,1929.31;2338.75,2116.55;2267.39,2172.58;2145.83,2117;2102.83,2035.49;2106.39,1990.62;2028.61,2018.9;1929.7,2144.35;1891.4,2296.77;1830.42,2477.95;1758.09,2608.22;1746.58,3085.54;2010.81,3085.44;2053.14,2862.55;2203.76,2790.14;2259.29,2721.01;2267.37,2652.77;2307.58,2579.82;2316.46,2537.49;2408.93,2488.89;2483.19,2497.62;2535.77,2474.63;2577.73,2389.9;2654.69,2345.58;2732.24,2247.59;2723.28,2153.96;2809.34,2158.25;2803.95,2086.28;2886.24,1920.64;2820.34,1752.79;2749.27,1740;2676.16,1738.55;2648.68,1790.05
2028	220040000	3	0	67947	501,1501;2312.5,1250.75;2307.75,1240.75;2292.88,1246;2296.13,1259.25;2302.38,1263.88;2310.75,1262;2314,1256.88
2029	220040000	3	0	67949	0.1,270.1;309.38,441.5;307.01,460.88;320.76,463;323.38,444.25;321.13,443;321.13,437;314.51,436.25;312.13,442.75
2030	220040000	3	0	67945	0.1,270.1;286,267.12;307.75,254.25;320.88,279.25;316,282.75;318.63,289.88;309,296.38;304.25,288.25;300.13,290.75
2031	220040000	3	0	67454	0.1,270.1;246.25,406.88;253.88,414.51;259.88,415.63;263.75,411.01;261.88,406.88;267.13,398.13;260,392.88;257.88,396.63;253.38,395.63
2032	220040000	3	12	67582	0.1,1000.1;2046.88,3066.25;2065.26,2885.63;2150.38,2838.25;2221.5,2784;2246.38,2707.25;2304,2578.13;2316.13,2537.38;2390.88,2498;2406.5,2484.38;2451.25,2467.5;2490.88,2473.63;2534.25,2483.13;2576.63,2396.25;2636.26,2352.75;2744.76,2237;2773.88,2155.75;2806.01,2071.63;2825.26,2039.38;2895,2046;2911.76,2032.5;3045.76,2065.5;3063.26,2348.75;3059.63,3064.38;2082.63,3060.63
2033	220040000	3	5	68023	0.1,1000.1;-26.25,768;-4.5,3031.38;681.75,3094.63;1315.75,3044.13;1158.13,1419.5;1205.13,1382;1027.25,1119.25;994.13,1071.25;966.25,1067.63;909.25,997;901.13,982;895.13,973.63;876.5,967;861.5,949.25;827.5,928;776.13,922.13;730.63,920.5;692.5,949.88;683.63,1002.13;688,1035.88;686.63,1058.88;674.38,1076.5;636.25,1103.38;609.38,1128.38;568.75,1171.38;570.63,1140.13;550.13,1123.5;534.5,1097.88;516.38,1082.75;490,1075.38;466.13,1087.13;443.5,1073;412.75,1060.75;361.13,1072;377.75,986.88;372.88,952.25;369,937.5;359.63,924.88;362.13,883.75;357.75,861.25;342.63,837.88;318.63,798.25;285.88,766.88;231.63,760.13;164.13,844.13;127.88,812.88;97.13,764.5
2034	220040000	3	1	68035	0.1,1000.1;666.38,2442.38;611.88,2493.51;555.63,2546.01;549.51,2550.13;445.01,2646.26;324.38,2839.38;365.01,2945.01;524.88,3057.63;671.51,3069.01;844.76,3043.51;943.13,2962.13;1053.88,2693.38;1029.01,2641.38;935.76,2558.13;911.01,2400.01;777.76,2482.38
2035	220040000	3	10	67891	0.23,1000.23;2897.13,2036.38;2894.38,1848.25;2787.63,1802.25;2689.5,1796.13;2586.75,1822.38;2493,1875.25;2427.5,1920.5;2403.38,1953.88;2394,1996.88;2361.75,2042.13;2345.5,2116.25;2335.13,2143;2357.38,2156.88;2338.63,2258.88;2375.88,2263.5;2390.75,2264;2521.25,2326;2585.38,2323.75;2638,2324.25;2648.38,2317.38;2686.13,2269.13;2710.88,2238.25;2714.75,2227.88;2708.88,2164.13;2768,2145.25;2811.63,2026.25;2859.38,2032.38;2864,2033.5
2036	220040000	3	2	67392	0.1,1000.1;617.62,2488;555.62,2545.88;475.87,2532.75;491.5,2492.63;534.37,2464.25
2037	220040000	3	1	67891	0.1,1000.1;2595.62,1087;2584.62,1057.38;2573.12,1036.5;2538.87,1026.63;2511.25,1021.88;2488.75,1025.13;2471.75,1008.88;2453.25,1003;2437.12,1003;2420.5,1002.25;2399.62,994.75;2390.12,1002.25;2343,1022.25;2332.37,1033.63;2315.25,1058.25;2302.37,1071.25;2281.25,1090.75;2263.87,1102.75;2252.5,1111.25;2227.62,1126.13;2178.37,1183.25;2144.25,1231;2143.25,1281.25;2158.75,1300.75;2170.37,1314;2176.12,1343;2174.25,1367.38;2174.25,1387.88;2180.87,1399.25;2229,1407.88;2240.37,1420.5;2283,1434.75;2295.62,1432.88;2296.25,1403.75;2296.87,1394.38;2314.25,1378.88;2333.5,1372.88;2355.87,1377.63;2370.12,1387.38;2387.37,1400.38;2415.75,1385.25;2420.87,1368.13;2419.87,1343.25;2432.87,1331.63;2447.62,1340.38;2454.87,1360.63;2470.37,1362.13;2470.75,1345.63;2483.37,1308.13;2493.87,1277.13;2491.62,1249.38;2475.5,1229.5;2442.37,1217.25;2421.62,1198.63;2411.5,1185.63;2409.87,1169.63;2423.12,1153.75;2437.62,1150.38;2446.87,1135.13;2441.5,1121;2466.75,1118.13;2484,1117.88;2522.62,1128.5;2555.75,1115;2575,1097.63
2038	220040000	3	9	68053	0.1,1000.1;3056.5,1750.88;2946.88,1871.25;2820.63,1790.88;2587.25,1788.63;2397.75,1925.5;2338.5,2113;2244.5,2190.88;2186.38,2157.88;2133.88,2136.38;2090.38,2038.25;2081.13,1898.25;1920.13,1801.25;1726,1815.88;1671.88,1807;1641.13,1720;1700.13,1636.38;1810.13,1421.13;1844.38,1257.25;1849.75,1179.63;1854.63,1129.5;1850.38,1094.75;1836.63,1077.13;1818.75,1069.63;1828.75,1038.5;1852.63,1008.25;1870.38,970.63;1880.25,938.63;1897.63,925.13;1870.5,889;1857.5,882.63;1844.63,881.75;1807,862.88;1789.63,850.25;1784,841.25;1789.63,829.25;1789,809.13;1785.88,796.5;1789.5,789;1801,784.13;1821.5,791.38;1838.88,780.63;1835.38,751.88;1818.63,719.63;1818.25,681.75;1796,651.38;1688.5,725.25;1641.13,686.13;1593,654.13;1592.63,624.25;1597.25,608.5;1608.38,569.5;1658.13,510;1646.13,471.75;1640,429.5;1640.75,401.75;1655.88,381.5;1701.38,355;1677.13,310.38;1676,273;1677.13,247.75;1703,201;1698,109.88;1751,-1;2017.63,-98.75;2362,-118.63;2686.63,-145.13;2926.63,-83.88;3135.88,5.13;3134.25,1699.13
2039	220040000	3	11	67707	0.1,1000.1;1552.38,1710.88;1340.26,1977.76;1289.01,2413.88;1359.13,2769.63;1366.01,2957.76;1884.26,3048.38;2033.76,3046.38;2058.25,2860.88;2216.38,2782.88;2258.25,2663.13;2314.13,2537.88;2406.75,2482.88;2449,2467.88;2452.13,2467.38;2534.88,2480;2574.38,2394.25;2628.88,2357.38;2581.01,2354.01;2526.26,2340.38;2478.38,2338.63;2345.01,2270.26;2269.76,2242.88;2227.01,2208.63;2170.51,2194.88;2093.51,2124.76;2081.51,2070.13;2062.76,1998.26;2049.13,1943.51;2030.26,1911.01;1910.51,1849.38;1872.26,1826.13;1844.63,1816.38;1721.63,1820;1690.51,1819.01;1669.88,1814.88;1633.38,1782.76;1601.01,1733.13
2040	220040000	3	0	67955	0.1,270.1;433.62,287.5;449.25,277.38;451.75,277.63;459.12,290.13;441,300.5;439.25,298.75;434.37,301.38;430.25,294.5;434.75,290.75
2041	220040000	3	0	67953	0.1,270.1;452.38,333.38;463.38,337.88;457.88,352.01;447.76,346.76;446.13,343.13;443.38,341.51;445.38,335.51;449.01,335.51
2042	220040000	3	1	68072	0.1,1000.1;808.76,1333.53;800.05,1335.77;789.58,1342.32;778.52,1375.06;771.53,1389.18;771.68,1392.67;773.71,1397.04;789.73,1418.5;790.11,1427.83;783.45,1436.39;748.81,1472.74;738.92,1471.98;737.96,1479.59;753.38,1509.09;752.81,1512.52;759.85,1522.79;778.31,1524.89;796.12,1562.43;820.27,1566.6;853.58,1555.37;859.09,1550.05;868.04,1543.57;877.36,1544.15;885.36,1541.67;901.81,1537.75;935.43,1493.37;940.23,1481;941.13,1464.64;939.24,1453;934.14,1450.67;928.76,1450.67;910.86,1456.05;902.45,1426.64;903.03,1420.24;897.35,1415.58;880.03,1416.89;875.67,1409.03;868.97,1398.7;860.97,1395.06;855.59,1397.54;849.04,1404.81;842.05,1401.47;851.95,1389.82;853.11,1383.57;853.55,1374.54;856.9,1372.65;862.13,1371.63;863.59,1367.85;862.43,1366.98;861.41,1363.92;859.8,1356.39;856.3,1352.02;848.28,1348;843.33,1342.04;836.2,1341.89;827.53,1333.97
2043	220040000	3	6	68039	0.1,1000.1;781.25,29;751.88,144.5;696.13,207.63;686.75,252;710.75,349.38;737.88,383.75;787.13,397.75;851.75,377.13;890.13,477.5;904.88,543.88;916.75,577.88;918.13,639;927.88,699.63;856.75,901.25;840.63,909.5;837.5,921;839.75,935.5;849.63,941.13;860.75,947.38;876.63,966.38;894.38,972.5;901.38,981.25;909.63,996.38;931,996.88;961.88,1040.25;987.13,1062.88;1040.88,1072.13;1092.75,1082;1120.25,1081.5;1136.75,1059.88;1139.38,1046.75;1135.75,1033.25;1154.25,1018;1177.13,1002.25;1191.88,1000.13;1218.5,997.5;1272.25,1048.63;1283,987;1260.75,940;1319.5,909.88;1404.13,869;1495.63,866.13;1580.75,1130.63;1691.38,1144;1755.63,1124.75;1781.13,1031.13;1817.75,1068.5;1826.25,1037.13;1851.88,1007.5;1868.88,970.88;1879.88,938.13;1896.13,926;1886,913.75;1870,891.38;1858,884.63;1843.25,883.38;1806.38,864.88;1789.25,850.13;1783.13,840.5;1789,829;1788.38,809.5;1784.88,796.38;1788.63,788.13;1801.5,782.5;1820.75,790.25;1837.25,780.38;1834,752.13;1816.75,721.38;1817.25,687.13;1722.75,733.88;1686,728.5;1628.13,680;1590.38,652.38;1591.88,621;1607.75,566.38;1617.63,544.5;1626,526.88;1637.38,525.13;1646.5,513.25;1658.63,517.25;1653.5,508.88;1637.75,438.38;1622.63,398.13;1650.25,388.5;1674.75,270.63;1630,27.88
2044	220040000	3	2	68014	0.1,1000.1;481.12,318.62;471.25,289.12;397.25,201.75;319.12,188;260.87,206.5;204.37,281.5;201.75,356.75;217.37,390.25;223.38,409.75;227.63,416.88;256.25,438.88;264.25,455;274.25,468.63;330.75,474.88;340.37,465.62;345.88,461.38;371.75,465.13;369.88,458.63;385.25,445.87;404.63,432.25;416.13,432;472.88,368.38;485.88,333.25
2045	220040000	3	7	67582	0.1,1000.1;1115.88,1092.75;1213.01,1329.63;1310.13,1452.75;1519.76,1648;1612.26,1666.75;1674.63,1625.13;1805.13,1427.38;1828.51,1326.63;1841.26,1233;1850.01,1100.63;1790.13,1050.75;1774.88,1114.5;1758.38,1130.63;1741.76,1149;1730.38,1155.88;1707.51,1153;1682.13,1152.5;1576.76,1140.5;1541.88,1073.63;1526.88,999.25;1497.13,873;1462.63,868.88;1403.13,876;1320.13,917.5;1170.13,1022.13;1160.63,1028.25;1144.13,1057
2046	220040000	3	3	68011	0.1,1000.1;27.5,33.25;32.75,714.88;85.38,741.25;118.63,761.5;148.88,812.63;190.5,726.75;245.25,649.63;281.5,689.63;295.88,722.63;356,858.25;409.25,892.75;412,937.13;452.5,972.5;463.13,996.63;480,1021.38;534.5,1009.5;541.75,1024.75;552.5,1027;575.13,1011.88;571.75,969.75;591.38,947.25;654.38,907.38;674.13,855;697.63,832;742,863.38;777.5,879.13;811.13,856.13;834.5,844;855.88,785;888.38,740;895.13,694.5;892.38,565.88;850.75,473.75;782.75,428.75;623.88,516.5;616.5,491.25;638,464.25;654.88,424.5;654,380.63;633,360.25;631.5,327.88;645,300.38;635,287.5;617.63,266.5;609.13,244.63;582.75,216.75;575.75,193.38;547.88,135;745.13,30.5
2047	220040000	3	20	67392	0.1,10000.1;3401.13,-310.13;3368.25,3432.88;463.88,3409.88;-462.38,3426;-413.13,-455.25
2048	220040000	3	0	67951	0.1,270.1;383.38,237.5;376.38,254.75;386.63,259.75;392.13,260.5;397.76,244.13
2049	220040000	3	0	67947	0.1,270.1;242.25,355.75;228.13,360.75;231.75,371;245.88,366.38;245,362.5;247.63,362.25;246,356.63;243.13,357.75
2050	220040000	4	0	72890	122.18,454.48;619.74,2518.89;671.02,2538.3;707.28,2557.95;801.73,2594.33;854.34,2551.23;923.36,2569.98;955.3,2643.58;987.63,2682.95;974.27,2732.16;935.19,2754.03;874.01,2744.38;885.99,2827.12;863.27,2937.7;794.28,3012.88;701.8,3047.04;618.28,3037.76;566.76,2992.24;546.91,2930.15;567.68,2878.17;543.42,2844.72;471.58,2875.33;419.59,2857.88;399.03,2816.91;427.41,2771.6;489.11,2715.32;552.71,2647.89;569.85,2573.02;597.91,2527.78
2051	220040000	4	0	72891	89.74,434.74;180.94,117.8;84.22,245.24;92.65,458.74;141.35,575.8;270.56,651.69;487.32,634.47;606.75,513.05;621.73,314.53;535.84,90.11;358.74,68.74
2052	220040000	5	0	72892	432.56,472.56;2641.97,1642.05;2637.44,1648.2;2639.56,1655.21;2648.93,1654.83;2652.56,1647.16;2649.38,1642.06
2053	220040000	5	0	72893	408.32,433.32;2565.47,1591.08;2561.76,1596.74;2565.07,1603.5;2573.2,1602.84;2576.35,1597;2572.51,1590.8
2054	220040000	5	0	72894	323.77,386.25;501.71,2208.34;491.9,2213.42;494.44,2218.49;497.35,2223.96;507.89,2218.33
2055	220050000	2	6	71740	1,401;1174.73,1341.77;1180.49,1332.84;1168.88,1319.79;1164.46,1287.98;1180.32,1266.41;1202.35,1257.56;1209.1,1237.65;1211.37,1207.25;1247.2,1171.7;1277.66,1163.49;1319.11,1117.1;1355.11,1026.37;1430.8,905.16;1445.86,669.41;1470.94,659.68;1489.1,637.75;1489.13,609.95;1482.62,603.28;1484.94,589.42;1484.78,564.81;1470.04,551.52;1469.65,540.88;1497.62,536.58;1512.12,520.72;1521.2,499.77;1544.55,487.51;1582.1,480.48;1594.63,448;1630.88,429.79;1690.83,455.06;1689.98,472.44;1696.58,488.65;1706.4,498.87;1704.85,510.44;1709.02,525.93;1734.58,537.04;1756.89,541.02;1767.49,538.71;1777.38,544.23;1833.39,497.37;1837.79,484.89;1854.87,483.69;1863.28,496.24;1872.77,498.67;1886.04,495.58;1920.25,505.28;2003.02,517.06;2078.08,526.58;2110.21,565.33;2116.81,621.94;2163.41,649.04;2194.21,673.45;2203,772.19;2253.31,957.54;2218.52,1137.74;2184.04,1249.54;2163.39,1370.25;2090.62,1473.68;2016.25,1465.29;1940.98,1485.39;1911.42,1550.42;1919.96,1683.3;1769.36,1650.06;1715.47,1552.75;1674.71,1527.74;1655.53,1522.51;1614.22,1540.76;1589.73,1568.87;1584.87,1590.32;1566.16,1598.65;1528.82,1592.92;1508.81,1587.65;1479.8,1573.28;1465.63,1556.15;1459.96,1524.87;1455.62,1512.12;1439.94,1495.15;1430.82,1471.7;1409.39,1452.95;1388.52,1453.93;1376.22,1469.04;1354.13,1476.48;1342.56,1475.6;1301.4,1448.43;1281.33,1445.02;1254.71,1444.08;1237.98,1423.19;1237.81,1406.44;1231.43,1382.38;1218.6,1360.45;1188.59,1349.92
2056	220050000	2	11	71748	1,401;70.33,618.91;2.84,625.18;0.98,1664.58;43.21,1661.89;66.57,1675.49;98.86,1674.28;127.22,1659.68;155.71,1631.79;170.74,1626.15;198.94,1624.21;239.04,1641.34;311.92,1642.77;382.33,1650.62;450.59,1639.38;463.89,1624.14;479.38,1620.56;489.92,1638.37;503.31,1641;511.95,1646.7;567.73,1648.01;593.14,1634.96;600.13,1611.25;592.26,1600.37;578.46,1600.34;574.77,1590.23;580.8,1577.8;590.9,1565.85;587.89,1548.07;604.21,1533.98;604.5,1526.5;569.46,1495.62;526.85,1478.77;523.56,1468.08;536.03,1452.87;532.88,1438.21;525.07,1425.33;510.82,1424.24;470.16,1431.62;465.48,1418.79;471.37,1402.48;483.29,1382.86;498.14,1342.95;497.17,1320.3;511.13,1303.12;514.07,1274.95;510.11,1256.64;509.83,1239.93;537.85,1192.17;540.12,1177.28;544.05,1165.08;551.88,1137.72;553.13,1108.04;552.82,1081.17;548.97,1075.33;542.46,1071.61;539.95,1064.28;541.15,1044.59;524.37,977.95;533.26,971.94;537.07,964.35;533.32,951.8;527.36,942.94;518.38,907.78;567.33,873;579.91,838.21;511.53,803.25;476.83,764.89;467.6,753.1;455.2,743.33;430.78,740.99;408.96,741.93;417.46,709.31;405.63,702.39;404.66,694.97;399.15,687.35;392.55,687.04;384.93,693.57;378.56,687.62;369.48,680.92;358.1,677.72;351.4,659.99;341.99,660.53;334.39,666.6;324.43,669.49;317.56,668.59;308.33,662.16;287.6,654.29;264.12,654.59;261.39,650.07;261.69,641.31;235.12,615.28;216.17,606.47;200.76,608.17
2057	220050000	2	7	71741	1,401;894.69,1329.09;914.84,1014.32;938.59,1022.13;958.84,1041.01;978.25,1039.32;982.43,1032.02;985.17,1001.21;994.27,990.14;994.47,976.45;990.5,974.15;992.07,968.19;995.52,958.99;993.01,947.39;984.97,942.9;971.33,926.64;959.16,912.34;952.56,896.45;944.17,880.84;943.34,871.03;948.57,856.86;942.38,831.97;948.29,817.37;958.75,813.04;985.79,811.7;999.59,807.35;1007.55,801.3;1023.19,801.92;1046.79,815.33;1060.68,810.47;1085.22,828.39;1135.13,828.95;1151.35,802.28;1147.31,745.13;1146.44,683.87;1192.13,637.89;1251.01,626.01;1299.34,610.99;1374.72,620.73;1449.98,666.59;1434.82,905.89;1357.91,1030.08;1322.42,1118.92;1279.83,1167.02;1250.1,1174.97;1215.2,1209.31;1212.79,1239.04;1204.22,1260.82;1181.96,1268.94;1167.82,1290.03;1173.16,1315.99;1185.2,1332.75;1178.93,1342.45;1171.1,1339.01;1130.82,1295.14;1109.69,1294.15;973.25,1344.68;967.7,1342.09;950.27,1329.49;935.13,1331.44;917.89,1329.85;900.84,1331.55
2058	220050000	2	6	71738	1,401;2268.03,2851.18;2278.89,2812.38;2284.96,2700.63;2548.02,2619.43;2696.95,2576.36;2812.1,2553.63;2910.16,2560.98;3022.14,2581.96;3028.58,3067.88;2267.21,3070.06;2256.22,2891.44
2059	220050000	2	13	71750	1,401;6.63,2433.67;6.55,3066.97;968.59,3070.44;924.02,2929.6;939.76,2862.15;974.83,2761.81;1006.57,2709.11;1004.69,2677.06;997.39,2622.03;974.37,2601.83;954.21,2596.61;924.62,2617.17;887.37,2663.87;823.25,2702.58;767.46,2735.34;719.27,2715.17;687.02,2659.88;635.5,2622.48;649.57,2548.62;633.37,2526.6;625.21,2501.55;590.45,2522.03;460.63,2631.8;442.4,2654.5;408.05,2652.09;402.3,2627.69;385.6,2606.56;384.25,2597.91;350.63,2540.56;332.55,2516.19;317.91,2491.55;279.46,2464.54;237.16,2470.76;177.59,2507.41;152.47,2486.65;128.48,2454.85;93.46,2433.23
2060	220050000	2	12	71749	1,401;44.01,1660.68;2.67,1662.7;10,2437.18;94.03,2434.87;128.06,2455.93;152.14,2487.06;177.15,2508.15;237.14,2471.34;279.25,2465.48;317.76,2492.4;331.33,2517.16;350.03,2541.78;364.66,2567.37;383.3,2598.33;384.99,2607.13;400.9,2628.22;406.08,2653.49;443.13,2656;461.67,2633.11;591.34,2523.28;624.77,2503.34;632.08,2526.83;650.07,2550.8;656.33,2548.71;662.72,2534.88;655.07,2526.95;655.51,2511.82;644.83,2484.22;643.64,2468.92;636.3,2460.98;637.86,2437.4;642.23,2431.99;652.99,2430.35;676.67,2422.08;680.78,2431.04;692.36,2429.4;701.17,2426.89;708.91,2436.33;718.75,2437.52;722.79,2436.88;731.05,2413.66;755.06,2394.11;771.87,2377.66;775.71,2360;781.76,2359.35;787.97,2373.9;798.38,2377.75;811.16,2372.83;829.75,2370.11;828.91,2346.2;832.58,2342.59;848.41,2340.1;861.04,2316.12;853.73,2298.92;876.74,2282.8;917.95,2302.36;921.66,2300.4;924.62,2292.16;930.47,2244.2;886.81,2215.94;879.6,2198.49;858.33,2188.23;835.84,2144.01;835.6,2129.24;823.54,2113.3;825.02,2098.05;817.13,2066.03;828.91,2048.95;854.14,2045.61;869.3,2025.22;862.01,1961.44;848.1,1921.17;803.24,1885.65;788.71,1855.84;787.99,1829.48;767.76,1819.84;760.86,1795.15;766.48,1774.91;788.39,1736.08;782.35,1706.25;802.07,1675.07;801.45,1670.51;765.34,1673.22;741.09,1665.9;731.98,1653.25;734.09,1635.31;725.72,1610.81;705.54,1594.39;695.49,1589.53;683.97,1575.44;671.06,1552.04;663.42,1526.49;646.75,1516.87;635.53,1518.75;619.6,1530.93;602.04,1529.76;603.14,1533.89;587.14,1547.06;589.67,1565.52;579.85,1577.13;573.69,1589.89;577.92,1601.29;592.02,1600.97;599.26,1611.36;591.71,1634.02;567.46,1646.12;511.62,1644.41;503.68,1639.42;490.4,1637.15;480.08,1618.99;462.88,1622.49;450.18,1637.29;382.13,1648.52;311.83,1640.61;239.32,1639.18;199.61,1622.5;170.21,1623.82;153.83,1630.08;125.68,1658.37;98.75,1671.66;66.27,1673.44
2061	220050000	2	2	71742	1,401;692.32,785.94;688.19,795.56;688.76,808.05;687.51,815.27;670.11,824.96;665.05,830.22;645.37,825.27;576.69,839.56;565.41,870.67;516.91,907.93;525.88,943.47;532.12,952.18;535.89,963.91;532.46,970.34;522.95,977.19;540.43,1044.91;539.05,1064.63;541.89,1072.24;548.44,1076.02;551.46,1081.45;551.5,1108.06;549.97,1137.39;542.46,1164.57;538.38,1177.02;536.24,1191.66;507.9,1239.6;508.91,1257.35;512.7,1274.87;509.24,1301.74;495.2,1319.27;495.6,1341.97;481.12,1381.52;469.51,1400.85;462.75,1418.58;468.37,1433.85;511.29,1426.46;523.68,1427.92;530.06,1439.04;532.89,1452.8;520.31,1467.29;524.23,1480.87;568.16,1499.03;601.62,1530.9;619.87,1532.09;635.96,1519.61;646.29,1517.75;662.96,1527.15;670.14,1552.59;683.02,1575.98;694.65,1590.45;704.97,1595.81;724.52,1611.53;732.9,1635.57;730.73,1653.41;740.03,1667.13;765.19,1674.89;806.12,1672.02;850.34,1627.95;898.94,1591.59;907.41,1577.28;917.53,1576.28;934.06,1566.25;940.36,1556.65;933.93,1537.62;925.11,1531.42;918.17,1524.22;914.98,1512.4;930.16,1476.49;937.84,1439.82;937.57,1433.33;951.56,1419.02;959.23,1401.02;953.75,1376.95;942.52,1363.42;937.71,1346.68;916.31,1350.78;904.94,1355.07;901,1352.62;896.98,1346.83;895.65,1337.07;898.07,1325.16;918.34,1007.38;893.71,995.46;846.99,989.16;832.52,963.33;821.97,935.36;816.6,900.01;793.3,894.43;735.46,865.66;721.76,853.69;721.22,830.22;723.12,810.4;708.86,795.12
2062	220050000	2	1	71747	1,401;977.62,2555.17;971.66,2433.33;981.45,2346.35;1011.8,2346.14;1054.88,2325.37;1093.79,2242.39;1150.43,2209.01;1225.67,2171.09;1254,2187.18;1285.48,2256.16;1295.96,2303.13;1336.75,2375.05;1413.38,2389.59;1439.22,2425.19;1469.22,2454.42;1531.59,2473.81;1545.71,2495.46;1542.2,2673.88;1481.14,2767.29;1443.73,2784.68;1384.57,2837.63;1263.35,2866.18;1181.82,2854.07;995.93,2711.02
2063	220050000	2	9	71685	1,401;1590.14,266.13;1611.9,254.89;1617.71,241.68;1618.62,230.07;1636.6,224.38;1642.18,209.01;1641.16,202.75;1632.81,194.5;1632.22,182.14;1626.08,176.21;1599.77,179.19;1596.25,5.24;2271.43,2.41;2283.56,287.55;2241.28,347.9;2204.69,403.42;2195.99,469.76;2203.31,480.52;2251.19,486.53;2273.64,519.1;2291,596.78;2274.73,631.49;2192.35,674.24;2162.78,650.79;2115.46,622.56;2109.03,565.98;2077.56,528.05;1920.49,507.11;1885.5,497.03;1871.9,499.98;1861.85,496.69;1853.44,485.08;1838.41,486.27;1834.84,498.77;1778.14,545.76;1767.36,540.17;1756.88,542.32;1734.39,538.42;1708.11,526.75;1703.89,510.39;1705.3,498.95;1695.18,489.01;1688.85,472.62;1688.99,456.01;1628.92,431.99
2064	220050000	2	10	71733	1,401;2.94,626.41;199.97,609.48;216.03,607.76;234.67,616.27;260.97,641.37;260.77,650.29;263.67,655.69;287.52,655.06;308.26,662.95;311.37,666.06;317.18,669.38;324.65,670.41;335.43,667.3;342.8,661.69;350.69,661.13;357.63,678.41;368.97,681.9;378.12,688.76;384.7,695.05;392.13,688.9;398.85,688.62;403.99,695.05;404.99,702.91;416.72,709.77;408.25,742.35;431.6,741.67;455.05,744;466.85,753.53;475.34,764.6;510.11,805;579.7,841.55;646.23,826.96;665.73,832.38;671.05,825.92;688.13,815.85;689.71,808.52;689.48,795.8;693.17,787.83;655.17,753.74;612.89,596.01;609.4,592.52;604.38,564.62;610.51,540.62;608.42,525.97;621.31,512.09;638.86,510.61;646.52,505.99;664.9,507.01;671.3,508.52;761.05,423.09;751.87,410.58;747.52,392.75;754.65,372.25;767.59,357.92;795.6,334.32;837.75,325.21;876.31,298.76;900.76,289.31;913.53,264.47;927.61,254.97;980.83,274.03;1011.9,244.42;1068.63,152.49;1069.28,17.49;5.02,28.44
2065	220050000	2	5	71737	1,401;1514.5,2812;1611.01,2728.63;1685.29,2683.86;1863.55,2711.35;2002.81,2711.06;2141.69,2663.08;2289.59,2705.13;2283.09,2811.57;2259.11,2890.3;2269.51,3069.77;1512.95,3069.1
2066	220050000	2	5	71739	1,401;968.23,1340.5;1109.31,1286.15;1133.73,1287.54;1174.2,1332.32;1191.97,1345.22;1221.78,1356.8;1236.77,1381.29;1243.21,1407.68;1242.47,1422.04;1256.63,1440.43;1281.21,1441.77;1302.58,1444.84;1343.81,1472.13;1354.3,1473.27;1374.27,1466.31;1387.84,1450.57;1411.34,1449.58;1434.28,1469.45;1442.68,1493.54;1458.18,1510.2;1462.93,1523.5;1468.59,1555.54;1480.94,1571.17;1509.66,1584.85;1529.12,1589.95;1565.56,1595.68;1582.61,1588.35;1586.6,1567.31;1611.94,1537.34;1655.5,1518.26;1675.52,1524.15;1718.42,1550.66;1771.76,1647.71;1920.5,1680.32;1945.87,1829.2;1901,1845.04;1868.61,1885.38;1842.25,1997.9;1781.62,2051.12;1531.89,1931.64;1520.21,1923.94;1402.3,1809.6;1378.12,1808.96;1357.13,1800.61;1232.38,1829.35;1228.82,1821.41;1205.26,1797.25;1157.16,1804.61;1115.54,1805.3;1104.4,1806.94;1097.84,1818.64;1094.13,1826.07;1076.64,1819.07;1066.02,1783.85;1066.59,1759.14;1043.08,1739.97;1040.8,1700.57;1048.74,1691.29;1048.06,1663.85;1016.87,1585.53;1017.61,1563.11;997.57,1553.09;977.77,1530.87;963.25,1524.3;939.33,1529.98;933.59,1539.7;924.86,1532.93;916.92,1524.63;913.77,1512.32;929.08,1475.76;936.69,1440.07;936.25,1433.33;950.39,1418.42;957.73,1401.29;952.17,1377.83;941.48,1364.36;936.7,1348.13;916.53,1351.95;904.52,1356.54;899.99,1353.86;895.78,1347.58;893.71,1337.21;896.39,1330.55;918.06,1328.53;935.31,1330.02;950.69,1328.14;959.76,1334.96
2067	220050000	2	3	71735	1,401;909.76,2302.84;949.62,2353.21;1012.43,2355.07;1059.2,2333.55;1076.79,2307.55;1082.24,2278.82;1098,2245.31;1164.22,2211.29;1224.81,2178.24;1249.94,2192.19;1273.89,2240.1;1292.69,2304.35;1315.45,2348.84;1376.75,2388.26;1389.51,2388.24;1413.89,2387.02;1484.23,2445.88;1505.63,2460.8;1513.54,2470.02;1526.36,2474.45;1544.36,2483.11;1567.01,2481.82;1602.71,2448.93;1710.55,2395.67;1749.31,2243.41;1752.53,2135.21;1785.39,2049.87;1530.97,1928.34;1529.21,2040.51;1477.49,2121.24;1453.06,2141.33;1420.16,2135.62;1335.54,2129.88;1240.84,2066.98;1209.35,2006.22;1220.31,1993.22;1239.77,1985.19;1251.46,1975.99;1251.24,1970.04;1245.72,1966.03;1241.61,1944.27;1238.68,1919.47;1235.33,1895.65;1243.99,1870.97;1244.52,1861.95;1242.5,1849.48;1229.59,1833.53;1231.68,1821.37;1205.64,1795.88;1157.19,1802.59;1114.34,1803.23;1103.95,1805.09;1096.4,1816.58;1093.55,1824.13;1078.34,1818.99;1067.73,1783.76;1068.06,1758.16;1044.89,1739.71;1042.43,1701.22;1050.34,1692.35;1050.1,1662.84;1019,1584.51;1019.27,1562.01;998.26,1552.12;978.75,1528.26;963.29,1522.3;938.7,1528.98;932.55,1537.74;938.74,1556.67;932.81,1565.75;917.91,1574.85;906.48,1575.58;897.59,1590.28;849.79,1626.27;802.95,1670.61;780.68,1705.95;786.37,1735.6;765.16,1774.23;759.05,1795.01;766.43,1821.35;786.75,1830.93;787.1,1856.32;802.22,1886.74;846.59,1922.09;860.61,1962.05;868.36,2025.16;852.89,2044.7;828.33,2047.94;815.58,2065.92;823.73,2098.13;821.64,2113.8;834.18,2129.51;834.49,2144.14;857.38,2189.4;878.64,2199.75;885.61,2217.18;928.69,2245.35;922.91,2291.9;919.6,2299.17
2068	220050000	2	1	71743	0,400;2994.26,1434.03;2968.43,1157.83;2809.46,952.17;2473.65,968.06;2269.98,1291.96;2230.24,1474.77;2295.81,1577.1;2409.07,1710.23;2441.86,1826.47;2537.24,1788.72;2594.86,1813.56;2683.29,1706.26;2757.8,1629.76;2942.6,1487.68
2069	220050000	2	4	71736	1,401;647.81,2548.92;634.04,2622.44;685.8,2661.05;717.97,2716.12;767.72,2737.36;887.97,2664.73;925.42,2618.79;954.26,2598.24;973.46,2603.9;995.42,2623.13;1002.12,2677.63;1004.12,2708.58;972.82,2760.36;937.75,2861.58;921.49,2929.76;965.94,3070.86;1516.41,3068.64;1520.08,2812.69;1490.06,2799.31;1471.63,2770.52;1485.74,2727.51;1540.85,2672.35;1522.31,2566.34;1509.96,2532.55;1524.45,2507.79;1545,2481.95;1526.81,2473.12;1514.28,2469.04;1506.61,2459.96;1484.92,2444.46;1414.31,2385.22;1389.23,2386.98;1338.61,2373.04;1298.76,2303.09;1287.53,2256.31;1255.59,2185.11;1225.21,2168.49;1140.32,2210.6;1091.4,2241.32;1066.56,2285.58;1052.7,2323.36;1010.5,2343.29;978.83,2337.14;951.54,2335.17;916.97,2300.45;876.84,2281.05;852.03,2298.08;859.92,2316.14;847.67,2338.66;831.21,2341.75;827.44,2346.18;828.95,2368.71;810.71,2371.61;798.19,2376.51;788.9,2372.95;782.89,2357.63;774.22,2358.9;770.54,2375.99;753.58,2392.76;728.92,2412.51;719.64,2435.38;709.16,2433.96;702.23,2424.64;691.89,2427.68;681.33,2429.42;677.14,2420.45;652.57,2428.98;641.24,2430.73;636.35,2436.7;634.76,2461.54;642.17,2469.91;643.46,2484.23;654.14,2512.02;653.76,2527.63;661.08,2535.34;655.4,2548.03
2070	220050000	2	8	71746	1,401;1628.61,430.9;1589.75,266.57;1610.7,255.36;1617.23,242.31;1618.02,230.64;1635.56,225.28;1641.44,209.35;1639.99,202.41;1631.59,194.09;1631.33,181.66;1624.65,175.05;1598.35,178.2;1596.18,4.53;1064.5,5.56;1064.7,151.05;1007.4,242.08;977.72,271.25;925.31,252.46;909.58,263.46;897.7,287.67;872.61,297.9;835.49,322.97;792.44,331.51;764.16,355.66;751.3,371.08;743.53,392.59;748.74,411.49;754.14,420.27;663.19,505.82;643.42,505.23;636.88,509;618.7,510.84;604.88,525.25;607.23,540.59;600.72,564.34;605.81,598.05;648.14,758;687.4,788.83;705.83,797.75;718.93,810.42;717.1,829.78;718.09,854.85;733.16,868.35;790.38,896.14;813.09,901.54;818.68,935.18;829.52,964.38;844.07,990.37;891.97,997.72;911.5,1015.55;936.61,1023.5;957.25,1042.21;977.46,1040.2;981.57,1032.65;984.34,1001.36;993.11,990.45;993.58,975.58;989.79,973.98;991.02,968.42;994.65,959.17;991.82,946.44;983.85,942.32;957.8,911.97;951.53,895.89;943.02,880.33;942.41,871.14;947.89,856.88;941.76,832.13;947.29,818.21;957.08,813.95;983.91,813.16;998.46,808.72;1005.89,802.74;1021.33,803.06;1044.61,816.34;1058.57,811.63;1083.13,829.32;1133.88,829.79;1150.46,802.48;1146.56,745.08;1145.66,684.55;1191.08,639.02;1249.63,627.21;1297.44,612.6;1373.05,621.71;1448.89,667.39;1469.94,660.58;1488.17,638.29;1488.01,609.95;1481.4,603.04;1483.89,589.59;1483.71,564.36;1468.67,551.13;1468.36,541.29;1496.27,537.5;1511.15,521.08;1520.29,500.6;1543.05,488.43;1581.29,481.18;1593.65,449.08
2071	220050000	2	2	71744	1,401;3032.03,2601.51;3048.4,12.41;2269.94,5.03;2280.76,284.41;2202.4,403.67;2193.16,468.66;2202.4,484.17;2249.3,488.98;2271.46,520;2288.81,596.44;2271.46,629.68;2188.6,672.52;2199.32,772.85;2249.73,956.3;2214.83,1138.47;2181.88,1249.53;2160.18,1368.12;2088.54,1470.48;2014.59,1463.31;1939.39,1485.16;1909.37,1550.26;1917.19,1682.51;1943.43,1828.18;1898.73,1844.85;1867.67,1884.65;1840.16,1996.05;1778.11,2049.05;1748.07,2137.42;1746.44,2242.8;1705.06,2393.33;1600.86,2443;1564.66,2480.12;1541.15,2481.84;1523.42,2505.39;1506.34,2532.24;1519.23,2568.06;1539.05,2671.94;1484.19,2728.15;1469.78,2771.41;1488.77,2802;1519.75,2814.83;1614.94,2738.21;1686.3,2691.97;1860.93,2718.89;2004.29,2720.26;2145.27,2676.25;2286.59,2714.76;2812.27,2559.97;2909.39,2567.77
2072	220050000	2	1	71745	1,221;257.96,2210.77;235.94,2204.78;207.2,2224.26;198.05,2237.67;190.58,2281.4;178.12,2319.97;142.21,2325.01;110.65,2349.05;115.38,2376.34;141.05,2405.59;133.47,2425.48;113.44,2427.7;114.03,2449.63;127.08,2458.53;151.12,2488.5;177.29,2510.46;237.09,2473.47;277.33,2467.6;315.14,2493.13;329.78,2517.4;349.03,2542.52;381.94,2598.94;383.57,2608.09;399.08,2628.38;405.01,2655.46;443.81,2657.66;462.88,2634.27;592.2,2524.38;623.95,2505.07;630.89,2527.13;649.87,2551.97;656.96,2549.65;663.9,2534.84;656.19,2526.67;656.65,2512.17;645.86,2484.24;644.78,2468.66;637.53,2460.64;638.77,2437.87;642.91,2432.95;653.16,2431.38;676.24,2423.45;669.14,2405.47;659.33,2365.45;642.43,2309.39;613.63,2246.46;566.21,2217.86;512.44,2244.83;444.01,2290.17;415.11,2318.41;393.13,2344.84;380.43,2346.98;360.27,2302.31;328.74,2286.43;314.23,2271.3;295.18,2241.45
2073	220050000	2	1	71734	1,401;1239.72,2067.93;1207.91,2006.31;1219.59,1992.41;1239.66,1984.11;1249.77,1975.66;1249.62,1970.38;1244.34,1966.46;1233.78,1895.86;1242.68,1870.12;1243.24,1861.92;1239.9,1848.42;1227.8,1834.23;1229.19,1826.45;1357.38,1798.56;1378.13,1806.97;1403.35,1808.22;1533.34,1931.05;1531.19,2042.46;1479.38,2123.34;1453.78,2144.08;1334.61,2133.18;1251.16,2077.85
2074	220050000	3	3	67670	0.1,1000.1;1841.3,2052.91;1822.94,2075.76;1802.93,2076.21;1783.82,2056.2;1771.88,2025.29;1771.13,2013.2;1713.73,1986.32;1531.75,1919.47;1511.29,1916.67;1468.64,1872.78;1404.78,1819.38;1360.07,1818.55;1350.03,1808.17;1217.74,1822.17;1208.43,1804.86;1202.4,1801.18;1190.25,1801.1;1172.93,1804.39;1132.12,1807.06;1120.13,1807.06;1107.18,1807.96;1102.72,1818.55;1094.49,1827.56;1088.45,1825.52;1077.09,1822.86;1071.29,1819.56;1065.21,1807.47;1058.47,1796.37;1059.03,1781.83;1068.48,1767.93;1065.64,1756.34;1055.71,1750.97;1050.51,1747.03;1042.91,1740.06;1041.81,1702.04;1048.5,1691.27;1048.11,1663.84;1017.36,1583.68;1017.52,1563.07;997.65,1553.79;977.56,1530.46;963.65,1523.46;939.06,1529.96;933.2,1539.46;937.15,1556.57;918.46,1571.82;906.66,1572.97;896.17,1589.85;802.16,1668.02;765.72,1670.83;748.41,1663.13;741.53,1660.39;733.85,1651.53;735.62,1633.52;727.65,1608.73;697.29,1588.45;674.11,1549.75;664.17,1524.15;648.54,1514.71;635.84,1515.24;618.9,1527.41;605.32,1520.89;574.21,1494.3;529.92,1476.66;526.22,1468.36;537.51,1454.6;533.52,1435.45;525.23,1423.1;476,1423.8;473.71,1427.86;478.03,1383.09;493.74,1342.03;494.45,1319.09;507.86,1300.39;510.68,1275.16;506.27,1242.7;535.21,1191.18;548.45,1136.45;550.4,1082.1;547.64,1076.09;542.13,1073.5;538.23,1065.06;541.19,1043.95;538.9,1034.78;523.49,975.67;502.41,935.26;574.56,891.99;593.13,842.2;645.39,825.86;660.94,832.29;692.77,813.64;698.55,799.03;718.34,800.46;816.81,896.81;897.28,976.44;938.38,995.82;919.33,959.73;931.82,894.37;939.16,815.27;997.64,796.22;1064.1,808.64;1133.69,826.73;1150.05,799.94;1145.97,682.48;1193.3,635.5;1243.05,626.46;1294.9,610.8;1338.83,582.16;1387.89,594.69;1441.48,602;1441.71,545.04;1453.06,486.3;1507.47,501.32;1537.49,480.58;1557.85,438.86;1617.88,406.21;1633.03,388.79;1668.27,390.54;1709.12,431.33;1768.53,490.45;1827.35,438.01;1873.77,452.06;1916.83,471.6;1951.44,504.3;2078.21,524.18;2112.18,563.13;2118.57,620.98;2195.7,669.1;2198.09,675.19;2236.01,980.82;2168.74,1354.92;2112.59,1429.79;1985.97,1553.61;1949.22,1599.63;1964.56,1730.34;1949.49,1859.7;1945.78,1865.25;1939.8,1868.65;1913.22,1862.1;1906,1853.77;1901.93,1839.97;1898.41,1839.23;1893.78,1842.2;1890.36,1863.21;1888.88,1865.89;1878.14,1876.07;1868.6,1881.07;1868.42,1894.22;1887.26,1906.57
2075	220050000	3	1	68129	0.1,65.1;1391.54,1913.96;1399.02,1919.78;1407.81,1908.48;1400.28,1902.87
2076	220050000	3	6	68104	0.1,1000.1;2283.38,2811.57;2269.72,2854.47;2263.16,2864.31;2262.48,2881.39;2258.63,2889.49;2245.1,2949.06;2244.8,3171.17;2584.13,3194.22;2996.96,3080.66;3101.62,3024.63;3107.7,2898.3;3096.43,2658.58;2939.44,2594.35;2919.21,2593.67;2864.24,2577.28;2821.69,2581.51;2799.75,2600.27;2616.87,2653.32;2533.48,2651.51;2480.01,2652.72;2367.29,2689.28;2301.48,2760.9;2290.91,2797.64
2077	220050000	3	5	67717	0.1,1000.1;3112.32,2402.68;3111.98,2657.16;2935.48,2590.82;2845.62,2559.76;2874.33,2512.11;2857.45,2448.53;2860.36,2444.6;2865.77,2335.75
2078	220050000	3	5	67707	0.1,1000.1;1517.81,2811.11;1511.68,2961.77;1599.13,3008.41;1663.57,3037.87;1882.98,3070.13;1982.7,3058.47;2225.4,3051.19;2240.74,2949.63;2258.23,2889.36;2261.4,2881.36;2262.15,2864.32;2268.79,2853.46;2282.97,2811.54;2276.33,2784.09;2241.04,2754.38;2208.07,2711.79;2155.13,2693.7;2059.56,2728.24;2006.25,2753.33;1957.26,2742.35;1822.13,2712.45;1731.98,2676;1594.69,2702.51;1521.79,2786.38
2079	220050000	3	4	67805	0.1,1000.1;2853.85,2441.64;2821.8,2516.15;2618.07,2650.06;2401.28,2643.89;2161.98,2628.48;1999.83,2728.61;1863.22,2713.36;1728.87,2665.85;1654.15,2572.45;1671.93,2434.36;1729.91,2372.05;1750.14,2324.39;1760.94,2286.17;1760.49,2261.44;1781.62,2128.69;1816.92,2091.63;1858.16,2068.95;1853.67,2032.99;1953.06,1877.98;1984.53,1605.76;2090.69,1545.05;2159.19,1547.23;2265.27,1562.52;2285.81,1570.92;2292.36,1574.6;2288.66,1580.7;2316.44,1614.9;2343.1,1631.76;2363.65,1645.89;2395.6,1684.44;2403.79,1704.35;2397.25,1720.58;2404.16,1762.01;2417.64,1787.22;2425.64,1796.89;2426.67,1802.19;2452.63,1820.07;2454.7,1817.76;2457.47,1808.88;2536.3,1778.83;2591.82,1805;2601,1800.75;2625.6,1784.54;2679.96,1725.22;2685.87,1707.87;2728.68,1667.98;2769.53,1624.42;2810.2,1528.87;2893.98,1480.34;2978.69,1459.53;2991.95,1425.38;3050.42,1584.21;3030.83,1872.11;2913.65,2297.89;2840.7,2344.99;2853.48,2434.43
2080	220050000	3	4	67446	0.1,1000.1;1784.82,2073.42;1755.25,2155.37;1728.84,2255.73;1735.57,2260.48;1759.57,2262.28;1759.57,2286.62;1749.28,2322.49;1740.85,2341.21;1728.37,2370.54;1714.11,2383.07;1677.83,2419.21;1484.48,2752;1514.03,2812.95;1509.21,2957.9;1455.23,3022.39;1208.02,3038.52;977.99,3020.17;971.91,2997.84;957.29,2977.64;960.07,2954.9;959.03,2950.37;939.76,2937.6;946.84,2924.49;938.89,2896.89;941.13,2893.66;980.67,2842.58;1003.13,2839.32;1009.48,2826.37;1009.97,2818.43;1005.81,2795.95;1008.01,2786.3;1001.66,2772.62;996.9,2765.78;1009.03,2753.4;1017.65,2710.18;1019.65,2680.15;1007,2631.88;1006.1,2601.39;978.52,2581.43;961.93,2583.23;928.7,2606.07;925.72,2607.77;904.69,2648.75;885.48,2664.49;876.95,2685.03;844.94,2697.04;834,2687.17;814.53,2699.7;781.8,2716.07;750.05,2718.34;739.07,2714.22;731.11,2708.74;726.81,2676.91;721.59,2663.94;707.19,2651.07;686.45,2657.17;655.99,2644.1;646.11,2626.16;643.19,2585.54;656.13,2551.04;662.83,2534.91;655.31,2526.14;656.01,2511.82;645.38,2484.39;643.54,2469.14;636.59,2461.22;638.04,2437.67;642.14,2432.83;651.46,2430.91;676.94,2422.8;888.19,2259.83;903.02,2224.98;881.09,2217.75;870.13,2198.08;854.4,2189.09;848.22,2176.17;833.12,2144.77;820.19,2113.59;821.04,2106;813.83,2067.62;824.73,2048.01;852.89,2043.65;866.15,2024.57;858.7,1964.99;844.33,1916.75;805.08,1885.19;789.82,1853.96;789.58,1830.6;769.03,1819.62;762.36,1795.55;788.92,1736.85;788.91,1718.51;801.67,1675.93;897.06,1591.09;907.88,1576.7;918.6,1573.22;934.58,1561.9;938.55,1554.35;935.27,1540.75;938.15,1531.52;963.08,1525.44;977.4,1532.8;993.29,1549.58;997.55,1554.54;1016.72,1563.49;1016.12,1584.04;1047.3,1663.97;1046.78,1690.5;1041.12,1701.5;1041.12,1717.03;1041.38,1728.65;1041.99,1739.49;1043.81,1741.66;1055.03,1751.8;1064.8,1757.46;1065.79,1766.89;1054.61,1788.54;1064.49,1813.19;1073.46,1823.07;1092.11,1827.14;1090.97,1828;1098.6,1827.78;1108.47,1810.05;1127.77,1810.5;1163.9,1806.69;1200.25,1803.55;1212.64,1814.04;1215.34,1820.77;1228.66,1838.46;1203.95,2005.58;1234.73,2072.45;1318.16,2135.94;1405.96,2145.79;1449.39,2147.14;1457.8,2146.84;1468.15,2140.34;1494.41,2108.14;1519.08,2071.15;1537.84,2040.61;1531.74,1933.12;1761.65,2020.04
2081	220050000	3	2	67562	0.1,1000.1;1528.61,1931.69;1536.72,2040.24;1493.04,2109.15;1475.03,2131.05;1457.67,2145.49;1455.07,2146.3;1419.95,2142.19;1334.31,2135.74;1237.67,2071.28;1242.44,2068.35;1208.04,2004.42;1220.86,1992.57;1238.22,1984.46;1250.88,1976.83;1252.25,1970.14;1246.09,1965.06;1235.92,1897.04;1243.55,1868.79;1240.29,1847.59;1228.65,1833.67;1229.18,1825.77;1348.06,1811.95;1361.42,1826.19;1397.99,1826.4;1512.92,1920.66
2082	220050000	3	7	68110	0.1,1000.1;1603.18,44.46;1752.06,113.87;1753.96,171.04;1751.26,230.15;1747.21,287.91;1764.2,479.67;1668.65,388.98;1641.66,386.28;1634.37,387.63;1627.35,390.6;1617.4,404.87;1598.43,411.27;1556.9,437.58;1536.72,480.3;1507.81,499.66;1452.14,484.77;1440.87,543.5;1439.62,600.69;1338.3,581.56;1294.3,609.88;1255.34,621.54;1242.89,625.89;1192.32,634.72;1143.11,683.92;1146.37,800.99;1142.33,811.16;1132.06,825.2;1008.87,792.47;960.79,802.85;938.01,814.57;917.87,957.26;919.6,980.43;890.66,962.9;718.94,795.19;682.9,775.62;692.29,813.3;660.55,831.49;645.07,825.6;599.98,840;596.87,839.36;570.71,822.64;560.66,821.78;512.64,798.72;494.3,776.8;473.27,758.63;466.71,750.84;456.84,742.77;452.49,741.88;437.63,738.8;418.17,738.8;409.59,739.7;417.65,708.58;406.54,684.8;356.78,658.65;313.92,642.35;286.66,652.71;262.26,639.48;235.75,614.5;219.49,604.38;118.09,559.93;33.4,517.59;30.22,-65.75;716.41,-171.45;1580.41,-142.5;1606.63,-62.23
2083	220050000	3	1	67801	0.1,53.1;1307.4,2003.69;1300.59,2004.26;1293.89,2007.64;1292.92,2009.87;1293.64,2013.78;1296.81,2016.92;1299.33,2017.2;1305.68,2013.54;1309.69,2007.93
2084	220050000	3	8	68115	0.1,1000.1;1758.08,4.52;1755.37,362.55;1769.33,471.94;1834.79,432.71;1899.36,462.47;1917.88,470.49;1952.27,503.46;2037.74,513.84;2078.68,522.53;2112.46,559.57;2119.29,620.32;2304.93,488.72;2312.68,129.14;2298.39,-20.65;2022.9,-14.48
2085	220050000	3	1	68130	0.1,57.1;1280.19,1922.58;1279.98,1933.98;1296.9,1933.98;1296.96,1931.71;1302.94,1931.5;1303.2,1925.57;1296.75,1925.37;1297.11,1922.74;1280.55,1922.37
2086	220050000	3	16	344	0.1,10000.1;1737.11,3195.19;-86.66,3158.91;-96.98,-740.03;1917.88,-638.44;3149.31,-392.71;3195,723.04;3185.38,2406.27;3298.75,2551.86;3373.3,3333.36;3135.24,3422.33;2863.52,3443.98;2548.51,3292.48
2087	220050000	3	9	68121	0.1,1000.1;-22.41,493.05;59.61,541.4;214.56,605.63;260.89,639.5;286.01,652.74;313.27,644.22;377.58,674.07;414.87,706.68;408.73,738.89;409.16,739.89;417.72,739.26;437.35,739.58;456.86,743.22;469.74,755.46;474.58,760.82;495.38,779.09;510.33,798.36;556.41,822.09;569.86,824.14;591.02,839.53;589.16,851.12;572.87,891.06;499.7,935.08;522.53,976.52;540.41,1044.95;537.24,1065.25;541.27,1073.54;546.95,1076.38;549.79,1082.18;547.9,1136.76;534.5,1191.67;505.97,1242.34;510.17,1275.3;507.44,1299.81;493.71,1318.75;493,1341.84;477.09,1383.11;473.7,1428.01;475.78,1424.67;524.92,1423.72;532.35,1435.19;536.61,1453.78;525.36,1468.46;529.39,1476.87;574.38,1494.82;604.06,1520.67;618.73,1527.81;635.64,1515.89;647.89,1515.09;663.65,1524.78;674.95,1552.73;695.77,1589.18;726.98,1610.03;734.4,1633.83;732.86,1651.74;740.7,1660.98;796.76,1684.46;788.66,1713.97;786,1732.3;760.37,1797.64;791.11,1880.48;828.05,1915.74;845.24,1931.25;855.66,1979.25;861.31,2025.11;856.28,2034.04;824.09,2046.51;812.37,2066.04;818.31,2115.81;854.78,2194.33;888.92,2229.98;796.11,2325.33;750.33,2360.94;674.64,2421.37;641.5,2431.71;636.62,2436.9;635.93,2461.77;641.93,2470.35;644.16,2487.33;655.14,2514.95;653.94,2526.1;660.63,2535.19;642.11,2584.59;645.66,2640.77;735.03,2716.87;761.4,2720.59;785.47,2717.66;823.64,2698.38;843.94,2697.16;854.09,2696.35;877.88,2686.45;886.48,2665.76;906.38,2649.39;926.86,2609.65;956.36,2589.98;968.04,2583.83;980.93,2584.89;1003.41,2602.08;1005.05,2632.6;1017.75,2680.74;1006.89,2751.42;993.98,2764.94;1006.07,2787.07;1004.43,2798.13;1008.32,2822.1;1001.56,2838.28;980.32,2841.94;937.51,2896.64;945.41,2924.89;938.85,2937.8;957.49,2950.91;955.85,2977.54;970.19,2999.25;975.47,3020.72;979.93,3091.79;692.55,3099.68;174.68,3105.67;-26.29,3073.97;-33.46,672.41
2088	220050000	3	3	68082	0.1,1000.1;2997.36,1416.07;2980.64,1422.76;2972.83,1454.72;2904.45,1473.3;2854.28,1493.37;2811.17,1522.73;2766.62,1620.96;2683.06,1700.52;2644.35,1746.56;2596.34,1800.46;2537.79,1775.28;2465.93,1800.17;2456.39,1804.17;2451.81,1814.09;2430.07,1798.26;2410.62,1762.59;2402.42,1717.01;2408.9,1703.47;2377.57,1649.56;2323.79,1611.29;2293.66,1575.05;2287.57,1548.32;2221.39,1515.32;2164.81,1442.66;2245.09,1164.3;2347.73,802.9;2554.36,764.74;2780.71,704.39;2934.04,944.58;3042.21,1293.44
2089	220050000	3	1	67493	0.1,59.1;1402.86,2025.5;1396.8,2029.2;1400.58,2035.21;1397.02,2037.31;1405.7,2052.52;1418.88,2044.96;1409.95,2029.71;1406.38,2031.82;1403.16,2025.59
2090	220050000	3	0	68131	0.1,60.1;1332.96,2024.28;1327.56,2038.81;1340.34,2043.24;1345.68,2029.04
2091	220070000	2	6	71765	0.1,900.1;334.38,1448.68;202.21,1374.27;256.06,1245.53;369.69,1149.96;450.39,1133.18;559.81,1128.8;594.35,1137.45;693.04,1134.5;827.77,1273.03;889.49,1370.24;860.04,1385.22;851.68,1424.55;869.84,1459.74;875.11,1486.76;841.28,1565.85;742.94,1581.1;670.18,1700.62;578.36,1734.96;571.24,1647.95;526.04,1594.39;390.33,1595.88
2092	220070000	2	5	71764	0.1,900.1;1065.8,1907.17;1055.03,1960.09;1092.95,2029.09;1123.86,2046.68;1148.56,2047.47;1166.22,2057.26;1149.95,2074.02;1128.43,2088.32;1076.46,2091.96;1061.39,2108.33;1028.17,2100.36;1012.41,2123.98;1038.46,2200.7;1050.56,2257.41;1097.09,2258.65;1131.42,2233.08;1123.92,2183.42;1153.33,2170.26;1180.15,2195.48;1206.64,2194.64;1222.17,2169.88;1241.79,2165.22;1282.49,2196.93;1295.33,2160.88;1298.73,2125.73;1282.97,2094.75;1298.97,2057.46;1256.98,2037.69;1239.35,2014.17;1214.53,2003.24;1211.47,1978.09;1183.91,1967.05;1163.36,1932.76;1138.96,1922.98;1110.98,1928.82;1091.22,1911.3
2093	220070000	2	16	71759	0.1,900.1;909.21,1327.86;939.5,1307.35;947.07,1274.86;1002.68,1265.25;1031.59,1288.73;1039.4,1318.45;1064.29,1379.19;1089.08,1395.02;1114.7,1452.47;1105.41,1486.14;1106.17,1512.23;1103.78,1524.63;1126.92,1554.86;1147.4,1567.1;1176.15,1567.36;1198.14,1574.94;1206.23,1613.63;1231.47,1639.8;1259.83,1632.39;1280.77,1635.29;1306.31,1616.51;1323.82,1622.91;1344.36,1661.64;1376.69,1689.92;1412.38,1687.9;1479.58,1603.48;1567.72,1546.37;1615.16,1566.87;1590.69,1640.29;1593.47,1680.56;1544.72,1676.75;1432.87,1778.88;1354.82,1779.96;1326.51,1746.64;1319.12,1729.24;1289.32,1717.8;1264.05,1719.7;1240.02,1753.78;1191.55,1831.09;1193.73,1868.41;1176.43,1886.33;1150.41,1887.74;1130.08,1906.61;1130.95,1925.71;1110.92,1930.45;1090.44,1913.05;1064.08,1908.21;1051.89,1882.55;1076.92,1848.33;1113.46,1823.87;1151.2,1759.61;1136.6,1694.13;1041.16,1694.08;959.4,1549.58;870.2,1485.33;868.01,1460.91;849.15,1424.27;858.17,1385.26;890.92,1366.86
2094	220070000	2	4	71761	0.1,900.1;2357.14,3062.1;2298.26,2720.6;2353.16,2577.21;2247.5,2397.86;2312.66,2318.11;2405.89,2297.06;2549.58,2210.62;2598.4,2170.93;2676,2100.74;2721.61,2096.4;2792.4,2131.17;2849.3,2120.86;2929.64,2062.19;3066.52,2063.25;3060.5,3063.72
2095	220070000	2	8	71758	0.1,900.1;1652.04,1217.02;1661.6,1012.2;1591.47,879.9;1480.69,892.65;1471.13,1014.59;1436.06,1019.37;1398.6,965.97;1308.05,777.72;1224.43,721.65;1139.99,718.02;1081.73,749.94;1077.91,989.04;1038.83,1063.87;1046.36,1125.35;1054.81,1156.08;1056.13,1196.02;1031.75,1205.64;1013.64,1223.36;1003.94,1237.83;1000.99,1267.15;1030.46,1290.14;1036.79,1317.02;1062.44,1379.43;1087.85,1396.77;1113.26,1452.05;1104.12,1486.98;1104.71,1511.09;1102.27,1525.47;1126.96,1556.72;1146.04,1569.21;1176.02,1568.75;1196.6,1576.19;1204.04,1614.87;1231.18,1642.36;1259.45,1634.42;1282.5,1637.89;1307.05,1619.3;1323.91,1625.99;1342.64,1663.02;1376.49,1693.57;1413.65,1690.68;1480.51,1605.49;1568.48,1549.47;1612.92,1569.37;1639.48,1554.29;1658.04,1551.83;1673.92,1565.7;1684,1594.41;1785.96,1606.52;1808.7,1567.17;1828.39,1510.89;1861.54,1475.63;1915.29,1479.9;1979.16,1498.41;2013.21,1515.43;2034.19,1521.51;2080.1,1509.35;2108.46,1455.32;2128.78,1434.02;2121.87,1410.13;2139.43,1368.67;2171.84,1364.4;2195.69,1359.13;2220.48,1263.1;2204.37,1220.42;2143.34,1186.35;2139.93,1155.12;2157.9,1092.55;2031.72,970.59;2021.89,949.04;1927.61,926.04;1755.88,1013.22;1692.19,1226.79
2096	220070000	2	1	71762	0.1,900.1;2419.29,2600.7;2389.08,2634.13;2369.74,2673.04;2341.31,2697.89;2316.83,2676.52;2287.53,2699.37;2307.82,2723.8;2330.28,2742.16;2359.61,2761.11;2395.53,2730.55;2423.01,2691.15;2436.46,2666.41;2475.56,2647.58;2505.87,2635.71;2532.04,2649.76;2547.7,2710.61;2547.64,2743.14;2534.68,2760.91;2503.64,2826.97;2526.95,2856.82;2548.28,2871.93;2555.16,2855.41;2555.29,2802.59;2596.66,2770.53;2607.15,2697.78;2647.53,2694.16;2682.84,2685.58;2700.57,2729.92;2727.58,2761.93;2713.57,2831.05;2651.03,2865.36;2672.71,2930.71;2702.48,2982.04;2728.2,2990.8;2742.99,2962.79;2716.2,2904.05;2771.03,2854.71;2782.63,2789.97;2807.2,2775.37;2869.69,2761.21;2933.89,2711.68;2996.54,2702.82;2950.78,2629.28;2911.81,2686.5;2883.53,2696.34;2825.27,2727.6;2757,2691.5;2740.84,2643.53;2741.66,2584.81;2797.57,2539.86;2842.53,2463.64;2864.44,2428.31;2891.82,2451.34;2927.64,2453.06;2925.12,2410.14;2884.95,2388.7;2846.06,2359.49;2820.15,2413.31;2798.75,2438.5;2761.87,2494.74;2705.4,2499.13;2645.23,2497.65;2633.11,2479.17;2630.61,2381.5;2634.49,2365.63;2603.61,2351.41;2564.04,2368.8;2534.67,2397.68;2488.32,2385.3;2471.64,2440.33;2433.16,2472.71;2390.03,2470.12;2374.97,2498.42;2407.23,2559.82
2097	220070000	2	16	72862	291,336.83;2416.53,1683.28;2414.58,1703.18;2376.37,1702.47;2376.77,1722.9;2306.45,1736.92;2305.64,1787.32;2249.61,1792.27;2226.77,1742.19;2254.82,1690.48;2282.69,1677.93;2255.62,1576.37;2322.96,1561.11;2345.03,1640.14;2377.21,1651.83;2400.45,1677.24
2098	220070000	2	1	71779	11.28,131.28;2790.36,896.7;2815.52,811.26;2894.83,729.6;2990.7,689.64;3050.42,747.74;3060.2,920.42;2946.85,1052.24;2831.71,993.08
2099	220070000	2	2	71771	0.1,320.1;661.05,603.59;678.17,562.4;750.41,477.02;794.16,537.19;719.94,633.76;656.25,630.31
2100	220070000	2	1	71766	0.1,900.1;1670.9,2906.27;1677.31,2858.91;1698.37,2796.9;1764.56,2713.7;1813.51,2674.66;1856.58,2655.25;1908.32,2656.08;1960.13,2695.82;1986.86,2743.53;1957.16,2908.23;1931.15,2959.26;1832.72,3011.64;1714.03,2996.88
2101	220070000	2	1	71757	0.1,900.1;3029.79,1660.85;3007.58,1580.63;2901.54,1536.84;2816.7,1515.17;2707.68,1512.65;2594.36,1556.26;2472.4,1575.33;2424.43,1627.38;2401.17,1707.84;2456.89,1763.41;2461.45,1811.76;2427.28,1871.4;2425.55,1928.16;2440.04,2003.94;2423.53,2043.3;2440.42,2063.53;2476.75,2070.94;2472.14,2008.37;2500.2,1969.05;2525.97,1950.05;2567.79,1958.84;2614.4,1944.12;2660.93,1997.22;2704.54,1983.89;2733.64,2015.16;2754.38,2068.6;2841.16,2078.33;2931.22,2057.96;2980.16,1979.09;3010.65,1873.61;3030.07,1775.42
2102	220070000	2	1	71773	-12.26,887.74;1733.53,2150.3;1725.77,2106.37;1707.69,2042.63;1643.08,1954.78;1647.39,1842.8;1682.71,1777.34;1689.6,1711.88;1750.75,1721.35;1814.49,1692.07;1863.59,1716.19;1871.34,1785.09;1978.14,1795.43;2001.4,1848.83;2040.16,1920.32;2030.69,1991.81;1964.36,2116.71;1898.9,2164.94;1828.27,2177.86
2103	220070000	2	1	71760	0.1,900.1;7.81,3066.78;8.97,2468.91;213.29,2468.91;306.16,2604.73;472.18,2691.8;538.35,2688.32;617.29,2796.29;657.92,2937.92;652.12,3065.62
2104	220070000	2	2	71774	0.1,900.1;1677.01,2109.26;1661.77,2070.18;1607.11,2031;1592.08,1943.48;1567.97,1911.52;1569.75,1887.68;1558.26,1862.73;1562.97,1837.45;1578.28,1819.34;1610.31,1820.9;1628.85,1774.13;1631.26,1734.18;1591.24,1679.58;1588.07,1639.09;1613.09,1564.59;1639.07,1551.53;1658.54,1549;1676.18,1564.71;1685.7,1591.78;1779.62,1602.66;1804.23,1647.73;1828.44,1673.18;1874.88,1664.37;1893.67,1689.94;1913.89,1704.51;1972.31,1701.37;2021.31,1730.59;2079.35,1743.34;2109.23,1777.44;2111.67,1804.15;2073.46,1840.79;2088.43,1881.97;2087.61,1911.56;2100.44,1939.68;2083.64,1989;2101.61,2025.06;2094.72,2102.81;2060.8,2127.12;2025.41,2138.19;2013.76,2183.88;2011.12,2216.65;1974.18,2213.71;1939.04,2234.78;1899.3,2232.59;1871.94,2260.96;1872.07,2328.79;1797.19,2369.01;1757.55,2335.05;1715.57,2325.35;1684.63,2331.96;1662.89,2334.3;1638.08,2327.94;1634.84,2303.97;1677.03,2280.22;1709.42,2257.89;1757.05,2272.69;1787.11,2262.3;1798.01,2246.45;1789.75,2221.68;1758.05,2191.62;1714.03,2194.31;1675.25,2170.95;1682.7,2124.92;1676.85,2105.5;1721.27,2084.55;1728.78,2105.69;1735.46,2149.77;1828.79,2175.91;1898.17,2162.69;1962.98,2114.71;2029.06,1990.62;2037.97,1920.56;2000.1,1848.93;1976.74,1797.2;1871.44,1787.08;1861.43,1717.93;1814.22,1694.72;1751.51,1723.55;1691.25,1714.4;1684.44,1778.68;1649.68,1842.81;1644.86,1953.75;1709.23,2042.6;1723.77,2086.95
2105	220070000	2	10	71776	0.1,900.1;3066.1,428.59;2883.1,443.2;2820.3,495.84;2672.44,523.11;2598.55,442.14;2518.25,391.25;2445.94,461.62;2394.38,497.11;2380.97,569.33;2301.84,590.62;2253.46,628.94;2176.88,586.18;2104.27,589.67;2070.67,640.88;2049.2,729.3;2077.74,792.72;2017.34,949.56;2027.41,971.24;2155.07,1093.13;2136.46,1154.54;2140.11,1187.93;2202.62,1223.2;2216.68,1262.99;2194.72,1355.51;2171.08,1361.35;2137.44,1366.43;2118.79,1409.86;2124.43,1436.75;2176.08,1422.35;2214.93,1407.48;2237.11,1437.57;2279.02,1373.95;2310.71,1220.6;2342.82,1184.49;2242.91,1137.9;2230.9,1107.1;2270.69,999.38;2236.32,929.25;2260.35,879.54;2299.87,868.28;2278.94,814.48;2285.11,761.12;2313.6,743.44;2349.3,702.85;2388.86,693.83;2415.32,674.76;2461.4,684.6;2495.85,725.39;2520.81,778.56;2544.15,785.66;2634.34,744.86;2702.35,785.11;2746.08,793.62;2910.94,715.92;2978.17,723.83;3066.23,724.92
2106	220070000	2	3	71755	0.1,900.1;5.35,3067.79;6.67,2077.96;140.22,2072.95;239.88,2031.11;272.85,2007.83;291.23,2017.92;293.29,2045.24;331.91,2078.12;345.94,2125.18;368.75,2104.99;361.69,2057.86;436.1,1999.47;524.89,2140.82;558.11,2272.22;606.83,2338.08;774.75,2227.53;898.5,2251.1;995.9,2279.17;969.19,2305.47;1005.37,2325.49;1053.62,2343.51;1053.64,2362.94;1024.13,2396.18;977.11,2404.58;965.94,2448.19;925.95,2498.16;961.95,2544.99;979.88,2617.6;1011.43,2646.88;1049.16,2651.94;1072.14,2671.68;1088.22,2699.9;1115.06,2704.39;1154.12,2714.27;1201.16,2679.23;1255.11,2656.67;1380.95,2568.04;1404.63,2507.16;1414.81,2418.85;1430.81,2309.86;1562.38,2306.08;1605.12,2287.5;1639.38,2302.87;1639.15,2325.94;1663.88,2332.06;1684.3,2330.38;1715.29,2322.71;1759.13,2333.45;1797.45,2365.55;1868.31,2327.08;1869.64,2256.63;1898.35,2230.86;1938.35,2232.63;1974.39,2210.88;2007.74,2213.68;2072.89,2276.76;2225.91,2362.74;2258.34,2398.34;2358.15,2577.27;2301.06,2722.17;2365.49,3065.25;715.22,3067.31
2107	220070000	2	2	71756	0.1,900.1;1175.93,3010.32;1218.86,2939.89;1280.61,2921.05;1294.06,2893.06;1289.23,2722.04;1299.35,2712.69;1364.54,2710.77;1413.58,2690.27;1437.09,2633.46;1481.76,2574.88;1504.41,2513.84;1505.82,2431.71;1559.93,2407.81;1621.12,2474.49;1649.81,2447.29;1659.74,2381.21;1686.8,2370.11;1704.81,2436.09;1700.82,2506.38;1669.58,2531.89;1628.08,2527.8;1590.7,2493.22;1569.57,2502.61;1555.46,2584.79;1496.33,2623.94;1482.08,2665.48;1508.4,2686.56;1505.95,2711.97;1408.56,2758.96;1356.64,2775.39;1339.72,2814.43;1349.7,2941.51;1235.28,2980.09;1193.36,3026.22
2108	220070000	2	20	71772	0.1,900.1;5.64,2082.23;139.72,2075.58;240.71,2032.72;273.16,2009.64;289.94,2018.94;291.94,2046.36;330.71,2079.08;345.58,2127.68;370.52,2105.65;362.95,2057.96;435.78,2001.84;522.4,2141.32;555.01,2271.62;607.27,2341.74;777.61,2232.43;895.78,2257.18;995.89,2281.14;1041.18,2278.19;1103.55,2289.91;1233.9,2227.33;1310.26,2244.19;1435.82,2306.93;1601.99,2366.92;1706.64,2373.65;1765.31,2408.65;1858.05,2406.34;2063.7,2281.76;2252.4,2397.05;2315.46,2321.72;2407.12,2301.07;2504.25,2247.18;2547.59,2216.14;2599.36,2172.84;2676.68,2103.67;2720.65,2097.54;2791.71,2134.86;2852.54,2124.63;2930.69,2068.61;3065.42,2068.5;3060.92,1538.07;2784.23,1495.47;2636.66,1501.21;2447.45,1560.89;2372.97,1512.05;2299.81,1493.37;2249.81,1458.44;2236.24,1419.49;2212.68,1407.6;2136.27,1422.81;2105.9,1453.76;2078.07,1507.08;2034.44,1519.35;2013.69,1512.43;1979.84,1496.07;1917.55,1478.29;1860.6,1473.63;1824.63,1510.45;1808.81,1559.19;1785.38,1602.24;1685.69,1591.86;1592.99,1677.9;1543,1672.85;1431.43,1776.51;1355.05,1777.94;1328.3,1745.67;1320.98,1728.11;1289.76,1715.91;1264,1717.23;1138.32,1693.64;1041.59,1692.41;962.78,1548.26;872.62,1483.42;839.39,1563.99;741.54,1578.08;709.89,1629.25;668.25,1699.26;579.69,1731.87;573.27,1647.1;527.03,1592.52;393.17,1594.36;337.95,1447.3;204.02,1371.62;113.85,1402.47;6.96,1380.57
2109	220070000	2	3	71769	0.1,320.1;668.94,703.49;665.03,681.22;687.32,650.53;755.25,621.32;832.98,543.13;882.4,579.93;886.08,625.67;855.06,708.94;810.9,759.22;722.5,750.18
2110	220070000	2	7	71767	0.1,900.1;370.22,1150.75;360.14,1014.98;395.73,869.37;452.06,749.53;516.86,693.08;585.31,673.28;615.62,641.61;645.65,593.83;675.15,549.55;744.03,502.62;825.69,484.85;943.26,531.16;1014.7,609.82;1084.36,752;1081.3,883.49;1079.5,990.52;1041.29,1063.87;1048.62,1125.47;1056.57,1156.75;1057.92,1197.06;1032.36,1207.64;1015.49,1223.98;1005.88,1238.93;1002.36,1267.48;948.96,1275.31;942.29,1308.37;911.93,1329.45;890.65,1374.13;825.93,1274.47;691.04,1136.73;596.33,1139.22;558.05,1131.3;450.66,1134.49
2111	220070000	2	9	71775	0.1,900.1;2649.42,1322.35;2640.33,1506.17;2446.97,1565.34;2371.73,1514.43;2298.31,1495.7;2248.02,1460.65;2234.95,1422.76;2277.47,1371.13;2308.43,1220.24;2338.23,1186.14;2242.25,1141.44;2228.87,1107.34;2267.93,999.86;2233.57,929.51;2258.01,879.23;2297.26,867.21;2277.23,815.78;2283.5,760.98;2312.04,743.02;2348.01,701.97;2387.7,693.05;2415.11,674.36;2462.18,684.1;2496.56,725.01;2521.47,777.9;2544.32,784.7;2635.05,744.27;2703.12,784.75;2745.57,791.26;2752.05,841.79;2766.56,899.29;2802.43,940.92;2788.19,963.92;2758.46,988.47;2712.48,994.05;2678.88,1032.19;2664.57,1082.06;2616.05,1100.87;2612.16,1147.66;2582.29,1205.43;2576.8,1265.42
2112	220070000	2	1	71763	0.1,900.1;1152.15,2716.79;1114.78,2706.23;1087.72,2701.7;1070.57,2673.49;1048.26,2653.87;1009.97,2649.17;977.7,2619.74;958.15,2545.93;923.38,2497.62;963.89,2446.58;974.74,2401.66;1022.44,2394.05;1051.07,2361.72;1050.83,2344.58;1004.38,2328.29;963.3,2304.79;994.54,2277.03;1040.27,2274.17;1102.35,2287.93;1159.9,2272.86;1234.08,2224.22;1310.28,2240.7;1434.14,2303.77;1412.97,2461.69;1406.1,2511.89;1384.04,2568.91;1332.8,2603.53;1260.93,2655.53;1198.25,2685.1
2113	220070000	2	3	71778	0.1,900.1;9.09,1381.54;113.5,1404.83;203.77,1373.44;337.3,1448.97;392.34,1595.78;526.33,1594.9;570.26,1647.67;577.14,1732.56;557.04,1777.5;537.97,1842.39;546.67,1956;494.2,1989.23;435.23,2000.6;361.17,2057.42;368.9,2104.83;346.49,2127.19;332.03,2079.1;292.45,2046.01;291.9,2018.28;273.49,2008.33;240.73,2031.26;139.14,2074.37;6.8,2080.07
2114	220070000	2	1	71770	0.1,320.1;793.02,636.71;784.38,591.31;833.48,541.69;891.96,574;872.94,624.82;831.86,629.78
2115	220070000	2	4	71768	0.1,320.1;509.41,761.84;539.68,663.34;630.31,493.84;868.18,504.88;888.58,623.94;849.06,739.95;556.66,764.9
2116	220070000	2	11	71777	0.1,900.1;3066.58,1543.94;2786.86,1500.44;2637.08,1507.9;2646.5,1322.27;2574.02,1266.67;2580.4,1205.16;2610.75,1147.5;2614.62,1100.58;2663.06,1081.1;2677.91,1031.61;2712.12,992.9;2757.5,987.54;2786.5,963.05;2800.11,941.03;2764.9,899.25;2750.7,842.28;2745.59,792.14;2912.39,712.77;3069,722.89
2117	220070000	3	2	68214	0.1,1000.1;1953.46,1801.64;1987.67,1814.72;1994.21,1850.43;2015.84,1889.17;2032.44,1926.39;2026.4,1964.12;2030.42,1992.79;2016.84,2041.58;1994.71,2068.75;1968.05,2098.93;1953.46,2115.02;1929.82,2123.58;1914.22,2143.7;1889.58,2157.78;1861.91,2160.8;1828.71,2177.4;1809.15,2167.41;1787.52,2153.83;1766.4,2137.73;1741.25,2130.18;1724.65,2103.52;1718.11,2060.77;1706.54,2039.64;1688.93,2014.99;1676.86,1994.87;1654.73,1965.19;1645.17,1950.1;1645.17,1919.42;1654.22,1880.68;1657.24,1865.59;1653.72,1839.44;1670.32,1820.32;1683.9,1800.2;1715.09,1758.95;1744.26,1732.29;1789.03,1732.8;1811.17,1743.86;1831.29,1744.87;1844.87,1750.9;1848.39,1769.01;1844.87,1787.12;1859.96,1798.19;1903.72,1800.2
2118	220070000	3	1	67795	550,580;1787.73,2942.76;1783.09,2953.4;1785.05,2955.04;1771.97,2983.15;1768.38,2981.51;1757.92,2997.2;1764.46,3005.05;1750.73,3028.26;1720.98,3008.97;1735.69,2985.76;1744.19,2990.67;1752.03,2974.32;1748.77,2971.38;1761.51,2944.25;1763.8,2944.91;1769.03,2932.81;1774.92,2936.08;1775.9,2933.79;1779.49,2927.58;1785.38,2930.52;1783.74,2937.71;1783.09,2939.68;1786.03,2940.33
2119	220070000	3	4	68183	0.1,1000.1;-16.84,2101.45;17.32,3059.73;645.54,3059.73;624.23,2848.52;609.62,2797.38;583.32,2746.24;556.28,2662.95;581.12,2605.23;585.51,2584.04;556.28,2534.36;593.45,2359.6;548.15,2288;520.79,2267.76;537.59,2228.31;533.94,2174.24;441.06,2085.55;368.29,2121.58;335.41,2116.47;329.57,2084.32;311.3,2074.09;287.92,2049.25;279.15,2030.25;245.84,2034.06;243.35,2038.29;170.59,2060.37
2120	220070000	3	1	67495	560,575;1892.08,2919.02;1878.57,2933.6;1897.41,2950.67;1910.57,2934.67;1910.57,2935.02
2121	220070000	3	1	68136	554,569;1860.98,2946.32;1844.73,2954.66;1855.58,2977.42;1874.28,2968.75;1860.98,2946.32
2122	220070000	3	3	925	0.1,1000.1;944.99,1487.68;892.75,1470.07;850.49,1496.48;808.82,1550.48;707.86,1623.85;671.08,1714.24;588.9,1728.33;560.73,1865.68;559.08,1907.19;564.95,1933.01;546.17,1962.95;537.95,1981.14;436.4,2012.25;476.32,2050.99;559.08,2139.63;581.97,2221.21;615.43,2331.56;638.37,2323.28;644.58,2316.77;680.95,2297.55;670.6,2279.22;698.1,2251.13;719.69,2241.07;783.86,2217.71;812.27,2216.12;867.8,2242.31;932.26,2223.96;1003.3,2174.56;1003.3,2109.64;1074.81,2057.42;1051.34,1950.91;1075.25,1859.64;1088.29,1836.82;1143.16,1763.48;1132.83,1671.67;1064.38,1633.09;1007.34,1584.2;974.2,1516.29
2123	220070000	3	2	68163	0.1,1000.1;974.17,2321.03;933.82,2454.45;907.46,2475.04;909.11,2542.57;988.17,2638.1;1015.35,2652.93;1073,2672.69;1073,2678.46;1063.94,2688.34;1128.18,2734.46;1139.71,2702.34;1208.06,2677.64;1298.66,2610.1;1329.13,2585.4;1339.01,2581.28;1367.84,2577.98;1410.66,2472.57;1402.43,2351.5;1370.31,2299.62;1332.42,2237.03;1269.83,2223.85;1205.59,2228.79;1158.65,2236.2;1110.88,2250.2;1079.59,2270.79;984.88,2303.74
2124	220070000	3	1	67523	0.1,118.1;3051.83,709.23;2945.55,652.51;2823.43,711.27;2768.76,839.01;2749.35,940.69;2778.47,1050.55;2926.14,1125.15;3064.09,1096.53;3110.08,848.72;3102.42,767.48
2125	220070000	3	2	68198	300.1,1300.1;962.8,1535.36;903.04,1496.25;843.28,1544.05;782.43,1589.69;731.91,1623.92;714.52,1716.27;723.21,1718.99;757.44,1796.68;836.76,1801.02;894.89,1816.78;970.41,1798.85;1024.19,1699.43;1006.81,1611.96
2126	220070000	3	1	67566	0.1,300.1;484.73,434.1;419.26,722.04;495.83,755.89;547.42,764.21;577.38,763.1;683.35,787.51;915.81,829.12;931.9,576.13;901.94,457.4
2127	220070000	3	3	67805	0.1,1000.1;653.06,3077.68;654.09,2815.25;579.7,2661.31;595.2,2581.76;571.44,2538.36;612.77,2352.39;686.82,2308.48;696.17,2325.51;703.18,2319.5;715.87,2320.81;729.56,2313.8;736.24,2323.15;755.61,2312.13;751.61,2301.11;765.97,2292.43;770.31,2281.41;779.66,2278.4;770.31,2263.04;808.38,2242.33;808.04,2234.61;829.3,2273.26;884.06,2283.59;968.78,2317.69;930.55,2454.07;903.69,2475.76;902.66,2544.99;986.35,2646.24;1070.26,2675.55;1059.61,2689.12;1087.8,2713.22;1127.89,2737.16;1225.47,2674.99;1334.98,2583.04;1369.08,2579.94;1414.54,2470.42;1405.24,2350.57;1596.38,2285.48;1664.85,2363.43;1730.98,2377.89;1797.1,2408.89;1864.96,2395.93;1985.84,2303.98;2070.56,2283.31;2170.04,2341.23;2268.19,2397.02;2344.64,2392.89;2444.86,2346.4;2515.12,2294.74;2563.68,2313.34;2631.67,2236.1;2645.69,2248.36;2651.29,2240.65;2653.03,2240.55;2662.49,2238.45;2673.35,2225.84;2676.87,2227.69;2692.27,2210.42;2691.94,2208.07;2707.7,2180.39;2695.79,2164.27;2722.8,2133.6;2789.94,2158.36;2829.2,2124.26;2874.66,2128.4;2960.42,2094.3;3036.87,2108.77;3051.33,2412.52;3047.2,3054.12;2395.79,3057.82;1927.27,3051.2;1940.14,2980.55;1957.8,2910.31;1971.14,2851.45;1974.67,2827.12;1999.78,2829.08;2002.14,2810.64;1974.28,2803.97;1986.05,2738.83;1917.37,2658.06;1863.62,2640.4;1791.81,2651.39;1735.05,2661.15;1690.32,2721.19;1692.28,2747.48;1645.29,2784.65;1642.08,3063.69;659.93,3068.19
2128	220070000	3	1	67800	558,569;1738.46,2816.4;1730.2,2834.01;1707.92,2824.3;1716.54,2805.62
2129	220070000	3	3	67549	0.1,1000.1;2523.87,1561.6;2478.86,1567.92;2427.91,1559.37;2406.33,1541.14;2376.95,1541.89;2351.66,1517.34;2317.81,1500.6;2266.43,1500.54;2228.12,1472.27;2213.61,1427.26;2171.21,1422.06;2148.61,1453.33;2095.79,1484.58;2073.85,1501.68;2044.09,1522.51;1905.12,1525.93;1858.63,1524.44;1806.67,1526.29;1788.35,1526.58;1753.47,1559.72;1731.67,1586.46;1708.35,1589.8;1641.78,1543.88;1581.03,1556.37;1499.2,1598.63;1443.39,1660.83;1429.6,1682.14;1394.13,1687.95;1365.19,1679.16;1329.14,1653.87;1293.64,1632.78;1243.7,1624.8;1179.28,1690.79;1165.14,1732.68;1157.29,1767.77;1134.25,1797.62;1081.26,1855.94;1056.64,1954.91;1084.4,2055.46;1011.08,2112.02;1011.61,2187.43;929.91,2234.56;877.54,2268.08;913.15,2284.84;981.34,2296.05;1072.46,2263.06;1163.54,2224.95;1271.42,2217.09;1336.05,2238.1;1414.61,2334.98;1600.6,2284.15;1703.57,2364.04;1795.6,2403.54;1863.97,2392.87;1983.8,2298.63;2077.55,2275.87;2172.03,2334.26;2257.73,2382.77;2343.65,2382.4;2471.61,2318.05;2487.04,2282.51;2484.31,2256.37;2478.95,2228.85;2469.3,2177.74;2442.86,2152.37;2442.52,2098.33;2437.39,2072.15;2420.04,2053.36;2421.46,2037.43;2427.43,2027.18;2438.53,2010.11;2435.4,1998.44;2422.6,1969.41;2419.75,1958.32;2423.73,1933.56;2428.65,1875.61;2434.63,1859.1;2467.36,1806.74;2469.28,1780.96;2452.49,1764.74;2442.25,1753.93;2429.16,1738.85;2421.48,1726.89;2422.67,1703.9;2422.39,1674.88;2424.38,1644.43;2458.53,1592.64;2531.38,1568.45
2130	220070000	3	1	68178	0.1,1000.1;1156.76,688.14;1373.39,775.83;1371.41,950.4;1306.74,971.03;1258.73,976.19;1213.89,992.06;1185.72,995.24;1138.91,978.57;1104.39,966.67;1075.82,898.82;1075.42,760.35;1088.12,681.4
2131	220070000	3	1	67776	0.1,350.1;2420.29,1732.88;2424.61,1577.44;2246.92,1548.21;2219.02,1685.05;2217.02,1797.98;2366.15,1801.3
2132	220070000	3	2	67717	0.1,1000.1;1863.97,2643.1;1784.8,2670.76;1690.82,2783.7;1665.15,2806.21;1645.43,3062.05;1919.91,3061.89;1949.25,2929.27;1968.9,2850.32;1963.48,2840.14;1976.04,2777.7;1985.24,2737.94;1912.84,2663.24
2133	220070000	3	1	68188	0.1,1000.1;2044.46,1110.2;2026,894.26;1801.78,816.68;1736.57,977.25;1699.04,1215.34;1772.87,1203.14;1817.75,1217.1;1868.12,1236.55;1897.05,1235.06;1899.04,1230.57;1944.92,1217.1;2020.73,1224.08
2134	220070000	3	1	67493	541.79,562.79;1723.37,2875.68;1726.96,2892.21;1699.29,2899.76;1695.34,2880.71;1695.34,2880.71
2135	220070000	3	16	67392	536.84,1536.84;948.31,3876.58;-290.12,3891.26;-293.06,-273.04;3487.3,-369.84;3502.12,3847.65
2136	220070000	3	1	67801	530,543;1788.76,2828.27;1785.17,2836.17;1777.98,2833.3;1774.39,2837.61;1752.11,2826.11;1760.74,2807.79;1784.09,2819.29;1781.57,2824.32
2137	220070000	3	5	67776	0.1,1000.1;2687.96,2124.4;2675,2147;2668.68,2144.01;2665.36,2147;2665.36,2152.65;2649.74,2165.95;2639.43,2161.63;2621.81,2179.58;2626.14,2190.21;2625.8,2195.86;2616.5,2208.5;2606.52,2207.5;2600.87,2224.45;2560.32,2261.87;2494.51,2265.53;2482.87,2236.61;2472.23,2177.45;2467.58,2169.14;2444.65,2150.19;2446.25,2086.96;2445.58,2075.33;2422.32,2048.74;2425.97,2030.79;2440.93,2010.85;2440.93,2005.86;2432.95,1987.25;2422.65,1962.65;2430.29,1881.55;2436.28,1861.94;2469.9,1807.35;2470.9,1781.76;2442.32,1751.84;2424.37,1727.25;2428.26,1703.5;2428.51,1683.49;2424.41,1668.5;2436.38,1637.59;2471.94,1604.35;2490.56,1585.74;2559.03,1588.73;2551.76,1506.07;2621.09,1476.31;2745.92,1487.23;2835.73,1496.29;2927.05,1506.86;3019.89,1519.69;3042.87,1566.45;3024.75,1754.38;3046.64,1865.32;3039.09,2051.74;2956.07,2077.4;2944.75,2080.42;2861.73,2100.04;2768.15,2109.1;2694.94,2109.1
2138	220070000	3	3	68203	120,1120;3039.8,1466.94;3001.39,1481.81;2948.11,1489.24;2902.27,1482.43;2866.33,1479.33;2818.63,1471.28;2606.13,1444.02;2561.25,1342.52;2537.71,1253.31;2591.61,1137.46;2607.1,1092.23;2654.18,1053.2;2695.07,980.1;2762.6,960.89;2773.18,927.6;2768.72,899.49;2749.18,859.38;2730.32,820.3;2739.24,809.67;2853.06,752.42;3041.31,733.39;3059.82,867.44;3050.23,998.05;3050.51,1402.87
2139	220070000	3	4	68039	0.2,1000.2;2603.05,1455.34;2551.65,1484.65;2537.68,1499.07;2529.11,1557.69;2500.26,1559.49;2460.58,1558.14;2432.17,1545.96;2399.71,1536.95;2371.76,1526.58;2347.86,1512.15;2286.54,1494.56;2225.7,1425.16;2167.54,1417.49;2126.96,1416.14;2135.53,1380.97;2145.9,1369.25;2184.67,1362.94;2195.04,1364.29;2226.6,1267.8;2227.51,1231.28;2193.24,1203.78;2150.41,1181.23;2141.39,1155.54;2164.83,1117.21;2170.25,1062.66;2161.94,1097.16;2082.94,1070.6;2069.5,960.6;2060.33,912.33;2118.38,825.56;2094.55,760.79;2070.11,718.01;2087.36,645.33;2152.74,618.44;2222.4,631.88;2284.12,623.33;2353.78,562.22;2393.58,507.07;2468.74,457.58;2559.79,400.75;2997.18,317.65;3051.07,682.02;2839.03,739.46;2732.71,796.9;2717.43,820.12;2729.86,837.58;2761.62,893.37;2759.58,954.44;2695.65,975.21;2652.9,1038.73;2604.35,1084.81;2575.44,1143.45;2532.68,1240.36;2540.01,1312.43;2602.72,1449.65
2140	220070000	3	3	68159	0.1,1000.1;577.48,1724.09;545.66,1880.52;544.81,1889.98;556.4,1930.97;536.68,1963.91;430.1,1993.03;419.35,2014.16;378.07,2029.71;359.69,2061.09;368.18,2106.33;356.87,2113.68;340.19,2111.7;334.53,2080.88;314.56,2069.74;289.68,2041.76;291.66,2020.27;288.27,2016.88;264.52,2004.72;242.47,2032.99;178.29,2046;22.35,2072.04;25.91,1978.7;16.81,1440.2;198.19,1376.29;280.13,1440.52;329.75,1441.68;371.29,1569;399.13,1599.64;526.45,1595.41;571.07,1648.49
2141	220070000	3	3	67707	0.1,1000.1;2163.58,1422.15;2123.14,1417.83;2130.99,1394.27;2136.88,1370.72;2155.2,1365.01;2167.75,1364.75;2179.26,1362.66;2192.86,1360.3;2198.35,1348.27;2224.51,1266.93;2218.49,1241.56;2193.65,1212.26;2161.48,1196.57;2138.98,1181.66;2136.63,1167.01;2141.1,1145.67;2158.63,1098.33;2080.69,1072.7;2066.82,1046.54;2048.75,881.18;1995.77,742.82;1444.45,693.48;1271.55,345.99;865.64,141.78;663.57,157.98;354.34,420.05;32.86,888.86;21.29,1103.27;16.66,1436.46;197.46,1371.84;282.16,1431.28;333.78,1437.14;375.72,1567.44;401.79,1594.38;530.46,1592.75;574.85,1642.42;587.06,1719.38;673.68,1698.52;704.22,1617.08;808.42,1546.27;851.99,1487.64;887.41,1464.43;947.71,1482.28;977.02,1509.15;1013.67,1583.26;1068.23,1629.27;1137.96,1666.89;1149.5,1758.33;1127.31,1792.07;1142.58,1783.33;1157.33,1758.36;1165.84,1692.55;1243.57,1615.38;1323.57,1639.78;1364.42,1673.82;1393.36,1686.31;1428.54,1681.77;1452.95,1633.07;1505.15,1588.24;1540.89,1565.55;1594.22,1545.69;1641.32,1538.88;1679.33,1566.68;1708.27,1588.81;1728.69,1586.54;1745.71,1564.41;1787.7,1524.7;2014.76,1509.44;2066.39,1498.09;2121.99,1457.81
2142	220070000	3	1	67799	530,543;1876.36,2858.3;1867.45,2859.95;1864.47,2859.29;1860.84,2866.55;1863.81,2868.21;1867.12,2876.46;1888.91,2886.69;1897.49,2869.86
2143	220070000	3	2	68193	0.1,1000.1;1081.9,1187.52;1010.06,1236.06;955.69,1227.65;928.51,1182.99;909.74,1135.74;843.72,1138.98;850.2,1183.64;847.61,1228.3;828.19,1197.23;797.77,1176.52;736.29,1157.75;657.97,1127.33;384.8,1132.16;364.09,999.48;326.88,867.45;480.5,349.38;909.3,398.04;1005.52,563.5;1029.47,647.64;1059.24,786.14;1076.71,934.36;1064.42,1028.85;1039.17,1067.04;1051.47,1145.35
2144	220070000	3	1	67798	560,575;1911.28,2872.79;1906.3,2892.35;1929.42,2898.39;1934.39,2878.84;1934.04,2879.55
2145	220070000	4	0	72895	138.48,418.48;1213.99,2258.79;1237.51,2229.67;1282.79,2240.59;1334.38,2256.83;1342.6,2291.08;1382.4,2333.37;1406.02,2387.87;1389.68,2449.87;1399.68,2472.69;1392.78,2530.49;1357.44,2578.25;1316.3,2601.19;1228.49,2651.51;1197.65,2627.57;1184.14,2638.14;1187.71,2673.47;1126.21,2722.05;943.03,2591.88;926.77,2538.93;935.09,2484.01;958.01,2429.16;957.26,2376.72;992.22,2323.84;1058.45,2290.64;1091,2302.16;1104.5,2289.85;1101.06,2270.95;1143.48,2248.42
2146	220070000	4	0	72896	93,353;1073.08,1973.25;1186.38,1974.35;1211.75,1986.73;1250.51,2036.96;1294.56,2062.61;1270.33,2095.12;1291.11,2131.72;1277.53,2173.26;1239.37,2145.13;1203.21,2168.37;1192.04,2184.52;1154.95,2158.04;1105.02,2178.11;1098.96,2206.62;1033.61,2269.54;966.63,2278.31;935.25,2261.82;931.33,2251.65;1006.07,2209.32;1030.78,2186.71;1021.82,2151.58;1018.97,2119.85;1063.42,2116.4;1088.21,2090.15;1130.03,2092.34;1173.59,2067.3;1155.9,2043.79;1129.49,2042.5;1085.79,2011.65
2147	220070000	4	0	72897	36.44,266.44;1211.77,1593.64;1159.54,1668.71;1136.47,1639.56;1105.72,1632.14;1042.68,1603.47;1029.14,1586.35;1009.26,1566.66;996.57,1535.42;990.34,1508.26;997.79,1483.98;987.14,1467.79;953.92,1449.25;917.27,1437.46;899.09,1437.05;881.81,1420.43;852.83,1413.55;862.5,1392.44;891.72,1347.85;911.43,1336.68;927.51,1322.06;949.15,1287.85;963.49,1279.14;987.46,1279.58;998.15,1288.72;1004.48,1316.37;1019.3,1336.61;1026.28,1365.67;1039.49,1377.03;1058.92,1394.66;1070.34,1403.6;1079.63,1414.75;1085.24,1455.63;1101.55,1482.69;1105.08,1505.33;1103.83,1525.81;1146.16,1570.68;1167.19,1566.19;1194.11,1574.48
2148	220070000	5	0	72873	330,510;1678.66,2431.24;1675.4,2430.03;1672.66,2427.28;1671.81,2423.22;1674.08,2418.5;1679.04,2416.79;1683.68,2418.54;1686.12,2423.22;1685.49,2427.19;1682.62,2430.05
2149	220070000	5	0	72898	256.3,436.3;664.32,1539.8;661.06,1538.59;658.33,1535.84;657.47,1531.77;659.74,1527.05;664.7,1525.35;669.34,1527.09;671.79,1531.77;671.16,1535.75;668.28,1538.6
2150	220070000	5	0	72899	374.62,554.62;2891.04,2443.68;2886.1,2443.67;2881.99,2441.47;2880.39,2436.98;2881.8,2432.31;2886.16,2430.01;2891.25,2430.01;2895.21,2432.36;2896.42,2437.02;2894.83,2441.75
2151	220070000	5	0	72872	256.13,316.13;427.35,1282.61;424.09,1281.4;421.35,1278.65;420.5,1274.59;422.77,1269.87;427.73,1268.16;432.37,1269.91;434.81,1274.59;434.18,1278.56;431.31,1281.42
2152	220070000	5	0	72900	375.13,555.13;2324.17,2715;2320.01,2715.02;2316,2713.17;2314.45,2709.05;2315.47,2704.02;2319.49,2701.56;2324.79,2701.57;2328.5,2704.03;2329.5,2709.22;2328.04,2713.13
2153	300010000	4	0	72858	0.1,320.1;-0.98,0.74;511.02,0.74;511.02,511.74;0.02,512.74
2154	300030000	2	16	71780	-98.2,524.12;156.9,180.56;362.24,110.83;914.24,541.44;900.64,880.8;377.67,885.08;34.63,465.68
2155	300030000	3	2	67430	0.1,1000.1;-94.36,-420.36;-105.65,1243.23;1019.72,1298.43;1022.22,-378.96
2156	300030000	3	1	68219	0.1,1000.1;-70.52,-386.49;-84.32,1206.84;989.61,1274.59;997.14,-353.87
2157	300040000	2	6	71619	0,500;378.35,838.29;410.39,668.9;523.79,563.16;343.95,282.27;22.43,312.78;22.51,431.02;23.1,737.96;22.4,1047.98;151.89,992.02;235.13,1013.53;325.9,1051.47;351.03,1073.15;362.93,1012.76;362.63,965.51
2158	300040000	2	5	71622	0,500;326.24,1045.44;235.07,1007.31;152.04,986.76;41.27,1034.11;41.49,1347.91;41.81,1514.79;380.96,1492.49;524.05,1325.02;469.65,1219.77;451.07,1178.96;439.09,1141.52;406.64,1124.05
2159	300040000	2	1	71782	0.1,600.1;905.04,1694.17;1100.45,1769.4;1550.87,1638.57;1746.47,1362.02;1639.49,912.23;1301,785.49;1158.14,850.68;1059.24,954.68;922.47,1107.2;670.77,1429.75;719.71,1547.32;814.76,1637.69
2160	300040000	2	2	71618	0,500;812.06,357.14;730.19,95.55;620.86,80.08;534.5,130.5;457.12,323.69;450.69,508.62;493.82,575.26;661.12,622.5;729.24,647.11;749.81,618.15;819.41,464
2161	300040000	2	1	71621	0,500;805.11,344.62;885.5,273.41;976.23,219.78;1022.36,207.55;1084.58,202.81;1271.9,317.1;1294.51,470;1306.8,717.57;919.77,1014.08;806.33,843.3;716.04,648.8;746.83,606.69;811.27,464.35
2162	300040000	2	3	71623	0,500;505.66,569.17;408.09,657.39;378.14,815.14;367.56,897.36;452.98,911.16;551.38,988.48;603.95,1014.94;657.92,1051.15;718.6,980.87;755.54,832.61;648.75,601.2
2163	300040000	2	1	71624	0.1,600.1;203.43,472.74;219.68,444.31;249.57,458.23;306.45,446.34;359.26,291.96;327.92,198.81;183.99,203.45;89.97,289.35;88.52,407.45;107.96,482.32;162.81,487.83;185.44,482.32
2164	300040000	2	4	71620	0,500;451.34,902.02;358.54,949.52;358.19,1010.8;347.56,1073.18;405.7,1129.23;435.99,1145.6;452.98,1193.32;509.69,1304.57;590.46,1305.97;655.92,1236.33;697.35,1196.29;723.12,1136.06;660.03,1043.73;606.62,1008.29;556.2,982.33
2165	300040000	3	10	68234	0.1,1000.1;436.87,387.86;436.87,314.89;436.87,243.4;410.2,213.4;375.01,220.43;343.9,212.66;322.78,228.58;312.04,257.11;305.74,287.85;305.74,297.85;312.04,311.56;312.04,332.3;309.08,358.6;294.63,370.08;278.71,370.82;270.23,364.07;260.6,366.7;250.1,365.95;240.35,360.07;234.98,350.2;231.85,348.32;221.35,343.57;208.33,340.82;194.62,335.63;196.1,321.93;208.7,306.74;212.03,287.48;218.33,278.22;222.4,263.4;237.59,258.96;250.55,256.73;266.48,253.4;279.45,254.14;286.85,261.55;293.89,270.44;298.34,252.29;291.3,236.36;258.7,227.1;213.51,231.18;172.77,241.18;147.58,276.74;133.13,316;119.06,362.67;116.47,423.42;133.1,554.57;188.69,533.69;255.76,536.01;363.48,494.7;349.23,427.07
2166	300040000	3	16	72846	0.1,10.1;0,0;0,0;0,0
2167	300040000	3	1	67493	0.1,127.1;819.57,1252.04;819.55,1245.87;825.5,1245.75;827.43,1245.87;827.54,1246.48;827.06,1246.91;827.06,1253.31;830.8,1253.45;830.89,1270.7;819.69,1270.88;815.88,1270.92;815.77,1253.35;817.29,1253.36;819.51,1253.38
2168	300040000	3	11	68236	0.1,1000.1;234.06,348.26;240.59,360.39;250.09,365.87;260.92,366.66;270.17,364.1;282.47,364;296.57,360.55;304.53,347.27;305.46,335.93;304.06,328.94;307.07,310.54;301.23,296.7;294.95,279.48;289.26,273.23;281.1,262.12;271.4,256.46;262.92,257.19;233.54,266.33;223.33,273.33;216.33,290.96;215.18,304.89;206.93,315;196.76,331.92;238.85,351.7
2169	300040000	3	3	68226	0.1,1000.1;822.3,448.73;828.39,410.52;834.14,374.16;842.19,327.27;820.37,299.2;817.3,293.33;823.38,283.53;723.78,116.68;706.03,87.93;685.16,52.45;635.11,75.45;538.24,119.6;479.84,271.76;441.27,377.23;390.92,503.34;434.69,506.03;433.49,569.01;489.87,573.81;509.06,557.05;516.9,555.16;551.83,551.98;588.73,528.13;614.85,520.85;620.67,520.75;656.51,555.07;660.61,593.64;665.53,599.63;691.31,607.09;802.51,596.07;802.54,586.46;792.21,575.78;790.34,551.13;794.83,538.74;798.42,524.44;800.73,516.12;809.57,497.82;810.94,495.98;791.66,490.18;790.29,482.78;791.36,480.83;793.87,465.39;803.69,458.32;820.94,452.09;820.69,452.09
2170	300040000	3	8	68232	0.1,1000.1;359.2,911.4;340.95,952.19;361.85,947.06;361.85,1026.76;296.14,996.41;268.48,991.89;232.62,983.18;206.42,971.37;186.24,978.02;173.97,988.09;110.85,943.86;63.19,908.22;70.06,814.61;69.7,784.92;78.29,755.51;131.96,591.5;136.1,568.57;408.91,507.05;431.87,510.48;429.4,572.97;426.48,591.77;414.01,626.42;373.4,748.79;364.41,900.54
2171	300040000	3	4	68228	0.1,1000.1;662.77,614.66;525.08,573.06;480.57,584.58;422.83,644.5;411.93,724.39;406.44,804.18;418.89,901.46;714.76,1013.23;850.72,1012.42;844.12,809.54;745.53,641.61;686.68,618.96
2172	300040000	3	2	68238	0.1,1000.1;1362.96,660.73;698.23,1347.71;884.04,1729.8;1483.35,1803.08;1682.24,1308.45;1730.66,705.22
2173	300040000	3	1	68224	0.1,1000.1;1347.69,263.77;1345.98,409.19;1270.55,550.62;1235.55,671.74;1154.56,760.84;1018.39,788.7;900.5,831.86;821.14,601.03;804.29,594.83;803.71,584.57;793.25,574.88;792.86,551.05;802.55,518.12;813.4,497.19;832.19,475.69;823.6,450.43;844.26,326.08;820.06,293.91;921.76,104.14;1229.09,127.97;1347.14,233.86
2174	300040000	3	16	72846	0.1,10.1;0,0;0,0;0,0
2175	300040000	3	1	67495	0.1,125.1;856.53,1240.83;856.38,1241.21;859.13,1245.55;857.28,1247.06;864.07,1257.46;866.11,1256.29;872.06,1252.37;870.74,1250.37;874.29,1248.22;870.86,1243.13;867.5,1245.25;865.24,1241.85;864.3,1242.42;861.47,1238.35;860.6,1238.12;856.53,1240.72
2176	300040000	3	16	67430	0.1,10000.1;5.85,-709.68;5.85,-709.68;2243.52,-774.9;3288.03,-712.65;3246.53,587.8;3239.61,1113.52;3273.43,2509.64;56.89,2526.93;-39.14,2355.08;-66.81,-716.2;9.28,-795.75
2177	300040000	3	7	68230	0.1,1000.1;496.51,1303.78;496.76,1323.71;458.49,1427.55;390.38,1472.36;240.29,1496.31;217.29,1484.52;160.39,1358.33;153.81,1225.58;150.91,1061.01;175.8,1019.85;230.22,1020.65;336.38,1067.03;376.07,1044.92;380.76,938.33;420.54,913.97;686.89,1016.98;759.93,1098.45;708.99,1211.04;590.25,1296.69
2178	300050000	2	16	71783	-39.3,360.7;336.31,334.75;507.41,314.69;698.91,397.75;726.05,561.06;666.33,689.33;535.08,784.42;303.44,667.02;222.7,506.31
2179	300050000	3	1	68242	0.1,1000.1;478.3,638.27;480.64,736.26;560.85,735.43;554.98,638.13
2180	300050000	3	1	68242	0.1,1000.1;603.62,531.95;603.34,595.07;693.54,603.31;694.75,519.73
2181	300050000	3	16	67430	0.1,1000.1;-140.71,-303.73;-130.67,1399.22;1117.27,1481.19;1093.85,-270.27
2182	300050000	3	1	68242	0.1,1000.1;492.84,405.07;491.23,489.61;549.17,489.49;560.35,405.76
2183	300050000	3	3	68240	0.1,1000.1;19.89,-49.46;24.91,1156.66;998.5,1252.01;1003.52,-17.68
2184	300060000	2	16	71785	153.89,277.37;359.8,610.04;565.98,610.69;566.93,316.93;358.31,316.69
2185	300060000	3	2	67199	0.1,1000.1;294.86,275.13;296.19,681.25;635.07,673.93;629.74,266.48
2186	300060000	3	16	67392	0.1,1000.1;208.98,163.95;203.65,774.46;691.66,783.11;692.33,172.6
2187	300070000	2	16	71786	7.98,237.98;359.8,485.92;508.83,340.89;644.08,435.65;655.65,495.71;614.72,688.79;526.63,731.5;438.99,714.59;364.69,620.28
2188	300070000	3	16	67430	0.1,1000.1;270.19,253.88;264.31,869.74;774.3,885.71;767.58,266.49
2189	300070000	3	1	67200	0.1,1000.1;329.84,310.18;321.44,784.88;722.21,797.49;713.81,328.66
2190	300080000	2	1	71788	73.27,573.27;536.54,683.6;552.82,615.66;592.33,603.11;592.86,572.95;567.5,554.53;563.25,493.91;808.3,498.38;803.21,719.76
2191	300080000	2	2	71787	73.27,873.27;15.3,1938.44;15.6,-604.03;1070.63,-598.32;1042.07,1940.22
2192	300080000	3	1	67201	0.1,1000.1;-202.8,-610.56;1082.69,-602.44;1042.1,2017.27;-32.31,1946.91
2193	300080000	3	16	67430	0.1,1000.1;-438.25,-881.19;-403.07,2106.58;1272.13,2117.4;1212.59,-770.23
2194	300090000	2	16	71789	80.35,230.35;92.56,64.16;447.55,59.77;444.26,410.38;91.47,407.09
2195	300090000	3	1	67202	0.1,1000.1;53.26,-12.56;54.87,491.64;522.88,509.33;495.54,-20.61
2196	300090000	3	16	67430	0.1,1000.1;-54.23,-111.04;-50.15,687.27;693.03,749.54;663.43,-162.08
2197	300100000	2	14	71793	819.35,925.06;532.58,417.36;532.23,597.57;736.31,593.85;752.06,517.59;720.27,484.01;698.46,454.46;677.41,419.12
2198	300100000	2	14	71791	819.35,925.06;228.73,448.71;228.17,564.02;295.13,610.39;398.05,606.96;395.16,542.52;394.55,465.38;415.26,457.78;424.31,418.42;337.26,419.92;274.48,435.88
2199	300100000	2	14	71792	819.35,925.06;533.3,417.83;533.06,600.33;496.33,610.3;394.79,605.06;393.61,542.58;394.12,465.26;402.99,461.96;412.1,458.72;413.03,418.75
2200	300100000	2	14	71794	927.41,991.78;628.69,379.13;778.9,394.55;894.95,445.79;912.98,514.36;896.88,575.42;789.14,628.88;566.86,645.3;511.45,676.58;271.85,672.09;211.73,628.12;162.38,538.39;207.24,423.53;280.29,372.19;362.25,362.14;490.17,373.45
2201	300100000	2	12	71795	927.28,991.65;543.72,577.08;549.95,560.83;551.11,537.09;551.35,530.92;536.31,511.4;536.59,482.85;553.65,449.12;611.66,435.4;715.49,432.38;801.91,443.32;841.27,495.74;798.99,561.84;712.62,579.52;619.53,583.47
2202	300100000	2	12	71796	927.18,991.55;322.31,474.57;350.05,460.77;367.07,457.74;390.02,457.3;466.09,457.97;505.99,471.85;520.68,471.9;534.82,472.17;536.77,482.91;536.7,511.32;551.56,530.85;551.37,537.11;550.11,560.86;543.13,579.5;530.86,595.45;490.92,596.68;454.29,608.19;421.11,607.86;389,607.07;346.16,606.41;332.44,598.5;308.31,598.59;288.46,602.5;273.42,582.89;274.11,548;308.53,542.96;308.1,516.2;308.06,496.34
2203	300100000	2	16	71797	786.54,1168.5;145.52,607.68;146.85,437.1;286.66,337.53;787.19,358.22;924.6,444.29;918.28,589.25;730.81,683.38;506.72,706.83;260.08,696.09
2204	300100000	3	2	68251	854.64,916.64;658.39,435.41;658.89,601.93;760.82,600.32;740.49,507.98;708.2,480.16;704.01,482.78;695.12,477.55;696.17,472.84
2205	300100000	3	10	67203	0.1,10000.1;117.53,192.69;116.2,920.09;1027.45,910.77;1014.13,212.67
2206	300100000	3	1	68251	994.59,1039.59;727.54,464.65;724.11,506.24;727.56,557.18;762.3,542.3;782.8,522.42;783.42,493.84;761.06,475.83;738.7,465.27
2207	300100000	3	16	67430	0.1,10000.1;24.27,18.16;26.94,1223.84;1080.74,1223.84;1075.41,-4.49
2208	300100000	3	1	68251	927.56,972.56;694.79,476.36;694.79,524.39;765.93,524.6;766.82,522.08;775.22,500.21;764.18,476.41
2209	300100000	3	0	67523	1068.82,1123.82;380.15,482.99;368.96,503.36;368.24,518.43;378.33,537.04;438.95,535.36;439.05,483.08
2210	300110000	2	16	71798	214,714;789.6,-814.08;835.46,364.99;118.94,358.12;119.31,-798.75
2211	300110000	2	16	71800	214,714;835.97,605.05;832.48,1122.81;115.96,1115.95;118.5,597.61
2212	300110000	2	1	71799	214,714;523.39,789.81;541.3,811.51;543.55,873.28;525.71,938.2;431.66,933.48;418.34,876.12;429.22,808.06;447.22,791.42;475.15,775.87;495.11,776.15
2213	300110000	2	16	71803	214,714;833.75,347.5;835.46,617.59;118.94,610.72;120.44,351.51
2214	300110000	2	1	71802	214,714;690.57,427.87;657.43,474.33;661.76,570.58;643.39,626.33;599.8,641.46;570.63,633.18;539.65,605.8;538.8,565.22;561.9,535.84;599.73,524.4;609.13,500.22;608.57,483.09;619.17,477.67;618.89,458.29;569.12,443.39;551.83,420.13;558.28,397.38;552.1,376.79;558.28,354.32;581.59,355.73;590.85,368.93;620.5,356.85;660.66,355.73;685.53,377.44
2215	300110000	2	1	71804	214,714;422.64,550.39;434,581.31;433.56,621;396.33,636.19;376.32,639.08;349.56,616.12;326.04,579.61;329.57,540.81;319.64,495.61;283.33,443.29;282.08,382.9;306.39,353;368,352.37;391.09,355.3;412.96,355.59;419.74,398.01;415.88,431.07;400.37,446.29;363.82,457.54;353.16,481.23;367.89,484.74;369.74,500.48;355.53,504.33;369.56,524.62;400.28,531.48
2216	300110000	2	1	71801	214,714;526.15,560.41;523.64,630.72;440.66,629.69;443.59,561.04
2217	300110000	3	1	68258	0.1,10000.1;-51.51,-1093.68;1251.28,-1018.48;1189.49,1586.8;-53.89,1608.86
2218	300110000	3	2	67430	0.1,10000.1;-186.53,-1305.35;-218.26,1963.33;1295.67,1771.79;1360.84,-1104.26
2219	300120000	2	5	71806	103.24,303.24;381.32,614.63;490.43,614.36;477.98,732.91;383.63,732.11
2220	300120000	2	5	71805	103.24,303.24;323.27,63.86;718.3,71.85;700.14,966.46;324,946.85
2221	300120000	2	5	71807	103.24,303.24;566.06,613.05;674.87,617.97;670.66,729.81;571.12,730.53
2222	300120000	3	16	67430	0.1,1000.1;125.39,-98.51;115.87,1159.46;963.24,1220.16;951.34,-117.55
2223	300120000	3	2	67206	0.1,1000.1;207.51,-14.01;202.75,1027.35;832.33,1064.25;804.95,-16.39
2224	300120000	3	0	67523	0.1,1000.1;494.01,803.98;598.06,804.34;598.06,918.19;463.69,918.56;464.05,803.98;464.05,803.79
2225	300130000	2	5	71805	103.24,303.24;323.27,63.86;718.3,71.85;700.14,966.46;324,946.85
2226	300130000	2	5	71806	145,245;384.98,618.34;479.68,616.99;478.83,717.42;387.67,711.68
2227	300130000	2	5	71807	145,245;567.92,621.44;665.5,619.7;663.69,721.86;571,720.33
2228	300130000	3	2	67207	0.1,1000.1;244.01,70.47;263.1,993.6;763.32,991.69;758.55,72.38
2229	300130000	3	16	67430	0.1,1000.1;187.68,17.02;189.59,1112.93;840.65,1126.3;827.29,-4.94
2230	300130000	3	0	67523	0.1,1000.1;482.41,803.84;596.8,803.84;595.9,916.42;459.68,916.6;460.04,803.3
2231	300140000	2	5	71806	103.24,303.24;381.32,614.63;490.43,614.36;477.98,732.91;383.63,732.11
2232	300140000	2	5	71805	103.24,303.24;323.27,63.86;718.3,71.85;700.14,966.46;324,946.85
2233	300140000	2	5	71807	103.24,303.24;566.06,613.05;674.87,617.97;670.66,729.81;571.12,730.53
2234	300140000	3	0	67523	0.1,1000.1;471,804.05;596.61,803.9;597.13,916.83;459.65,916.86;459.65,806.03
2235	300140000	3	2	67208	0.1,1000.1;273.88,33.18;298.95,953.66;770.58,963.91;740.96,25.21
2236	300140000	3	16	67430	0.1,1000.1;180.47,-101.9;167.94,1053.25;944.88,1078.32;914.12,-35.83;796.78,-82.53
2237	300150000	2	16	71811	86.34,186.34;725.04,382.61;783.94,382.14;783.84,437.33;725.25,438.35
2238	300150000	2	16	71815	104.25,204.25;583.11,623.5;602.45,623.88;632.88,699.53;476.39,738.69;447.97,674.92
2239	300150000	2	16	71814	86.34,186.34;602.02,622.13;601.35,578.86;574.64,578.21;555.09,536.08;486.41,536.87;487.73,443.72;529.57,442.67;544.39,403.68;464.06,403.79;463.18,559.89;404.77,590.69;404.97,667.2;465.42,667.14;583.05,622.78
2240	300150000	2	16	71816	86.34,186.34;486.55,475.8;543.37,475.8;543.61,534.81;485.09,534.08
2241	300150000	2	16	71808	116.37,216.37;624.17,669.32;601.78,624.99;600.31,571.99;672.39,573.25;672.07,633;650.89,671.57
2242	300150000	2	16	71810	86.34,186.34;680.43,620.97;799.72,619.62;798.37,681.3;679.61,681.57
2243	300150000	2	16	71819	86.34,186.34;733.44,445.64;783.15,442.71;783.15,374.62;740.69,374.41;740.53,332.76;838.72,331.84;837.98,594.46;734.3,594.17
2244	300150000	2	16	71809	104.35,204.35;671.81,593.56;671.53,686.63;842.37,690.11;842.39,593.6
2245	300150000	2	16	71817	86.44,186.44;412.62,423.1;464.87,423.1;464.4,487.07;413.79,487.07
2246	300150000	2	16	71812	108.42,208.42;743.76,333.26;743.8,258.89;807.15,258.88;807.17,332.88
2247	300150000	2	16	71813	113.39,213.39;577.95,574.07;577.99,395.11;692.87,395.61;692.89,574.19
2248	300150000	2	16	71818	92.02,192.02;472.46,404.82;445.69,332.88;465.63,286.42;550.43,286.42;568.29,355.79;540.16,404.83
2249	300150000	3	16	67430	0.1,1000.1;300.32,88.25;302.16,906.57;1007.38,925.88;1010.14,77.22
2250	300150000	3	4	68261	0.1,1000.1;361,128.71;365.6,820.14;977.96,841.29;972.44,125.95
2251	300150000	3	1	67523	0.1,1000.1;561.2,394.58;566.17,560.93;603.26,573.49;666.9,572.94;718.35,572.15;715.75,505.6;711.03,417.43;701.46,388.98
2252	300160000	2	16	71827	86.81,236.81;1315.84,930.13;1356.04,869.73;1411.69,863.04;1479.29,909.66;1524.5,1115.75;1444.46,1172.97;1329.83,988.32
2253	300160000	2	16	71837	60,210;1423,827.38;1466.46,795.46;1617.65,855.88;1633.06,936.47;1599.01,969.71;1424.63,860.16
2254	300160000	2	16	71826	60,260;1422.73,828.73;1469.04,795.54;1540.08,796.05;1598.07,707.41;1561.92,586.1;1351.77,533.05;1280.37,640.39;1307.41,748.18;1298.61,819.72;1351.9,871.66;1415.96,863.68
2255	300160000	2	16	71828	60,210;1314.39,931.51;1326.3,985.73;1270.77,1238.67;1142.89,1245.22;1072.41,1162.15;1174.61,913.94;1278.32,913.94
2256	300160000	2	16	71823	73,173;1004.73,560;1074.28,561.19;1074.66,615.19;1056.75,630.68;1005.53,630.28
2257	300160000	2	16	71822	73,173;1019.75,467.72;1089.3,468.91;1089.68,522.92;1071.77,538.4;1020.54,538.01
2258	300160000	2	16	71833	70,320;539.2,1488.29;538.39,1384.35;531.95,1384.54;530.84,1324.17;495.98,1323.95;496.3,1270.7;531.63,1270.56;531.7,1158.67;591.37,1097.19;664.48,1098.22;696.29,1133.05;695.44,1484.44
2259	300160000	2	16	71824	73,173;1034.67,652.88;1099.99,652.46;1099.6,739.82;1035.9,739.37
2260	300160000	2	16	71835	70,320;451.77,1268.79;404.12,1236.65;402.34,1149.64;478.69,1149.63;533.92,1212.61;533.84,1269.21
2261	300160000	2	16	71832	70,320;735.06,1278.41;735.65,1087.03;931.12,1086.44;930.54,1279.58
2262	300160000	2	16	71830	70,320;700.21,1666.42;700.8,1475.04;896.27,1474.45;895.69,1667.59
2263	300160000	2	16	71820	73.12,173.12;991.24,433.14;991.11,272.07;1162.48,273.37;1164.47,406.63;1105.06,432.7
2264	300160000	2	16	71836	60,210;1632.43,1235.76;1566.21,1135.18;1588.12,978.85;1639.18,927.69;1776.53,948.15;1874.62,1093.71;1775.47,1279.19
2265	300160000	2	16	71825	60,210;1099.48,706.26;1099.27,678.74;1174.22,692.71;1246.91,696.32;1308.8,760.45;1304.17,797.84;1213.17,864.27;1089.85,945.28;1050.11,853.12;1106.64,768.73
2266	300160000	2	16	71821	73.22,173.22;986.71,431.34;1119.67,431.34;1118.6,652.8;1031.27,653.45;1031.74,808.98;951.9,808.5;950.46,631.02;1075.99,630.54;1075.22,541.72;1088.98,522.75;1088.61,463.99;987.82,464.36
2267	300160000	2	16	71834	70,320;413.93,1539.48;415.31,1322.95;531.58,1326.62;535.65,1542.94
2268	300160000	2	16	71831	70,320;692.5,1262.16;741.98,1288.52;807.69,1285.28;807.69,1275.14;876.64,1276.76;874.61,1477.13;715.21,1477.13;693.72,1350.99
2269	300160000	2	16	71829	70,320;955.29,1157.98;1070.06,1152.24;1154.07,1252.26;1155.9,1460.58;1140.32,1690.67;887.66,1686.72;888.48,1472.72
2270	300160000	3	4	68039	0.1,1000.1;1170.12,1269.83;1126.03,1230.48;1049.39,1152.2;870.55,990.62;676.56,1041.23;686.25,1124.61;731.35,1158.74;730.73,1215.24;693.07,1229.09;691.92,1261.42;694.88,1271.07;692.7,1324.14;680.44,1645.22;738.61,1793.55;1078.89,1841.06;1240.8,1648.13;1220.44,1508.52
2271	300160000	3	2	67523	0.1,1000.1;334.63,1016.22;347.14,1583.51;663.64,1578.99;686.51,1452.36;689.81,1376.39;690.18,1338.84;690.55,1324.89;682.71,1323.79;682.35,1271.51;690.95,1271.95;692.42,1229.01;698.88,1219.3;726.55,1208.36;725.9,1161.07;682.15,1126.64;657.57,1035.78;849.6,974.19;853.22,744.11;594.79,738.41
2272	300160000	3	3	67776	0.1,1000.1;1310.45,1006.26;1314.47,927.81;1280.95,925.13;1262.17,918.42;1160.92,926.47;1062.36,976.09;1018.77,1071.3;1033.53,1128.97;1183.05,1279.83;1261.5,1326.1;1305.76,1253.01
2273	300160000	3	5	67917	0.1,1000.1;1465.16,822.38;1449.23,825.57;1439.67,835.13;1525.71,1000.83;1642.97,1306.1;1805.48,1315.02;1830.97,1083.04;1804.84,851.06
2274	300160000	3	3	68267	0.1,1000.1;1225.72,685.1;1318.39,750.08;1313.41,798.53;1228.06,880.75;1139.05,917.83;1060.86,924.15;1015.89,871.28;976.74,993.06;1030.65,927.89;1245.81,912.6;1321.15,923.55;1316.85,1287.06;1459.5,1284.45;1598.31,1347.91;1477.36,937.74;1434,837.01;1445.52,823.83;1559.3,791.53;1771.94,722.9;1656.26,588.95;1470.11,533.28;1317.02,541.98
2275	300160000	3	16	67430	0.1,1000.1;64.62,80.78;36.24,2365.78;2125.38,2459.45;2094.16,21.17
2276	300160000	3	2	67776	0.1,1000.1;925.77,254.5;928.17,782.9;1008.63,824.25;1038.7,867.09;1063.53,912.06;1136,909.92;1305.58,796.83;1309.35,754.39;1236.79,700.62;1098.99,608.93;1173.16,473.63;1184.39,285.73;1174.95,241.23
2277	300170000	2	16	71843	200,300;1322.34,33.31;1388.25,35.16;1403.45,70.66;1400.25,121.1;1380.17,134.19;1338.09,134.9;1314.84,115.61;1311.36,72.12
2278	300170000	2	16	71850	219.04,319.04;1194,680.07;1236.7,680.07;1236.8,778.26;1193.82,778.36
2279	300170000	2	16	71863	199.65,219.65;1046.75,272.02;1048.28,392.87;1000.11,466.75;935.08,623.72;827.03,703.09;676.57,584.24;611.32,337.84;671.21,107.08;811.4,26.46;904.66,27.38;931.58,62.55;936.07,199.26;948.78,234.72;984.96,267.85
2280	300170000	2	16	71847	200,300;1170.49,669.81;1170.28,476;1173.89,463.62;1174.26,383.5;1081.28,384.77;1055.83,399.93;1029.65,428.78;1001.65,469.55;1000.11,669.89
2281	300170000	2	16	71846	200,300;1179.89,267.57;1179.53,2.7;1083.02,2.08;1083.24,72.02;1082.15,72.81;1082.38,93.22;1083.43,93.94;1083.45,108.59;1024.61,108.47;1023.58,96.37;943.54,95.34;945.98,206.52;984.75,247.8;1074.27,266.81
2282	300170000	2	16	71858	290.88,390.88;1556.37,1512.2;1579.02,1501.14;1637.29,1568.68;1626.96,1619.3;1575.1,1620.93;1521.25,1548.44;1538.46,1525.59
2283	300170000	2	16	71857	290,390;1650.98,1405.12;1661.79,1427.03;1657.6,1447.81;1642.65,1462.1;1591.27,1455.41;1586.6,1447.81;1583.43,1421.08;1591.01,1409.91;1632.81,1393.44
2284	300170000	2	16	71840	200,300;1298.79,245.62;1334.79,245.36;1336.34,238.66;1379.47,237.88;1381.17,246.47;1415.79,247.54;1415.93,257.08;1427,257.08;1426.63,316.1;1416.3,315.73;1416.4,327.9;1332.81,327.87;1299.17,327.94
2285	300170000	2	16	71844	200,300;1190.47,236.87;1234.39,235.69;1277.84,253.95;1299.74,265.67;1300.24,312.65;1233.98,311.37;1234.3,477.34;1195.67,476.48;1190.22,358.66;1125.77,352.67;1124.77,302.71;1191.22,302.21
2286	300170000	2	16	71838	200,300;1423.53,210.48;1499.36,210.4;1498.01,457.38;1421.01,452.53
2287	300170000	2	16	71856	290,390;1640.1,1463.33;1650.91,1476.41;1649.47,1502.34;1632.69,1525.46;1616.23,1528.14;1576.09,1495.91;1574.57,1489.4;1583.07,1465.36;1588.32,1460.53
2288	300170000	2	16	71861	200,300;1416.31,436.59;1417.01,502.77;1333.33,502.77;1305.31,489.11;1305.31,434.84
2289	300170000	2	16	71842	200,300;1299.31,135.41;1407.91,134.06;1407.7,223.72;1381.55,223.83;1381.59,239.27;1333.76,239.99;1333.33,224.84;1300.07,224.91
2290	300170000	2	16	71860	200,300;1232.32,374.33;1276.09,374.29;1305.8,418.82;1305.89,494.09;1327.44,509.26;1359.33,508.89;1359.18,566.75;1274.13,567.47;1259.38,522.25;1258.76,445.52;1250.09,432.53;1232.77,428.81
2291	300170000	2	16	71841	200,300;1334.98,327.36;1381.74,327.33;1396.49,354.12;1395.29,420.5;1372.34,433.74;1339.06,433.74;1315.46,416.21;1311.98,372.72
2292	300170000	2	16	71851	170,470;925.46,934.71;1123.19,778.46;1430.34,774.85;1536.99,879.51;1435.03,1060.55;1507.2,1137.08;1667.4,1064.02;1667.9,1354.5;1600.26,1319.66;1509.33,1288.59;1418.25,1318.36;1391.61,1337.7;1347.81,1397.71;1299.15,1689.97;913.24,1684.13
2293	300170000	2	16	71849	200,300;1178.75,473.72;1255.38,478.56;1256.18,681.01;1174.72,682.62
2294	300170000	2	16	71859	175.02,375.02;563.25,1075.28;799.58,1384.3;567.05,1600.82;309.59,1298.42
2295	300170000	2	16	71845	200,300;1131.92,267.05;1131.71,384.66;1057.21,390.93;942.71,630.13;824.29,710.9;669.58,589.7;605.27,339.53;677.42,44.65;820.94,-18.09;937.79,29.75;940.15,141.11;951.12,203.85;986.42,261.1;1067.91,268.67;1074.27,266.6
2296	300170000	2	16	71848	200,300;1082.85,103.56;1027.78,104.32;1027.55,62.23;1082.39,63.3
2297	300170000	2	16	71854	290,390;1467.51,1538.19;1472.89,1547.25;1463.23,1606.96;1447.09,1612.12;1425.7,1606.12;1406.18,1591.28;1401.05,1576.2;1436.56,1529.19;1444.61,1529.09
2298	300170000	2	16	71853	256.15,606.15;1416.31,1317.58;1502.01,1288.73;1599.31,1328.66;1663.34,1379.31;1660.18,1607.33;1592.11,1667.46;1431.26,1642.93;1357.81,1536.58;1346.33,1396.56;1389.51,1337.76
2299	300170000	2	16	71862	200,300;1357.4,505.04;1432.42,506.27;1431.02,567.55;1357.71,572.61
2300	300170000	2	16	71855	290,390;1509.53,1537.46;1517.88,1543.02;1538.28,1595.4;1517,1614.65;1483.15,1614.14;1465.96,1601.16;1476.13,1544.72;1485.76,1539.69
2301	300170000	2	16	71852	200,400;1501.93,1135.02;1435.34,1065.97;1543.07,879.42;1708.93,1034.34
2302	300170000	3	3	68271	0.1,1000.1;772.1,-52.08;510.18,19.68;370.25,172.17;354.1,387.45;413.3,509.44;459.95,708.57;549.65,794.68;784.66,821.59;908.44,719.33;981.99,670.9;1073.49,699.6;1077.07,769.56;1277.1,768.2;1312.08,742.65;1301.32,635.02;1367.7,577.61;1491.48,565.05;1640.38,523.79;1629.62,260.08;1566.83,-86.16
2303	300170000	3	1	67523	0.1,1000.1;444.38,997.82;188.08,1297.97;426.68,1705.19;703.22,1721.21;844.86,1539.1;822.1,1268.46;682.14,1009.63
2304	300170000	3	3	68251	0.1,1000.1;1705.89,1424.33;1592.9,1321.25;1516.59,1318.28;1416.19,1315.76;1357.2,1360.04;1366.65,1395.05;1344.13,1464.97;1298.54,1626.52;1339.18,1726.62;1570.11,1811.86;1709.85,1744.46
2305	300170000	3	16	67430	0.1,10000.1;41.55,-370.06;24.11,2171.32;1394.46,2171.32;2037.28,2099.07;1994.93,-399.96
2306	300170000	3	5	68279	0.1,1000.1;950.79,751.68;797.69,956.55;868.18,1278.18;1005.86,1390.52;1163.37,1382.81;1358.33,1416.96;1364.5,1393.76;1355.47,1359.44;1415.25,1314.23;1449.71,1314.27;1494.78,1313.05;1511.84,1311.22;1661.51,1298.7;1821.22,1151.11;1846.55,821.77;1747.42,588.27;1516.11,592.67;1350.9,641.14;1318.95,750.18;1287.01,781.02;1151.53,784.33;1060.11,787.63;1059.01,752.38
2307	300190000	2	16	71873	1288.45,1349.88;690.23,893.16;660.94,895.97;606.37,876.31;587.92,844.21;601.96,794.86;642.08,778.41;689.03,794.86;707.48,841.8;708.69,864.67
2308	300190000	2	12	71875	1137.17,1182.17;111.01,546.25;125.24,534.6;149.09,510.26;172.6,517.9;178.94,533.11;192.29,553.83;203.16,584.2;159.32,598.19;131.06,593.96
2309	300190000	2	12	71870	1153.52,1225.34;306.06,376.3;249.18,359.05;267.78,293.47;324.75,307.13;368.26,364.5;341.63,405.46;306.87,387.04
2310	300190000	2	16	71864	1087.68,1280.02;92.65,1025.83;25.47,569.02;152.13,170.27;420.02,213.8;513.35,630.6;327.7,757.37;296.51,889.38;301.54,896.92;334.63,1028.96
2311	300190000	2	12	71872	1163.86,1223.86;302.39,751.13;230.4,754.36;202.84,724.09;206.59,688.7;237.76,651.07;279.38,647.6;327.55,692.42
2312	300190000	2	12	71866	1094.05,1183.39;149.04,510.22;182.83,497.75;252.54,503.68;266.17,464.53;217.87,413.13;208.26,364.04;253.52,291.72;230.82,203.44;175.06,201.82;98.71,364.19;67.12,526.26;102.32,537.42;125.16,534.54
2313	300190000	2	12	71871	1161.61,1231.61;460.23,649.99;373.81,682.89;313.41,598.25;363.65,531.47;421.73,514.83;484.7,534.95
2314	300190000	2	11	71874	1094.15,1194.15;145.25,496.17;135.21,470.49;137.58,457.36;176.25,432.32;224.76,422.17;264.29,464.76;251.63,502.27;220.93,499.19;189.52,475.54;171.62,492.82
2315	300190000	2	14	71867	1091.02,1235.45;94.5,563.72;57.12,531.81;92.59,360.83;169.74,196.09;247.1,201.35;370.38,301.38;367.62,477.67;486.2,526.95;493.68,628.53;310.36,757.61;236.83,749.25;176.24,765.28;91.26,755.04
2316	300190000	2	14	71869	1364.25,1474.25;707.29,957.42;458.6,830.98;567.11,673.56;796.93,782.39
2317	300190000	2	12	71865	1112.76,1173.5;94.9,738.85;119.72,635.72;159.41,598.37;208.85,582.4;225.49,621.97;192,676.93;189.02,731.67;178.69,754.87
2318	300190000	2	16	71868	1229.03,1482.34;355.26,1008.7;298.73,909.15;301.08,864.22;335.86,759.07;564.98,659.57;825,782.36;716.4,973.12;581.94,908.29;498.57,1019.23
2319	300190000	3	4	67854	0.1,10000.1;236.58,206.47;180.01,178.18;133.42,234.75;89.33,348.73;50.23,493.49;66.87,546.73;104.31,542.57;122.61,523.44;130.93,506.8;154.22,493.49;184.17,488.49;211.63,503.47;240.74,503.47;258.21,478.51;259.05,459.38;254.89,439.41;239.08,428.6;224.1,422.77;210.79,421.11;218.28,415.28;205.8,367.03;222.44,349.56;234.09,325.44;243.24,307.13;240.74,280.51;238.25,223.94
2320	300190000	3	16	67430	0.1,10000.1;-130.09,-64.41;-120.08,1358.18;980.82,1378.2;977.96,-105.87
2321	300190000	3	1	67523	1375,11375;542.07,714.65;484.57,799.43;503.09,857.9;576.18,898.83;690.19,960.22;724.3,950.48;772.05,877.39;720.4,838.41;735.02,780.92;667.78,753.63;627.83,722.45;583.97,732.19
2322	300190000	3	5	68288	0.1,10000.1;290.9,83.49;254.81,290.75;248.63,352.62;218.04,393.17;229.52,432.43;264.09,447.48;270.28,502.13;253.78,524.81;212.54,529.97;171.29,511.41;145.18,521.04;123.86,551.62;124.89,627.93;181.6,623.8;215.32,591.96;230.07,653.71;198.59,736.95;177.17,773.06;159.95,802.19;136.23,890.86;158.92,959.95;239.35,1063.06;507.44,1150.71;746.66,1110.49;804.4,989.85;808.53,731.04;715.72,613.49;540.43,467.07;552.81,252.6;570.34,90.71
2323	300190000	3	4	67854	0.1,10000.1;197.37,683.5;217.19,643.06;209.26,586.76;201.33,587.55;181.51,608.96;142.48,623.54;50.67,665.26;57.81,769.93;154.55,754.87;173.58,749.32;196.78,704.11
2324	300190000	5	0	72901	1246.6,1256.45;348.08,895.73;336.4,903.21;342.56,906.56;343.32,910.63;352.18,905.53
2325	300190000	5	0	72902	1268.76,1276.61;426.79,865.17;419.1,871.7;416.04,867.66;424.25,860.46
2326	300190000	5	0	72903	1259.38,1265.74;412.04,948.92;401.21,954.45;400.96,951.65;400.51,949.42;409,945.57
2327	300190000	5	0	72904	1258.79,1265.8;409.04,943.14;397.7,945.62;394.43,938.2;394.03,935.89;407.54,931.76
2328	300190000	5	0	72905	1268.66,1275.96;435.08,882.66;426.56,886.92;424.99,883.36;421.67,875.33;430.96,870.46
2329	300200000	2	2	71884	84.02,106.07;262.95,204.74;262.93,223.13;300.96,231.19;321.03,231.09;320.25,205.1
2330	300200000	2	5	71881	55.64,305.64;81.25,332.83;80.21,509.55;444.61,505.63;438.97,259.12;364.44,259.96;340.64,299.29;299.15,317.71;272.99,345.83;172.87,346.12;169.81,333.76
2331	300200000	2	2	71882	127.17,177.17;105.68,-2.64;105.82,40.29;210.99,39.82;210.92,-2.29
2332	300200000	2	1	71880	127.17,177.17;170.12,248.72;170.27,348.49;270.52,347.78;269.57,249.17;237.28,249.18
2333	300200000	2	3	71878	72.89,207.89;187.72,175.64;187.7,250.63;260.06,250.93;263.72,224.44;263.62,204.51;254.88,176.1
2334	300200000	2	2	71876	127.17,177.17;109.36,38.5;110.76,121.71;200.25,122.02;198.93,38.69
2335	300200000	2	6	71879	118.94,168.94;38.48,49.24;38.96,128.48;71.48,145.81;112.28,129.09;110.42,51.85
2336	300200000	2	2	71883	122.79,172.79;136.62,120.33;136.76,163.26;193.99,178.7;249.66,177.74;248.28,123.81
2337	300200000	2	4	71877	75.33,125.33;269.56,244.27;270.06,274.8;274.79,301.64;300.8,321.48;323.75,314.2;343.19,300.09;357.5,262.32;324.89,230.27;300.91,229.92
2338	300200000	3	16	67430	0.1,10000.1;-197.83,-425.44;-213.65,943.96;691.54,935.52;709.48,-462.37
2339	300200000	3	1	68300	0.1,1000.1;213.29,249.43;237.08,249.3;237.08,257.28;261.25,256.62;261.12,248.26;268.83,248.26;269.22,346.65;234.46,346;234.13,348.24;212.16,348.59;212.25,346.13;178.47,345.94;178.54,256.49;211.73,257.93;211.86,249.17
2340	300200000	3	2	67214	0.1,1000.1;-93.38,-306.23;-122.92,850.06;629.3,863.78;659.89,-290.4
2341	300200000	5	0	72853	80.66,153.76;280.54,420.73;271.77,420.73;271.72,429.55;280.59,429.57
2342	300210000	2	16	71798	214,714;789.6,-814.08;835.46,364.99;118.94,358.12;119.31,-798.75
2343	300210000	2	16	71800	214,714;835.97,605.05;832.48,1122.81;115.96,1115.95;118.5,597.61
2344	300210000	2	1	71799	214,714;523.39,789.81;541.3,811.51;543.55,873.28;525.71,938.2;431.66,933.48;418.34,876.12;429.22,808.06;447.22,791.42;475.15,775.87;495.11,776.15
2345	300210000	2	16	71803	214,714;833.75,347.5;835.46,617.59;118.94,610.72;120.44,351.51
2346	300210000	2	1	71802	214,714;690.57,427.87;657.43,474.33;661.76,570.58;643.39,626.33;599.8,641.46;570.63,633.18;539.65,605.8;538.8,565.22;561.9,535.84;599.73,524.4;609.13,500.22;608.57,483.09;619.17,477.67;618.89,458.29;569.12,443.39;551.83,420.13;558.28,397.38;552.1,376.79;558.28,354.32;581.59,355.73;590.85,368.93;620.5,356.85;660.66,355.73;685.53,377.44
2347	300210000	2	1	71804	214,714;422.64,550.39;434,581.31;433.56,621;396.33,636.19;376.32,639.08;349.56,616.12;326.04,579.61;329.57,540.81;319.64,495.61;283.33,443.29;282.08,382.9;306.39,353;368,352.37;391.09,355.3;412.96,355.59;419.74,398.01;415.88,431.07;400.37,446.29;363.82,457.54;353.16,481.23;367.89,484.74;369.74,500.48;355.53,504.33;369.56,524.62;400.28,531.48
2348	300210000	2	1	71801	214,714;526.15,560.41;523.64,630.72;440.66,629.69;443.59,561.04
2349	300210000	3	1	68258	0.1,10000.1;-175.86,-1034.79;-187.95,1508.65;1188.57,1557.02;1190.58,-1083.16
2350	300210000	3	16	67430	0.1,10000.1;-300.81,-1169.82;-308.88,1593.3;1275.23,1623.53;1247.02,-1194
2351	300220000	2	16	71889	140.98,940.98;456.03,536.38;327.65,550.47;202.7,583.46;125.39,622.31;109.98,713.75;127.99,833.41;171.97,904.52;244.35,932.17;344.78,936.43;475.4,865.85;519.46,788.73;576.89,736.98;623.62,644.55;610.2,618.36;565.44,545.28;549.35,514.37
2352	300220000	2	16	71888	289.2,589.2;569.18,446.89;596.98,397.3;629.91,410.8;669.2,422.94;691.14,428.43;729.4,445.9;771.57,443.81;789.65,521.33;811.6,605.36;824.41,632.13;812.41,663.88;744.64,723.36;677.08,707.94;619.53,686.26;615.89,644.38;593.88,603.22;584.22,581.8;550.49,531.16;548.13,502.2;552.12,481.19
2353	300220000	2	16	71885	289.2,589.2;581.44,78.64;574.1,138.53;573.68,180.04;574.45,208.46;572.58,244.69;603.32,250.89;637.12,256.55;680.64,260.5;718.83,265.12;741,270.72;759.9,250.8;774.93,187.97;786.21,139.35;776.84,99.83;742.98,63.8;665.42,52.92;622.67,56.66
2354	300220000	2	16	71887	289.2,589.2;572.67,240.13;575.31,313.72;577.72,340.05;577.21,368.68;579.46,393.46;599.63,407.73;626.63,418.45;668.73,430.43;691.11,437.75;728.43,455.23;772.93,450.84;774.63,407.18;771.87,374.3;761.07,322.22;741.39,266.51;718.2,260.15;675.59,256.06;631.52,251.17;603.44,245.46
2355	300220000	3	1	67523	0.1,230.1;308.87,687.62;276.23,704.49;266.94,761.57;274.46,813.82;319.05,843.65;386.5,841.75;397.05,793.02;409.46,743.07;407.31,718.75;393.17,696.1;348.96,682.44
2356	300220000	3	5	68302	0.1,1000.1;-79.5,-157.47;-89.33,1536.13;1243.93,1572.16;1227.55,-183.68
2357	300220000	3	16	67430	0.1,10000.1;-148.3,-342.56;-169.59,1665.52;1342.2,1771.99;1291.43,-378.59
2358	300220000	5	0	72906	231.72,451.72;376.28,709.13;394.18,713.76;385.66,738.63;360.67,729.97;368.13,714.83
2359	300230000	2	15	71890	157.6,304.85;633.97,490.37;787.78,493.31;787.81,725.7;635.4,725.27
2360	300230000	2	16	71898	191.18,291.18;576.47,738.14;577.55,812.2;689.99,815.56;688.89,740.45
2361	300230000	2	15	71896	157.6,257.6;483.71,674.21;483.7,725.87;538.18,726.16;538.09,674.21
2362	300230000	2	14	71897	157.6,257.6;427.25,606.36;539.06,606.15;539.16,674.76;427.25,674.76
2363	300230000	2	14	71892	157.6,257.6;695.16,497.56;695.16,563.16;763.08,563.86;762.73,497.35
2364	300230000	2	14	71893	157.6,257.6;712.06,607.69;712.18,650.39;766.96,650.27;766.96,607.69
2365	300230000	2	15	71895	157.6,257.6;482.26,554.13;533.92,553.34;532.65,606.78;482.18,606.9
2366	300230000	2	16	71894	168.08,398.87;371,537.07;634.53,535.89;635.77,728.4;705.74,729.02;706.58,859.41;373.15,858.15
2367	300230000	2	15	71898	157.6,257.6;596.44,746.35;599.56,816.31;693.58,816.31;692.69,745.9
2368	300230000	2	16	71826	0.1,500.1;369.74,224.4;401.54,191.69;460.47,135;545.42,144.69;594.69,213.37;633.22,304.9;606.89,383.81;528.31,453.71;386.01,486.37;218.42,281.21;216.66,214.77
2369	300230000	2	15	71827	0.1,500.1;376.69,133.47;405.8,167.68;400.39,193.99;371.84,222.58;327.64,205.16;320.06,176.33;337.01,153.76
2370	300230000	2	14	71891	157.6,257.6;635.43,496.92;635.57,590.67;699.54,590.62;695.43,577.7;695.3,496.88
2371	300230000	3	1	67523	0.1,1000.1;591.02,730.29;590.27,763.58;589.89,785.81;589.51,856.91;701.06,858.42;702.31,827.51;701.56,727.4
2372	300230000	3	5	67854	0.1,1000.1;197.45,11.86;160.19,254.37;157.23,516.99;448.04,485.4;585.26,464.7;678.13,409.1;733.06,306.81;717.09,54.84
2373	300230000	3	16	67430	0.1,10000.1;90.59,-148.29;63.87,1044.51;957.04,1102.72;942.73,-170.24
2374	300230000	3	2	67218	0.1,1000.1;372.28,520.01;497.67,492.8;555.05,480.97;626.62,462.04;738.41,431.29;815.89,434.84;805.25,888.51;673.94,943.51;499.45,937.01;308.99,895.01;288.29,572.65;306.63,534.8
2375	300250000	2	16	71900	248.85,648.85;877.47,1081.84;877.35,1124.88;832.8,1163.74;729.17,1160.56;755.16,1004.08;778.75,1002.42;778.9,979.55;799.71,979.55;799.2,1000.83;848.52,997.97
2376	300250000	2	16	71899	1,1001;9.69,2.66;5.03,1535.76;634.22,1535.58;754.51,1005.16;778.94,1003.01;779.27,979.96;799.05,980.28;798.73,1001.54;849.41,998.48;899.39,1070.75;945.61,1077.07;967.61,1068.11;1055.54,1014.65;1052.87,820.89;1091.68,821.61;1186.46,824.61;1256.66,834.75;1289.21,833.31;1321.92,828.85;1341.73,918.99;1338.61,975.75;1367.65,980.84;1525.9,996.63;1533.47,2.66;18.57,6.52;253.17,390.26;329.77,348.4;421.51,472.07;426.13,539.43;345.43,597.1;256.38,490.88;251.81,391.3
2377	300250000	2	16	71902	155,355;1356.85,1015.8;1343.02,1048.62;1324.65,1076.29;1301.58,1076.79;1259.13,1045.81;1196.83,1039.66;1155.98,1063.31;1158.13,1180.84;1188.59,1192.31;1198.26,1208.43;1203.64,1296.58;1166.22,1406.54;1162.82,1530.43;1524.27,1530.31;1525.87,999.07;1378.34,993.13
2378	300250000	2	1	71906	21.81,201.81;673.74,605.8;698.3,592.9;703.28,587.05;727.43,551.24;739.65,503.65;748.23,500.07;773.2,525.37;775.81,527.59;795.89,537.02;801.31,531.36;819.78,496.62;827.81,485.56;831.8,467.47;828.54,451.17;828.76,436.75;832.68,432.46;867.35,412.09;869.51,399.09;875.15,393.46;904.91,403.23;937.85,384.16;963.41,361.2;970.78,346.46;970.34,322.2;978.14,309.63;1014.11,297.06;1020.81,287.39;1023.84,273.09;1024.71,267.89;1032.08,263.99;1056.78,262.69;1068.91,266.16;1052.88,281.33;1036.41,306.89;1055.91,317.72;1063.28,322.92;1062.84,332.02;1029.04,352.82;1009.11,347.19;987.88,350.66;978.78,354.56;969.98,377.06;968.25,385.29;953.08,404.36;944.41,406.52;938.35,402.19;928.81,403.49;899.78,429.49;897.18,434.26;876.82,437.72;857.75,435.12;842.58,445.09;838.3,446.48;828.64,451.32;831.85,467.49;827.87,485.66;818.93,502.14;817.83,527;815.66,569.92;822.69,595.31;819.34,618.34;825.89,646.5;826.09,672.29;840.66,684.5;895.3,690.93;904.2,700.16;915.72,728.43;906.46,756.77;898.39,777.44;873.39,768.58;830.08,733.93;797.4,729.31;762.57,721.12;733.62,717.55;701.38,731.9;692.6,719.47;684.33,720.45;684.64,751.15;688.98,768.09;679.03,784.42;650.98,791.51;631.1,804.9;616.33,811.2;591.89,835.08;568.45,838.27;560.97,874.8;538.27,882.12;527.24,892.16;503.46,889.39;485.91,899.14;490.17,910.56;512.71,922.17;513.03,935.49;524.06,954.19;550.83,961.67;566.46,981.26;577.09,1037.89;579.74,1067.72;551.84,1137.87;510.69,1125.47;482.59,1130.03;452.58,1133.58;429.74,1160.35;423.47,1200.87;392.85,1208.59;337.23,1142.9;316.54,1126.27;298.48,1136.63;276.82,1157.73;180.22,1007.05;131.3,997.79;125.78,920.03;152.89,885.67;194.23,874.9;200.34,864.13;209.2,846.22;207.63,823.38;166.88,735.58;172,733.41;211.83,759.39;246.63,753.82;271.3,744.95;272.88,707.15;262.64,694.35;278.98,664.04;311.66,679.79;308.87,692.96;314.58,699.85;348.06,716.77;365.97,713.23;378.57,698.47;377.59,674.45;394.67,666.67;403.92,656.83;405.89,635.37;405.69,622.97;398.61,614.51;402.74,603.48;399.98,594.43;412.98,581.83;421.05,578.48;453.41,606.8;461.67,624.71;478.98,653.9;488.82,682.25;499.06,689.73;505.55,694.06;523.83,682.42;534.06,674.75;550.4,681.44;588.98,675.26;641.41,652.67;661.29,632.2
2379	300250000	2	16	71904	210.86,710.86;1051.75,819.6;1055.03,1013.54;1260.33,1015.56;1279.14,975.66;1339.99,974.26;1343.14,918.38;1322.69,827.34;1280.35,833.13;1256.1,833.77;1181.34,823.53;1096.23,820.91
2380	300250000	2	16	71903	70.13,370.13;1303.72,1077.43;1324.68,1078.18;1343.58,1049.18;1349.95,1035.7;1356.31,1019.79;1334.98,979.56;1285.2,980.49;1267.23,1028.59;1279.96,1047.87;1279.96,1047.87;1284.91,1051.98
2381	300250000	2	16	71905	152.79,652.79;330.67,345.63;423.79,471.74;427.31,540.07;345.51,599.22;306.46,562.32;255.6,490.95;250.13,390.6
2382	300250000	2	16	71907	20,177;1266.09,1122.92;1317.8,1103.13;1359.26,1110.68;1372.91,1169.19;1361.77,1227.27;1313.85,1237.16;1265.71,1212.43;1250.69,1167.75
2383	300250000	2	16	71901	0,800;899.09,1068.77;945.96,1075.76;967.97,1066.44;1028.3,1065.66;1051.86,1071.1;1070.77,1057.72;1157.51,1065.48;1157.25,1157.4;1160.29,1179.3;1190.02,1190.8;1199.84,1207.37;1207.77,1297.32;1169.11,1406.11;1077.7,1523.59;826.75,1530.3;775.75,1283.82;831.82,1162.49;876.55,1124.42;876.72,1082
2384	300250000	3	1	68308	0.1,1000.1;1003.24,-71.61;1187.37,263.18;1077.84,350.2;929.9,405.93;897.39,438.57;935.61,466.29;916.41,554.54;915.68,614.17;940.96,643.96;943.1,711.66;938.82,767.24;899.63,794.33;819.09,792.19;722.89,816.42;660.17,889.82;634.52,934.72;581.25,1075.17;548.47,1134.32;501.43,1125.77;430.17,1194.19;429.45,1258.33;589.47,1523.12;-91.6,1519.44;-100.04,-11.36
2385	300250000	3	1	68310	0.1,1000.1;820.39,1231.73;806.5,1301.18;839.68,1510.16;915.83,1535.07;1057.59,1520.22;1165.83,1502.06;1235.71,1279.28;1202.18,1212.71;1147.35,1143.45;1133.79,1055.71;1093.29,1064.13;1049.7,1087.6;997.02,1085.21;910.9,1073.69;898.93,1094.28;907.07,1138.82
2386	300250000	3	0	68317	0.1,115.1;1285.72,1090.24;1250.91,1121.66;1232.35,1156.23;1234.48,1207.02;1257.57,1247.96;1323.88,1254.54;1397.92,1200.01;1384.22,1124.54
2387	300250000	3	2	68311	0.1,1000.1;1191.96,266.5;1524.43,300.27;1523.68,748.29;1486.62,1091.28;1386.22,1012.38;1336.54,979.33;1294.07,978.69;1278.97,994.17;1254.43,1016.45;1167.66,1048.22;1056.94,1056.7;972.56,1043.22;932.4,996.01;846.95,994.13;798.65,996.44;799.07,976.98;779.68,976.84;778,996.44;748.05,996.24;682.16,1035.94;640.66,1101.71;597.26,1045.5;638.36,936.03;664.46,890.47;725.14,822.1;817.84,796.34;899.59,795.3;940.61,776.15;945.06,705.85;944.83,644.68;920.76,613.49;920.96,555.95;930.97,502.72;937.92,481.7;956.9,457.8;911.3,427.11;929.4,411.04;975.79,391.13;1080.14,353.21
2388	300250000	3	16	67430	0.1,1000.1;-174.15,-82.67;-129.15,1603.29;1665.13,1638.83;1658.69,-110.11
2389	300250000	3	5	68314	0.1,1000.1;682.11,1037.79;650.85,1103.23;629.16,1127.09;620.1,1571.71;1525.13,1585.18;1525.73,1117.13;1483.21,1094.69;1419.25,1045.32;1410.23,1032.94;1394.96,1022.61;1382.18,1012.38;1335.9,981.46;1294.5,980.18;1256.3,1017.96;1237.65,1023.17;1167.63,1049.55;1060.85,1058.03;1055.33,1057.65;971.47,1043.27;932.35,996.57;847.86,995.05;798.69,997.68;781.61,996.44;778.3,997.37;748.18,996.51
2390	300250000	5	0	72907	258.27,325.24;1274.82,932.98;1274.67,924.85;1282.66,924.8;1282.19,932.97
2391	300300000	2	16	72908	0,1000;4,1065.55;1005.13,1065.55;1004.13,2097.99;2.04,2101.97
2392	300300000	2	16	71909	0,1000;1015.05,537.83;1526.34,537.71;1526.47,1040.61;1015,1040.2
2393	300300000	2	16	71908	0,1000;4,4;1005.13,4;1004.13,1036.44;2.04,1040.42
2394	300300000	2	16	71915	0.1,1000.1;2042.33,1047.41;2042.33,1544.02;1536.77,1544.02;1536.77,1047.41
2395	300300000	2	16	71911	0,1000;1529.81,537.47;2046.04,538.89;2042.63,1039.02;1534.44,1038.64
2396	300300000	2	16	71913	0.1,1000.1;2042.33,1553.73;2042.33,2050.35;1536.77,2050.35;1536.77,1553.73
2397	300300000	2	16	71910	0,1000;1016.73,4.66;2048.64,3.36;2046.37,532.07;1015,530.5
2398	300300000	2	16	71914	0,1000;1020.46,1475.49;1494.68,1472.28;1494.4,2051.6;1020.46,2051.96
2399	300300000	3	1	68323	0.1,1000.1;1017.7,-28.83;1035.83,542.34;2050.26,551.43;2047.5,-5.68
2400	300300000	3	1	68325	0.1,1000.1;1531.52,563.76;1537.79,1034.2;2048.52,1034.4;2048.72,566.17
2401	300300000	3	1	68319	0.1,1000.1;2.67,-65.42;8.07,1050.13;1029.09,1036.63;991.27,-84.33
2402	300300000	3	16	67430	0.1,1000.1;-477.12,-676.04;-447.57,2735.91;2328.31,2724.81;2306.7,-719.08
2403	300300000	3	1	68330	0.1,1000.1;974.95,1449.64;990.12,2028.22;1511.22,2062.5;1504.01,1443.16
2404	300300000	3	1	68327	0.1,1000.1;1533,1526.73;1549.65,2056.43;2057.41,2055.15;2062.06,1520.26
2405	300300000	3	1	67523	0.1,1000.1;1528.96,1062.51;1526.35,1512.21;2045.96,1509.45;2043.2,1066.41
2406	300300000	3	1	68321	0.1,1000.1;1035.45,561.16;1041.73,1031.59;1506.53,1045.13;1508.21,572.46
2407	300320000	2	16	71917	0,1000;4,1065.55;1005.13,1065.55;1004.13,2097.99;2.04,2101.97
2408	300320000	2	16	71920	0,1000;1015.05,537.83;1526.34,537.71;1526.47,1040.61;1015,1040.2
2409	300320000	2	16	71925	0.2,1000.2;1532.81,526.09;2046.95,526.09;2051.2,1.18;1529.41,1.18
2410	300320000	2	16	71922	0,1000;4,4;1005.13,4;1004.13,1036.44;2.04,1040.42
2411	300320000	2	16	71921	0.1,1000.1;1015.8,527.69;1520.91,526.82;1519.75,5.85;1018.72,7.68
2412	300320000	2	16	71923	0.1,1000.1;2042.33,1047.41;2042.33,1544.02;1536.77,1544.02;1536.77,1047.41
2413	300320000	2	16	71918	0,1000;1529.81,537.47;2046.04,538.89;2042.63,1039.02;1534.44,1038.64
2414	300320000	2	16	71924	0.1,1000.1;2042.33,1553.73;2042.33,2050.35;1536.77,2050.35;1536.77,1553.73
2415	300320000	2	16	71919	0,1000;1020.46,1475.49;1494.68,1472.28;1494.4,2051.6;1020.46,2051.96
2416	300320000	3	1	68337	0.1,1000.1;965.28,1346.49;970.61,2151.54;1533.98,2172.87;1526.87,1326.94
2417	300320000	3	1	68334	0.1,1000.1;1053.75,574.12;1055.12,1023.69;1490.98,1031.92;1478.65,583.72
2418	300320000	3	1	68333	0.1,1000.1;1522.24,-24.29;1512.54,1040.18;2065.18,1045.16;2058.65,-26.44
2419	300320000	3	1	68332	0.1,1000.1;-27.78,1071.57;-21.25,2124.19;926.93,2124.19;936.72,1068.3
2420	300320000	3	16	67430	0.1,1000.1;-169.89,-460.85;-169.89,2459.35;2369.29,2484.38;2394.32,-408.01
2421	300320000	3	1	68336	0.1,1000.1;-11.23,-119.91;-22.66,968.62;896.15,971.89;889.62,-111.75
2422	300320000	3	1	68335	0.1,1000.1;1057.41,-48.94;1057.41,506.16;1486.42,507.53;1489.16,-58.54
2423	300320000	3	1	68338	0.1,1000.1;1553.8,1067.57;1556.54,2014.74;2057.64,2016.17;2060,1070.75
2424	300350000	2	15	71932	280.35,360.35;1858.5,1263.75;1858.25,1146.75;1982.25,1146;1973.5,1263.75
2425	300350000	2	1	71930	277.35,297.35;1971.75,1291.25;1995.5,1291;1995.25,1263.5;1971.75,1263.5
2426	300350000	2	16	71927	0.1,1000.1;-1.85,1108.66;40.94,2013.96;1177.6,2041.27;1172.02,1142.12
2427	300350000	2	16	71933	0.1,1000.1;1802,1088;1802,848;2046,849;2045,1081
2428	300350000	2	16	71928	0.1,1000.1;1781,1349;1262,1351;1265,741;1778,738
2429	300350000	2	16	71926	0.1,1000.1;1249,1430;2044,1431;2041,2044;1245,2042
2430	300350000	2	14	71938	285.65,323.81;1964,1263.54;1963.91,1221.52;1952.32,1221.21;1951.51,1247.79;1912.26,1247.27;1911.9,1221.51;1900.51,1221.75;1901.43,1263.32;1948.94,1263.34;1948.6,1268.81;1954.36,1268.94;1954.36,1263.79
2431	300350000	2	13	71936	266.13,303.24;1985.74,1259.74;1994.7,1188.98;1979.81,1186.7;1978.91,1150.41;1923.56,1149.5;1924.49,1205.72;1938.38,1208.78;1939.29,1165.23;1966.2,1164.93;1966.2,1197.59;1983.14,1200.01;1974.02,1258.45
2432	300350000	2	16	71935	249.97,319.97;1896.12,1164.32;1964.08,1159.46;1965.53,1196.41;1977.82,1198.44;1980.76,1214.43;1968.08,1215.39;1968.76,1240.57;1950.25,1240.58;1949.88,1266.39;1886.89,1273.04;1884.51,1301.25;1860.92,1300.74;1865.66,1196.81
2433	300350000	2	16	71929	0.1,1000.1;1801,1348;1801,1108;2045,1109;2044,1341
2434	300350000	2	16	71934	0.1,1000.1;507,120;511,408;937,420;941,124
2435	300350000	2	12	71937	266.53,320.16;1938.58,1276.32;1938.36,1263.02;1948.06,1263.06;1948.36,1268.54;1975.11,1268.51;1975.34,1257.63;1982.56,1258.46;1983.12,1270.89;1984.35,1289.95;1974.15,1291.05;1970.17,1279.09
2436	300350000	2	15	71939	260.1,319.26;1901.48,1250.39;1881.62,1249.18;1881.63,1229;1901.57,1229.47
2437	300350000	3	4	68343	0.1,1000.1;1822.65,753.58;1825.01,1058.09;2167.29,1062.81;2157.85,739.41
2438	300350000	3	3	68342	0.2,1000.2;1796.68,1088.78;1806.12,1402.73;2167.29,1400.37;2186.17,1091.14
2439	300350000	3	2	68344	0.1,1000.1;67.48,-270.4;95.81,912.25;1054.2,888.64;1058.92,-308.17
2440	300350000	3	5	68345	0.1,1000.1;1097.95,720.53;1107.39,1431.06;1709.34,1400.37;1716.42,725.25
2441	300350000	3	1	68339	0.1,1000.1;24.99,990.15;22.63,2404.13;1061.28,2441.9;1058.92,1025.56
2442	300350000	3	6	68340	0.1,1000.1;1241.95,1504.24;1249.03,2368.21;2261.71,2417.78;2280.6,1504.24
2443	300350000	3	16	67392	0.1,1000.1;2353.49,2817.03;2377.91,-720.22;-1205.22,-599.5;-1170.86,2840.55;620.16,2808.48
2444	300350000	4	0	72909	133.1,283.1;626,1728;626,1834;730,1834;730,1728
2445	300360000	2	16	71941	66.27,366.27;885.49,1816.7;733.6,1528.37;416.55,1787.22;443.81,2144.65
2446	300360000	2	15	71944	104.63,229.63;43.35,1483.24;195.51,1577.43;494.39,1548.45;568.65,1307.53;537.86,1113.72;410.05,998.95;44.87,988.51
2447	300360000	2	16	71943	-146.33,653.67;546.86,1113.91;437.25,988.7;258.25,951.87;70.42,972.73;14.96,1071.09;6.1,1519.46;181.98,1615.11;503.46,1584.51;579.85,1307.81
2448	300360000	2	16	71942	297.08,597.08;2036.68,1361.08;1439.72,1342.24;1619.11,714.28;2072.28,763.44
2449	300360000	2	16	71940	292.24,442.24;2047.27,1963.45;1876.58,2056.87;1562.6,2039.31;1526.43,1780.03;1593.86,1478.69;1945.77,1474.48;2077.82,1595.29
2450	300360000	3	4	68343	0.1,1000.1;1324.75,1274.33;1479.73,2269.02;2368.86,2299.71;2158.51,1299.32;1527.39,1246.3
2451	300360000	3	2	68339	0.1,1000.1;56.84,1484.74;66.59,2200.72;873.29,2216.33;864.51,1604.72
2452	300360000	3	1	68342	0.1,1000.1;-132.69,728.52;-114.75,1468.24;808.79,1517.56;831.2,674.72
2453	300360000	3	2	68340	0.1,1000.1;1380.59,432.72;1424.89,1228.31;2277.49,1256.25;2295.67,475.82
2454	300360000	3	16	67392	0.1,1000.1;-962.4,-1564.4;-856.69,3906.31;3072.36,4144.17;3103.19,-1639.28
2455	300360000	4	0	72910	153.82,653.82;653.04,1734.75;653.95,1801.63;730.59,1807.57;732.76,1734.38
2456	300420000	2	15	71932	280.35,360.35;1858.5,1263.75;1858.25,1146.75;1982.25,1146;1973.5,1263.75
2457	300420000	2	1	71930	277.35,297.35;1971.75,1291.25;1995.5,1291;1995.25,1263.5;1971.75,1263.5
2458	300420000	2	16	71927	0.1,1000.1;-1.85,1108.66;40.94,2013.96;1177.6,2041.27;1172.02,1142.12
2459	300420000	2	16	71933	0.1,1000.1;1802,1088;1802,848;2046,849;2045,1081
2460	300420000	2	16	71928	0.1,1000.1;1781,1349;1262,1351;1265,741;1778,738
2461	300420000	2	16	71926	0.1,1000.1;1249,1430;2044,1431;2041,2044;1245,2042
2462	300420000	2	14	71938	285.65,323.81;1964,1263.54;1963.91,1221.52;1952.32,1221.21;1951.51,1247.79;1912.26,1247.27;1911.9,1221.51;1900.51,1221.75;1901.43,1263.32;1948.94,1263.34;1948.6,1268.81;1954.36,1268.94;1954.36,1263.79
2463	300420000	2	13	71936	266.13,303.24;1985.74,1259.74;1994.7,1188.98;1979.81,1186.7;1978.91,1150.41;1923.56,1149.5;1924.49,1205.72;1938.38,1208.78;1939.29,1165.23;1966.2,1164.93;1966.2,1197.59;1983.14,1200.01;1974.02,1258.45
2464	300420000	2	16	71935	249.97,319.97;1896.12,1164.32;1964.08,1159.46;1965.53,1196.41;1977.82,1198.44;1980.76,1214.43;1968.08,1215.39;1968.76,1240.57;1950.25,1240.58;1949.88,1266.39;1886.89,1273.04;1884.51,1301.25;1860.92,1300.74;1865.66,1196.81
2465	300420000	2	16	71929	0.1,1000.1;1801,1348;1801,1108;2045,1109;2044,1341
2466	300420000	2	16	71934	0.1,1000.1;507,120;511,408;937,420;941,124
2467	300420000	2	12	71937	266.53,320.16;1938.58,1276.32;1938.36,1263.02;1948.06,1263.06;1948.36,1268.54;1975.11,1268.51;1975.34,1257.63;1982.56,1258.46;1983.12,1270.89;1984.35,1289.95;1974.15,1291.05;1970.17,1279.09
2468	300420000	2	15	71939	260.1,319.26;1901.48,1250.39;1881.62,1249.18;1881.63,1229;1901.57,1229.47
2469	300420000	3	4	68343	0.1,1000.1;1822.65,753.58;1825.01,1058.09;2167.29,1062.81;2157.85,739.41
2470	300420000	3	3	68342	0.2,1000.2;1796.68,1088.78;1806.12,1402.73;2167.29,1400.37;2186.17,1091.14
2471	300420000	3	2	68344	0.1,1000.1;67.48,-270.4;95.81,912.25;1054.2,888.64;1058.92,-308.17
2472	300420000	3	5	68345	0.1,1000.1;1097.95,720.53;1107.39,1431.06;1709.34,1400.37;1716.42,725.25
2473	300420000	3	1	68339	0.1,1000.1;24.99,990.15;22.63,2404.13;1061.28,2441.9;1058.92,1025.56
2474	300420000	3	6	68340	0.1,1000.1;1241.95,1504.24;1249.03,2368.21;2261.71,2417.78;2280.6,1504.24
2475	300420000	3	16	67392	0.1,1000.1;2353.49,2817.03;2377.91,-720.22;-1205.22,-599.5;-1170.86,2840.55;620.16,2808.48
2476	300420000	4	0	72909	133.1,283.1;626,1728;626,1834;730,1834;730,1728
2477	300430000	2	16	71941	66.27,366.27;885.49,1816.7;733.6,1528.37;416.55,1787.22;443.81,2144.65
2478	300430000	2	15	71944	104.63,229.63;43.35,1483.24;195.51,1577.43;494.39,1548.45;568.65,1307.53;537.86,1113.72;410.05,998.95;44.87,988.51
2479	300430000	2	16	71943	-146.33,653.67;546.86,1113.91;437.25,988.7;258.25,951.87;70.42,972.73;14.96,1071.09;6.1,1519.46;181.98,1615.11;503.46,1584.51;579.85,1307.81
2480	300430000	2	16	71942	297.08,597.08;2036.68,1361.08;1439.72,1342.24;1619.11,714.28;2072.28,763.44
2481	300430000	2	16	71940	292.24,442.24;2047.27,1963.45;1876.58,2056.87;1562.6,2039.31;1526.43,1780.03;1593.86,1478.69;1945.77,1474.48;2077.82,1595.29
2482	300430000	3	4	68343	0.1,1000.1;1324.75,1274.33;1479.73,2269.02;2368.86,2299.71;2158.51,1299.32;1527.39,1246.3
2483	300430000	3	2	68339	0.1,1000.1;56.84,1484.74;66.59,2200.72;873.29,2216.33;864.51,1604.72
2484	300430000	3	1	68342	0.1,1000.1;-132.69,728.52;-114.75,1468.24;808.79,1517.56;831.2,674.72
2485	300430000	3	2	68340	0.1,1000.1;1380.59,432.72;1424.89,1228.31;2277.49,1256.25;2295.67,475.82
2486	300430000	3	16	67392	0.1,1000.1;-962.4,-1564.4;-856.69,3906.31;3072.36,4144.17;3103.19,-1639.28
2487	300430000	4	0	72910	153.82,653.82;653.04,1734.75;653.95,1801.63;730.59,1807.57;732.76,1734.38
2488	310010000	3	16	67392	0.1,1000.1;-265.11,-280.38;-273.9,835.41;625.32,816.72;680.29,253.88;651.71,-273.78
2489	310010000	3	1	67228	0.1,10000.1;-161.62,-99.5;-158.62,577.75;551.88,577.38;551.76,-94.13
2490	310010000	4	0	72911	65.1,75.1;128,895;128,861;160,859;159,900
2491	310020000	3	1	67229	0.1,10000.1;-161.62,-99.5;-158.62,577.75;551.88,577.38;551.76,-94.13;720.63,-97.5
2492	310020000	4	0	72911	65.1,75.1;128,895;128,861;160,859;159,900
2493	310030000	3	16	67392	0.1,1000.1;-61.05,-90.86;-158.93,749.65;171.95,845.4;539.01,806.04;739.03,447.49;657.11,-6.81;379.42,-156.82;25.13,-170.66
2494	310030000	3	1	67230	0.1,1000.1;15,740;603,373;300,1;3,150;4,388
2495	310040000	3	1	67231	0.1,1000.1;103,51;101,494;526,503;524,40
2496	310040000	3	16	67392	0.1,1000.1;20.21,-33.28;19.46,647.94;603.15,630.68;622.66,-131.56;224.28,-76.05
2497	310050000	2	8	71953	121.94,151.94;181.08,260.63;181.08,293.21;195.52,293.21;195.52,260.63
2498	310050000	2	10	71955	116.14,151.14;202.38,290.86;202.4,355.39;273.39,355.39;273.39,290.74
2499	310050000	2	3	71948	135.37,165.37;314.07,164.02;314.07,217.59;372.21,217.59;372.12,164.02
2500	310050000	2	9	71954	117.51,147.51;174.68,292.83;174.68,353.31;202.61,353.31;202.61,292.83
2501	310050000	2	4	71949	129.48,159.48;251.34,207.84;251.2,252.21;309.03,252.18;309.01,207.83
2502	310050000	2	1	71946	135.37,165.37;308.79,217.44;308.87,242.73;361.02,242.78;361.11,217.41
2503	310050000	2	5	71950	126.04,156.04;251.6,260.62;251.6,231.79;201.09,231.79;201.09,260.62
2504	310050000	2	7	71952	121.94,151.94;172.61,200.58;172.61,261.04;201.55,261.04;201.44,200.58
2505	310050000	2	2	71947	135.37,165.37;325.73,242.72;325.72,289.87;361.58,289.91;361.43,242.71
2506	310050000	2	6	71951	126.04,156.04;200.97,200.61;201.08,232.24;251.71,232.24;251.71,200.5
2507	310050000	3	1	68350	0.2,10000.2;-103.33,-227.78;-105.35,705.13;601.42,696;620.69,-200.4
2508	310060000	3	1	68352	0.1,10000.1;1746.82,1087.2;1423.44,987.79;1469.2,511.45;1956.89,447.81;2633.02,611.26;2646.93,961.15;1922.37,1133.99;1777.19,1096.72
2509	310060000	4	0	72912	761.51,1611.51;1471.83,536.61;1966.23,476.36;2614.63,634.84;2609.17,945.2;1910.61,1111.48;1448.24,963.37
2510	310070000	2	16	71696	1369.13,1439.13;163.83,252.7;152.48,227.39;168.99,219.46;183.42,217.53;204.43,216.16;233.32,218.99;240.85,240.64;244.35,268.07;234.67,289.75;193.48,297.8;180.33,276.41;171.49,265.18
2511	310070000	3	1	67235	0.1,10000.1;-169.35,17.6;-215.23,165.44;-182.13,401.66;-32.47,671.01;74.5,758.1;215.5,768.29;372.38,769.14;822.53,790.31;1048.38,776.32;1119.13,771.26;1198.37,478.54;1264.09,119.28;1187.83,-161.62;925.68,-383.82;297.52,-296.07;-80.99,-52.26
2512	310080000	3	1	68355	0.1,10000.1;138.03,60.11;136.72,435.43;431.73,460.74;426.5,34.37;145.45,33.93
2513	310080000	3	16	67392	0.1,10000.1;100.93,-32.84;98.31,496.09;473.19,504.38;464.9,-16.26
2514	310090000	3	1	67707	0.1,10000.1;-416.16,-499.49;-408.96,1845.29;1252.53,1718.23;1274.1,-374.82
2515	310090000	3	16	68356	0.1,10000.1;-533.64,-660.13;-538.43,2032.3;1487.48,1984.35;1434.74,-914.26
2516	310100000	3	16	67392	0.1,10000.1;-862.5,-847.28;-838.86,1843.52;1265.55,1819.88;1222.99,-894.57
2517	310100000	3	1	68366	0.1,10000.1;-694.62,-608.47;-654.43,1732.39;1142.6,1699.29;1100.04,-539.9
2518	310110000	2	14	71967	133.62,333.62;566.33,403.37;566.47,452.81;516.03,469.36;516.76,575.32;562.91,575.32;752.44,575.4;752.28,404.44
2519	310110000	2	16	71958	158.11,207.1;444.09,186.84;444.78,334.67;511.1,334.77;510.2,187.14
2520	310110000	2	14	71960	185.51,205.2;419.5,416.71;395.11,442.76;437.17,521.76;392.02,579.15;412.19,599.92;520.72,514.9
2521	310110000	2	16	71966	119.49,229.49;191.1,872.87;189.79,323.2;766.94,323.2;769.56,879.41
2522	310110000	2	14	71961	183.28,205.57;345.56,471.17;350.53,553.42;410.17,553.1;409.29,471
2523	310110000	2	16	71968	151.69,228.57;417.01,714.12;416.92,647.43;468.59,649.02;476.72,662.11;498.01,673.61;498.16,694.11;475.36,714.7
2524	310110000	2	14	71962	184.06,210.1;340.27,416.18;239.41,510.9;337.83,609.62;365.48,581.87;321.39,500.19;366.34,443.29
2525	310110000	2	16	71957	162.63,193.83;507.38,311.22;594.89,310.97;594.89,284.37;719.95,281.16;721.19,184.93;537.29,185.14;538.53,272.31;507.87,272.38
2526	310110000	2	14	71964	200.71,219.94;504.12,696.15;505.05,761.32;566.47,760.65;568.09,696.42
2527	310110000	2	16	71959	162.53,194.4;447.79,331.92;348.76,331.55;349.07,239.96;308.09,240.04;287.4,226.25;236.2,225.15;234.19,144.36;399.93,147.73;447.41,234.92
2528	310110000	2	14	71963	152.06,179.54;416.72,577.88;410.67,858.97;633.73,858.58;633.73,583.65
2529	310110000	2	14	71965	183.23,206.12;354.92,715.13;356.37,782.01;425.17,783.03;426.84,715.25
2530	310110000	2	16	71956	161.6,186.21;621.27,189.41;620.43,124.34;686.65,123.98;686.67,188.72
2531	310110000	3	2	67805	0.1,1000.1;979.37,29.45;485.2,28.33;23.3,28.54;24.06,601.93;25.39,969.37;972.19,969.17;984.76,32.24
2532	310110000	3	10	67430	0.1,1000.1;587.23,19.48;12.8,20.71;14.31,982.32;981.44,976.66;992.18,21.46;687.45,18.4
2533	310110000	3	0	67523	0.1,1000.1;752.58,387.06;566.44,387.06;566.71,582.17;752.84,582.7;753.64,387.85
2534	310110000	5	0	72913	169.22,269.22;423.72,652.18;428.28,660.68;428.07,703.4;424.3,709.26;430.08,716.35;436.02,713.66;490.69,713.63;490.67,651.97;437.07,653.15;431.21,647.28
2535	310110000	5	0	72853	157.09,230.19;617.11,589.3;617.11,598.07;625.93,598.12;625.95,589.25
2536	310120000	3	16	67430	0.1,10000.1;-251.01,-285.7;-256.24,765.23;687.5,782.22;675.74,-281.78
2537	310120000	3	1	67229	0.1,10000.1;-161.62,-99.5;-158.62,577.75;551.88,577.38;551.76,-94.13
2538	320010000	3	16	67392	0.1,1000.1;-136,-143;-138,771;642,820;730,223;678,-165
2539	320010000	3	0	67241	0,10000;50,2;12,161;20,578;232,606;490,618;549,577;549,305;546,64;544,25
2540	320010000	4	0	72911	65.1,75.1;128,895;128,861;160,859;159,900
2541	320020000	3	1	67242	0.1,10000.1;21.75,25.25;22.25,564.5;519,600.75;526.75,43.25
2542	320020000	3	16	67392	0.1,1000.1;-93.38,-152.16;-90.54,757.67;659.29,819.21;639.41,-174.89
2543	320020000	4	0	72911	65.1,75.1;128,895;128,861;160,859;159,900
2544	320030000	3	16	67392	0.1,1000.1;-52.78,-168.33;737.17,-138.57;737.17,839.87;-137.1,765.47;-99.9,36.29
2545	320030000	3	1	67243	0.1,10000.1;49.09,-8.33;26.33,456;454.19,474.52;489.38,17.8
2546	320040000	3	16	67392	0.1,1000.1;-17.37,-267.92;675.55,-226.19;538.71,716.14;-71.72,650.15;-74.63,-68.98
2547	320040000	3	1	67244	0.1,1000.1;110.03,-99.85;67.93,459.31;406.71,556.67;540.91,-67.62
2548	320050000	3	1	67245	0.1,10000.1;-60.07,-59.73;-70.06,308.18;-65.36,571.05;560.06,565.67;542.99,-55.14;238.17,-59.7
2549	320050000	3	3	67392	0.1,10000.1;-126.58,-142.64;-130.31,687.29;687.19,683.56;679.74,-125.25;190.23,-153.82
2550	320060000	3	1	68379	0.1,10000.1;1474.08,474.3;1469.37,1125.39;2463.07,1180.72;2698.42,1152.67;2690.18,493.34;1692.94,441.53
2551	320060000	4	0	72912	761.51,1611.51;1471.83,536.61;1966.23,476.36;2614.63,634.84;2609.17,945.2;1910.61,1111.48;1448.24,963.37
2552	320080000	2	18	71978	537.49,683.45;108.26,374.8;74.83,511.54;112.51,772.9;438.92,774.82;687.33,739.84;793.57,645.08;739.24,535.86;612.28,382.68;447.19,355.83;313.83,266.72;137.96,284.95
2553	320080000	2	18	71977	426.7,539.83;108.26,374.8;74.83,511.54;112.51,772.9;438.92,774.82;687.33,739.84;793.57,645.08;739.24,535.86;612.28,382.68;447.19,355.83;313.83,266.72;137.96,284.95
2554	320080000	2	16	71976	496.1,553.15;239.38,322.38;288.25,357.63;282.25,375.88;391.13,402.75;389.5,474;349.88,467;289.5,439.38;267.25,417.88;216.25,426.63;192.25,410.63;157.63,373.38;183.88,343.63
2555	320080000	2	16	71975	513.57,582.69;159.23,737.91;149.89,696.18;144.95,661.59;172.95,633.59;200.96,643.47;221.27,629.75;232.25,622.61;252.73,638.68;245.98,654.45;254.76,675.87;264.65,713.2;236.65,757.13;191.62,757.68
2556	320080000	2	16	71974	485.55,539.75;226.15,624.85;213.96,606.77;195.08,606.46;206.27,577.87;208.66,540.71;159.26,520.29;114.34,550.32;96.08,574.16;104.35,618.21;123.06,642.96;161.27,651.14;181.13,626.49;205.89,638.08
2557	320080000	2	16	71973	395.8,550.76;262.87,424.55;287.17,441.99;314.78,470.83;343.3,512.79;292.88,547;294.87,564.38;271.13,569.9;256.67,560.51;224.36,547.42;199.82,511.57;191.06,450.97;223.34,429.26
2558	320080000	2	16	71979	283.12,418.7;552.72,367.71;615.03,325.61;645.9,249.28;700.34,231.31;774.43,273.97;855.25,239.73;920.36,250.4;946.74,324.49;899.6,463.68;899.03,563.59;809.23,593.9;726.16,591.1;666.66,585.48;589.21,538.33;520.17,492.31;512.31,424.96
2559	320080000	2	16	71970	586.63,633.63;213.37,704.03;226.54,732.8;273.68,734.55;315.81,749.49;344.95,724.08;403.84,721.71;386.15,687.86;345.53,693.29;325.6,669.34;308.05,662.13;279.07,662.42;247.5,644.19;220.35,656.73;208.68,679.07
2560	320080000	2	16	71971	611.11,644.29;525.51,401.4;509.18,417.85;503.08,456.61;489.68,466.21;496.53,487.59;516.85,480.47;539.13,467.13;564.72,450.38;569.78,416.93;550.88,403.19
2561	320080000	2	16	71972	519.2,619.2;627.02,747.08;596.98,729.34;606.21,691.39;584.79,682.82;570.71,676.09;570.71,648.55;595.8,641.2;595.8,614.89;599.48,591.02;620.9,576.94;644.15,558.58;677.2,569.6;705.35,601.42;745.74,596.53;769,612.44;744.52,665.07;700.46,690.16;685.77,729.33;657,740.96
2562	320080000	3	3	67805	0.1,10000.1;-29.62,36.03;-25.52,1100.9;1110.43,1121.4;1130.94,-2.25
2563	320080000	3	1	67523	210,420;953.73,214.77;640.91,208.45;494.96,401.75;508.94,483.52;519.25,487.26;532.66,500.63;603.5,517.6;686.88,590.66;781.2,605.88;918.93,603.73;1003.31,375.39
2564	320080000	3	16	67392	0.1,10000.1;-55.59,1.86;-54.22,1148.75;1159.64,1158.32;1184.25,-56.92;107.08,-32.31
2565	320080000	5	0	72914	538.6,568.6;627.88,657;630.88,648.13;641.88,652.13;651.25,647.38;663.13,651.5;668.75,638;674,620.5;676.25,615.13;674.5,607.13;667.25,604;659.88,590.5;642.5,596;649.25,607.63;658.5,610.25;645.63,625.75;649.63,632.5;635.38,635;627.13,631.75;614.88,630.88;616.88,643.88;607.25,646.88;611,659;621.13,659.13
2566	320080000	5	0	72915	308.39,451.22;683.27,444.47;679.43,423.59;658.05,429.88;664.25,450.25
2567	320090000	3	1	67251	0.1,1000.1;-176.06,-214.52;-186.61,796.81;708.71,789.78;718.09,-223.9
2568	320090000	3	16	67392	0.1,1000.1;-283.87,-373.9;-283.87,871.81;811.84,892.9;770.82,-356.32
2569	320100000	2	1	71980	38.98,238.98;258.89,278.87;237.81,275.36;201.94,294.68;193.15,306.72;212.98,345.61;224.52,357.9;224.77,368.44;241.08,386.76;256.88,371.95;287.49,371.2;296.02,348.37;291.26,299.69;269.93,286.9
2570	320100000	2	10	71989	38.98,238.98;321.92,258.66;305.58,271.92;290.72,300.3;295.14,348.24;286.3,372.07;293.93,368.32;319.51,381.72;343.21,390.69;370.26,376.09;374.68,339.4;363.43,313.16;337.59,292.4;332.23,269.64
2571	320100000	2	4	71983	38.98,238.98;337.34,119.18;332.33,85.08;300.35,64.14;273.65,57.75;249.08,78.81;246.94,103.76;250.71,133.22;286.19,149.65;319.79,132.09
2572	320100000	2	7	71986	38.98,238.98;106.07,204.55;69.95,248.69;57.87,307.66;64.9,337.76;130.61,365.1;155.19,342.53;170.99,335.75;186.04,321.71;194.82,306.41;203.6,294.12;185.79,269.54;185.79,253.24;163.72,238.94;129.61,228.15
2573	320100000	2	11	71990	38.98,238.98;286.03,148.47;256.56,163.04;241.33,213.43;245.68,235.7;242.33,270.85;236.98,276.21;257.91,280.47;291.48,301.2;306.46,272.36;321.92,259.89;332.13,270.61;337.99,251.52;361.93,231.26;360.09,217.03;351.38,208.66;359.25,171.66;361.09,149.9;343.35,119.09;336.48,118.92;319.74,131.31
2574	320100000	2	2	71981	38.98,238.98;358.01,171.75;349.99,208.8;359.16,217.01;361.07,230.96;337,251.01;337.96,278.9;370.81,314.8;411.87,314.99;426.77,296.85;427.34,200.59;400.98,174.42
2575	320100000	2	8	71987	38.98,238.98;168.44,476.9;127.45,472.48;130.26,363.97;154.17,341.87;170.25,335.04;184.92,321.17;194.16,305.9;213.85,344.88;225.71,357.34;225.71,368.39;241.78,385.87
2576	320100000	2	3	71982	38.98,238.98;408.43,47.68;351.46,71.72;342.92,119.46;360.17,149.78;415.4,155.35;450.77,125.21;434.56,69.28
2577	320100000	2	6	71985	38.98,238.98;121.27,151.29;151.01,145.57;170.68,166.39;173.43,167.07;174.11,196.81;185.55,209.85;204.54,215.8;228.1,214.2;246.63,235.01;243.2,271.62;237.94,276.88;202.71,295.64;184.86,270.24;184.86,254.23;162.67,239.59;129.05,229.07;104.8,205.28;106.63,170.73
2578	320100000	2	9	71988	38.98,238.98;257,371.07;287.69,370.36;293.96,367.32;320.34,381.25;342.96,389.68;348.45,414.59;339.62,448.2;294.22,452.21;258.21,433.87;253.52,403.88
2579	320100000	2	5	71984	38.98,238.98;242.39,213.28;257.48,162.99;256.88,144.36;209.26,116.26;174.06,132.23;172.29,167.43;172.88,197.01;185.01,210.62;204.53,216.83;228.49,215.05
2580	320100000	3	1	67252	0.1,10000.1;100.34,99.95;74.08,176.68;63.82,244.37;52.33,282.94;51.51,337.51;66.28,385.92;81.47,448.28;101.57,494.65;123.31,506.13;147.87,510.79;202.68,531.16;311.1,560.36;376.81,552.7;446.7,403.94;479.19,304.28;505.34,64.94;461.53,2.15;392.9,-31.8;297.62,-32.17;106.49,11.77;97.04,83.17
2581	320100000	3	16	67392	0.1,10000.1;-47.83,-163.87;-43.16,690.06;635.78,657.39;626.44,-168.54
2582	320100000	5	0	72860	99.93,131.93;252.36,311.54;248.62,313.08;249.5,318.02;252.11,319.1;255.52,316.92;254.51,313.4
2583	320100000	5	0	72851	116.56,136.56;268.18,300.77;263.93,297.93;256.07,300.74;254.11,302.69;255.85,307.39;265.01,304.7
2584	320110000	2	15	71947	188.73,258.73;386.88,455.29;387.37,590.13;493.87,590.13;493.87,537.86;509.5,537.86;509.5,515.87;493.38,515.87;493.38,455.29
2585	320110000	2	16	71946	188.73,258.73;500.77,459.83;500.77,598.73;640.19,598.73;640.19,459.83
2586	320110000	2	12	71949	188.73,278.73;378.69,464.22;251.18,464.22;251.18,540.92;379.18,540.92;379.67,511.12;394.81,511.12;394.32,489.63;379.18,489.63
2587	320110000	2	14	71948	188.73,258.73;466.53,541.8;466.53,585.77;393.25,585.77;393.25,541.81
2588	320110000	3	16	67392	0.1,10000.1;-34.78,-201.6;-31.11,1227.73;1086.17,1211.83;1077.6,-178.35
2589	320110000	3	1	67253	0.1,10000.1;57,23.57;55.77,1124.94;976.03,1122.49;987.04,-53.52;60.67,-53.52
2590	320120000	2	14	71991	183.6,283.6;354.63,389.75;354.75,530.88;459.63,530.63;459.25,389.88
2591	320120000	2	16	71993	183.6,283.6;540.63,389.13;540.38,488.63;567.13,488.5;566.88,577.13;641.5,577.13;641.38,389.25
2592	320120000	2	15	71992	183.6,283.6;387.5,530.38;387.13,605.88;567.75,604.88;567.88,503;470.5,503.25;470.63,529.88
2593	320120000	3	1	67254	0.1,1000.1;125.61,57.44;130.92,1060.98;959.23,1101.33;971.97,54.26
2594	320120000	3	16	67392	0.1,1000.1;57.64,-31.76;57.64,1166.11;1027.2,1172.48;1027.2,-21.14
2595	320130000	2	16	72006	158.2,217.36;587.92,327.2;482.4,327.15;482.41,186.89;585.22,185.27
2596	320130000	2	16	72002	158.2,217.36;491.88,441.86;413.57,442.39;413.58,365.62;492.41,366.34
2597	320130000	2	16	72005	158.2,217.36;409.26,579.29;330.95,579.83;330.95,503.05;409.78,503.78
2598	320130000	2	16	72001	170.26,213.81;407.51,562.46;429.77,562.1;429.6,540.12;464.03,540.76;467.23,539.01;468.81,514.68;490.4,510.51;491.76,489.92;562.02,489.1;562.15,454.97;491.46,455.35;490.38,439.39;423.82,440.04;411.43,465.28;411.58,496.43;408.04,505.17
2599	320130000	2	16	72007	158.2,217.36;483.68,327.2;420.83,327.15;418.39,186.89;484.4,185.27
2600	320130000	2	16	72000	184.71,222.87;644.73,489.27;648.72,421.31;641.95,385.62;560.68,385.55;560.74,516.25;582.84,515.88;599.23,518.74;642.53,518.67;642.72,506.44
2601	320130000	2	16	72009	158.2,217.36;564.01,453.04;494.56,452.9;494.26,363.55;411.19,362.49;411.1,373.9;343.07,373.03;342.94,324.99;563.65,325.24
2602	320130000	2	16	71994	188.73,225.84;641.64,789.84;640.51,704.96;561.83,704.77;561.51,789.67
2603	320130000	2	16	71997	146.36,194.47;484.66,587.92;530.91,586.42;555.64,609.1;555.88,680.28;540.64,692.14;537.71,715.67;520.46,741.29;519.02,842.72;476.03,846.53;389.89,821.52;373.32,709.5;401.68,692.3;404.4,674.51;478.55,674.61;478.6,603.2
2604	320130000	2	16	71998	156.97,248.37;396.55,571.3;268.22,571.39;267.79,690.25;396.52,690.09
2605	320130000	2	16	71996	158.79,184.91;473.77,556.78;463.14,539.83;430.73,539.7;430.71,562.87;395.31,572.25;395.3,669.14;479.24,669.17;479.2,604.54;473.57,601.1
2606	320130000	2	16	72010	184.85,223.69;603.63,517.38;603.5,550.75;581.88,581.25;582.13,635.63;599.25,657.63;650.88,657.88;668.38,636.38;669.25,581;639.13,551.25;637.75,517.38
2607	320130000	2	16	72011	168.88,214.26;413.48,504.38;413.23,456.39;407.89,438.75;406.9,371.42;339.5,370.64;328.2,395.3;332.94,477.41;353.22,503.5
2608	320130000	2	16	72003	158.2,217.36;546.86,555.09;492.3,590.17;460.51,539.74;472.57,510.18;513.65,501.67
2609	320130000	2	16	72004	183.03,212.91;429.6,539.05;430.66,641.83;470.9,641.79;470.62,549.7;464.38,539.25
2610	320130000	2	16	71999	146.11,199.74;518.15,839.43;518.91,741.8;541.28,716.91;544.26,689.94;562.53,679.23;591.03,680.56;603.29,770.23;605.15,839.69;586.17,858.35;548.22,857.46
2611	320130000	2	16	72008	158.2,217.36;422.71,327.2;317.2,327.15;317.2,186.89;420.02,185.27
2612	320130000	3	1	68251	16.6,1016.6;415.94,364.93;416.16,434.27;488.37,432.72;489.59,363.93
2613	320130000	3	1	68251	0.1,1000.1;662.16,653.27;579.66,652.7;579.89,548.7;660.32,549.97;662.85,640.52
2614	320130000	3	3	68394	0.1,1000.1;467.33,609.49;467.33,611.79;433.13,611.79;429.03,610.59;421.93,607.29;388.43,591.89;374.05,583.25;329.83,589.79;316.85,581.74;299.23,528.95;244.52,536.73;214.72,606.35;216.59,869.81;643.76,892.86;689.6,884.94;687.55,677.25;640.94,678.4;574.9,666.12;571.88,634.96;569.46,561.35;497.31,587.64;483.1,577.1;483.6,608.4
2615	320130000	3	1	68251	0.1,1000.1;514.05,510.37;506.89,513.63;465.74,542.5;482.24,571.05;484.52,575.28;494.94,582.99;505.8,577.89;539.99,554.66;527.94,523.5
2616	320130000	3	10	67430	0.1,1000.1;213.26,146.71;213.78,873.74;642.87,895.42;691.81,887.64;688.19,124.47
2617	320130000	3	1	67523	189.18,1189.18;560.44,698.28;562.35,769.34;581.48,769.75;583.53,775.49;643.53,790.93;642.71,696.78
2618	320130000	3	2	68392	16.6,1016.6;409.23,181.45;312.36,183.14;310.79,246.98;310.77,330.33;311.71,353.36;310.8,431.06;308.66,506.35;317.48,581.58;329.37,589.25;373.73,582.26;429.48,610.59;433.35,611.68;467.26,611.68;467.2,609.01;482.33,606.89;481.76,574.2;493.25,584.21;517.63,572.8;542.24,555.81;529.78,522.88;509.65,498.5;571.73,501.99;572.32,558.91;573.37,634.15;575.23,665.34;640.79,677.17;676.42,674.67;684.36,530.68;678.29,462.6;669.43,422.74;665.68,332.69;659.4,158.99
2619	320130000	3	1	68251	0.1,1000.1;390.22,512.05;389.88,575.48;330.93,576.05;332.77,504.93;390.56,505.85
2620	320140000	3	16	67430	0.1,10000.1;-226.22,-205.3;-229.76,705.89;609.53,702.35;614.24,-248.91
2621	320140000	3	1	67256	0.1,10000.1;-161.62,-99.5;-158.62,577.75;551.88,577.38;551.76,-94.13
2622	320150000	2	16	72012	-8.82,491.18;74.47,791.18;11.84,-20.24;1010.8,-7.46;1018.68,799
2623	320150000	3	16	67392	0.1,1000.1;-51.18,-162.6;-42.73,1159.35;1082.25,1180.41;1036.58,-147.7
2624	320150000	3	1	68397	0.1,1000.1;0.54,-111.64;7.75,1097.48;1026.97,1121.52;993.31,-91.21
2625	400010000	2	23	72042	1449.85,1496.31;2768.62,2563.38;2865.87,2563.13;2865.62,2659.13;2768.75,2659.51
2626	400010000	2	21	72028	2536.35,3236.35;2853.13,369;2644,370.25;2417.13,585.63;2375.75,777.5;2521.63,948.75;2658.5,1008.25;2674.25,1167.25;2728.38,1229.88;2840.5,1227.25;2926.25,1179.38;3023,1088.13;3107.25,1049.25;3138.13,959.75;3246.5,874.38;3274,734.13;3229.75,561.88;3089,448.5
2627	400010000	2	16	72024	1943.6,2273.6;2155,1636.75;1985.88,1690.75;1898,1814.75;1882.25,1932;1909.25,2031.13;1979.13,2128.13;2078.38,2186.75;2204.63,2184.5;2288,2137.13;2355.63,2051.5;2380.38,1918.5;2369.13,1803.5;2285.75,1675
2628	400010000	2	20	72044	778.35,2025.37;4,6.38;7.63,2587.63;1238.38,2586.75;1851.75,1684.13;2071.25,845.13;1689.63,13.38
2629	400010000	2	22	72026	2548.98,3348.98;2185.63,821.63;2580.13,2.13;4095.88,5.25;4092.75,1687.5;3021.69,1684.87;2758,1355.29;2422.9,978.46;2221.53,937.07
2630	400010000	2	25	72041	399.35,2027.07;4093.88,1247.63;4089.5,4091.5;1823.13,4091.38;1769.75,3282.25;1858,2777.38;2231.5,2671.88;2396.5,2459.13;2710.63,2301.38;2772.38,1772.5;3047,1262.75
2631	400010000	2	2	72032	780.85,2380.85;1659.75,8.13;2593.13,6.75;2200.13,826.25;2250.13,998.88;1942.38,951.38;1882.25,1004
2632	400010000	2	16	72020	2996.85,3041.85;2527.88,2049.75;2424.76,2049.63;2424.76,2156.75;2528.38,2155.88;2528.88,2107
2633	400010000	2	28	72017	2703,3203;2083.38,2095.13;2268.63,2199.51;2385.26,2423.63;2489.76,2546.13;2636.13,2558.13;2854.26,2459.51;2884.13,2166.63;2866.26,1811.13;2698.88,1808.13;2456.88,1873.88;2319.51,1847.13;2247.76,1993.38
2634	400010000	2	16	72036	2131.98,3731.98;1295.25,2332;1165.88,2336.13;845.88,2270.88;791.88,2202.75;650.63,2292.13;7.5,2404;7.5,4093.63;1321.75,4093.5;1409.5,3210.75;1365.63,2955.13;1414.66,2655.69
2635	400010000	2	30	72015	2703.1,3203.1;1994.25,1927.63;1810.25,2052.38;1703.38,2001.88;1623.25,2102.75;1370.88,2082;1400.5,2269;1451,2453.13;1635.13,2565.88;1869.63,2693.63;1964.63,2441.25;2032.88,2218.63;2104.13,2105.75
2636	400010000	2	16	72022	2909.22,2955.44;2103.88,1252.88;2005.76,1252.51;2005.01,1351.63;2104.01,1351.88
2637	400010000	2	23	72023	1877.73,2601.65;1675.63,1849.38;1850.63,1548.63;2156.75,1457.75;2470.5,1585.5;2594.13,1846.75;2516.75,2172.75;2278,2354;1979.25,2351.63;1728.38,2143.38
2638	400010000	2	15	72037	2494.6,3032.41;369.38,3231.38;308.13,3035.63;311,2834.63;425.88,2656.5;670,2521.5;945.75,2544.5;1092.25,2696.75;1132.5,2877.63;1181.25,3009.75;1106.63,3176.38;1057.75,3276.88;945.75,3337.25;807.88,3394.63;670,3391.75;500.63,3337.25;425.63,3317.13
2639	400010000	2	15	72025	2268.6,2314.47;2188.38,1854.12;2188.38,1951.25;2091.51,1951;2091.63,1854.37
2640	400010000	2	19	72030	2541.7,3345.42;1829.62,4087.61;4095.48,4081.76;4101.98,1678.92;3018.71,1680.09;3092.35,1770.18;3027.91,2506.81;2645.81,2801.74;1996.34,2878.46;1856.41,2824.74;1776.79,3277.21
2641	400010000	2	1	72033	2349.73,3749.73;1659.75,8.13;2597.13,2.75;2200.13,826.25;2230.25,939.25;1921.93,873.88;1865.61,918.42
2642	400010000	2	1	72035	2349.73,3749.73;1388.25,3205.75;1347.88,2953.13;1402.7,2645.76;1861.62,2827.42;1783.88,3277;1837.5,4091.38;1300.5,4091.88
2643	400010000	2	19	72031	2369.6,3350.22;1870.28,916.76;1668.06,7.45;4.11,8.63;4.2,1356.28;1266.1,1604.27;1528.85,1195.2
2644	400010000	2	25	72018	2700,3200;1617,1385.63;1488,1553.38;1407.25,1709.13;1356.5,1903.38;1373.12,2097;1630.37,2118.38;1706.62,2019;1812.12,2066.63;2005.87,1934.88;2031.5,1848.38;1958,1727.88;1838.87,1668.5;1683.12,1693;1598.87,1598.38
2645	400010000	2	24	72019	2593.75,3293.75;2121.12,1793.63;2020.75,1835.88;1989.12,1939.01;2086.87,2113.38;2261,2004.88;2335.12,1859.63;2234.75,1783.13
2646	400010000	2	22	72043	1452.35,1498.56;2555.25,2823.62;2661.25,2823.62;2661.38,2932.75;2555,2932.87
2647	400010000	2	20	72029	2818.22,2864.5;2607.88,736.25;2608.13,843.75;2712.38,843.5;2712.01,736.13
2648	400010000	2	16	72021	2895.62,2941.62;1855.75,2195;1731.5,2195.13;1731.63,2315.88;1856,2315.75
2649	400010000	2	29	72016	2702.6,3202.6;2094.88,2083.25;2009.88,2229;1945.13,2445.88;1854.38,2687.13;2079.88,2780.63;2404.13,2674.38;2500.51,2534.25;2399.63,2415.13;2280.88,2186.5
2650	400010000	2	5	72046	789.73,2024.9;6.5,2575.25;1250,2575.25;1480.88,2860.88;1466.5,4092.88;6.63,4092.88
2651	400010000	2	20	72040	2430.85,3430.85;6,1351.88;7.13,2420;659.13,2303.13;794.13,2219.75;842.38,2284.75;1164.38,2351;1296.55,2346.82;1219.77,2146.39;1268.55,1601.33
2652	400010000	2	7	72048	1096.35,2025.21;3052.88,1273.63;2203.13,988.75;2180.5,818;2566,9;4097,10.75;4094.63,1261.88
2653	400010000	2	12	72045	1460.48,1507.47;1322.88,1166.51;1334.13,1231.88;1371.75,1259.13;1428.63,1248.01;1451.13,1229.38;1438.25,1171.51;1436,1142
2654	400010000	2	2	72034	780.85,2380.85;1388.25,3205.75;1347.88,2953.13;1438.75,2599.63;1873.13,2778.13;1785.63,3276.5;1839.75,4091.88;1300.5,4091.88
2655	400010000	2	6	72049	1538.35,1572.65;2980,952.88;2935.63,914.38;2942.88,904.63;2931,886.26;2944,867.63;2963.75,879.76;2967.5,853.76;2985.75,855.76;2983.25,880.01;2990.25,883.51;3008.38,863.51;3020.75,874.26;3002.88,894.26;3006.88,900.26;3029.5,895.13;3034.88,915.51;3006,922.26;3024.63,938.63;3004.63,957.76;2987.88,944.38
2656	400010000	2	4	72047	1641.1,1674.64;885.5,2963.5;899.38,2948.38;912,2958.13;922,2948.38;936.88,2956.5;950.38,2968.38;956.13,2958.38;969.88,2971.13;958.25,2976.75;970.88,2988.75;982.5,3002.5;974.38,3018.88;982,3026.25;968.5,3040.88;945.63,3020.88;926.38,3042.25;912.75,3029.75;907.75,3034.75;895.63,3023.75;900.25,3017.38;888,3005.88;906.38,2985
2657	400010000	2	14	72039	2754.98,2888.82;686.88,2901.13;765.88,2901.88;785.25,2923.75;774.13,3001.5;756.13,3019;717.63,3032;668.25,3019.38;655.88,3004.63;650,2983.25;656.25,2954.5;666.88,2918.38
2658	400010000	2	31	72014	2011.1,3811.1;3097.51,1771.39;2765.08,1352.37;2427.14,974.19;1921.79,868.45;1523.31,1189.83;1261.87,1598.02;1216.01,2146;1412.17,2658.28;1996.13,2882.94;2647.59,2805.83;3032.61,2509.31
2659	400010000	3	1	68444	2755,2965;637.09,2921.56;637.09,3004.81;678.71,3042.81;738.43,3046.43;798.15,3004.81;803.58,2948.71;785.49,2899.84;758.34,2883.56;698.62,2876.32;657,2907.08
2660	400010000	3	4	68431	766.91,2366.91;643.85,453.26;1141.01,349.29;1605.75,359.89;1938.53,1186.27;1352.74,2141.18;1033.97,2247.69;677.68,2096.83;605.74,1824.16;408.56,1177.4;375.04,670.64
2661	400010000	3	0	67590	1546,1556;2964,877.68;2983.81,880.17;2986.49,856.64;2966.91,854.2
2662	400010000	3	0	67532	1545.19,1555.19;3006.58,908.3;3011.99,919.58;3034.93,913.84;3030.55,895.93;3007.38,901.7
2663	400010000	3	16	67392	0.1,10000.1;-601.79,-740.37;-711.65,4826.61;4882.31,4964.79;4883.66,-1297.17
2664	400010000	3	0	67534	1538.67,1545.77;3016.43,945.82;2999.94,930.61;2988.03,943.75;3004.84,958.82
2665	400010000	3	5	68442	2400,3400;286,2922.37;434.21,3329.49;786.27,3401.91;1049.22,3228.43;1144.4,2898.81;1043.21,2656.43;773,2569.19;459.63,2708.47
2666	400010000	3	0	67949	1652.34,1664.34;974.5,3021.05;957.64,3004.77;943.55,3019.25;960.73,3035.94
2667	400010000	3	0	68445	1639.05,1649.05;886.45,2963.26;903.74,2979.23;917.33,2965.37;899.92,2948.72
2668	400010000	3	8	72916	1772.99,2772.99;1670.97,2295.84;1876.21,2458.65;2122.19,2520.8;2392.65,2455.35;2600.62,2290.8;2710.38,2056.16;2708.6,1790.1;2607.94,1563.54;2390.84,1384.83;2114.37,1332.94;1772.74,1452.53;1595.08,1661.35;1538.88,1847.61;1561.28,2071.52
2669	400010000	3	6	68439	2400,3400;2407.65,286.78;2749.06,213.46;3065.27,197.42;3205.05,293.65;3365.44,518.21;3604.8,889.19;3532.33,1285.95;3318.55,1599.36;3139.2,1722.56;2899.01,1689.01;2674.08,1480.96;2629.07,1390.09;2547.55,1274.14;2377.25,870.14;2330.15,544.05
2670	400010000	3	0	67953	1653,1663;891.7,2969.8;908.84,2985.94;922.58,2972.16;905.64,2955.34
2671	400010000	3	0	67538	1546,1553.1;3006.19,922.5;3001.76,928.04;2994.03,936.81;3011.66,952.69;3023.96,938.95
2672	400010000	3	1	68423	1029.5,2029.5;2748.15,522.35;2574.48,538.98;2470.78,758.92;2532.69,951.67;2865.44,1089.64;3082.3,1324.71;3239.5,1304.62;3408.14,1184.8;3481.71,818.77;3269.6,486.27;2985.16,386.8
2673	400010000	3	2	68427	1140.62,2140.62;429.64,2876.89;363.84,2504.06;522.84,2310.8;770.94,2291.61;881.96,2409.49;998.47,2595.9;1094.42,2797.39;1275.35,2887.86;1117.72,3230.53;676.36,3144.18
2674	400010000	3	15	68398	0.1,10000.1;4838.59,4907.69;4799.66,-1193.33;-552.56,-652.2;-650.22,4778.97
2675	400010000	3	0	67539	1543.96,1553.96;2948.34,897.82;2962.24,883.49;2944.12,867.41;2931.05,882.22
2676	400010000	3	3	68430	941.55,1941.55;3372.32,3663.85;3068.34,3703.51;1850.63,3613.71;1818.97,3263.04;1987.74,2820.17;2484.47,2567.03;2652.08,2451.15;2769.42,2303.25;2751.91,2003.94;3141.79,1614.74;3563.74,1686.67;3794.51,2967.24;3469.13,3360.58
2677	400010000	3	0	67541	1546,1558;3002.56,894.83;3021.86,874.13;3009.22,862.62;2989.84,883.53
2678	400010000	3	0	67951	1643.14,1653.14;913.45,3027.97;926.43,3041.19;942.04,3023.95;936.02,3018.11;927.69,3012.55
2679	400010000	3	0	67454	1641.05,1651.05;950.87,3024.12;968.2,3039.95;981.72,3026.11;964.14,3009.29
2680	400010000	3	0	67417	1538.57,1543.67;2954.82,891.74;2938.36,877.05;2926.72,889.74;2943.39,905.31
2681	400010000	3	7	68435	2770.09,3570.09;2016.74,986.76;1797.27,1066.84;1426.54,1559.17;1242.66,2170.13;1459.17,2623.91;2049.37,2914.56;2853.11,2594.25;2856.08,1559.17;2337.06,1028.29
2682	400010000	3	0	67945	1654.21,1666.21;926.78,3015.86;913.18,3003.9;892.82,3024.73;908.95,3036.38
2683	400010000	3	6	68448	1770.09,2770.09;1758.51,1442.22;1589.93,1650.89;1547.05,1817.98;1542.61,2063.44;1675.69,2307.41;1894.06,2469.28;2113.83,2523.87;2258.74,2516.47;2396.62,2471.34;2529.33,2393.75;2607.7,2294.68;2687.55,2155.68;2718.6,2050.7;2742.26,1910.23;2721.55,1788.98;2684.59,1670.69;2610.66,1562.75;2521.94,1460.72;2391.82,1383.83;2277.01,1336.59;2117.8,1321.16;1867.91,1381.78
2684	400010000	3	0	68446	1643.09,1653.09;889.34,3004.39;901.2,3017.05;916.25,3001.18;903.35,2989.2
2685	600010000	2	16	72059	200,550;1062.26,604.05;1178.74,607.18;1180.83,374.74;1048.68,381.01;1047.11,483.39
2686	600010000	2	16	72064	200,550;839.65,152.55;882.08,231.63;1051.81,168.62;1035.74,58.04;833.22,108.83
2687	600010000	2	16	72051	200,550;643.19,386.69;635.73,430.95;589.54,436.57;523.79,445.51;523.36,482.99;427.21,480.62;420.55,372.85;327.5,373.57;192.78,88.01;323.01,54.83;430.05,101.07;450.85,167.39;580.96,234.62;655.62,182.87;845.05,154.33;878.18,223.46;860.07,378.57;816.13,461.46;720.32,460.43;720.97,384.18
2688	600010000	2	16	72068	200,550;962.37,896.83;1038.55,895.21;1052.06,935.73;1068.81,970.85;1043.96,1060;963.45,1061.62;938.06,998.95;942.38,916.82
2689	600010000	2	16	72063	200,550;429.45,108.95;445.97,156.92;601.09,156.39;610.68,78.57;481.69,65.77
2690	600010000	2	16	72057	200,550;410.73,1052.86;524.42,1055.43;530.5,1088.1;577.61,1096.46;636.87,1111.65;651.31,1150.41;714.5,1151.02;717.02,1086.66;825.7,1088.33;847.63,1144.99;1033.06,1144.96;1033.46,1066.2;957.89,1065.04;924.32,1001.67;922.31,920.07;902.56,866.9;681.62,870.28;570.84,870.65;535.08,945.89;410,948.93
2691	600010000	2	16	72053	200.1,550.1;318.1,369.56;409.33,372.13;422.52,485.29;530.52,489.83;542.37,599.59;277.63,596.97;277.63,370.84
2692	600010000	2	16	72054	200.1,550.1;307.04,1172.93;413.45,1173.88;414.41,943.89;271.73,944.84;271.73,1171.02
2693	600010000	2	16	72065	200,550;964.21,630.6;1032.75,631.94;1035.1,465.98;928.26,464.3;929.61,603.72;958.83,623.21
2694	600010000	2	16	72061	200,550;1054.17,602.04;1329.47,605.13;1330.78,714.26;1439.88,715.88;1442.04,816.88;1329.16,813.1;1329.37,934.68;1055.45,931.52
2695	600010000	2	16	72058	200,550;816.06,782.89;1057.04,782.42;1057.97,896.4;919.34,900.12;917.94,856.86;815.13,853.6
2696	600010000	2	16	72066	200,550;435.81,1386.63;610.66,1410.34;604.14,1487.98;448.26,1486.8;413.88,1437.01
2697	600010000	2	16	72052	200,550;299.09,1169.56;421.63,1173.8;423.82,1064.51;517.73,1058.21;524.91,1088.59;557.03,1098.73;582.06,1100.65;628.06,1117.99;632.14,1153.1;711.57,1159.47;715.15,1084.43;828.49,1086.69;841.14,1126.67;882.48,1182.64;864.17,1289.9;919.49,1325.46;863.79,1406.67;440.85,1378.84;404.4,1470.45;284.5,1471.13;237.19,1296.59
2698	600010000	2	16	72056	200,550;817.09,680.57;912.97,680.97;919.71,628.27;1056,629.06;1056.39,752.28;815.11,750.3
2699	600010000	2	16	72055	200,550;528.48,488.86;526.66,447.77;637.91,432.7;641.39,384.12;723.06,389.96;722.55,457.54;849.28,458.99;849.27,397.35;1050.61,395.22;1048.52,470.57;921.9,471.62;918.76,610.8;906.76,657.19;836.09,668.35;553.54,668.35;538.54,591.5
2700	600010000	2	16	72067	200,550;909.63,1332.18;868.48,1394.71;916.04,1452.42;1040.02,1456.7;1053.92,1382.95;971.09,1344.47
2701	600010000	2	16	72060	200,550;1073.99,929.43;1174.6,930.27;1204.24,1143.59;1110.31,1211.64;1032.24,1149.86;1030.99,1065.11;1076.5,1051.75
2702	600010000	2	16	72062	200,550;573.31,665.87;818.22,666.82;819.06,870.4;574.6,872.52;573.92,790.97;504.74,790.08;503.85,744.55;572.58,745
2703	600010000	3	2	68267	0.1,1000.1;-72.68,831.01;-48.25,1577.27;593.15,1569.13;413.61,1449.47;423.95,1364.59;647.59,1377.87;691.53,1345.5;678.67,1233.95;618.45,1180.16;545.36,1181.66;484.56,1208.82;409.19,1174.67;317.21,1171.35;327.43,1002.05;327.43,835.08
2704	600010000	3	3	68267	0.1,1000.1;-20.47,-43.17;-17.98,512.02;295.33,598.38;336.06,363.34;401.11,359.97;404.85,298.53;447.57,315.76;459.63,304.15;495.63,318.97;499.87,336.97;517.86,350.06;559.96,362.64;596.69,432.66;627.41,426.66;630.41,397.44;622.16,359.97;671.62,292.53;714.33,289.53;745.81,321.76;722.61,394.32;722.04,438.63;795.37,433.11;824.08,422.04;879.4,360.39;875.44,213.12;848.64,158.83;897.77,-76.85;538.48,187.17;425.5,181.85;414.01,162.63;400.14,127.87;372.62,87.38
2705	600010000	3	16	67430	0.1,1000.1;-298.2,-490.66;-306.65,1884.1;1761.04,1889.73;1763.86,-535.73
2706	600010000	3	2	68039	0.1,1000.1;337.94,364.22;306.31,618.03;335.78,839.64;321.33,1168.68;413.73,1172.22;424.35,1050.03;517.03,1050.62;545.95,1104.34;601.67,1101.59;681.85,1227.19;710.23,1277.4;713.5,1364.74;812.85,1441.16;856.09,1388.75;867.6,1312.43;950.4,1318.73;1030.9,1341.86;1237.28,1414.01;1258.02,990.44;1236.18,947.86;1059.33,947.86;1051.69,928.21;1050.6,583.24;1074.84,578.58;1186.45,581.08;1209.98,578.88;1371.01,526.81;1352.45,223.32;1080.62,169.83;949.62,237.51;895.04,367.42;863.38,394.72;839.36,418.73;807.7,448.21;716.62,448.99;713.82,392.53;714.91,365.24;728.01,325.94;705.08,309.57;666.88,331.4;648.32,347.77;646.13,382.71;633.81,424.04;632.51,429.23;614.47,434.02;594.67,436.1;583.44,423.57;556.14,364.11;516.85,351.95;497.52,337.92;495.1,322.35;461.05,307.37;448.26,316.72;406.49,303.32;408.87,341.05;404.19,362.42
2707	600010000	3	5	67707	0.1,1000.1;1059.62,588.76;1067.63,937.04;1497.57,945.04;1490.36,591.16

 