3	5639	
id	key	npcid
int	string	string
1	89157	89158
2	89159	89160
3	89161	89160
4	89162	89160
5	89163	89164
6	89165	89164
7	89166	89167
8	89168	89169
9	89170	89171
10	89172	89173
11	89174	89175
12	89176	89177
13	89178	89177
14	89179	89180
15	89181	89180
16	89182	89183
17	89184	89183
18	89185	89186
19	89187	89186
20	89188	89189
21	89190	89189
22	89191	89192
23	89193	89192
24	89194	89195
25	89196	89195
26	89197	89198
27	89199	89198
28	89200	89201
29	89202	89201
30	89203	89204
31	89205	89206
32	89207	89206
33	89208	89209
34	89210	89211
35	89212	89211
36	89213	89214
37	89215	89216
38	89217	89218
39	89219	89220
40	89221	89220
41	89222	89223
42	89224	89223
43	89225	89226
44	89227	89228
45	89229	89228
46	89230	89231
47	89232	89231
48	89233	89234
49	89235	89234
50	89236	89234
51	89237	89238
52	89239	89240
53	89241	89242
54	89243	89242
55	89244	89245
56	89246	89245
57	89247	89248
58	89249	89248
59	89250	89251
60	89252	89251
61	89253	89254
62	89255	89256
63	89257	89258
64	89259	89258
65	89260	89261
66	89262	89261
67	89263	89264
68	89265	89266
69	89267	89268
70	89269	89270
71	89271	89272
72	89273	89274
73	89275	89274
74	89276	89277
75	89278	89277
76	89279	89280
77	89281	89280
78	89282	89283
79	89284	89283
80	89285	89286
81	89287	89286
82	89288	89289
83	89290	89289
84	89291	89292
85	89293	89292
86	89294	89295
87	89296	89295
88	89297	89298
89	89299	89298
90	89300	89301
91	89302	89301
92	89303	89304
93	89305	89304
94	89306	89307
95	89308	89307
96	89309	89310
97	89311	89312
98	89313	89314
99	89315	89316
100	89317	89318
101	89319	89320
102	89321	89320
103	89322	89323
104	89324	89323
105	89325	89326
106	89327	89326
107	89328	89329
108	89330	89331
109	89332	89333
110	89334	89335
111	89336	89337
112	89338	89339
113	89340	89341
114	89342	89343
115	89344	89343
116	89345	89346
117	89347	89348
118	89349	89348
119	89350	89351
120	89352	89353
121	89354	89355
122	89356	89355
123	89357	89358
124	89359	89358
125	89360	89361
126	89362	89361
127	89363	89364
128	89365	89364
129	89366	89367
130	89368	89367
131	89369	89370
132	89371	89370
133	89372	89373
134	89374	89373
135	89375	89376
136	89377	89378
137	89379	89380
138	89381	89382
139	89383	89382
140	89384	89385
141	89386	89385
142	89387	89388
143	89389	89388
144	89390	89391
145	89392	89393
146	89394	89393
147	89395	89396
148	89397	89398
149	89399	89400
150	89401	89402
151	89403	89404
152	89405	89404
153	89406	89407
154	89408	89407
155	89409	89410
156	89411	89410
157	89412	89413
158	89414	89413
159	89415	89416
160	89417	89416
161	89418	89419
162	89420	89419
163	89421	89422
164	89423	89424
165	89425	89424
166	89426	89427
167	89428	89429
168	89430	89429
169	89431	89432
170	89433	89432
171	89434	89432
172	89435	89436
173	89437	89438
174	89439	89438
175	89440	89441
176	89442	89441
177	89443	89444
178	89445	89446
179	89447	89448
180	89449	89448
181	89450	89451
182	89452	89451
183	89453	89454
184	89455	89454
185	89456	89457
186	89458	89457
187	89459	89460
188	89461	89460
189	89462	89463
190	89464	89465
191	89466	89467
192	89468	89469
193	89470	89471
194	89472	89473
195	89474	89475
196	89476	89475
197	89477	89475
198	89478	89475
199	89479	89480
200	89481	89480
201	89482	89483
202	89484	89485
203	89486	89487
204	89488	89489
205	89490	89491
206	89492	89491
207	89493	89494
208	89495	89496
209	89497	89498
210	89499	89500
211	89501	89502
212	89503	89502
213	89504	89505
214	89506	89505
215	89507	89508
216	89509	89508
217	89510	89511
218	89512	89513
219	89514	89515
220	89516	89517
221	89518	89519
222	89520	89521
223	89522	89523
224	89524	89525
225	89526	89527
226	89528	89527
227	89529	89530
228	89531	89532
229	89533	89534
230	89535	89536
231	89537	89536
232	89538	89539
233	89540	89541
234	89542	89543
235	89544	89545
236	89546	89545
237	89547	89548
238	89549	89548
239	89550	89551
240	89552	89551
241	89553	89551
242	89554	89551
243	89555	89551
244	89556	89551
245	89557	89551
246	89558	89551
247	89559	89551
248	89560	89551
249	89561	89551
250	89562	89563
251	89564	89563
252	89565	89566
253	89567	89566
254	89568	89569
255	89570	89569
256	89571	89572
257	89573	89572
258	89574	89575
259	89576	89575
260	89577	89578
261	89579	89578
262	89580	89581
263	89582	89581
264	89583	89584
265	89585	89584
266	89586	89587
267	89588	89587
268	89589	89590
269	89591	89590
270	89592	89593
271	89594	89593
272	89595	89596
273	89597	89598
274	89599	89600
275	89601	89600
276	89602	89603
277	89604	89605
278	89606	89607
279	89608	89609
280	89610	89611
281	89612	89611
282	89613	89614
283	89615	89616
284	89617	89616
285	89618	89619
286	89620	89619
287	89621	89622
288	89623	89622
289	89624	89625
290	89626	89627
291	89628	89629
292	89630	89629
293	89631	89632
294	89633	89632
295	89634	89635
296	89636	89637
297	89638	89639
298	89640	89641
299	89642	89643
300	89644	89645
301	89646	89645
302	89647	89648
303	89649	89648
304	89650	89651
305	89652	89651
306	89653	89654
307	89655	89656
308	89657	89656
309	89658	89659
310	89660	89659
311	89661	89662
312	89663	89662
313	89664	89662
314	89665	89666
315	89667	89666
316	89668	89669
317	89670	89669
318	89671	89672
319	89673	89672
320	89674	89675
321	89676	89675
322	89677	89678
323	89679	89678
324	89680	89681
325	89682	89681
326	89683	89684
327	89685	89684
328	89686	89687
329	89688	89687
330	89689	89690
331	89691	89690
332	89692	89693
333	89694	89693
334	89695	89696
335	89697	89696
336	89698	89699
337	89700	89701
338	89702	89703
339	89704	89705
340	89706	89707
341	89708	89709
342	89710	89711
343	89712	89713
344	89714	89715
345	89716	89715
346	89717	89718
347	89719	89718
348	89720	89721
349	89722	89721
350	89723	89724
351	89725	89724
352	89726	89727
353	89728	89727
354	89729	89730
355	89731	89730
356	89732	89733
357	89734	89733
358	89735	89736
359	89737	89736
360	89738	89739
361	89740	89739
362	89741	89742
363	89743	89744
364	89745	89746
365	89747	89748
366	89749	89750
367	89751	89752
368	89753	89754
369	89755	89754
370	89756	89757
371	89758	89759
372	89760	89761
373	89762	89761
374	89763	89764
375	89765	89766
376	89767	89766
377	89768	89769
378	89770	89769
379	89771	89772
380	89773	89774
381	89775	89774
382	89776	89777
383	89778	89777
384	89779	89780
385	89781	89780
386	89782	89783
387	89784	89783
388	89785	89786
389	89787	89786
390	89788	89789
391	89790	89789
392	89791	89792
393	89793	89792
394	89794	89795
395	89796	89795
396	89797	89798
397	89799	89798
398	89800	89801
399	89802	89801
400	89803	89804
401	89805	89806
402	89807	89808
403	89809	89810
404	89811	89812
405	89813	89814
406	89815	89816
407	89817	89816
408	89818	89819
409	89820	89819
410	89821	89822
411	89823	89822
412	89824	89825
413	89826	89825
414	89827	89828
415	89829	89828
416	89830	89831
417	89832	89831
418	89833	89834
419	89835	89834
420	89836	89837
421	89838	89837
422	89839	89840
423	89841	89840
424	89842	89843
425	89844	89845
426	89846	89847
427	89848	89849
428	89850	89851
429	89852	89853
430	89854	89855
431	89856	89855
432	89857	89858
433	89859	89858
434	89860	89861
435	89862	89861
436	89863	89864
437	89865	89864
438	89866	89867
439	89868	89867
440	89869	89870
441	89871	89872
442	89873	89872
443	89874	89875
444	89876	89875
445	89877	89878
446	89879	89878
447	89880	89881
448	89882	89883
449	89884	89883
450	89885	89886
451	89887	89886
452	89888	89886
453	89889	89890
454	89891	89892
455	89893	89894
456	89895	89896
457	89897	89898
458	89899	89900
459	89901	89902
460	89903	89904
461	89905	89906
462	89907	89908
463	89909	89910
464	89911	89910
465	89912	89913
466	89914	89915
467	89916	89917
468	89918	89919
469	89920	89919
470	89921	89922
471	89923	89924
472	89925	89926
473	89927	89928
474	89929	89930
475	89931	89932
476	89933	89934
477	89935	89936
478	89937	89938
479	89939	89940
480	89941	89942
481	89943	89944
482	89945	89946
483	89947	89948
484	89949	89950
485	89951	89952
486	89953	89954
487	89955	89956
488	89957	89958
489	89959	89960
490	89961	89962
491	89963	89964
492	89965	89966
493	89967	89968
494	89969	89970
495	89971	89972
496	89973	89974
497	89975	89976
498	89977	89978
499	89979	89980
500	89981	89982
501	89983	89984
502	89985	89986
503	89987	89988
504	89989	89990
505	89991	89992
506	89993	89994
507	89995	89996
508	89997	89998
509	89999	90000
510	90001	90002
511	90003	90004
512	90005	90006
513	90007	90006
514	90008	90009
515	90010	90009
516	90011	90012
517	90013	90012
518	90014	90015
519	90016	90015
520	90017	90015
521	90018	90019
522	90020	90019
523	90021	90022
524	90023	90024
525	90025	90026
526	90027	90028
527	90029	90030
528	90031	90030
529	90032	90033
530	90034	90035
531	90036	90037
532	90038	90039
533	90040	90041
534	90042	90043
535	90044	90045
536	90046	90047
537	90048	90049
538	90050	90051
539	90052	90053
540	90054	90055
541	90056	90057
542	90058	90059
543	90060	90061
544	90062	90063
545	90064	90065
546	90066	90067
547	90068	90069
548	90070	90071
549	90072	90073
550	90074	90075
551	90076	90077
552	90078	90079
553	90080	90081
554	90082	90083
555	90084	90085
556	90086	90087
557	90088	90089
558	90090	90089
559	90091	90092
560	90093	90094
561	90095	90094
562	90096	90097
563	90098	90099
564	90100	90101
565	90102	90103
566	90104	90105
567	90106	90107
568	90108	90109
569	90110	90111
570	90112	90113
571	90114	90115
572	90116	90117
573	90118	90119
574	90120	90121
575	90122	90123
576	90124	90125
577	90126	90127
578	90128	90129
579	90130	90129
580	90131	90132
581	90133	90134
582	90135	90136
583	90137	90138
584	90139	90140
585	90141	90142
586	90143	90144
587	90145	90146
588	90147	90146
589	90148	90149
590	90150	90151
591	90152	90151
592	90153	90154
593	90155	90154
594	90156	90157
595	90158	90159
596	90160	90161
597	90162	90163
598	90164	90165
599	90166	90167
600	90168	90169
601	90170	90171
602	90172	90173
603	90174	90175
604	90176	90177
605	90178	90179
606	90180	90181
607	90182	90183
608	90184	90185
609	90186	90187
610	90188	90189
611	90190	90191
612	90192	90193
613	90194	90195
614	90196	90197
615	90198	90199
616	90200	90201
617	90202	90203
618	90204	90205
619	90206	90207
620	90208	90209
621	90210	90211
622	90212	90213
623	90214	90213
624	90215	90216
625	90217	90218
626	90219	90220
627	90221	90222
628	90223	90224
629	90225	90226
630	90227	90228
631	90229	90230
632	90231	90232
633	90233	90234
634	90235	90236
635	90237	90238
636	90239	90240
637	90241	90242
638	90243	90244
639	90245	90246
640	90247	90248
641	90249	90250
642	90251	90252
643	90253	90254
644	90255	90256
645	90257	90258
646	90259	90260
647	90261	90262
648	90263	90264
649	90265	90264
650	90266	90267
651	90268	90269
652	90270	90271
653	90272	90273
654	90274	90275
655	90276	90277
656	90278	90279
657	90280	90281
658	90282	90283
659	90284	90285
660	90286	90287
661	90288	90289
662	90290	90291
663	90292	90293
664	90294	90295
665	90296	90297
666	90298	90299
667	90300	90301
668	90302	90303
669	90304	90305
670	90306	90307
671	90308	90309
672	90310	90311
673	90312	90313
674	90314	90315
675	90316	90317
676	90318	90319
677	90320	90321
678	90322	90323
679	90324	90325
680	90326	90327
681	90328	90329
682	90330	90331
683	90332	90333
684	90334	90335
685	90336	90337
686	90338	90339
687	90340	90341
688	90342	90343
689	90344	90345
690	90346	90347
691	90348	90349
692	90350	90351
693	90352	90353
694	90354	90355
695	90356	90357
696	90358	90359
697	90360	90361
698	90362	90363
699	90364	90365
700	90366	90367
701	90368	90369
702	90370	90371
703	90372	90373
704	90374	90375
705	90376	90377
706	90378	90379
707	90380	90381
708	90382	90383
709	90384	90385
710	90386	90387
711	90388	90389
712	90390	90391
713	90392	90393
714	90394	90395
715	90396	90397
716	90398	90399
717	90400	90401
718	90402	90403
719	90404	90405
720	90406	90407
721	90408	90409
722	90410	90411
723	90412	90413
724	90414	90415
725	90416	90417
726	90418	90419
727	90420	90421
728	90422	90423
729	90424	90425
730	90426	90427
731	90428	90429
732	90430	90431
733	90432	90433
734	90434	90435
735	90436	90437
736	90438	90439
737	90440	90439
738	90441	90442
739	90443	90444
740	90445	90446
741	90447	90448
742	90449	90450
743	90451	90452
744	90453	90454
745	90455	90456
746	90457	90458
747	90459	90460
748	90461	90462
749	90463	90464
750	90465	90466
751	90467	90468
752	90469	90470
753	90471	90472
754	90473	90474
755	90475	90476
756	90477	90478
757	90479	90480
758	90481	90482
759	90483	90484
760	90485	90486
761	90487	90488
762	90489	90488
763	90490	90488
764	90491	90492
765	90493	90492
766	90494	90495
767	90496	90497
768	90498	90499
769	90500	90501
770	90502	90503
771	90504	90505
772	90506	90507
773	90508	90509
774	90510	90511
775	90512	90513
776	90514	90515
777	90516	90517
778	90518	90519
779	90520	90521
780	90522	90523
781	90524	90525
782	90526	90527
783	90528	90529
784	90530	90531
785	90532	90533
786	90534	90535
787	90536	90537
788	90538	90539
789	90540	90541
790	90542	90543
791	90544	90545
792	90546	90547
793	90548	90549
794	90550	90551
795	90552	90553
796	90554	90555
797	90556	90557
798	90558	90559
799	90560	90561
800	90562	90563
801	90564	90565
802	90566	90567
803	90568	90569
804	90570	90571
805	90572	90573
806	90574	90575
807	90576	90577
808	90578	90579
809	90580	90581
810	90582	90583
811	90584	90585
812	90586	90587
813	90588	90589
814	90590	90591
815	90592	90593
816	90594	90595
817	90596	90595
818	90597	90598
819	90599	90600
820	90601	90602
821	90603	90604
822	90605	90606
823	90607	90608
824	90609	90610
825	90611	90612
826	90613	90614
827	90615	90616
828	90617	90618
829	90619	90620
830	90621	90622
831	90623	90624
832	90625	90626
833	90627	90628
834	90629	90630
835	90631	90632
836	90633	90634
837	90635	90636
838	90637	90638
839	90639	90640
840	90641	90642
841	90643	90644
842	90645	90646
843	90647	90648
844	90649	90650
845	90651	90652
846	90653	90654
847	90655	90656
848	90657	90658
849	90659	90660
850	90661	90662
851	90663	90664
852	90665	90666
853	90667	90668
854	90669	90670
855	90671	90672
856	90673	90672
857	90674	90675
858	90676	90677
859	90678	90679
860	90680	90681
861	90682	90683
862	90684	90685
863	90686	90685
864	90687	90685
865	90688	90689
866	90690	90691
867	90692	90693
868	90694	90695
869	90696	90697
870	90698	90699
871	90700	90701
872	90702	90703
873	90704	90705
874	90706	90707
875	90708	90709
876	90710	90711
877	90712	90713
878	90714	90715
879	90716	90717
880	90718	90719
881	90720	90721
882	90722	90723
883	90724	90725
884	90726	90727
885	90728	90729
886	90730	90731
887	90732	90733
888	90734	90735
889	90736	90737
890	90738	90739
891	90740	90741
892	90742	90743
893	90744	90745
894	90746	90747
895	90748	90749
896	90750	90751
897	90752	90753
898	90754	90755
899	90756	90757
900	90758	90759
901	90760	90761
902	90762	90763
903	90764	90765
904	90766	90767
905	90768	90769
906	90770	90771
907	90772	90773
908	90774	90775
909	90776	90777
910	90778	90779
911	90780	90781
912	90782	90783
913	90784	90785
914	90786	90787
915	90788	90789
916	90790	90791
917	90792	90793
918	90794	90795
919	90796	90797
920	90798	90799
921	90800	90801
922	90802	90803
923	90804	90805
924	90806	90807
925	90808	90809
926	90810	90811
927	90812	90813
928	90814	90815
929	90816	90817
930	90818	90819
931	90820	90821
932	90822	90823
933	90824	90825
934	90826	90827
935	90828	90829
936	90830	90831
937	90832	90833
938	90834	90835
939	90836	90837
940	90838	90839
941	90840	90841
942	90842	90843
943	90844	90845
944	90846	90847
945	90848	90849
946	90850	90851
947	90852	90853
948	90854	90855
949	90856	90857
950	90858	90859
951	90860	90861
952	90862	90863
953	90864	90865
954	90866	90867
955	90868	90869
956	90870	90871
957	90872	90873
958	90874	90875
959	90876	90877
960	90878	90879
961	90880	90881
962	90882	90883
963	90884	90883
964	90885	90883
965	90886	90883
966	90887	90883
967	90888	90883
968	90889	90883
969	90890	90883
970	90891	90892
971	90893	90894
972	90895	90896
973	90897	90898
974	90899	90900
975	90901	90902
976	90903	90904
977	90905	90906
978	90907	90908
979	90909	90910
980	90911	90912
981	90913	90914
982	90915	90916
983	90917	90918
984	90919	90920
985	90921	90922
986	90923	90924
987	90925	90926
988	90927	90928
989	90929	90930
990	90931	90932
991	90933	90934
992	90935	90936
993	90937	90938
994	90939	90940
995	90941	90942
996	90943	90944
997	90945	90946
998	90947	90948
999	90949	90950
1000	90951	90952
1001	90953	90954
1002	90955	90956
1003	90957	90958
1004	90959	90960
1005	90961	90962
1006	90963	90964
1007	90965	90966
1008	90967	90968
1009	90969	90970
1010	90971	90972
1011	90973	90974
1012	90975	90976
1013	90977	90978
1014	90979	90980
1015	90981	90982
1016	90983	90984
1017	90985	90986
1018	90987	90988
1019	90989	90990
1020	90991	90992
1021	90993	90994
1022	90995	90996
1023	90997	90998
1024	90999	91000
1025	91001	91002
1026	91003	91004
1027	91005	91006
1028	91007	91008
1029	91009	91010
1030	91011	91012
1031	91013	91014
1032	91015	91016
1033	91017	91018
1034	91019	91020
1035	91021	91022
1036	91023	91024
1037	91025	91026
1038	91027	91028
1039	91029	91030
1040	91031	91032
1041	91033	91034
1042	91035	91036
1043	91037	91038
1044	91039	91040
1045	91041	91042
1046	91043	91044
1047	91045	91046
1048	91047	91048
1049	91049	91050
1050	91051	91052
1051	91053	91054
1052	91055	91056
1053	91057	91058
1054	91059	91060
1055	91061	91062
1056	91063	91064
1057	91065	91066
1058	91067	91068
1059	91069	91070
1060	91071	91070
1061	91072	91073
1062	91074	91075
1063	91076	91077
1064	91078	91079
1065	91080	91081
1066	91082	91083
1067	91084	91085
1068	91086	91087
1069	91088	91089
1070	91090	91091
1071	91092	91093
1072	91094	91095
1073	91096	91097
1074	91098	91099
1075	91100	91101
1076	91102	91103
1077	91104	91105
1078	91106	91107
1079	91108	91109
1080	91110	91111
1081	91112	91113
1082	91114	91115
1083	91116	91117
1084	91118	91119
1085	91120	91121
1086	91122	91123
1087	91124	91125
1088	91126	91127
1089	91128	91129
1090	91130	91131
1091	91132	91131
1092	91133	91134
1093	91135	91136
1094	91137	91138
1095	91139	91140
1096	91141	91142
1097	91143	91144
1098	91145	91146
1099	91147	91148
1100	91149	91150
1101	91151	91152
1102	91153	91154
1103	91155	91156
1104	91157	91158
1105	91159	91160
1106	91161	91162
1107	91163	91164
1108	91165	91166
1109	91167	91168
1110	91169	91170
1111	91171	91172
1112	91173	91174
1113	91175	91176
1114	91177	91178
1115	91179	91180
1116	91181	91182
1117	91183	91184
1118	91185	91186
1119	91187	91188
1120	91189	91190
1121	91191	91192
1122	91193	91194
1123	91195	91196
1124	91197	91198
1125	91199	91200
1126	91201	91202
1127	91203	91204
1128	91205	91206
1129	91207	91208
1130	91209	91210
1131	91211	91212
1132	91213	91214
1133	91215	91216
1134	91217	91218
1135	91219	91220
1136	91221	91222
1137	91223	91224
1138	91225	91226
1139	91227	91228
1140	91229	91230
1141	91231	91232
1142	91233	91234
1143	91235	91236
1144	91237	91238
1145	91239	91240
1146	91241	91242
1147	91243	91244
1148	91245	91246
1149	91247	91248
1150	91249	91250
1151	91251	91252
1152	91253	91254
1153	91255	91256
1154	91257	91258
1155	91259	91260
1156	91261	91262
1157	91263	91264
1158	91265	91266
1159	91267	91268
1160	91269	91268
1161	91270	91268
1162	91271	91268
1163	91272	91268
1164	91273	91268
1165	91274	91268
1166	91275	91268
1167	91276	91277
1168	91278	91279
1169	91280	91281
1170	91282	91283
1171	91284	91285
1172	91286	91287
1173	91288	91289
1174	91290	91291
1175	91292	91293
1176	91294	91295
1177	91296	91297
1178	91298	91299
1179	91300	91301
1180	91302	91303
1181	91304	91305
1182	91306	91307
1183	91308	91309
1184	91310	91311
1185	91312	91313
1186	91314	91315
1187	91316	91317
1188	91318	91319
1189	91320	91321
1190	91322	91323
1191	91324	91325
1192	91326	91327
1193	91328	91329
1194	91330	91331
1195	91332	91333
1196	91334	91335
1197	91336	91337
1198	91338	91339
1199	91340	91341
1200	91342	91343
1201	91344	91345
1202	91346	91347
1203	91348	91349
1204	91350	91351
1205	91352	91353
1206	91354	91355
1207	91356	91357
1208	91358	91359
1209	91360	91359
1210	91361	91359
1211	91362	91363
1212	91364	91365
1213	91366	91367
1214	91368	91369
1215	91370	91371
1216	91372	91373
1217	91374	91375
1218	91376	91377
1219	91378	91379
1220	91380	91381
1221	91382	91383
1222	91384	91385
1223	91386	91387
1224	91388	91389
1225	91390	91391
1226	91392	91393
1227	91394	91395
1228	91396	91397
1229	91398	91399
1230	91400	91401
1231	91402	91403
1232	91404	91405
1233	91406	91407
1234	91408	91409
1235	91410	91411
1236	91412	91413
1237	91414	91415
1238	91416	91417
1239	91418	91419
1240	91420	91421
1241	91422	91423
1242	91424	91423
1243	91425	91423
1244	91426	91427
1245	91428	91429
1246	91430	91431
1247	91432	91433
1248	91434	91435
1249	91436	91437
1250	91438	91439
1251	91440	91441
1252	91442	91443
1253	91444	91445
1254	91446	91447
1255	91448	91449
1256	91450	91451
1257	91452	91453
1258	91454	91455
1259	91456	91457
1260	91458	91459
1261	91460	91461
1262	91462	91463
1263	91464	91465
1264	91466	91467
1265	91468	91469
1266	91470	91471
1267	91472	91473
1268	91474	91475
1269	91476	91477
1270	91478	91479
1271	91480	91481
1272	91482	91483
1273	91484	91485
1274	91486	91487
1275	91488	91489
1276	91490	91491
1277	91492	91493
1278	91494	91495
1279	91496	91497
1280	91498	91499
1281	91500	91501
1282	91502	91503
1283	91504	91505
1284	91506	91507
1285	91508	91509
1286	91510	91511
1287	91512	91513
1288	91514	91515
1289	91516	91517
1290	91518	91519
1291	91520	91521
1292	91522	91523
1293	91524	91525
1294	91526	91527
1295	91528	91529
1296	91530	91531
1297	91532	91533
1298	91534	91535
1299	91536	91537
1300	91538	91539
1301	91540	91541
1302	91542	91543
1303	91544	91545
1304	91546	91547
1305	91548	91549
1306	91550	91551
1307	91552	91553
1308	91554	91555
1309	91556	91557
1310	91558	91559
1311	91560	91561
1312	91562	91563
1313	91564	91565
1314	91566	91567
1315	91568	91569
1316	91570	91571
1317	91572	91573
1318	91574	91575
1319	91576	91577
1320	91578	91579
1321	91580	91581
1322	91582	91583
1323	91584	91585
1324	91586	91587
1325	91588	91589
1326	91590	91591
1327	91592	91593
1328	91594	91595
1329	91596	91597
1330	91598	91599
1331	91600	91601
1332	91602	91603
1333	91604	91605
1334	91606	91607
1335	91608	91609
1336	91610	91611
1337	91612	91613
1338	91614	91615
1339	91616	91617
1340	91618	91619
1341	91620	91621
1342	91622	91623
1343	91624	91625
1344	91626	91627
1345	91628	91629
1346	91630	91631
1347	91632	91633
1348	91634	91635
1349	91636	91635
1350	91637	91638
1351	91639	91638
1352	91640	91641
1353	91642	91643
1354	91644	91645
1355	91646	91647
1356	91648	91649
1357	91650	91651
1358	91652	91653
1359	91654	91655
1360	91656	91657
1361	91658	91659
1362	91660	91661
1363	91662	91663
1364	91664	91665
1365	91666	91667
1366	91668	91669
1367	91670	91671
1368	91672	91673
1369	91674	91675
1370	91676	91677
1371	91678	91679
1372	91680	91681
1373	91682	91683
1374	91684	91685
1375	91686	91687
1376	91688	91689
1377	91690	91691
1378	91692	91693
1379	91694	91695
1380	91696	91697
1381	91698	91699
1382	91700	91701
1383	91702	91703
1384	91704	91705
1385	91706	91707
1386	91708	91709
1387	91710	91711
1388	91712	91713
1389	91714	91715
1390	91716	91717
1391	91718	91719
1392	91720	91721
1393	91722	91723
1394	91724	91725
1395	91726	91727
1396	91728	91729
1397	91730	91731
1398	91732	91733
1399	91734	91735
1400	91736	91737
1401	91738	91739
1402	91740	91741
1403	91742	91743
1404	91744	91745
1405	91746	91747
1406	91748	91749
1407	91750	91751
1408	91752	91753
1409	91754	91755
1410	91756	91757
1411	91758	91759
1412	91760	91761
1413	91762	91763
1414	91764	91765
1415	91766	91767
1416	91768	91769
1417	91770	91771
1418	91772	91773
1419	91774	91775
1420	91776	91777
1421	91778	91779
1422	91780	91781
1423	91782	91783
1424	91784	91785
1425	91786	91787
1426	91788	91789
1427	91790	91791
1428	91792	91793
1429	91794	91795
1430	91796	91797
1431	91798	91799
1432	91800	91801
1433	91802	91803
1434	91804	91805
1435	91806	91807
1436	91808	91809
1437	91810	91811
1438	91812	91813
1439	91814	91815
1440	91816	91817
1441	91818	91819
1442	91820	91821
1443	91822	91823
1444	91824	91825
1445	91826	91827
1446	91828	91829
1447	91830	91831
1448	91832	91833
1449	91834	91835
1450	91836	91837
1451	91838	91839
1452	91840	91841
1453	91842	91843
1454	91844	91845
1455	91846	91847
1456	91848	91849
1457	91850	91851
1458	91852	91853
1459	91854	91855
1460	91856	91857
1461	91858	91859
1462	91860	91861
1463	91862	91863
1464	91864	91865
1465	91866	91867
1466	91868	91869
1467	91870	91871
1468	91872	91873
1469	91874	91875
1470	91876	91877
1471	91878	91879
1472	91880	91881
1473	91882	91883
1474	91884	91885
1475	91886	91887
1476	91888	91889
1477	91890	91891
1478	91892	91893
1479	91894	91895
1480	91896	91897
1481	91898	91899
1482	91900	91901
1483	91902	91903
1484	91904	91905
1485	91906	91907
1486	91908	91909
1487	91910	91911
1488	91912	91913
1489	91914	91915
1490	91916	91917
1491	91918	91919
1492	91920	91921
1493	91922	91923
1494	91924	91925
1495	91926	91927
1496	91928	91929
1497	91930	91931
1498	91932	91933
1499	91934	91935
1500	91936	91937
1501	91938	91939
1502	91940	91941
1503	91942	91943
1504	91944	91945
1505	91946	91947
1506	91948	91949
1507	91950	91951
1508	91952	91953
1509	91954	91955
1510	91956	91955
1511	91957	91958
1512	69383	91958
1513	91959	91960
1514	91961	91962
1515	91963	91964
1516	91965	91966
1517	91967	91968
1518	91969	91970
1519	91971	91972
1520	91973	91974
1521	91975	91976
1522	91977	91978
1523	91979	91980
1524	91981	91982
1525	91983	91984
1526	91985	91986
1527	91987	91988
1528	91989	91990
1529	91991	91992
1530	91993	91994
1531	91995	91996
1532	91997	91998
1533	91999	92000
1534	92001	92002
1535	92003	92004
1536	92005	92006
1537	92007	92006
1538	92008	92009
1539	92010	92009
1540	92011	92009
1541	92012	92013
1542	92014	92015
1543	92016	92015
1544	92017	92018
1545	92019	92018
1546	92020	92021
1547	92022	92023
1548	92024	92025
1549	92026	92025
1550	92027	92028
1551	92029	92030
1552	92031	92032
1553	92033	92034
1554	92035	92036
1555	92037	92038
1556	92039	92040
1557	92041	92042
1558	92043	92044
1559	92045	92046
1560	92047	92046
1561	92048	92049
1562	92050	92051
1563	92052	92053
1564	92054	92053
1565	92055	92056
1566	92057	92058
1567	92059	92058
1568	92060	92061
1569	92062	92063
1570	92064	92065
1571	92066	92067
1572	92068	92069
1573	92070	92071
1574	92072	92073
1575	92074	92073
1576	92075	92076
1577	92077	92076
1578	92078	92079
1579	92080	92081
1580	92082	92083
1581	92084	92085
1582	92086	92087
1583	92088	92089
1584	92090	92089
1585	92091	92092
1586	92093	92094
1587	92095	92096
1588	92097	92098
1589	92099	92098
1590	92100	92101
1591	92102	92103
1592	92104	92105
1593	92106	92107
1594	92108	92109
1595	92110	92111
1596	92112	92113
1597	92114	92115
1598	92116	92117
1599	92118	92119
1600	92120	92121
1601	92122	92123
1602	92124	92125
1603	92126	92127
1604	92128	92129
1605	92130	92131
1606	92132	92133
1607	92134	92135
1608	92136	92137
1609	92138	92137
1610	92139	92140
1611	92141	92142
1612	92143	92142
1613	92144	92145
1614	92146	92147
1615	92148	92149
1616	92150	92151
1617	92152	92153
1618	92154	92155
1619	92156	92157
1620	92158	92159
1621	92160	92161
1622	92162	92163
1623	92164	92165
1624	92166	92167
1625	92168	92169
1626	92170	92171
1627	92172	92173
1628	92174	92175
1629	92176	92177
1630	92178	92177
1631	92179	92180
1632	92181	92182
1633	92183	92184
1634	92185	92186
1635	92187	92188
1636	92189	92190
1637	92191	92192
1638	92193	92192
1639	92194	92195
1640	92196	92197
1641	92198	92199
1642	92200	92201
1643	92202	92203
1644	92204	92205
1645	92206	92205
1646	92207	92208
1647	92209	92210
1648	92211	92212
1649	92213	92214
1650	92215	92216
1651	92217	92218
1652	92219	92220
1653	92221	92222
1654	92223	92224
1655	92225	92226
1656	92227	92228
1657	92229	92230
1658	92231	92232
1659	92233	92232
1660	92234	92235
1661	92236	92237
1662	92238	92239
1663	92240	92241
1664	92242	92243
1665	92244	92245
1666	92246	92245
1667	92247	92248
1668	92249	92250
1669	92251	92252
1670	92253	92254
1671	92255	92256
1672	92257	92258
1673	92259	92260
1674	92261	92262
1675	92263	92264
1676	92265	92264
1677	92266	92267
1678	92268	92269
1679	92270	92271
1680	92272	92273
1681	92274	92275
1682	92276	92277
1683	92278	92279
1684	92280	92281
1685	92282	92283
1686	92284	92285
1687	92286	92287
1688	92288	92289
1689	92290	92291
1690	92292	92293
1691	92294	92295
1692	92296	92295
1693	92297	92295
1694	92298	92299
1695	92300	92301
1696	92302	92303
1697	92304	92303
1698	92305	92303
1699	92306	92307
1700	92308	92309
1701	92310	92311
1702	92312	92313
1703	92314	92315
1704	92316	92317
1705	92318	92319
1706	92320	92321
1707	92322	92323
1708	92324	92325
1709	92326	92327
1710	92328	92329
1711	92330	92331
1712	92332	92333
1713	92334	92335
1714	92336	92337
1715	92338	92339
1716	92340	92341
1717	92342	92343
1718	92344	92345
1719	92346	92347
1720	92348	92349
1721	92350	92351
1722	92352	92353
1723	92354	92353
1724	92355	92356
1725	92357	92358
1726	92359	92360
1727	92361	92360
1728	92362	92363
1729	92364	92363
1730	92365	92366
1731	92367	92368
1732	92369	92370
1733	92371	92372
1734	92373	92374
1735	92375	92376
1736	92377	92378
1737	92379	92380
1738	92381	92382
1739	92383	92384
1740	92385	92386
1741	92387	92388
1742	92389	92390
1743	92391	92392
1744	92393	92394
1745	92395	92396
1746	92397	92398
1747	92399	92400
1748	92401	92402
1749	92403	92404
1750	92405	92406
1751	92407	92408
1752	92409	92410
1753	92411	92412
1754	92413	92414
1755	92415	92416
1756	92417	92418
1757	92419	92420
1758	92421	92422
1759	92423	92424
1760	92425	92426
1761	92427	92426
1762	92428	92429
1763	92430	92429
1764	92431	92429
1765	92432	92433
1766	92434	92433
1767	92435	92436
1768	92437	92436
1769	92438	92439
1770	92440	92439
1771	92441	92442
1772	92443	92442
1773	92444	92445
1774	92446	92445
1775	92447	92445
1776	92448	92445
1777	92449	92445
1778	92450	92445
1779	92451	92452
1780	92453	92454
1781	92455	92456
1782	92457	92456
1783	92458	92459
1784	92460	92459
1785	92461	92462
1786	92463	92464
1787	92465	92464
1788	92466	92467
1789	92468	92469
1790	92470	92469
1791	92471	92472
1792	92473	92474
1793	92475	92476
1794	92477	92476
1795	92478	92479
1796	92480	92479
1797	92481	92482
1798	92483	92482
1799	92484	92485
1800	92486	92485
1801	92487	92488
1802	92489	92488
1803	92490	92491
1804	92492	92491
1805	92493	92494
1806	92495	92494
1807	92496	92497
1808	92498	92497
1809	92499	92500
1810	92501	92502
1811	92503	92502
1812	92504	92505
1813	92506	92505
1814	92507	92508
1815	92509	92508
1816	92510	92511
1817	92512	92511
1818	92513	92514
1819	92515	92514
1820	92516	92517
1821	92518	92517
1822	92519	92517
1823	92520	92521
1824	92522	92521
1825	92523	92524
1826	92525	92526
1827	92527	92528
1828	92529	92528
1829	92530	92531
1830	92532	92531
1831	92533	92534
1832	92535	92534
1833	92536	92537
1834	92538	92537
1835	92539	92537
1836	92540	92537
1837	92541	92542
1838	92543	92542
1839	92544	92545
1840	92546	92545
1841	92547	92548
1842	92549	92548
1843	92550	92551
1844	92552	92551
1845	92553	92554
1846	92555	92554
1847	92556	92557
1848	92558	92557
1849	92559	92557
1850	92560	92561
1851	92562	92561
1852	92563	92564
1853	92565	92564
1854	92566	92567
1855	92568	92567
1856	92569	92570
1857	92571	92570
1858	92572	92573
1859	92574	92573
1860	92575	92576
1861	92577	92578
1862	92579	92580
1863	92581	92580
1864	92582	92583
1865	92584	92583
1866	92585	92586
1867	92587	92586
1868	92588	92589
1869	92590	92589
1870	92591	92592
1871	92593	92594
1872	92595	92596
1873	92597	92598
1874	92599	92600
1875	92601	92600
1876	92602	92603
1877	92604	92603
1878	92605	92606
1879	92607	92606
1880	92608	92609
1881	92610	92609
1882	92611	92612
1883	92613	92614
1884	92615	92614
1885	92616	92614
1886	92617	92618
1887	92619	92618
1888	92620	92621
1889	92622	92621
1890	92623	92621
1891	92624	92625
1892	92626	92627
1893	92628	92629
1894	92630	92629
1895	92631	92632
1896	92633	92634
1897	92635	92634
1898	92636	92637
1899	92638	92637
1900	92639	92640
1901	92641	92642
1902	92643	92644
1903	92645	92646
1904	92647	92648
1905	92649	92648
1906	92650	92651
1907	92652	92651
1908	92653	92654
1909	92655	92656
1910	92657	92656
1911	92658	92659
1912	92660	92661
1913	92662	92661
1914	92663	92664
1915	92665	92664
1916	92666	92667
1917	92668	92669
1918	92670	92671
1919	92672	92673
1920	92674	92673
1921	92675	92676
1922	92677	92676
1923	92678	92679
1924	92680	92681
1925	92682	92681
1926	92683	92681
1927	92684	92685
1928	92686	92687
1929	92688	92689
1930	92690	92691
1931	92692	92693
1932	92694	92693
1933	92695	92693
1934	92696	92697
1935	92698	92699
1936	92700	92701
1937	92702	92703
1938	92704	92703
1939	92705	92706
1940	92707	92706
1941	92708	92709
1942	92710	92711
1943	92712	92711
1944	92713	92711
1945	92714	92715
1946	92716	92715
1947	92717	92718
1948	92719	92718
1949	92720	92721
1950	92722	92723
1951	92724	92723
1952	92725	92726
1953	92727	92726
1954	92728	92729
1955	92730	92729
1956	92731	92732
1957	92733	92734
1958	92735	92734
1959	92736	92734
1960	92737	92738
1961	92739	92738
1962	92740	92741
1963	92742	92743
1964	92744	92743
1965	92745	92746
1966	92747	92748
1967	92749	92750
1968	92751	92752
1969	92753	92754
1970	92755	92756
1971	92757	92756
1972	92758	92759
1973	92760	92761
1974	92762	92761
1975	92763	92764
1976	92765	92764
1977	92766	92764
1978	92767	92768
1979	92769	92768
1980	92770	92771
1981	92772	92771
1982	92773	92774
1983	92775	92774
1984	92776	92777
1985	92778	92777
1986	92779	92780
1987	92781	92780
1988	92782	92780
1989	92783	92780
1990	92784	92785
1991	92786	92785
1992	92787	92788
1993	92789	92788
1994	92790	92791
1995	92792	92791
1996	92793	92794
1997	92795	92796
1998	92797	92798
1999	92799	92800
2000	92801	92802
2001	92803	92804
2002	92805	92804
2003	92806	92807
2004	92808	92807
2005	92809	92807
2006	92810	92811
2007	92812	92813
2008	92814	92813
2009	92815	92816
2010	92817	92816
2011	92818	92819
2012	92820	92819
2013	92821	92822
2014	92823	92822
2015	92824	92825
2016	92826	92827
2017	92828	92829
2018	92830	92829
2019	92831	92832
2020	92833	92832
2021	92834	92835
2022	92836	92835
2023	92837	92838
2024	92839	92838
2025	92840	92841
2026	92842	92843
2027	92844	92845
2028	92846	92847
2029	92848	92849
2030	92850	92849
2031	92851	92852
2032	92853	92852
2033	92854	92855
2034	92856	92857
2035	92858	92859
2036	92860	92861
2037	92862	92863
2038	92864	92865
2039	92866	92867
2040	92868	92869
2041	92870	92871
2042	92872	92871
2043	92873	92874
2044	92875	92876
2045	92877	92878
2046	92879	92880
2047	92881	92882
2048	92883	92884
2049	92885	92886
2050	92887	92888
2051	92889	92888
2052	92890	92891
2053	92892	92893
2054	92894	92895
2055	92896	92897
2056	92898	92899
2057	92900	92901
2058	92902	92903
2059	92904	92905
2060	92906	92907
2061	92908	92909
2062	92910	92911
2063	92912	92913
2064	92914	92915
2065	92916	92915
2066	92917	92918
2067	92919	92920
2068	92921	92922
2069	92923	92924
2070	92925	92926
2071	92927	92928
2072	92929	92930
2073	92931	92932
2074	92933	92934
2075	92935	92936
2076	92937	92938
2077	92939	92940
2078	92941	92942
2079	92943	92944
2080	92945	92946
2081	92947	92948
2082	92949	92950
2083	92951	92952
2084	92953	92954
2085	92955	92956
2086	92957	92958
2087	92959	92960
2088	92961	92962
2089	92963	92964
2090	92965	92966
2091	92967	92968
2092	92969	92970
2093	92971	92972
2094	92973	92974
2095	92975	92976
2096	92977	92976
2097	92978	92979
2098	92980	92981
2099	92982	92983
2100	92984	92985
2101	92986	92987
2102	92988	92989
2103	92990	92989
2104	92991	92992
2105	92993	92992
2106	92994	92995
2107	92996	92995
2108	92997	92998
2109	92999	93000
2110	93001	93002
2111	93003	93004
2112	93005	93006
2113	93007	93008
2114	93009	93008
2115	93010	93011
2116	93012	93013
2117	93014	93015
2118	93016	93017
2119	93018	93019
2120	93020	93021
2121	93022	93023
2122	93024	93025
2123	93026	93027
2124	93028	93029
2125	93030	93031
2126	93032	93033
2127	93034	93035
2128	93036	93035
2129	93037	93038
2130	93039	93040
2131	93041	93042
2132	93043	93044
2133	93045	93046
2134	93047	93048
2135	93049	93050
2136	93051	93052
2137	93053	93054
2138	93055	93056
2139	93057	93058
2140	93059	93060
2141	93061	93062
2142	93063	93064
2143	93065	93066
2144	93067	93068
2145	93069	93070
2146	93071	93072
2147	93073	93074
2148	93075	93076
2149	93077	93078
2150	93079	93080
2151	93081	93082
2152	93083	93084
2153	93085	93086
2154	93087	93088
2155	93089	93090
2156	93091	93092
2157	93093	93094
2158	93095	93096
2159	93097	93098
2160	93099	93100
2161	93101	93102
2162	93103	93104
2163	93105	93106
2164	93107	93108
2165	93109	93110
2166	93111	93112
2167	93113	93114
2168	93115	93116
2169	93117	93118
2170	93119	93120
2171	93121	93122
2172	93123	93124
2173	93125	93126
2174	93127	93128
2175	93129	93130
2176	93131	93132
2177	93133	93134
2178	93135	93136
2179	93137	93138
2180	93139	93140
2181	93141	93142
2182	93143	93144
2183	93145	93146
2184	93147	93148
2185	93149	93150
2186	93151	93152
2187	93153	93154
2188	93155	93156
2189	93157	93158
2190	93159	93160
2191	93161	93162
2192	93163	93164
2193	93165	93166
2194	93167	93168
2195	93169	93170
2196	93171	93172
2197	93173	93174
2198	93175	93176
2199	93177	93176
2200	93178	93179
2201	93180	93181
2202	93182	93183
2203	93184	93185
2204	93186	93187
2205	93188	93189
2206	93190	93191
2207	93192	93193
2208	93194	93195
2209	93196	93197
2210	93198	93199
2211	93200	93201
2212	93202	93203
2213	93204	93205
2214	93206	93207
2215	93208	93209
2216	93210	93211
2217	93212	93213
2218	93214	93215
2219	93216	93217
2220	93218	93219
2221	93220	93221
2222	93222	93223
2223	93224	93225
2224	93226	93227
2225	93228	93229
2226	93230	93231
2227	93232	93231
2228	93233	93234
2229	93235	93236
2230	93237	93238
2231	93239	93240
2232	93241	93242
2233	93243	93244
2234	93245	93246
2235	93247	93248
2236	93249	93250
2237	93251	93252
2238	93253	93254
2239	93255	93256
2240	93257	93258
2241	93259	93260
2242	93261	93262
2243	93263	93264
2244	93265	93266
2245	93267	93268
2246	93269	93270
2247	93271	93272
2248	93273	93274
2249	93275	93276
2250	93277	93278
2251	93279	93280
2252	93281	93282
2253	93283	93284
2254	93285	93286
2255	93287	93288
2256	93289	93290
2257	93291	93292
2258	93293	93294
2259	93295	93296
2260	93297	93298
2261	93299	93300
2262	93301	93302
2263	93303	93304
2264	93305	93306
2265	93307	93308
2266	93309	93310
2267	93311	93312
2268	93313	93314
2269	93315	93316
2270	93317	93318
2271	93319	93320
2272	93321	93320
2273	93322	93323
2274	93324	93325
2275	93326	93327
2276	93328	93329
2277	93330	93331
2278	93332	93333
2279	93334	93335
2280	93336	93337
2281	93338	93339
2282	93340	93341
2283	93342	93343
2284	93344	93345
2285	93346	93345
2286	93347	93348
2287	93349	93350
2288	93351	93352
2289	93353	93354
2290	93355	93356
2291	93357	93358
2292	93359	93360
2293	93361	93362
2294	93363	93364
2295	93365	93366
2296	93367	93368
2297	93369	93370
2298	93371	93372
2299	93373	93374
2300	93375	93376
2301	93377	93378
2302	93379	93380
2303	93381	93382
2304	93383	93382
2305	93384	93382
2306	93385	93386
2307	93387	93388
2308	93389	93390
2309	93391	93392
2310	93393	93394
2311	93395	93396
2312	93397	93398
2313	93399	93400
2314	93401	93402
2315	93403	93404
2316	93405	93406
2317	93407	93406
2318	93408	93409
2319	93410	93411
2320	93412	93411
2321	93413	93414
2322	93415	93416
2323	93417	93418
2324	93419	93420
2325	93421	93422
2326	93423	93424
2327	93425	93426
2328	93427	93428
2329	93429	93430
2330	93431	93432
2331	93433	93434
2332	93435	93436
2333	93437	93438
2334	93439	93438
2335	93440	93441
2336	93442	93443
2337	93444	93445
2338	93446	93445
2339	93447	93448
2340	93449	93450
2341	93451	93452
2342	93453	93454
2343	93455	93456
2344	93457	93458
2345	93459	93460
2346	93461	93462
2347	93463	93464
2348	93465	93466
2349	93467	93468
2350	93469	93470
2351	93471	93472
2352	93473	93474
2353	93475	93474
2354	93476	93477
2355	93478	93479
2356	93480	93481
2357	93482	93483
2358	93484	93485
2359	93486	93487
2360	93488	93489
2361	93490	93491
2362	93492	93493
2363	93494	93495
2364	93496	93497
2365	93498	93499
2366	93500	93501
2367	93502	93503
2368	93504	93505
2369	93506	93507
2370	93508	93509
2371	93510	93511
2372	93512	93513
2373	93514	93515
2374	93516	93517
2375	93518	93519
2376	93520	93521
2377	93522	93523
2378	93524	93525
2379	93526	93527
2380	93528	93529
2381	93530	93531
2382	93532	93533
2383	93534	93535
2384	93536	93537
2385	93538	93539
2386	93540	93541
2387	93542	93543
2388	93544	93545
2389	93546	93547
2390	93548	93549
2391	93550	93551
2392	93552	93553
2393	93554	93555
2394	93556	93557
2395	93558	93559
2396	93560	93561
2397	93562	93563
2398	93564	93565
2399	93566	93567
2400	93568	93569
2401	93570	93571
2402	93572	93573
2403	93574	93575
2404	93576	93577
2405	93578	93579
2406	93580	93581
2407	93582	93583
2408	93584	93585
2409	93586	93587
2410	93588	93589
2411	93590	93591
2412	93592	93593
2413	93594	93595
2414	93596	93597
2415	93598	93599
2416	93600	93601
2417	93602	93603
2418	93604	93605
2419	93606	93607
2420	93608	93609
2421	93610	93611
2422	93612	93613
2423	93614	93615
2424	93616	93617
2425	93618	93619
2426	93620	93621
2427	93622	93623
2428	93624	93625
2429	93626	93627
2430	93628	93629
2431	93630	93631
2432	93632	93633
2433	93634	93635
2434	93636	93637
2435	93638	93639
2436	93640	93641
2437	93642	93643
2438	93644	93645
2439	93646	93647
2440	93648	93649
2441	93650	93651
2442	93652	93653
2443	93654	93655
2444	93656	93657
2445	93658	93659
2446	93660	93661
2447	93662	93663
2448	93664	93665
2449	93666	93667
2450	93668	93669
2451	93670	93671
2452	93672	93673
2453	93674	93675
2454	93676	93677
2455	93678	93679
2456	93680	93681
2457	93682	93683
2458	93684	93685
2459	93686	93687
2460	93688	93689
2461	93690	93691
2462	93692	93693
2463	93694	93695
2464	93696	93697
2465	93698	93699
2466	93700	93701
2467	93702	93703
2468	93704	93705
2469	93706	93705
2470	93707	93708
2471	93709	93710
2472	93711	93712
2473	93713	93714
2474	93715	93716
2475	93717	93716
2476	93718	93719
2477	93720	93719
2478	93721	93722
2479	93723	93724
2480	93725	93726
2481	93727	93728
2482	93729	93730
2483	93731	93732
2484	93733	93734
2485	93735	93736
2486	93737	93738
2487	93739	93740
2488	93741	93742
2489	93743	93744
2490	93745	93746
2491	93747	93748
2492	93749	93750
2493	93751	93752
2494	93753	93754
2495	93755	93756
2496	93757	93758
2497	93759	93760
2498	93761	93762
2499	93763	93764
2500	93765	93766
2501	93767	93768
2502	93769	93770
2503	93771	93772
2504	93773	93774
2505	93775	93776
2506	93777	93778
2507	93779	93780
2508	93781	93782
2509	93783	93784
2510	93785	93786
2511	93787	93788
2512	93789	93790
2513	93791	93792
2514	93793	93794
2515	93795	93796
2516	93797	93798
2517	93799	93800
2518	93801	93802
2519	93803	93804
2520	93805	93806
2521	93807	93808
2522	93809	93810
2523	93811	93812
2524	93813	93814
2525	93815	93816
2526	93817	93818
2527	93819	93820
2528	93821	93822
2529	93823	93824
2530	93825	93826
2531	93827	93828
2532	93829	93830
2533	93831	93832
2534	93833	93834
2535	93835	93836
2536	93837	93838
2537	93839	93840
2538	93841	93842
2539	93843	93844
2540	93845	93846
2541	93847	93848
2542	93849	93850
2543	93851	93852
2544	93853	93854
2545	93855	93856
2546	93857	93858
2547	93859	93860
2548	93861	93862
2549	93863	93864
2550	93865	93866
2551	93867	93868
2552	93869	93870
2553	93871	93872
2554	93873	93874
2555	93875	93876
2556	93877	93878
2557	93879	93880
2558	93881	93882
2559	93883	93884
2560	93885	93886
2561	93887	93888
2562	93889	93890
2563	93891	93892
2564	93893	93894
2565	93895	93896
2566	93897	93898
2567	93899	93900
2568	93901	93902
2569	93903	93904
2570	93905	93906
2571	93907	93908
2572	93909	93910
2573	93911	93912
2574	93913	93914
2575	93915	93916
2576	93917	93918
2577	93919	93920
2578	93921	93922
2579	93923	93924
2580	93925	93926
2581	93927	93926
2582	93928	93929
2583	93930	93931
2584	93932	93933
2585	93934	93935
2586	93936	93937
2587	93938	93939
2588	93940	93941
2589	93942	93943
2590	93944	93945
2591	93946	93947
2592	93948	93949
2593	93950	93951
2594	93952	93953
2595	93954	93955
2596	93956	93957
2597	93958	93959
2598	93960	93961
2599	93962	93963
2600	93964	93965
2601	93966	93967
2602	93968	93969
2603	93970	93969
2604	93971	93972
2605	93973	93974
2606	93975	93974
2607	93976	93977
2608	93978	93979
2609	93980	93981
2610	93982	93983
2611	93984	93985
2612	93986	93987
2613	93988	93989
2614	93990	93991
2615	93992	93993
2616	93994	93995
2617	93996	93997
2618	93998	93999
2619	94000	94001
2620	94002	94003
2621	94004	94005
2622	94006	94007
2623	94008	94009
2624	94010	94011
2625	94012	94013
2626	94014	94015
2627	94016	94017
2628	94018	94019
2629	94020	94021
2630	94022	94023
2631	94024	94025
2632	94026	94027
2633	94028	94029
2634	94030	94031
2635	94032	94033
2636	94034	94035
2637	94036	94037
2638	94038	94039
2639	94040	94041
2640	94042	94043
2641	94044	94045
2642	94046	94047
2643	94048	94049
2644	94050	94051
2645	94052	94053
2646	94054	94055
2647	94056	94057
2648	94058	94059
2649	94060	94061
2650	94062	94063
2651	94064	94065
2652	94066	94067
2653	94068	94069
2654	94070	94071
2655	94072	94073
2656	94074	94075
2657	94076	94077
2658	94078	94079
2659	94080	94081
2660	94082	94083
2661	94084	94085
2662	94086	94087
2663	94088	94089
2664	94090	94091
2665	94092	94093
2666	94094	94095
2667	94096	94097
2668	94098	94099
2669	94100	94101
2670	94102	94103
2671	94104	94105
2672	94106	94107
2673	94108	94109
2674	94110	94111
2675	94112	94113
2676	94114	94115
2677	94116	94117
2678	94118	94119
2679	94120	94121
2680	94122	94123
2681	94124	94125
2682	94126	94127
2683	94128	94129
2684	94130	94131
2685	94132	94133
2686	94134	94135
2687	94136	94137
2688	94138	94139
2689	94140	94141
2690	94142	94143
2691	94144	94143
2692	94145	94146
2693	94147	94148
2694	94149	94148
2695	94150	94151
2696	94152	94153
2697	94154	94153
2698	94155	94156
2699	94157	94158
2700	94159	94160
2701	94161	94162
2702	94163	94164
2703	94165	94166
2704	94167	94168
2705	94169	94170
2706	94171	94172
2707	94173	94174
2708	94175	94176
2709	94177	94178
2710	94179	94180
2711	94181	94182
2712	94183	94184
2713	94185	94186
2714	94187	94188
2715	94189	94190
2716	94191	94192
2717	94193	94194
2718	94195	94196
2719	94197	94198
2720	94199	94200
2721	94201	94202
2722	94203	94204
2723	94205	94206
2724	94207	94208
2725	94209	94210
2726	94211	94212
2727	94213	94214
2728	94215	94216
2729	94217	94218
2730	94219	94220
2731	94221	94222
2732	94223	94224
2733	94225	94226
2734	94227	94228
2735	94229	94230
2736	94231	94232
2737	94233	94234
2738	94235	94236
2739	94237	94238
2740	94239	94240
2741	94241	94242
2742	94243	94244
2743	94245	94246
2744	94247	94248
2745	94249	94250
2746	94251	94252
2747	94253	94254
2748	94255	94256
2749	94257	94258
2750	94259	94260
2751	94261	94262
2752	94263	94264
2753	94265	94266
2754	94267	94268
2755	94269	94270
2756	94271	94272
2757	94273	94274
2758	94275	94276
2759	94277	94278
2760	94279	94280
2761	94281	94282
2762	94283	94284
2763	94285	94286
2764	94287	94288
2765	94289	94290
2766	94291	94292
2767	94293	94294
2768	94295	94296
2769	94297	94298
2770	94299	94300
2771	94301	94302
2772	94303	94304
2773	94305	94306
2774	94307	94308
2775	94309	94310
2776	94311	94312
2777	94313	94314
2778	94315	94316
2779	94317	94318
2780	94319	94320
2781	94321	94322
2782	94323	94324
2783	94325	94326
2784	94327	94328
2785	94329	94330
2786	94331	94332
2787	94333	94334
2788	94335	94336
2789	94337	94338
2790	94339	94340
2791	94341	94342
2792	94343	94344
2793	94345	94346
2794	94347	94348
2795	94349	94350
2796	94351	94352
2797	94353	94354
2798	94355	94356
2799	94357	94358
2800	94359	94360
2801	94361	94362
2802	94363	94364
2803	94365	94366
2804	94367	94368
2805	94369	94370
2806	94371	94372
2807	94373	94374
2808	94375	94376
2809	94377	94378
2810	94379	94380
2811	94381	94382
2812	94383	94384
2813	94385	94386
2814	94387	94388
2815	94389	94390
2816	94391	94392
2817	94393	94394
2818	94395	94396
2819	94397	94398
2820	94399	94400
2821	94401	94402
2822	94403	94404
2823	94405	94406
2824	94407	94408
2825	94409	94410
2826	94411	94412
2827	94413	94414
2828	94415	94416
2829	94417	94418
2830	94419	94420
2831	94421	94422
2832	94423	94424
2833	94425	94426
2834	94427	94428
2835	94429	94430
2836	94431	94432
2837	94433	94434
2838	94435	94436
2839	94437	94438
2840	94439	94440
2841	94441	94442
2842	94443	94442
2843	94444	94445
2844	94446	94445
2845	94447	94448
2846	94449	94450
2847	94451	94452
2848	94453	94454
2849	94455	94456
2850	94457	94458
2851	94459	94460
2852	94461	94462
2853	94463	94464
2854	94465	94466
2855	94467	94468
2856	94469	94470
2857	94471	94472
2858	94473	94474
2859	94475	94476
2860	94477	94478
2861	94479	94480
2862	94481	94482
2863	94483	94484
2864	94485	94486
2865	94487	94488
2866	94489	94490
2867	94491	94492
2868	94493	94494
2869	94495	94494
2870	94496	94497
2871	94498	94499
2872	94500	94501
2873	94502	94501
2874	94503	94504
2875	94505	94506
2876	94507	94508
2877	94509	94510
2878	94511	94512
2879	94513	94514
2880	94515	94516
2881	94517	94518
2882	94519	94520
2883	94521	94522
2884	94523	94524
2885	94525	94526
2886	94527	94528
2887	94529	94530
2888	94531	94532
2889	94533	94534
2890	94535	94536
2891	94537	94538
2892	94539	94540
2893	94541	94542
2894	94543	94544
2895	94545	94546
2896	94547	94548
2897	94549	94550
2898	94551	94552
2899	94553	94554
2900	94555	94556
2901	94557	94558
2902	94559	94560
2903	94561	94562
2904	94563	94564
2905	94565	94566
2906	94567	94568
2907	94569	94570
2908	94571	94572
2909	94573	94574
2910	94575	94576
2911	94577	94578
2912	94579	94580
2913	94581	94582
2914	94583	94584
2915	94585	94586
2916	94587	94588
2917	94589	94590
2918	94591	94592
2919	94593	94594
2920	94595	94596
2921	94597	94598
2922	94599	94600
2923	94601	94602
2924	94603	94604
2925	94605	94606
2926	94607	94608
2927	94609	94610
2928	94611	94612
2929	94613	94614
2930	94615	94616
2931	94617	94618
2932	94619	94620
2933	94621	94622
2934	94623	94624
2935	94625	94626
2936	94627	94628
2937	94629	94630
2938	94631	94632
2939	94633	94634
2940	94635	94636
2941	94637	94638
2942	94639	94640
2943	94641	94642
2944	94643	94644
2945	94645	94646
2946	94647	94648
2947	94649	94650
2948	94651	94652
2949	94653	94654
2950	94655	94656
2951	94657	94658
2952	94659	94660
2953	94661	94662
2954	94663	94664
2955	94665	94666
2956	94667	94668
2957	94669	94670
2958	94671	94672
2959	94673	94674
2960	94675	94676
2961	94677	94678
2962	94679	94680
2963	94681	94682
2964	94683	94684
2965	94685	94686
2966	94687	94688
2967	94689	94690
2968	94691	94692
2969	94693	94694
2970	94695	94696
2971	94697	94698
2972	94699	94700
2973	94701	94702
2974	94703	94704
2975	94705	94706
2976	94707	94708
2977	94709	94710
2978	94711	94712
2979	94713	94714
2980	94715	94716
2981	94717	94718
2982	94719	94720
2983	94721	94722
2984	94723	94724
2985	94725	94726
2986	94727	94728
2987	94729	94730
2988	94731	94732
2989	94733	94734
2990	94735	94736
2991	94737	94738
2992	94739	94740
2993	94741	94742
2994	94743	94744
2995	94745	94746
2996	94747	94748
2997	94749	94750
2998	94751	94752
2999	94753	94754
3000	94755	94756
3001	94757	94756
3002	94758	94759
3003	94760	94761
3004	94762	94763
3005	94764	94765
3006	94766	94767
3007	94768	94769
3008	94770	94771
3009	94772	94773
3010	94774	94775
3011	94776	94777
3012	94778	94779
3013	94780	94781
3014	94782	94783
3015	94784	94785
3016	94786	94787
3017	94788	94789
3018	94790	94791
3019	94792	94793
3020	94794	94795
3021	94796	94797
3022	94798	94799
3023	94800	94801
3024	94802	94803
3025	94804	94805
3026	94806	94807
3027	94808	94809
3028	94810	94811
3029	94812	94813
3030	94814	94815
3031	94816	94817
3032	94818	94819
3033	94820	94821
3034	94822	94823
3035	94824	94825
3036	94826	94827
3037	94828	94829
3038	94830	94831
3039	94832	94833
3040	94834	94835
3041	94836	94837
3042	94838	94839
3043	94840	94841
3044	94842	94843
3045	94844	94845
3046	94846	94847
3047	94848	94849
3048	94850	94851
3049	94852	94853
3050	94854	94855
3051	94856	94857
3052	94858	94859
3053	94860	94861
3054	94862	94863
3055	94864	94865
3056	94866	94867
3057	94868	94869
3058	94870	94871
3059	94872	94873
3060	94874	94875
3061	94876	94877
3062	94878	94879
3063	94880	94881
3064	94882	94883
3065	94884	94885
3066	94886	94887
3067	94888	94889
3068	94890	94891
3069	94892	94893
3070	94894	94895
3071	94896	94897
3072	94898	94899
3073	94900	94901
3074	94902	94903
3075	94904	94905
3076	94906	94907
3077	94908	94909
3078	94910	94911
3079	94912	94913
3080	94914	94915
3081	94916	94917
3082	94918	94919
3083	94920	94921
3084	94922	94923
3085	94924	94925
3086	94926	94927
3087	94928	94929
3088	94930	94931
3089	94932	94933
3090	94934	94935
3091	94936	94937
3092	94938	94939
3093	94940	94941
3094	94942	94943
3095	94944	94945
3096	94946	94947
3097	94948	94949
3098	94950	94951
3099	94952	94953
3100	94954	94955
3101	94956	94957
3102	94958	94959
3103	94960	94961
3104	94962	94963
3105	94964	94965
3106	94966	94967
3107	94968	94969
3108	94970	94971
3109	94972	94973
3110	94974	94975
3111	94976	94977
3112	94978	94979
3113	94980	94981
3114	94982	94983
3115	94984	94985
3116	94986	94987
3117	94988	94989
3118	94990	94991
3119	94992	94993
3120	94994	94995
3121	94996	94997
3122	94998	94999
3123	95000	95001
3124	95002	95003
3125	95004	95005
3126	95006	95007
3127	95008	95009
3128	95010	95011
3129	95012	95013
3130	95014	95015
3131	95016	95017
3132	95018	95019
3133	95020	95021
3134	95022	95023
3135	95024	95025
3136	95026	95027
3137	95028	95029
3138	95030	95031
3139	95032	95033
3140	95034	95035
3141	95036	95037
3142	95038	95039
3143	95040	95041
3144	95042	95043
3145	95044	95045
3146	95046	95047
3147	95048	95049
3148	95050	95051
3149	95052	95053
3150	95054	95055
3151	95056	95057
3152	95058	95059
3153	95060	95061
3154	95062	95063
3155	95064	95065
3156	95066	95067
3157	95068	95069
3158	95070	95071
3159	95072	95073
3160	95074	95075
3161	95076	95077
3162	95078	95079
3163	95080	95081
3164	95082	95081
3165	95083	95084
3166	95085	95086
3167	95087	95088
3168	95089	95090
3169	95091	95092
3170	95093	95094
3171	95095	95096
3172	95097	95098
3173	95099	95100
3174	95101	95102
3175	95103	95104
3176	95105	95106
3177	95107	95108
3178	95109	95110
3179	95111	95112
3180	95113	95114
3181	95115	95116
3182	95117	95118
3183	95119	95120
3184	95121	95122
3185	95123	95124
3186	95125	95126
3187	95127	95128
3188	95129	95130
3189	95131	95132
3190	95133	95134
3191	95135	95136
3192	95137	95138
3193	95139	95140
3194	95141	95142
3195	95143	95144
3196	95145	95146
3197	95147	95148
3198	95149	95150
3199	95151	95152
3200	95153	95154
3201	95155	95156
3202	95157	95158
3203	95159	95160
3204	95161	95162
3205	95163	95164
3206	95165	95166
3207	95167	95168
3208	95169	95170
3209	95171	95172
3210	95173	95174
3211	95175	95176
3212	95177	95178
3213	95179	95180
3214	95181	95182
3215	95183	95182
3216	95184	95185
3217	95186	95187
3218	95188	95189
3219	95190	95191
3220	95192	95193
3221	95194	95195
3222	95196	95197
3223	95198	95199
3224	95200	95201
3225	95202	95203
3226	95204	95205
3227	95206	95207
3228	95208	95209
3229	95210	95211
3230	95212	95213
3231	95214	95215
3232	95216	95217
3233	95218	95219
3234	95220	95221
3235	95222	95223
3236	95224	95225
3237	95226	95227
3238	95228	95229
3239	95230	95231
3240	95232	95233
3241	95234	95235
3242	95236	95237
3243	95238	95239
3244	95240	95241
3245	95242	95243
3246	95244	95245
3247	95246	95247
3248	95248	95249
3249	95250	95251
3250	95252	95253
3251	95254	95255
3252	95256	95257
3253	95258	95259
3254	95260	95261
3255	95262	95263
3256	95264	95263
3257	95265	95266
3258	95267	95268
3259	95269	95270
3260	95271	95272
3261	95273	95274
3262	95275	95276
3263	95277	95278
3264	95279	95280
3265	95281	95282
3266	95283	95284
3267	95285	95286
3268	95287	95288
3269	95289	95290
3270	95291	95292
3271	95293	95294
3272	95295	95296
3273	95297	95298
3274	95299	95300
3275	95301	95302
3276	95303	95304
3277	95305	95306
3278	95307	95308
3279	95309	95310
3280	95311	95312
3281	95313	95314
3282	95315	95316
3283	95317	95318
3284	95319	95320
3285	95321	95322
3286	95323	95324
3287	95325	95326
3288	95327	95328
3289	95329	95330
3290	95331	95332
3291	95333	95334
3292	95335	95336
3293	95337	95338
3294	95339	95340
3295	95341	95342
3296	95343	95344
3297	95345	95346
3298	95347	95348
3299	95349	95350
3300	95351	95352
3301	95353	95354
3302	95355	95356
3303	95357	95358
3304	95359	95360
3305	95361	95362
3306	95363	95364
3307	95365	95366
3308	95367	95368
3309	95369	95370
3310	95371	95372
3311	95373	95374
3312	95375	95376
3313	95377	95378
3314	95379	95380
3315	95381	95382
3316	95383	95384
3317	95385	95386
3318	95387	95388
3319	95389	95390
3320	95391	95392
3321	95393	95394
3322	95395	95396
3323	95397	95398
3324	95399	95400
3325	95401	95402
3326	95403	95404
3327	95405	95406
3328	95407	95408
3329	95409	95410
3330	95411	95412
3331	95413	95414
3332	95415	95416
3333	95417	95418
3334	95419	95420
3335	95421	95422
3336	95423	95422
3337	95424	95425
3338	95426	95427
3339	95428	95429
3340	95430	95431
3341	95432	95433
3342	95434	95435
3343	95436	95437
3344	95438	95439
3345	95440	95439
3346	95441	95442
3347	95443	95444
3348	95445	95446
3349	95447	95448
3350	95449	95450
3351	95451	95452
3352	95453	95454
3353	95455	95456
3354	95457	95458
3355	95459	95460
3356	95461	95462
3357	95463	95464
3358	95465	95464
3359	95466	95467
3360	95468	95467
3361	95469	95470
3362	95471	95470
3363	95472	95473
3364	95474	95475
3365	95476	95477
3366	95478	95479
3367	95480	95481
3368	95482	95483
3369	95484	95485
3370	95486	95487
3371	95488	95489
3372	95490	95491
3373	95492	95493
3374	95494	95495
3375	95496	95495
3376	95497	95498
3377	95499	95498
3378	95500	95501
3379	95502	95501
3380	95503	95504
3381	95505	95504
3382	95506	95507
3383	95508	95507
3384	95509	95510
3385	95511	95512
3386	95513	95512
3387	95514	95515
3388	95516	95517
3389	95518	95519
3390	95520	95521
3391	95522	95523
3392	95524	95525
3393	95526	95527
3394	95528	95529
3395	95530	95529
3396	95531	95532
3397	95533	95534
3398	95535	95536
3399	95537	95538
3400	95539	95540
3401	95541	95542
3402	95543	95544
3403	95545	95546
3404	95547	95548
3405	95549	95550
3406	95551	95552
3407	95553	95554
3408	95555	95556
3409	95557	95558
3410	95559	95560
3411	95561	95562
3412	95563	95564
3413	95565	95566
3414	95567	95568
3415	95569	95570
3416	95571	95572
3417	95573	95574
3418	95575	95576
3419	95577	95578
3420	95579	95580
3421	95581	95582
3422	95583	95584
3423	95585	95586
3424	95587	95588
3425	95589	95590
3426	95591	95592
3427	95593	95594
3428	95595	95596
3429	95597	95598
3430	95599	95600
3431	95601	95602
3432	95603	95604
3433	95605	95606
3434	95607	95608
3435	95609	95610
3436	95611	95612
3437	95613	95614
3438	95615	95616
3439	95617	95618
3440	95619	95620
3441	95621	95622
3442	95623	95624
3443	95625	95626
3444	95627	95628
3445	95629	95630
3446	95631	95632
3447	95633	95634
3448	95635	95636
3449	95637	95638
3450	95639	95640
3451	95641	95642
3452	95643	95644
3453	95645	95646
3454	95647	95648
3455	95649	95650
3456	95651	95652
3457	95653	95654
3458	95655	95656
3459	95657	95658
3460	95659	95660
3461	95661	95662
3462	95663	95664
3463	95665	95666
3464	95667	95668
3465	95669	95670
3466	95671	95672
3467	95673	95674
3468	95675	95676
3469	95677	95678
3470	95679	95680
3471	95681	95682
3472	95683	95684
3473	95685	95686
3474	95687	95688
3475	95689	95690
3476	95691	95692
3477	95693	95694
3478	95695	95696
3479	95697	95698
3480	95699	95700
3481	95701	95702
3482	95703	95704
3483	95705	95706
3484	95707	95708
3485	95709	95710
3486	95711	95712
3487	95713	95714
3488	95715	95716
3489	95717	95718
3490	95719	95720
3491	95721	95722
3492	95723	95722
3493	95724	95725
3494	95726	95727
3495	95728	95729
3496	95730	95731
3497	95732	95733
3498	95734	95735
3499	95736	95737
3500	95738	95739
3501	95740	95741
3502	95742	95743
3503	95744	95745
3504	95746	95747
3505	95748	95749
3506	95750	95751
3507	95752	95753
3508	95754	95755
3509	95756	95757
3510	95758	95759
3511	95760	95761
3512	95762	95761
3513	95763	95764
3514	95765	95766
3515	95767	95768
3516	95769	95770
3517	95771	95772
3518	95773	95774
3519	95775	95776
3520	95777	95778
3521	95779	95780
3522	95781	95782
3523	95783	95784
3524	95785	95786
3525	95787	95788
3526	95789	95790
3527	95791	95792
3528	95793	95794
3529	95795	95796
3530	95797	95798
3531	95799	95800
3532	95801	95802
3533	95803	95804
3534	95805	95806
3535	95807	95808
3536	95809	95810
3537	95811	95812
3538	95813	95814
3539	95815	95816
3540	95817	95818
3541	95819	95820
3542	95821	95822
3543	95823	95824
3544	95825	95826
3545	95827	95828
3546	95829	95830
3547	95831	95832
3548	95833	95834
3549	95835	95836
3550	95837	95838
3551	95839	95840
3552	95841	95842
3553	95843	95844
3554	95845	95846
3555	95847	95848
3556	95849	95850
3557	95851	95852
3558	95853	95854
3559	95855	95856
3560	95857	95858
3561	95859	95860
3562	95861	95862
3563	95863	95864
3564	95865	95866
3565	95867	95868
3566	95869	95870
3567	95871	95872
3568	95873	95874
3569	95875	95876
3570	95877	95878
3571	95879	95880
3572	95881	95882
3573	95883	95884
3574	95885	95886
3575	95887	95888
3576	95889	95890
3577	95891	95892
3578	95893	95894
3579	95895	95896
3580	95897	95898
3581	95899	95900
3582	95901	95902
3583	95903	95904
3584	95905	95906
3585	95907	95908
3586	95909	95910
3587	95911	95912
3588	95913	95914
3589	95915	95916
3590	95917	95918
3591	95919	95920
3592	95921	95922
3593	95923	95924
3594	95925	95926
3595	95927	95928
3596	95929	95930
3597	95931	95932
3598	95933	95934
3599	95935	95936
3600	95937	95938
3601	95939	95940
3602	95941	95942
3603	95943	95944
3604	95945	95946
3605	95947	95948
3606	95949	95950
3607	95951	95952
3608	95953	95954
3609	95955	95956
3610	95957	95958
3611	95959	95960
3612	95961	95962
3613	95963	95964
3614	95965	95966
3615	95967	95968
3616	95969	95970
3617	95971	95972
3618	95973	95974
3619	95975	95976
3620	95977	95978
3621	95979	95980
3622	95981	95982
3623	95983	95984
3624	95985	95986
3625	95987	95988
3626	95989	95990
3627	95991	95992
3628	95993	95994
3629	95995	95996
3630	95997	95998
3631	95999	96000
3632	96001	96002
3633	96003	96004
3634	96005	96006
3635	96007	96008
3636	96009	96010
3637	96011	96012
3638	96013	96014
3639	96015	96016
3640	96017	96018
3641	96019	96020
3642	96021	96022
3643	96023	96024
3644	96025	96024
3645	96026	96024
3646	96027	96028
3647	96029	96028
3648	96030	96031
3649	96032	96033
3650	96034	96035
3651	96036	96037
3652	96038	96039
3653	96040	96041
3654	96042	96043
3655	96044	96045
3656	96046	96047
3657	96048	96049
3658	96050	96051
3659	96052	96053
3660	96054	96055
3661	96056	96057
3662	96058	96059
3663	96060	96061
3664	96062	96063
3665	96064	96065
3666	96066	96067
3667	96068	96069
3668	96070	96071
3669	96072	96073
3670	96074	96075
3671	96076	96077
3672	96078	96079
3673	96080	96081
3674	96082	96083
3675	96084	96085
3676	96086	96087
3677	96088	96089
3678	96090	96091
3679	96092	96093
3680	96094	96095
3681	96096	96097
3682	96098	96099
3683	96100	96101
3684	96102	96103
3685	96104	96105
3686	96106	96107
3687	96108	96109
3688	96110	96111
3689	96112	96113
3690	96114	96115
3691	96116	96117
3692	96118	96119
3693	96120	96121
3694	96122	96123
3695	96124	96125
3696	96126	96127
3697	96128	96129
3698	96130	96131
3699	96132	96133
3700	96134	96135
3701	96136	96137
3702	96138	96139
3703	96140	96141
3704	96142	96143
3705	96144	96145
3706	96146	96147
3707	96148	96149
3708	96150	96151
3709	96152	96153
3710	96154	96155
3711	96156	96157
3712	96158	96159
3713	96160	96161
3714	96162	96163
3715	96164	96165
3716	96166	96167
3717	96168	96169
3718	96170	96171
3719	96172	96173
3720	96174	96175
3721	96176	96177
3722	96178	96179
3723	96180	96181
3724	96182	96183
3725	96184	96185
3726	96186	96187
3727	96188	96189
3728	96190	96191
3729	96192	96193
3730	96194	96195
3731	96196	96197
3732	96198	96199
3733	96200	96201
3734	96202	96203
3735	96204	96205
3736	96206	96207
3737	96208	96209
3738	96210	96211
3739	96212	96213
3740	96214	96215
3741	96216	96217
3742	96218	96219
3743	96220	96221
3744	96222	96221
3745	96223	96224
3746	96225	96226
3747	96227	96228
3748	96229	96230
3749	96231	96232
3750	96233	96234
3751	96235	96236
3752	96237	96238
3753	96239	96240
3754	96241	96242
3755	96243	96244
3756	96245	96246
3757	96247	96248
3758	96249	96250
3759	96251	96252
3760	96253	96252
3761	96254	96255
3762	96256	96257
3763	96258	96259
3764	96260	96261
3765	96262	96263
3766	96264	96265
3767	96266	96267
3768	96268	96267
3769	96269	96270
3770	96271	96272
3771	96273	96274
3772	96275	96276
3773	96277	96278
3774	96279	96280
3775	96281	96282
3776	96283	96284
3777	96285	96286
3778	96287	96288
3779	96289	96290
3780	96291	96292
3781	96293	96294
3782	96295	96296
3783	96297	96296
3784	96298	96299
3785	96300	96301
3786	96302	96303
3787	96304	96303
3788	96305	96306
3789	96307	96308
3790	96309	96310
3791	96311	96312
3792	96313	96314
3793	96315	96314
3794	96316	96317
3795	96318	96319
3796	96320	96321
3797	96322	96323
3798	96324	96325
3799	96326	96327
3800	96328	96329
3801	96330	96331
3802	96332	96333
3803	96334	96335
3804	96336	96337
3805	96338	96339
3806	96340	96339
3807	96341	96342
3808	96343	96344
3809	96345	96346
3810	96347	96348
3811	96349	96350
3812	96351	96352
3813	96353	96354
3814	96355	96356
3815	96357	96358
3816	96359	96360
3817	96361	96362
3818	96363	96364
3819	96365	96366
3820	96367	96368
3821	96369	96370
3822	96371	96372
3823	96373	96374
3824	96375	96376
3825	96377	96378
3826	96379	96380
3827	96381	96382
3828	96383	96384
3829	96385	96386
3830	96387	96388
3831	96389	96390
3832	96391	96392
3833	96393	96394
3834	96395	96396
3835	96397	96398
3836	96399	96400
3837	96401	96402
3838	96403	96404
3839	96405	96406
3840	96407	96408
3841	96409	96410
3842	96411	96412
3843	96413	96414
3844	96415	96416
3845	96417	96418
3846	96419	96420
3847	96421	96422
3848	96423	96424
3849	96425	96426
3850	96427	96428
3851	96429	96430
3852	96431	96432
3853	96433	96434
3854	96435	96436
3855	96437	96438
3856	96439	96440
3857	96441	96442
3858	96443	96444
3859	96445	96446
3860	96447	96448
3861	96449	96450
3862	96451	96452
3863	96453	96454
3864	96455	96456
3865	96457	96458
3866	96459	96460
3867	96461	96462
3868	96463	96464
3869	96465	96466
3870	96467	96468
3871	96469	96468
3872	96470	96468
3873	96471	96468
3874	96472	96468
3875	96473	96468
3876	96474	96468
3877	96475	96468
3878	96476	96477
3879	96478	96477
3880	96479	96477
3881	96480	96477
3882	96481	96477
3883	96482	96477
3884	96483	96477
3885	96484	96485
3886	96486	96485
3887	96487	96485
3888	96488	96485
3889	96489	96485
3890	96490	96485
3891	96491	96485
3892	96492	96485
3893	96493	96494
3894	96495	96494
3895	96496	96494
3896	96497	96494
3897	96498	96494
3898	96499	96494
3899	96500	96494
3900	96501	96494
3901	96502	96503
3902	96504	96503
3903	96505	96503
3904	96506	96503
3905	96507	96503
3906	96508	96503
3907	96509	96503
3908	96510	96511
3909	96512	96511
3910	96513	96511
3911	96514	96511
3912	96515	96511
3913	96516	96511
3914	96517	96511
3915	96518	96511
3916	96519	96520
3917	96521	96520
3918	96522	96520
3919	96523	96520
3920	96524	96520
3921	96525	96520
3922	96526	96520
3923	96527	96520
3924	96528	96529
3925	96530	96529
3926	96531	96529
3927	96532	96529
3928	96533	96529
3929	96534	96529
3930	96535	96529
3931	96536	96537
3932	96538	96537
3933	96539	96537
3934	96540	96537
3935	96541	96537
3936	96542	96537
3937	96543	96537
3938	96544	96537
3939	96545	96546
3940	96547	96546
3941	96548	96546
3942	96549	96546
3943	96550	96546
3944	96551	96546
3945	96552	96546
3946	96553	96546
3947	96554	96555
3948	96556	96555
3949	96557	96555
3950	96558	96555
3951	96559	96555
3952	96560	96555
3953	96561	96562
3954	96563	96562
3955	96564	96562
3956	96565	96562
3957	96566	96562
3958	96567	96562
3959	96568	96562
3960	96569	96562
3961	96570	96571
3962	96572	96573
3963	96574	96575
3964	96576	96577
3965	96578	96579
3966	96580	96581
3967	96582	96583
3968	96584	96585
3969	96586	96587
3970	96588	96589
3971	96590	96591
3972	96592	96593
3973	96594	96595
3974	96596	96597
3975	96598	96599
3976	96600	96601
3977	96602	96603
3978	96604	96605
3979	96606	96607
3980	96608	96609
3981	96610	96611
3982	96612	96613
3983	96614	96613
3984	96615	96616
3985	96617	96618
3986	96619	96620
3987	96621	96622
3988	96623	96624
3989	96625	96626
3990	96627	96628
3991	96629	96630
3992	96631	96632
3993	96633	96634
3994	96635	96636
3995	96637	96638
3996	96639	96640
3997	96641	96642
3998	96643	96644
3999	96645	96646
4000	96647	96648
4001	96649	96650
4002	96651	96652
4003	96653	96654
4004	96655	96656
4005	96657	96658
4006	96659	96660
4007	96661	96662
4008	96663	96664
4009	96665	96666
4010	96667	96668
4011	96669	96670
4012	96671	96672
4013	96673	96674
4014	96675	96676
4015	96677	96678
4016	96679	96680
4017	96681	96682
4018	96683	96684
4019	96685	96686
4020	96687	96688
4021	96689	96690
4022	96691	96692
4023	96693	96694
4024	96695	96696
4025	96697	96698
4026	96699	96700
4027	96701	96702
4028	96703	96704
4029	96705	96706
4030	96707	96708
4031	96709	96710
4032	96711	96712
4033	96713	96714
4034	96715	96716
4035	96717	96718
4036	96719	96720
4037	96721	96722
4038	96723	96724
4039	96725	96726
4040	96727	96728
4041	96729	96730
4042	96731	96732
4043	96733	96734
4044	96735	96736
4045	96737	96738
4046	96739	96740
4047	96741	96742
4048	96743	96744
4049	96745	96746
4050	96747	96748
4051	96749	96750
4052	96751	96752
4053	96753	96754
4054	96755	96756
4055	96757	96758
4056	96759	96760
4057	96761	96762
4058	96763	96764
4059	96765	96766
4060	96767	96768
4061	96769	96770
4062	96771	96772
4063	96773	96774
4064	96775	96776
4065	96777	96778
4066	96779	96780
4067	96781	96782
4068	96783	96784
4069	96785	96786
4070	96787	96788
4071	96789	96790
4072	96791	96792
4073	96793	96794
4074	96795	96796
4075	96797	96798
4076	96799	96800
4077	96801	96802
4078	96803	96804
4079	96805	96804
4080	96806	96807
4081	96808	96809
4082	96810	96811
4083	96812	96813
4084	96814	96815
4085	96816	96817
4086	96818	96819
4087	96820	96821
4088	96822	96823
4089	96824	96825
4090	96826	96827
4091	96828	96829
4092	96830	96831
4093	96832	96833
4094	96834	96835
4095	96836	96837
4096	96838	96839
4097	96840	96841
4098	96842	96841
4099	96843	96844
4100	96845	96846
4101	96847	96848
4102	96849	96850
4103	96851	96852
4104	96853	96854
4105	96855	96856
4106	96857	96858
4107	96859	96860
4108	96861	96862
4109	96863	96864
4110	96865	96866
4111	96867	96868
4112	96869	96870
4113	96871	96872
4114	96873	96874
4115	96875	96876
4116	96877	96878
4117	96879	96880
4118	96881	96882
4119	96883	96884
4120	96885	96886
4121	96887	96888
4122	96889	96890
4123	96891	96892
4124	96893	96894
4125	96895	96896
4126	96897	96898
4127	96899	96900
4128	96901	96902
4129	96903	96904
4130	96905	96906
4131	96907	96908
4132	96909	96910
4133	96911	96912
4134	96913	96914
4135	96915	96916
4136	96917	96918
4137	96919	96920
4138	96921	96922
4139	96923	96924
4140	96925	96926
4141	96927	96928
4142	96929	96930
4143	96931	96932
4144	96933	96934
4145	96935	96936
4146	96937	96938
4147	96939	96940
4148	96941	96942
4149	96943	96944
4150	96945	96946
4151	96947	96948
4152	96949	96950
4153	96951	96952
4154	96953	96954
4155	96955	96956
4156	96957	96958
4157	96959	96960
4158	96961	96962
4159	96963	96964
4160	96965	96966
4161	96967	96968
4162	96969	96970
4163	96971	96970
4164	96972	96973
4165	96974	96975
4166	96976	96977
4167	96978	96979
4168	96980	96981
4169	96982	96983
4170	96984	96985
4171	96986	96987
4172	96988	96989
4173	96990	96991
4174	96992	96993
4175	96994	96995
4176	96996	96997
4177	96998	96999
4178	97000	97001
4179	97002	97003
4180	97004	97005
4181	97006	97007
4182	97008	97009
4183	97010	97011
4184	97012	97013
4185	97014	97015
4186	97016	97017
4187	97018	97019
4188	97020	97021
4189	97022	97023
4190	97024	97025
4191	97026	97027
4192	97028	97029
4193	97030	97031
4194	97032	97033
4195	97034	97035
4196	97036	97037
4197	97038	97039
4198	97040	97041
4199	97042	97043
4200	97044	97045
4201	97046	97047
4202	97048	97049
4203	97050	97051
4204	97052	97053
4205	97054	97055
4206	97056	97057
4207	97058	97059
4208	97060	97061
4209	97062	97063
4210	97064	97065
4211	97066	97067
4212	97068	97069
4213	97070	97071
4214	97072	97073
4215	97074	97075
4216	97076	97077
4217	97078	97079
4218	97080	97081
4219	97082	97083
4220	97084	97085
4221	97086	97087
4222	97088	97089
4223	97090	97091
4224	97092	97093
4225	97094	97095
4226	97096	97097
4227	97098	97099
4228	97100	97101
4229	97102	97103
4230	97104	97105
4231	97106	97107
4232	97108	97109
4233	97110	97111
4234	97112	97113
4235	97114	97115
4236	97116	97117
4237	97118	97119
4238	97120	97121
4239	97122	97123
4240	97124	97125
4241	97126	97127
4242	97128	97129
4243	97130	97131
4244	97132	97133
4245	97134	97135
4246	97136	97137
4247	97138	97139
4248	97140	97141
4249	97142	97143
4250	97144	97145
4251	97146	97147
4252	97148	97149
4253	97150	97151
4254	97152	97153
4255	97154	97155
4256	97156	97157
4257	97158	97159
4258	97160	97161
4259	97162	97163
4260	97164	97165
4261	97166	97167
4262	97168	97169
4263	97170	97171
4264	97172	97173
4265	97174	97175
4266	97176	97177
4267	97178	97179
4268	97180	97181
4269	97182	97183
4270	97184	97185
4271	97186	97187
4272	97188	97189
4273	97190	97191
4274	97192	97193
4275	97194	97195
4276	97196	97197
4277	97198	97199
4278	97200	97201
4279	97202	97203
4280	97204	97205
4281	97206	97207
4282	97208	97209
4283	97210	97211
4284	97212	97213
4285	97214	97215
4286	97216	97217
4287	97218	97219
4288	97220	97221
4289	97222	97223
4290	97224	97225
4291	97226	97227
4292	97228	97229
4293	97230	97231
4294	97232	97233
4295	97234	97235
4296	97236	97237
4297	97238	97239
4298	97240	97241
4299	97242	97243
4300	97244	97245
4301	97246	97247
4302	97248	97249
4303	97250	97249
4304	97251	97252
4305	97253	97254
4306	97255	97256
4307	97257	97258
4308	97259	97260
4309	97261	97262
4310	97263	97264
4311	97265	97266
4312	97267	97268
4313	97269	97270
4314	97271	97272
4315	97273	97274
4316	97275	97276
4317	97277	97278
4318	97279	97280
4319	97281	97282
4320	97283	97284
4321	97285	97286
4322	97287	97288
4323	97289	97290
4324	97291	97292
4325	97293	97294
4326	97295	97296
4327	97297	97298
4328	97299	97300
4329	97301	97302
4330	97303	97304
4331	97305	97306
4332	97307	97308
4333	97309	97310
4334	97311	97312
4335	97313	97314
4336	97315	97316
4337	97317	97318
4338	97319	97320
4339	97321	97322
4340	97323	97324
4341	97325	97326
4342	97327	97328
4343	97329	97330
4344	97331	97332
4345	97333	97334
4346	97335	97336
4347	97337	97338
4348	97339	97340
4349	97341	97342
4350	97343	97344
4351	97345	97346
4352	97347	97348
4353	97349	97350
4354	97351	97352
4355	97353	97354
4356	97355	97356
4357	97357	97358
4358	97359	97360
4359	97361	97362
4360	97363	97364
4361	69367	97365
4362	97366	97367
4363	97368	97369
4364	97370	97369
4365	97371	97372
4366	97373	97374
4367	97375	97376
4368	97377	97378
4369	97379	97378
4370	97380	97381
4371	97382	97383
4372	97384	97383
4373	97385	97386
4374	97387	97388
4375	97389	97390
4376	97391	97392
4377	97393	97394
4378	97395	97396
4379	97397	97396
4380	97398	97399
4381	97400	97399
4382	97401	97402
4383	97403	97404
4384	97405	97406
4385	97407	97408
4386	97409	97410
4387	97411	97412
4388	97413	97414
4389	97415	97416
4390	97417	97418
4391	97419	97420
4392	97421	97422
4393	97423	97424
4394	97425	97426
4395	97427	97428
4396	97429	97430
4397	97431	97432
4398	97433	97434
4399	97435	97436
4400	97437	97438
4401	97439	97438
4402	97440	97441
4403	97442	97443
4404	97444	97443
4405	97445	97443
4406	97446	97447
4407	97448	97447
4408	97449	97450
4409	97451	97452
4410	97453	97452
4411	97454	97455
4412	97456	97457
4413	97458	97459
4414	97460	97461
4415	97462	97463
4416	97464	97465
4417	97466	97467
4418	97468	97469
4419	97470	97471
4420	97472	97473
4421	97474	97475
4422	97476	97475
4423	97477	97478
4424	97479	97480
4425	97481	97482
4426	97483	97484
4427	97485	97486
4428	97487	97486
4429	97488	97489
4430	97490	97491
4431	97492	97493
4432	97494	97495
4433	97496	97497
4434	97498	97499
4435	97500	97501
4436	97502	97503
4437	97504	97505
4438	97506	97507
4439	97508	97507
4440	97509	97510
4441	97511	97512
4442	97513	97514
4443	97515	97516
4444	97517	97518
4445	97519	97520
4446	97521	97522
4447	97523	97524
4448	97525	97526
4449	97527	97528
4450	97529	97530
4451	97531	97532
4452	97533	97534
4453	97535	97536
4454	97537	97538
4455	97539	97538
4456	97540	97541
4457	97542	97543
4458	97544	97545
4459	97546	97547
4460	97548	97549
4461	97550	97551
4462	97552	97553
4463	97554	97555
4464	97556	97557
4465	97558	97559
4466	97560	97561
4467	97562	97563
4468	97564	97565
4469	97566	97567
4470	97568	97569
4471	97570	97571
4472	97572	97573
4473	97574	97575
4474	97576	97577
4475	97578	97577
4476	97579	97580
4477	97581	97582
4478	97583	97584
4479	97585	97586
4480	97587	97588
4481	97589	97590
4482	97591	97592
4483	97593	97592
4484	97594	97595
4485	97596	97595
4486	97597	97598
4487	97599	97598
4488	97600	97601
4489	97602	97603
4490	97604	97605
4491	97606	97607
4492	97608	97609
4493	97610	97611
4494	97612	97613
4495	97614	97615
4496	97616	97615
4497	97617	97618
4498	97619	97620
4499	97621	97622
4500	97623	97624
4501	97625	97626
4502	97627	97628
4503	97629	97630
4504	97631	97632
4505	97633	97634
4506	97635	97636
4507	97637	97638
4508	97639	97640
4509	97641	97642
4510	97643	97644
4511	97645	97646
4512	97647	97648
4513	97649	97650
4514	97651	97652
4515	97653	97654
4516	97655	97656
4517	97657	97658
4518	97659	97660
4519	97661	97662
4520	97663	97664
4521	97665	97666
4522	97667	97668
4523	97669	97670
4524	97671	97672
4525	97673	97674
4526	97675	97676
4527	97677	97678
4528	97679	97680
4529	97681	97682
4530	97683	97684
4531	97685	97686
4532	97687	97688
4533	97689	97690
4534	97691	97692
4535	97693	97694
4536	97695	97696
4537	97697	97698
4538	97699	97700
4539	97701	97702
4540	97703	97704
4541	97705	97706
4542	97707	97708
4543	97709	97710
4544	97711	97712
4545	97713	97714
4546	97715	97716
4547	97717	97718
4548	97719	97720
4549	97721	97722
4550	97723	97724
4551	97725	97726
4552	97727	97728
4553	97729	97730
4554	97731	97732
4555	97733	97734
4556	97735	97736
4557	97737	97738
4558	97739	97740
4559	97741	97742
4560	97743	97744
4561	97745	97746
4562	97747	97748
4563	97749	97750
4564	97751	97752
4565	97753	97754
4566	97755	97756
4567	97757	97758
4568	97759	97760
4569	97761	97762
4570	97763	97764
4571	97765	97766
4572	97767	97768
4573	97769	97770
4574	97771	97772
4575	97773	97774
4576	97775	97776
4577	97777	97778
4578	97779	97780
4579	97781	97782
4580	97783	97784
4581	97785	97786
4582	97787	97788
4583	97789	97790
4584	97791	97792
4585	97793	97794
4586	97795	97796
4587	97797	97798
4588	97799	97800
4589	97801	97802
4590	97803	97804
4591	97805	97806
4592	97807	97806
4593	97808	97809
4594	97810	97811
4595	97812	97813
4596	97814	97815
4597	97816	97817
4598	97818	97819
4599	97820	97821
4600	97822	97823
4601	97824	97825
4602	97826	97827
4603	97828	97829
4604	97830	97831
4605	97832	97833
4606	97834	97835
4607	97836	97837
4608	97838	97839
4609	97840	97841
4610	97842	97843
4611	97844	97845
4612	97846	97847
4613	97848	97849
4614	97850	97851
4615	97852	97853
4616	97854	97855
4617	97856	97857
4618	97858	97859
4619	97860	97861
4620	97862	97863
4621	97864	97865
4622	97866	97867
4623	97868	97869
4624	97870	97871
4625	97872	97873
4626	97874	97875
4627	97876	97877
4628	97878	97879
4629	97880	97881
4630	97882	97883
4631	97884	97883
4632	97885	97886
4633	97887	97888
4634	97889	97890
4635	97891	97892
4636	97893	97894
4637	97895	97896
4638	97897	97898
4639	97899	97900
4640	97901	97902
4641	97903	97904
4642	97905	97906
4643	97907	97908
4644	97909	97910
4645	97911	97912
4646	97913	97914
4647	97915	97916
4648	97917	97918
4649	97919	97920
4650	97921	97922
4651	97923	97924
4652	97925	97926
4653	97927	97928
4654	97929	97930
4655	97931	97932
4656	97933	97934
4657	97935	97936
4658	97937	97938
4659	97939	97940
4660	97941	97942
4661	97943	97944
4662	97945	97946
4663	97947	97948
4664	97949	97950
4665	97951	97952
4666	97953	97954
4667	97955	97956
4668	97957	97958
4669	97959	97960
4670	97961	97962
4671	97963	97964
4672	97965	97966
4673	97967	97968
4674	97969	97970
4675	97971	97972
4676	97973	97974
4677	97975	97976
4678	97977	97978
4679	97979	97980
4680	97981	97982
4681	97983	97984
4682	97985	97986
4683	97987	97988
4684	97989	97990
4685	97991	97992
4686	97993	97992
4687	97994	97992
4688	97995	97996
4689	97997	97998
4690	97999	98000
4691	98001	98002
4692	98003	98004
4693	98005	98006
4694	98007	98008
4695	98009	98010
4696	98011	98012
4697	98013	98014
4698	98015	98016
4699	98017	98016
4700	98018	98016
4701	98019	98020
4702	98021	98022
4703	98023	98024
4704	98025	98026
4705	98027	98028
4706	98029	98030
4707	98031	98032
4708	98033	98034
4709	98035	98036
4710	98037	98038
4711	98039	98040
4712	98041	98042
4713	98043	98044
4714	98045	98046
4715	98047	98048
4716	98049	98050
4717	98051	98052
4718	98053	98052
4719	98054	98055
4720	98056	98057
4721	98058	98059
4722	98060	98059
4723	98061	98062
4724	98063	98062
4725	98064	98065
4726	98066	98065
4727	98067	98068
4728	98069	98070
4729	98071	98072
4730	98073	98074
4731	98075	98076
4732	98077	98078
4733	98079	98080
4734	98081	98082
4735	98083	98084
4736	98085	98086
4737	98087	98088
4738	98089	98088
4739	98090	98091
4740	98092	98093
4741	98094	98095
4742	98096	98097
4743	98098	98099
4744	98100	98101
4745	98102	98103
4746	98104	98105
4747	98106	98107
4748	98108	98109
4749	98110	98111
4750	98112	98113
4751	98114	98115
4752	98116	98117
4753	98118	98119
4754	98120	98121
4755	98122	98123
4756	98124	98125
4757	98126	98127
4758	98128	98129
4759	98130	98131
4760	98132	98133
4761	98134	98135
4762	98136	98137
4763	98138	98139
4764	98140	98141
4765	98142	98143
4766	98144	98145
4767	98146	98147
4768	98148	98149
4769	98150	98151
4770	98152	98153
4771	98154	98155
4772	98156	98157
4773	69607	98158
4774	69619	98159
4775	98160	98161
4776	98162	98163
4777	98164	98165
4778	98166	98167
4779	98168	98169
4780	98170	98171
4781	98172	98173
4782	98174	98175
4783	98176	98177
4784	98178	98179
4785	98180	98181
4786	98182	98183
4787	98184	98185
4788	98186	98187
4789	98188	98189
4790	98190	98191
4791	98192	98193
4792	98194	98195
4793	98196	98197
4794	98198	98199
4795	98200	98201
4796	98202	98203
4797	98204	98203
4798	98205	98206
4799	98207	98206
4800	98208	98209
4801	98210	98209
4802	98211	98212
4803	98213	98212
4804	98214	98212
4805	98215	98216
4806	98217	98218
4807	98219	98220
4808	98221	98222
4809	98223	98224
4810	98225	98226
4811	98227	98228
4812	98229	98230
4813	98231	98232
4814	98233	98234
4815	98235	98236
4816	98237	98238
4817	98239	98240
4818	98241	98242
4819	98243	98244
4820	98245	98246
4821	98247	98248
4822	98249	98250
4823	98251	98250
4824	98252	98253
4825	98254	98255
4826	98256	98255
4827	98257	98258
4828	98259	98260
4829	98261	98260
4830	98262	98263
4831	98264	98265
4832	98266	98267
4833	98268	98269
4834	98270	98271
4835	98272	98273
4836	98274	98275
4837	98276	98277
4838	98278	98279
4839	98280	98281
4840	98282	98283
4841	98284	98285
4842	98286	98287
4843	98288	98289
4844	98290	98291
4845	98292	98293
4846	98294	98295
4847	98296	98297
4848	98298	98299
4849	98300	98301
4850	98302	98303
4851	98304	98305
4852	98306	98307
4853	98308	98309
4854	98310	98311
4855	98312	98313
4856	98314	98315
4857	98316	98317
4858	98318	98319
4859	98320	98321
4860	98322	98323
4861	98324	98325
4862	98326	98327
4863	98328	98329
4864	98330	98331
4865	98332	98333
4866	98334	98335
4867	98336	98337
4868	98338	98339
4869	98340	98341
4870	98342	98343
4871	98344	98345
4872	98346	98347
4873	98348	98349
4874	98350	98351
4875	98352	98353
4876	98354	98355
4877	98356	98357
4878	98358	98359
4879	98360	98361
4880	98362	98363
4881	98364	98365
4882	98366	98367
4883	98368	98369
4884	98370	98371
4885	98372	98373
4886	98374	98375
4887	98376	98377
4888	98378	98379
4889	98380	98381
4890	98382	98383
4891	98384	98385
4892	98386	98387
4893	98388	98389
4894	98390	98391
4895	98392	98393
4896	98394	98395
4897	98396	98397
4898	98398	98399
4899	98400	98401
4900	98402	98403
4901	98404	98405
4902	98406	98407
4903	98408	98409
4904	98410	98411
4905	98412	98413
4906	98414	98415
4907	98416	98417
4908	98418	98419
4909	98420	98421
4910	98422	98423
4911	98424	98425
4912	98426	98427
4913	98428	98429
4914	98430	98431
4915	98432	98433
4916	98434	98435
4917	98436	98435
4918	98437	98438
4919	98439	98438
4920	98440	98441
4921	98442	98443
4922	98444	98445
4923	98446	98447
4924	98448	98449
4925	98450	98451
4926	98452	98453
4927	98454	98455
4928	98456	98457
4929	98458	98459
4930	98460	98461
4931	98462	98463
4932	98464	98465
4933	98466	98467
4934	98468	98469
4935	98470	98471
4936	98472	98473
4937	98474	98475
4938	98476	98477
4939	98478	98479
4940	98480	98481
4941	98482	98483
4942	98484	98485
4943	98486	98487
4944	98488	98489
4945	98490	98491
4946	98492	98493
4947	98494	98493
4948	98495	98496
4949	98497	98498
4950	98499	98500
4951	98501	98502
4952	98503	98504
4953	98505	98506
4954	98507	98508
4955	98509	98510
4956	98511	98512
4957	98513	98514
4958	98515	98516
4959	98517	98518
4960	98519	98520
4961	98521	98522
4962	98523	98524
4963	98525	98526
4964	98527	98528
4965	98529	98530
4966	98531	98532
4967	98533	98534
4968	98535	98536
4969	98537	98538
4970	98539	98540
4971	98541	98542
4972	98543	98542
4973	98544	98545
4974	98546	98547
4975	98548	98549
4976	98550	98551
4977	98552	98553
4978	98554	98555
4979	98556	98557
4980	98558	98559
4981	98560	98561
4982	98562	98563
4983	98564	98565
4984	98566	98567
4985	98568	98569
4986	98570	98571
4987	98572	98573
4988	98574	98575
4989	98576	98577
4990	98578	98579
4991	98580	98581
4992	98582	98583
4993	98584	98585
4994	98586	98587
4995	98588	98589
4996	98590	98591
4997	98592	98593
4998	98594	98595
4999	98596	98597
5000	98598	98599
5001	98600	98601
5002	98602	98603
5003	98604	98605
5004	98606	98607
5005	98608	98609
5006	98610	98611
5007	98612	98613
5008	98614	98613
5009	98615	98616
5010	98617	98616
5011	98618	98619
5012	98620	98619
5013	98621	98622
5014	98623	98624
5015	98625	98626
5016	98627	98628
5017	98629	98630
5018	98631	98632
5019	98633	98634
5020	98635	98636
5021	98637	98638
5022	98639	98640
5023	98641	98642
5024	98643	98644
5025	98645	98646
5026	98647	98648
5027	98649	98650
5028	98651	98652
5029	98653	98654
5030	98655	98656
5031	98657	98658
5032	98659	98660
5033	98661	98662
5034	98663	98664
5035	98665	98666
5036	98667	98668
5037	98669	98670
5038	98671	98672
5039	98673	98674
5040	98675	98676
5041	98677	98678
5042	98679	98680
5043	98681	98682
5044	98683	98684
5045	98685	98686
5046	98687	98688
5047	98689	98690
5048	98691	98692
5049	98693	98694
5050	98695	98696
5051	98697	98698
5052	98699	98700
5053	98701	98702
5054	98703	98704
5055	98705	98706
5056	98707	98708
5057	98709	98710
5058	98711	98712
5059	98713	98714
5060	98715	98716
5061	98717	98718
5062	98719	98720
5063	98721	98722
5064	98723	98724
5065	98725	98726
5066	98727	98728
5067	98729	98730
5068	98731	98732
5069	98733	98734
5070	98735	98736
5071	98737	98738
5072	98739	98740
5073	98741	98742
5074	98743	98744
5075	98745	98746
5076	98747	98748
5077	98749	98750
5078	98751	98752
5079	98753	98754
5080	98755	98756
5081	98757	98758
5082	98759	98760
5083	98761	98762
5084	98763	98764
5085	98765	98766
5086	98767	98768
5087	98769	98770
5088	98771	98772
5089	98773	98774
5090	98775	98776
5091	98777	98778
5092	98779	98780
5093	98781	98782
5094	98783	98784
5095	98785	98786
5096	98787	98788
5097	98789	98790
5098	98791	98792
5099	98793	98794
5100	98795	98796
5101	98797	98798
5102	98799	98800
5103	98801	98802
5104	98803	98804
5105	98805	98806
5106	98807	98808
5107	98809	98810
5108	98811	98812
5109	98813	98814
5110	98815	98816
5111	98817	98818
5112	98819	98820
5113	98821	98822
5114	98823	98824
5115	98825	98826
5116	98827	98828
5117	98829	98830
5118	98831	98832
5119	98833	98834
5120	98835	98836
5121	98837	98838
5122	98839	98840
5123	98841	98842
5124	98843	98844
5125	98845	98846
5126	98847	98848
5127	98849	98850
5128	98851	98852
5129	98853	98854
5130	98855	98856
5131	98857	98858
5132	98859	98860
5133	98861	98862
5134	98863	98864
5135	98865	98866
5136	98867	98868
5137	98869	98868
5138	98870	98868
5139	98871	98868
5140	98872	98873
5141	98874	98875
5142	98876	98877
5143	98878	98879
5144	98880	98881
5145	98882	98883
5146	98884	98885
5147	98886	98887
5148	98888	98889
5149	98890	98891
5150	98892	98893
5151	98894	98895
5152	98896	98897
5153	98898	98899
5154	98900	98901
5155	98902	98903
5156	98904	98905
5157	98906	98907
5158	98908	98909
5159	98910	98911
5160	98912	98913
5161	98914	98915
5162	98916	98917
5163	98918	98919
5164	98920	98921
5165	98922	98923
5166	98924	98925
5167	98926	98927
5168	98928	98929
5169	98930	98931
5170	98932	98933
5171	98934	98935
5172	98936	98937
5173	98938	98939
5174	98940	98941
5175	98942	98943
5176	98944	98945
5177	98946	98947
5178	98948	98949
5179	98950	98951
5180	98952	98953
5181	98954	98955
5182	98956	98957
5183	98958	98959
5184	98960	98961
5185	98962	98963
5186	98964	98965
5187	98966	98967
5188	98968	98969
5189	98970	98971
5190	98972	98973
5191	98974	98975
5192	98976	98977
5193	98978	98979
5194	98980	98981
5195	98982	98983
5196	98984	98985
5197	98986	98985
5198	98987	98988
5199	98989	98990
5200	98991	98992
5201	98993	98994
5202	98995	98996
5203	98997	98998
5204	98999	99000
5205	99001	99002
5206	99003	99004
5207	99005	99006
5208	99007	99008
5209	99009	99010
5210	99011	99012
5211	99013	99014
5212	99015	99016
5213	99017	99018
5214	99019	99020
5215	99021	99022
5216	99023	99024
5217	99025	99026
5218	99027	99028
5219	99029	99030
5220	99031	99032
5221	99033	99034
5222	99035	99036
5223	99037	99038
5224	99039	99040
5225	99041	99042
5226	99043	99044
5227	99045	99046
5228	99047	99048
5229	99049	99050
5230	99051	99052
5231	99053	99054
5232	99055	99056
5233	99057	99058
5234	99059	99060
5235	99061	99062
5236	99063	99064
5237	99065	99066
5238	99067	99068
5239	99069	99070
5240	99071	99072
5241	99073	99074
5242	99075	99076
5243	99077	99078
5244	99079	99080
5245	99081	99082
5246	99083	99084
5247	99085	99086
5248	99087	99088
5249	99089	99090
5250	99091	99092
5251	99093	99094
5252	99095	99096
5253	99097	99098
5254	99099	99100
5255	99101	99102
5256	99103	99104
5257	99105	99106
5258	99107	99108
5259	99109	99110
5260	99111	99112
5261	99113	99114
5262	99115	99116
5263	99117	99118
5264	99119	99120
5265	99121	99122
5266	99123	99124
5267	99125	99126
5268	99127	99128
5269	99129	99130
5270	99131	99132
5271	99133	99134
5272	99135	99136
5273	99137	99138
5274	99139	99140
5275	99141	99142
5276	99143	99144
5277	99145	99146
5278	99147	99148
5279	99149	99148
5280	99150	99151
5281	99152	99153
5282	99154	99155
5283	99156	99157
5284	99158	99159
5285	99160	99161
5286	99162	99163
5287	99164	99165
5288	99166	99167
5289	99168	99169
5290	99170	99171
5291	99172	99173
5292	99174	99175
5293	99176	99177
5294	99178	99179
5295	99180	99181
5296	99182	99183
5297	99184	99185
5298	99186	99187
5299	99188	99189
5300	99190	99191
5301	99192	99193
5302	99194	99195
5303	99196	99197
5304	99198	99199
5305	99200	99201
5306	99202	99203
5307	99204	99205
5308	99206	99207
5309	99208	99209
5310	99210	99211
5311	99212	99213
5312	99214	99215
5313	99216	99217
5314	99218	99219
5315	99220	99221
5316	99222	99223
5317	99224	99225
5318	99226	99227
5319	99228	99229
5320	99230	99231
5321	99232	99233
5322	99234	99235
5323	99236	99237
5324	99238	99239
5325	99240	99241
5326	99242	99243
5327	99244	99245
5328	99246	99247
5329	99248	99249
5330	99250	99251
5331	99252	99253
5332	99254	99255
5333	99256	99257
5334	99258	99259
5335	99260	99261
5336	99262	99263
5337	99264	99265
5338	99266	99267
5339	99268	99269
5340	99270	99271
5341	99272	99273
5342	99274	99275
5343	99276	99277
5344	99278	99279
5345	99280	99281
5346	99282	99283
5347	99284	99285
5348	99286	99287
5349	99288	99289
5350	99290	99291
5351	99292	99293
5352	99294	99295
5353	99296	99297
5354	99298	99299
5355	99300	99301
5356	99302	99303
5357	99304	99305
5358	99306	99307
5359	99308	99309
5360	99310	99311
5361	99312	99313
5362	99314	99315
5363	99316	99317
5364	99318	99319
5365	99320	99321
5366	99322	99323
5367	99324	99325
5368	99326	99327
5369	99328	99329
5370	99330	99331
5371	99332	99333
5372	99334	99335
5373	99336	99337
5374	99338	99339
5375	99340	99341
5376	99342	99343
5377	99344	99345
5378	99346	99347
5379	99348	99349
5380	99350	99351
5381	99352	99353
5382	99354	99355
5383	99356	99357
5384	99358	99359
5385	99360	99361
5386	99362	99363
5387	99364	99365
5388	99366	99367
5389	99368	99369
5390	99370	99371
5391	99372	99373
5392	99374	99375
5393	99376	99377
5394	99378	99379
5395	99380	99381
5396	99382	99383
5397	99384	99385
5398	99386	99387
5399	99388	99389
5400	99390	99391
5401	99392	99393
5402	99394	99395
5403	99396	99397
5404	99398	99399
5405	99400	99401
5406	99402	99403
5407	99404	99405
5408	99406	99407
5409	99408	99409
5410	99410	99411
5411	99412	99413
5412	99414	99415
5413	99416	99417
5414	99418	99419
5415	99420	99421
5416	99422	99423
5417	99424	99425
5418	99426	99425
5419	99427	99428
5420	99429	99430
5421	99431	99432
5422	99433	99434
5423	99435	99436
5424	99437	99438
5425	99439	99440
5426	99441	99442
5427	99443	99444
5428	99445	99446
5429	99447	99448
5430	99449	99450
5431	99451	99452
5432	99453	99454
5433	99455	99456
5434	99457	99458
5435	99459	99460
5436	99461	99462
5437	99463	99464
5438	99465	99466
5439	99467	99468
5440	99469	99470
5441	99471	99472
5442	99473	99474
5443	99475	99476
5444	99477	99478
5445	99479	99480
5446	99481	99482
5447	99483	99484
5448	99485	99486
5449	99487	99488
5450	99489	99490
5451	99491	99492
5452	99493	99494
5453	99495	99496
5454	99497	99498
5455	99499	99500
5456	99501	99502
5457	99503	99504
5458	99505	99506
5459	99507	99508
5460	99509	99510
5461	99511	99512
5462	99513	99514
5463	99515	99516
5464	99517	99518
5465	99519	99520
5466	99521	99522
5467	99523	99524
5468	99525	99526
5469	99527	99528
5470	99529	99530
5471	99531	99532
5472	99533	99534
5473	99535	99536
5474	99537	99538
5475	99539	99540
5476	99541	99542
5477	99543	99544
5478	99545	99546
5479	99547	99548
5480	99549	99550
5481	99551	99552
5482	99553	99554
5483	99555	99556
5484	99557	99558
5485	99559	99560
5486	99561	99562
5487	99563	99564
5488	99565	99566
5489	99567	99568
5490	99569	99570
5491	99571	99572
5492	99573	99574
5493	99575	99576
5494	99577	99578
5495	99579	99580
5496	99581	99582
5497	99583	99584
5498	99585	99584
5499	99586	99587
5500	99588	99589
5501	99590	99591
5502	99592	99593
5503	99594	99595
5504	99596	99597
5505	99598	99599
5506	99600	99601
5507	99602	99603
5508	99604	99605
5509	99606	99607
5510	99608	99609
5511	99610	99611
5512	99612	99613
5513	99614	99615
5514	99616	99617
5515	99618	99619
5516	99620	99621
5517	99622	99623
5518	99624	99625
5519	99626	99627
5520	99628	99629
5521	99630	99631
5522	99632	99633
5523	99634	99635
5524	99636	99637
5525	99638	99639
5526	99640	99641
5527	99642	99643
5528	99644	99645
5529	99646	99647
5530	99648	99649
5531	99650	99651
5532	99652	99653
5533	99654	99655
5534	99656	99657
5535	99658	99659
5536	99660	99661
5537	99662	99663
5538	99664	99665
5539	99666	99667
5540	99668	99669
5541	99670	99671
5542	99672	99673
5543	99674	99675
5544	99676	99677
5545	99678	99679
5546	99680	99681
5547	99682	99683
5548	99684	99685
5549	99686	99687
5550	99688	99689
5551	99690	99691
5552	99692	99693
5553	99694	99695
5554	99696	99697
5555	99698	99699
5556	99700	99701
5557	99702	99703
5558	99704	99705
5559	99706	99707
5560	99708	99709
5561	99710	99711
5562	99712	99713
5563	99714	99715
5564	99716	99717
5565	99718	99719
5566	99720	99721
5567	99722	99723
5568	99724	99725
5569	99726	99727
5570	99728	99729
5571	99730	99731
5572	99732	99733
5573	99734	99735
5574	99736	99737
5575	99738	99739
5576	99740	99741
5577	99742	99743
5578	99744	99745
5579	99746	99747
5580	99748	99749
5581	99750	99751
5582	99752	99753
5583	99754	99755
5584	99756	99757
5585	99758	99759
5586	99760	99761
5587	99762	99763
5588	99764	99765
5589	99766	99767
5590	99768	99769
5591	99770	99771
5592	99772	99773
5593	99774	99775
5594	99776	99777
5595	99778	99779
5596	99780	99781
5597	99782	99783
5598	99784	99785
5599	99786	99787
5600	99788	99789
5601	99790	99791
5602	99792	99793
5603	99794	99795
5604	99796	99797
5605	99798	99799
5606	99800	99801
5607	99802	99803
5608	99804	99805
5609	99806	99807
5610	99808	99809
5611	99810	99811
5612	99812	99813
5613	99814	99815
5614	99816	99817
5615	99818	99819
5616	99820	99821
5617	99822	99823
5618	99824	99825
5619	99826	99827
5620	99828	99829
5621	99830	99831
5622	99832	99833
5623	99834	99835
5624	99836	99837
5625	99838	99839
5626	99840	99841
5627	99842	99843
5628	99844	99845
5629	99846	99847
5630	99848	99849
5631	99850	99851
5632	99852	99853
5633	99854	99855
5634	99856	99857
5635	99858	99859
5636	99860	99861
5637	99862	99863
5638	99864	99865
5639	99866	99867

 