23	3938	
id	name	type	category	civ	career	sex	level	colorlevel	prequest	prerequisite	mutexaccept	mutexcomplete	share	abandon	repeatcount	reset	accept	reward1	reward2	reward3	reward4	rewardex
int	text	int	text	int	int	int	int	int	string	lambda	string	string	int	int	int	int	lambda	lambda	lambda	lambda	lambda	lambda
1000	STR_QUEST_NAME_Q1000	5	STR_QUEST_ZONE01	1	4095	0	1	1	0	0	0	0	0	0	1	0	0	100911	0	0	0	0
1001	STR_QUEST_NAME_Q1001	0	STR_QUEST_ZONE01	1	4095	0	1	3	0	0	0	0	0	0	1	0	0	100912	0	0	0	0
1002	STR_QUEST_NAME_Q1002	0	STR_QUEST_ZONE01	1	4095	0	1	5	0	0	0	0	0	0	1	0	0	100913	0	0	0	0
1003	STR_QUEST_NAME_Q1003	0	STR_QUEST_ZONE01	1	4095	0	3	7	0	0	0	0	0	0	1	0	0	100914	0	0	0	0
1004	STR_QUEST_NAME_Q1004	0	STR_QUEST_ZONE01	1	4095	0	4	8	0	0	0	0	0	0	1	0	0	100915	0	0	0	0
1005	STR_QUEST_NAME_Q1005	0	STR_QUEST_ZONE01	1	4095	0	4	9	100916	0	0	0	0	0	1	0	0	100917	0	0	0	0
1006	STR_QUEST_NAME_Q1006	0	STR_QUEST_ZONE21	1	4095	0	9	9	0	0	0	0	0	0	1	0	100918	100919	0	0	0	0
1007	STR_QUEST_NAME_Q1007	0	STR_QUEST_ZONE21	1	4095	0	10	10	0	0	0	0	0	0	1	0	100918	100920	100921	100922	100923	0
1011	STR_QUEST_NAME_Q1011	0	STR_QUEST_ZONE02	1	4095	0	10	11	0	0	0	0	0	0	1	0	0	100924	100925	100925	100925	0
1012	STR_QUEST_NAME_Q1012	0	STR_QUEST_ZONE02	1	4095	0	10	12	0	0	0	0	0	0	1	0	0	100926	0	0	0	0
1013	STR_QUEST_NAME_Q1013	0	STR_QUEST_ZONE02	1	4095	0	10	13	0	0	0	0	0	0	1	0	0	100927	0	0	0	0
1014	STR_QUEST_NAME_Q1014	0	STR_QUEST_ZONE02	1	4095	0	10	14	0	0	0	0	0	0	1	0	0	100928	0	0	0	0
1015	STR_QUEST_NAME_Q1015	0	STR_QUEST_ZONE02	1	4095	0	10	15	0	0	0	0	0	0	1	0	0	100929	0	0	0	0
1016	STR_QUEST_NAME_Q1016	0	STR_QUEST_ZONE02	1	4095	0	12	17	0	0	0	0	0	0	1	0	0	100930	0	0	0	0
1017	STR_QUEST_NAME_Q1017	0	STR_QUEST_ZONE02	1	4095	0	13	18	0	0	0	0	0	0	1	0	0	100931	0	0	0	0
1018	STR_QUEST_NAME_Q1018	0	STR_QUEST_ZONE02	1	4095	0	13	18	0	0	0	0	0	0	1	0	0	100932	0	0	0	0
1019	STR_QUEST_NAME_Q1019	0	STR_QUEST_ZONE02	1	4095	0	14	19	0	0	0	0	0	0	1	0	0	100933	0	0	0	0
1020	STR_QUEST_NAME_Q1020	0	STR_QUEST_ZONE02	1	4095	0	15	21	100934	0	0	0	0	0	1	0	0	100935	0	0	0	0
1021	STR_QUEST_NAME_Q1021	0	STR_QUEST_ZONE02	1	4095	0	11	16	70794	0	0	0	0	0	1	0	0	100936	0	0	0	0
1022	STR_QUEST_NAME_Q1022	0	STR_QUEST_ZONE02	1	4095	0	14	19	70796	0	0	0	0	0	1	0	0	100937	0	0	0	0
1023	STR_QUEST_NAME_Q1023	0	STR_QUEST_ZONE02	1	4095	0	15	20	70793	0	0	0	0	0	1	0	0	100938	0	0	0	0
1031	STR_QUEST_NAME_Q1031	0	STR_QUEST_ZONE03	1	4095	0	19	21	0	0	0	0	0	0	1	0	0	100939	0	0	0	0
1032	STR_QUEST_NAME_Q1032	0	STR_QUEST_ZONE03	1	4095	0	19	23	0	0	0	0	0	0	1	0	0	100940	0	0	0	0
1033	STR_QUEST_NAME_Q1033	0	STR_QUEST_ZONE03	1	4095	0	20	25	0	0	0	0	0	0	1	0	0	100941	100942	0	0	0
1034	STR_QUEST_NAME_Q1034	0	STR_QUEST_ZONE03	1	4095	0	21	26	0	0	0	0	0	0	1	0	0	100943	0	0	0	0
1035	STR_QUEST_NAME_Q1035	0	STR_QUEST_ZONE03	1	4095	0	26	31	0	0	0	0	0	0	1	0	0	100944	0	0	0	0
1036	STR_QUEST_NAME_Q1036	0	STR_QUEST_ZONE03	1	4095	0	24	29	0	0	0	0	0	0	1	0	0	100945	0	0	0	0
1037	STR_QUEST_NAME_Q1037	0	STR_QUEST_ZONE03	1	4095	0	25	30	0	0	0	0	0	0	1	0	0	100946	0	0	0	0
1038	STR_QUEST_NAME_Q1038	0	STR_QUEST_ZONE03	1	4095	0	29	34	0	0	0	0	0	0	1	0	0	100947	0	0	0	0
1039	STR_QUEST_NAME_Q1039	0	STR_QUEST_ZONE03	1	4095	0	29	34	100948	0	0	0	0	0	1	0	0	100949	0	0	0	0
1040	STR_QUEST_NAME_Q1040	0	STR_QUEST_ZONE03	1	4095	0	31	36	70820	0	0	0	0	0	1	0	0	100950	0	0	0	0
1041	STR_QUEST_NAME_Q1041	0	STR_QUEST_ZONE03	1	4095	0	33	38	70815	0	0	0	0	0	1	0	0	100951	0	0	0	0
1042	STR_QUEST_NAME_Q1042	0	STR_QUEST_ZONE03	1	4095	0	35	40	70814	0	0	0	0	0	1	0	0	100952	0	0	0	0
1043	STR_QUEST_NAME_Q1043	0	STR_QUEST_ZONE03	1	4095	0	35	41	100953	0	0	0	0	0	1	0	0	100954	100955	100955	100955	0
1044	STR_QUEST_NAME_Q1044	0	STR_QUEST_ZONE22	1	4095	0	25	25	100956	0	0	0	0	0	1	0	100918	100957	100958	100958	100958	0
1051	STR_QUEST_NAME_Q1051	0	STR_QUEST_ZONE04	1	4095	0	30	32	0	0	0	0	0	0	1	0	0	100959	0	0	0	0
1052	STR_QUEST_NAME_Q1052	0	STR_QUEST_ZONE04	1	4095	0	30	34	0	0	0	0	0	0	1	0	0	100960	0	0	0	0
1053	STR_QUEST_NAME_Q1053	0	STR_QUEST_ZONE04	1	4095	0	33	38	0	0	0	0	0	0	1	0	0	100961	0	0	0	0
1054	STR_QUEST_NAME_Q1054	0	STR_QUEST_ZONE04	1	4095	0	31	36	100962	0	0	0	0	0	1	0	0	100963	0	0	0	0
1055	STR_QUEST_NAME_Q1055	0	STR_QUEST_ZONE04	1	4095	0	34	39	0	0	0	0	0	0	1	0	0	100964	0	0	0	0
1056	STR_QUEST_NAME_Q1056	0	STR_QUEST_ZONE04	1	4095	0	35	40	100965	0	0	0	0	0	1	0	0	100966	0	0	0	0
1057	STR_QUEST_NAME_Q1057	0	STR_QUEST_ZONE04	1	4095	0	37	42	70834	0	0	0	0	0	1	0	0	100967	0	0	0	0
1058	STR_QUEST_NAME_Q1058	0	STR_QUEST_ZONE04	1	4095	0	38	43	70820	0	0	0	0	0	1	0	0	100968	0	0	0	0
1059	STR_QUEST_NAME_Q1059	0	STR_QUEST_ZONE04	1	4095	0	36	41	0	0	0	0	0	0	1	0	0	100969	0	0	0	0
1062	STR_QUEST_NAME_Q1062	0	STR_QUEST_ZONE04	1	4095	0	41	46	0	0	0	0	0	0	1	0	0	100970	0	0	0	0
1063	STR_QUEST_NAME_Q1063	0	STR_QUEST_ZONE04	1	4095	0	41	48	100971	0	0	0	0	0	1	0	0	100972	0	0	0	0
1071	STR_QUEST_NAME_Q1071	0	STR_QUEST_ZONE09	1	4095	0	25	30	0	0	0	0	0	0	1	0	0	100973	0	0	0	0
1072	STR_QUEST_NAME_Q1072	0	STR_QUEST_ZONE09	1	4095	0	25	25	0	0	0	0	0	0	1	0	0	100974	0	0	0	0
1073	STR_QUEST_NAME_Q1073	0	STR_QUEST_ZONE09	1	4095	0	25	27	0	0	0	0	0	0	1	0	0	100975	0	0	0	0
1074	STR_QUEST_NAME_Q1074	0	STR_QUEST_ZONE09	1	4095	0	26	31	0	0	0	0	0	0	1	0	0	100976	0	0	0	0
1075	STR_QUEST_NAME_Q1075	0	STR_QUEST_ZONE09	1	4095	0	32	37	70853	0	0	0	0	0	1	0	0	100977	0	0	0	0
1076	STR_QUEST_NAME_Q1076	0	STR_QUEST_ZONE09	1	4095	0	35	40	100978	0	0	0	0	0	1	0	0	100979	0	0	0	0
1077	STR_QUEST_NAME_Q1077	0	STR_QUEST_ZONE09	1	4095	0	35	45	100980	0	0	0	0	0	1	0	0	100981	0	0	0	0
1091	STR_QUEST_NAME_Q1091	0	STR_QUEST_ZONE25	1	4095	0	45	45	0	0	0	0	0	0	1	0	100918	100982	0	0	0	0
1092	STR_QUEST_NAME_Q1092	0	STR_QUEST_ZONE25	1	4095	0	45	46	0	0	0	0	0	0	1	0	0	100983	0	0	0	0
1093	STR_QUEST_NAME_Q1093	0	STR_QUEST_ZONE25	1	4095	0	46	48	70866	0	0	0	0	0	1	0	0	100984	0	0	0	0
1094	STR_QUEST_NAME_Q1094	0	STR_QUEST_ZONE25	1	4095	0	46	50	100985	0	0	0	0	0	1	0	0	100986	0	0	0	0
1096	STR_QUEST_NAME_Q1096	0	STR_QUEST_ZONE32	1	4095	0	50	50	100987	0	0	0	0	0	1	0	100918	100988	0	0	0	0
1097	STR_QUEST_NAME_Q1097	0	STR_QUEST_ZONE32	1	4095	0	50	50	70869	0	0	0	0	0	1	0	100918	100989	0	0	0	0
1098	STR_QUEST_NAME_Q1098	0	STR_QUEST_ZONE32	1	4095	0	50	50	70870	0	0	0	0	0	1	0	100918	100989	0	0	0	0
1099	STR_QUEST_NAME_Q1099	0	STR_QUEST_ZONE32	1	4095	0	50	50	100990	0	0	0	0	0	1	0	100918	100991	100991	0	0	0
1100	STR_QUEST_NAME_Q1100	0	STR_QUEST_ZONE01	1	4095	0	1	1	0	0	0	0	0	0	1	0	100992	100993	0	0	0	0
1101	STR_QUEST_NAME_Q1101	5	STR_QUEST_ZONE01	1	4095	0	1	1	0	0	0	0	1	1	1	0	100994	100995	0	0	0	0
1102	STR_QUEST_NAME_Q1102	5	STR_QUEST_ZONE01	1	4095	0	1	1	70883	0	0	0	0	1	1	0	100996	100997	0	0	0	0
1103	STR_QUEST_NAME_Q1103	5	STR_QUEST_ZONE01	1	4095	0	1	2	70885	0	0	0	0	1	1	0	100996	100998	0	0	0	0
1104	STR_QUEST_NAME_Q1104	5	STR_QUEST_ZONE01	1	4095	0	1	2	70886	0	0	0	0	1	1	0	100996	100999	0	0	0	0
1105	STR_QUEST_NAME_Q1105	5	STR_QUEST_ZONE01	1	4095	0	1	2	0	0	0	0	1	1	1	0	101000	101001	0	0	0	0
1106	STR_QUEST_NAME_Q1106	5	STR_QUEST_ZONE01	1	4095	0	1	3	70881	0	0	0	0	1	1	0	101000	101002	0	0	0	0
1107	STR_QUEST_NAME_Q1107	5	STR_QUEST_ZONE01	1	4095	0	3	3	0	0	0	0	0	1	1	0	101003	101004	0	0	0	0
1108	STR_QUEST_NAME_Q1108	5	STR_QUEST_ZONE01	1	4095	0	2	3	0	0	0	0	1	1	1	0	101005	101006	0	0	0	0
1109	STR_QUEST_NAME_Q1109	5	STR_QUEST_ZONE01	1	4095	0	3	3	0	0	0	0	1	1	1	0	101007	101008	0	0	0	0
1110	STR_QUEST_NAME_Q1110	5	STR_QUEST_ZONE01	1	4095	0	4	4	0	0	0	0	0	1	1	0	101009	101010	0	0	0	0
1111	STR_QUEST_NAME_Q1111	5	STR_QUEST_ZONE01	1	4095	0	3	4	0	0	0	0	1	1	1	0	101011	101012	101013	0	0	0
1112	STR_QUEST_NAME_Q1112	5	STR_QUEST_ZONE01	1	4095	0	3	4	0	0	0	0	1	1	1	0	101014	101015	0	0	0	0
1113	STR_QUEST_NAME_Q1113	5	STR_QUEST_ZONE01	1	4095	0	4	4	0	0	0	0	1	1	1	0	101016	101017	0	0	0	0
1114	STR_QUEST_NAME_Q1114	5	STR_QUEST_ZONE01	1	4095	0	4	5	0	0	0	0	0	1	1	0	101018	101019	101020	0	0	0
1115	STR_QUEST_NAME_Q1115	5	STR_QUEST_ZONE01	1	4095	0	4	5	0	0	0	0	1	1	1	0	101011	101021	0	0	0	0
1116	STR_QUEST_NAME_Q1116	5	STR_QUEST_ZONE01	1	4095	0	5	6	0	0	0	0	1	1	1	0	101022	101023	0	0	0	0
1117	STR_QUEST_NAME_Q1117	5	STR_QUEST_ZONE01	1	4095	0	5	6	0	0	0	0	1	1	1	0	101024	101025	0	0	0	0
1118	STR_QUEST_NAME_Q1118	5	STR_QUEST_ZONE01	1	4095	0	6	6	0	0	0	0	0	1	1	0	101026	101027	0	0	0	0
1119	STR_QUEST_NAME_Q1119	5	STR_QUEST_ZONE01	1	4095	0	6	6	0	0	0	0	0	1	1	0	101011	101028	0	0	0	0
1120	STR_QUEST_NAME_Q1120	5	STR_QUEST_ZONE01	1	4095	0	6	6	0	0	0	0	1	1	1	0	101029	101030	0	0	0	0
1121	STR_QUEST_NAME_Q1121	5	STR_QUEST_ZONE01	1	4095	0	6	7	0	0	0	0	1	1	1	0	101031	101032	0	0	0	0
1122	STR_QUEST_NAME_Q1122	5	STR_QUEST_ZONE01	1	4095	0	7	7	70897	0	0	0	0	1	1	0	101022	101033	101034	101035	0	0
1123	STR_QUEST_NAME_Q1123	5	STR_QUEST_ZONE01	1	4095	0	7	7	0	0	0	0	1	1	1	0	101036	101037	0	0	0	0
1124	STR_QUEST_NAME_Q1124	5	STR_QUEST_ZONE01	1	4095	0	7	7	70896	0	0	0	0	1	1	0	101036	101038	0	0	0	0
1125	STR_QUEST_NAME_Q1125	5	STR_QUEST_ZONE01	1	4095	0	7	8	0	0	0	0	1	1	1	0	101039	101040	0	0	0	0
1126	STR_QUEST_NAME_Q1126	5	STR_QUEST_ZONE01	1	4095	0	7	8	0	0	0	0	1	1	1	0	101041	101042	0	0	0	0
1127	STR_QUEST_NAME_Q1127	5	STR_QUEST_ZONE01	1	4095	0	6	7	0	0	0	0	0	1	1	0	101043	101044	0	0	0	0
1129	STR_QUEST_NAME_Q1129	5	STR_QUEST_ZONE01	1	4095	0	8	9	0	0	0	0	1	1	1	0	101039	101045	0	0	0	0
1130	STR_QUEST_NAME_Q1130	0	STR_QUEST_ZONE02	1	4095	0	10	10	0	0	0	0	0	0	1	0	101046	101047	0	0	0	0
1131	STR_QUEST_NAME_Q1131	5	STR_QUEST_ZONE02	1	4095	0	10	10	0	0	0	0	0	1	1	0	101048	101049	0	0	0	0
1132	STR_QUEST_NAME_Q1132	5	STR_QUEST_ZONE02	1	4095	0	10	10	70912	0	0	0	0	1	1	0	101050	101051	0	0	0	0
1133	STR_QUEST_NAME_Q1133	5	STR_QUEST_ZONE02	1	4095	0	10	10	0	0	0	0	1	1	1	0	101052	101053	0	0	0	0
1134	STR_QUEST_NAME_Q1134	5	STR_QUEST_ZONE02	1	4095	0	10	10	0	0	0	0	1	1	1	0	101054	101055	0	0	0	0
1135	STR_QUEST_NAME_Q1135	5	STR_QUEST_ZONE02	1	4095	0	10	10	0	0	0	0	1	1	1	0	101056	101057	0	0	0	0
1136	STR_QUEST_NAME_Q1136	5	STR_QUEST_ZONE02	1	4095	0	10	11	0	0	0	0	1	1	1	0	101058	101059	0	0	0	0
1137	STR_QUEST_NAME_Q1137	5	STR_QUEST_ZONE02	1	4095	0	10	11	0	0	0	0	0	1	1	0	101060	101061	0	0	0	0
1138	STR_QUEST_NAME_Q1138	5	STR_QUEST_ZONE02	1	4095	0	11	11	0	0	0	0	1	1	1	0	101062	101063	0	0	0	0
1139	STR_QUEST_NAME_Q1139	5	STR_QUEST_ZONE02	1	4095	0	11	12	0	0	0	0	1	1	1	0	101064	101065	0	0	0	0
1140	STR_QUEST_NAME_Q1140	5	STR_QUEST_ZONE02	1	4095	0	11	11	0	0	0	0	1	1	1	0	101066	101067	0	0	0	0
1141	STR_QUEST_NAME_Q1141	5	STR_QUEST_ZONE02	1	4095	0	11	12	70924	0	0	0	0	1	1	0	101068	101069	0	0	0	0
1142	STR_QUEST_NAME_Q1142	5	STR_QUEST_ZONE02	1	4095	0	13	13	0	0	0	0	0	1	1	0	101070	101071	0	0	0	0
1143	STR_QUEST_NAME_Q1143	5	STR_QUEST_ZONE02	1	4095	0	11	12	0	0	0	0	1	1	1	0	101068	101072	0	0	0	0
1144	STR_QUEST_NAME_Q1144	5	STR_QUEST_ZONE02	1	4095	0	11	12	0	0	0	0	1	1	1	0	101068	101073	0	0	0	0
1145	STR_QUEST_NAME_Q1145	5	STR_QUEST_ZONE02	1	4095	0	11	11	0	0	0	0	1	1	1	0	101064	101074	0	0	0	0
1146	STR_QUEST_NAME_Q1146	5	STR_QUEST_ZONE02	1	4095	0	12	12	0	0	0	0	0	1	1	0	101066	101075	0	0	0	0
1147	STR_QUEST_NAME_Q1147	5	STR_QUEST_ZONE02	1	4095	0	12	13	0	0	0	0	0	1	1	0	101052	101076	0	0	0	0
1148	STR_QUEST_NAME_Q1148	5	STR_QUEST_ZONE02	1	4095	0	12	13	0	0	0	0	1	1	1	0	101077	101078	0	0	0	0
1149	STR_QUEST_NAME_Q1149	5	STR_QUEST_ZONE02	1	4095	0	14	15	0	0	0	0	0	1	1	0	101079	101080	0	0	0	0
1150	STR_QUEST_NAME_Q1150	5	STR_QUEST_ZONE02	1	4095	0	11	11	0	0	0	0	0	1	1	0	101081	101082	0	0	0	0
1151	STR_QUEST_NAME_Q1151	5	STR_QUEST_ZONE02	1	4095	0	11	12	70931	0	0	0	0	1	1	0	101083	101084	0	0	0	0
1152	STR_QUEST_NAME_Q1152	5	STR_QUEST_ZONE02	1	4095	0	12	12	0	0	0	0	0	1	1	0	101085	101086	0	0	0	0
1153	STR_QUEST_NAME_Q1153	5	STR_QUEST_ZONE02	1	4095	0	12	13	70933	0	0	0	0	1	1	0	101087	101088	0	0	0	0
1154	STR_QUEST_NAME_Q1154	5	STR_QUEST_ZONE02	1	4095	0	13	15	0	0	0	0	1	1	1	0	101089	101090	0	0	0	0
1155	STR_QUEST_NAME_Q1155	5	STR_QUEST_ZONE02	1	4095	0	13	14	70927	0	0	0	0	1	1	0	101091	101092	0	0	0	0
1156	STR_QUEST_NAME_Q1156	5	STR_QUEST_ZONE02	1	4095	0	14	14	0	0	0	0	1	1	1	0	101093	101094	0	0	0	0
1157	STR_QUEST_NAME_Q1157	5	STR_QUEST_ZONE02	1	4095	0	14	14	70936	0	0	0	0	1	1	0	101095	101096	0	0	0	0
1158	STR_QUEST_NAME_Q1158	5	STR_QUEST_ZONE02	1	4095	0	14	14	70941	0	0	0	0	1	1	0	101095	101097	0	0	0	0
1159	STR_QUEST_NAME_Q1159	5	STR_QUEST_ZONE02	1	4095	0	13	15	0	0	0	0	1	1	1	0	101098	101099	0	0	0	0
1160	STR_QUEST_NAME_Q1160	5	STR_QUEST_ZONE02	1	4095	0	14	14	0	0	0	0	1	1	1	0	101100	101101	0	0	0	0
1161	STR_QUEST_NAME_Q1161	5	STR_QUEST_ZONE02	1	4095	0	10	10	0	0	0	0	1	1	0	0	101102	101103	0	0	0	0
1162	STR_QUEST_NAME_Q1162	5	STR_QUEST_ZONE02	1	4095	0	15	16	0	0	0	0	0	1	1	0	101104	101105	101106	0	0	0
1163	STR_QUEST_NAME_Q1163	5	STR_QUEST_ZONE02	1	4095	0	15	16	70798	0	0	0	0	1	1	0	101052	101107	0	0	0	0
1164	STR_QUEST_NAME_Q1164	5	STR_QUEST_ZONE02	1	4095	0	13	14	0	0	0	0	0	1	1	0	101108	101109	0	0	0	0
1165	STR_QUEST_NAME_Q1165	5	STR_QUEST_ZONE02	1	4095	0	14	16	0	0	0	0	0	1	1	0	101110	101111	0	0	0	0
1166	STR_QUEST_NAME_Q1166	5	STR_QUEST_ZONE02	1	4095	0	14	15	0	0	0	0	1	1	1	0	101112	101113	0	0	0	0
1167	STR_QUEST_NAME_Q1167	5	STR_QUEST_ZONE02	1	4095	0	15	15	0	0	0	0	1	1	1	0	101114	101115	0	0	0	0
1168	STR_QUEST_NAME_Q1168	5	STR_QUEST_ZONE02	1	4095	0	14	15	0	0	0	0	1	1	1	0	101116	101117	0	0	0	0
1169	STR_QUEST_NAME_Q1169	5	STR_QUEST_ZONE02	1	4095	0	14	15	70952	0	0	0	0	1	1	0	101091	101118	0	0	0	0
1170	STR_QUEST_NAME_Q1170	5	STR_QUEST_ZONE02	1	4095	0	15	15	0	0	0	0	0	1	1	0	101119	101120	0	0	0	0
1171	STR_QUEST_NAME_Q1171	5	STR_QUEST_ZONE02	1	4095	0	14	15	0	0	0	0	0	1	1	0	101121	101122	0	0	0	0
1172	STR_QUEST_NAME_Q1172	5	STR_QUEST_ZONE02	1	4095	0	16	17	0	0	0	0	1	1	1	0	101062	101123	0	0	0	0
1173	STR_QUEST_NAME_Q1173	5	STR_QUEST_ZONE02	1	4095	0	16	16	0	0	0	0	1	1	1	0	101124	101125	0	0	0	0
1174	STR_QUEST_NAME_Q1174	5	STR_QUEST_ZONE02	1	4095	0	15	16	0	0	0	0	1	1	1	0	101124	101126	0	0	0	0
1175	STR_QUEST_NAME_Q1175	5	STR_QUEST_ZONE02	1	4095	0	16	17	0	0	0	0	1	1	1	0	101127	101128	0	0	0	0
1176	STR_QUEST_NAME_Q1176	5	STR_QUEST_ZONE02	1	4095	0	16	17	0	0	0	0	1	1	1	0	101129	101130	0	0	0	0
1177	STR_QUEST_NAME_Q1177	5	STR_QUEST_ZONE02	1	4095	0	16	17	0	0	0	0	1	1	1	0	101127	101131	0	0	0	0
1178	STR_QUEST_NAME_Q1178	5	STR_QUEST_ZONE02	1	4095	0	16	17	0	0	0	0	1	1	1	0	101124	101132	0	0	0	0
1179	STR_QUEST_NAME_Q1179	5	STR_QUEST_ZONE02	1	4095	0	16	17	0	0	0	0	1	1	1	0	101129	101133	0	0	0	0
1180	STR_QUEST_NAME_Q1180	5	STR_QUEST_ZONE02	1	4095	0	16	18	0	0	0	0	0	1	1	0	101134	101135	0	0	0	0
1181	STR_QUEST_NAME_Q1181	5	STR_QUEST_ZONE02	1	4095	0	16	18	0	0	0	0	1	1	1	0	101136	101137	0	0	0	0
1182	STR_QUEST_NAME_Q1182	5	STR_QUEST_ZONE02	1	4095	0	17	18	0	0	0	0	0	1	1	0	101138	101139	0	0	0	0
1183	STR_QUEST_NAME_Q1183	5	STR_QUEST_ZONE02	1	4095	0	17	18	0	0	0	0	1	1	1	0	101140	101141	0	0	0	0
1184	STR_QUEST_NAME_Q1184	5	STR_QUEST_ZONE02	1	4095	0	17	18	0	0	0	0	0	1	1	0	101142	101143	0	0	0	0
1185	STR_QUEST_NAME_Q1185	5	STR_QUEST_ZONE02	1	4095	0	17	18	0	0	0	0	1	1	1	0	101144	101145	0	0	0	0
1186	STR_QUEST_NAME_Q1186	5	STR_QUEST_ZONE02	1	4095	0	17	18	0	0	0	0	1	1	1	0	101140	101146	0	0	0	0
1187	STR_QUEST_NAME_Q1187	5	STR_QUEST_ZONE02	1	4095	0	10	10	0	0	0	0	1	1	0	0	101102	101147	0	0	0	0
1188	STR_QUEST_NAME_Q1188	5	STR_QUEST_ZONE02	1	4095	0	17	19	0	0	0	0	1	1	1	0	101148	101149	0	0	0	0
1189	STR_QUEST_NAME_Q1189	5	STR_QUEST_ZONE02	1	4095	0	17	18	0	0	0	0	1	1	1	0	101150	101151	0	0	0	0
1190	STR_QUEST_NAME_Q1190	5	STR_QUEST_ZONE02	1	4095	0	17	19	0	0	0	0	1	1	1	0	101152	101153	0	0	0	0
1191	STR_QUEST_NAME_Q1191	5	STR_QUEST_ZONE02	1	4095	0	17	19	0	0	0	0	0	1	1	0	101154	101155	0	0	0	0
1192	STR_QUEST_NAME_Q1192	5	STR_QUEST_ZONE02	1	4095	0	18	19	0	0	0	0	0	1	1	0	101156	101157	0	0	0	0
1193	STR_QUEST_NAME_Q1193	5	STR_QUEST_ZONE02	1	4095	0	18	19	70972	0	0	0	0	1	1	0	101156	101158	0	0	0	0
1194	STR_QUEST_NAME_Q1194	5	STR_QUEST_ZONE02	1	4095	0	18	19	70977	0	0	0	0	1	1	0	101156	101159	0	0	0	0
1195	STR_QUEST_NAME_Q1195	5	STR_QUEST_ZONE02	1	4095	0	99	20	70975	0	0	0	0	1	1	0	101156	0	0	0	0	0
1196	STR_QUEST_NAME_Q1196	5	STR_QUEST_ZONE02	1	4095	0	16	18	0	0	0	0	1	1	0	1	101160	101161	0	0	0	0
1197	STR_QUEST_NAME_Q1197	5	STR_QUEST_ZONE02	1	4095	0	14	14	0	0	0	0	0	1	1	0	101162	101163	0	0	0	0
1198	STR_QUEST_NAME_Q1198	5	STR_QUEST_ZONE02	1	4095	0	12	12	0	0	0	0	0	1	1	0	101164	101165	0	0	0	0
1199	STR_QUEST_NAME_Q1199	5	STR_QUEST_ZONE02	1	4095	0	15	15	0	0	0	0	0	1	1	0	101166	101167	0	0	0	0
1200	STR_QUEST_NAME_Q1200	5	STR_QUEST_ZONE02	1	4095	0	15	17	70981	0	0	0	0	1	1	0	101168	101169	0	0	0	0
1201	STR_QUEST_NAME_Q1201	5	STR_QUEST_ZONE02	1	4095	0	10	10	70916	0	0	0	0	1	100	0	101056	101170	0	0	0	0
1202	STR_QUEST_NAME_Q1202	5	STR_QUEST_ZONE02	1	4095	0	16	17	70967	0	0	0	0	1	100	0	101136	101171	0	0	0	0
1203	STR_QUEST_NAME_Q1203	5	STR_QUEST_ZONE02	1	4095	0	17	18	70965	0	0	0	0	1	100	0	101140	101172	0	0	0	0
1204	STR_QUEST_NAME_Q1204	5	STR_QUEST_ZONE02	1	4095	0	17	18	70957	0	0	0	0	1	100	0	101150	101173	0	0	0	0
1205	STR_QUEST_NAME_Q1205	5	STR_QUEST_ZONE01	1	4095	0	3	3	0	0	0	0	0	0	1	0	100918	101174	101174	101174	101174	0
1206	STR_QUEST_NAME_Q1206	5	STR_QUEST_ZONE01	1	4095	0	2	2	0	0	0	0	1	1	1	0	101026	101175	0	0	0	0
1207	STR_QUEST_NAME_Q1207	5	STR_QUEST_ZONE01	1	4095	0	7	8	0	0	0	0	1	1	1	0	101029	101176	0	0	0	0
1208	STR_QUEST_NAME_Q1208	5	STR_QUEST_ZONE02	1	4095	0	13	14	0	0	0	0	1	1	1	0	101177	101178	0	0	0	0
1210	STR_QUEST_NAME_Q1210	5	STR_QUEST_ZONE02	1	4095	0	16	17	0	0	0	0	1	1	1	0	101134	101179	0	0	0	0
1213	STR_QUEST_NAME_Q1213	5	STR_QUEST_ZONE02	1	4095	0	15	16	0	0	0	0	1	1	1	0	101180	101181	0	0	0	0
1214	STR_QUEST_NAME_Q1214	5	STR_QUEST_ZONE02	1	4095	0	15	17	0	0	0	0	1	1	1	0	101180	101182	0	0	0	0
1215	STR_QUEST_NAME_Q1215	5	STR_QUEST_ZONE02	1	4095	0	17	18	0	0	0	0	1	1	1	0	101183	101184	0	0	0	0
1216	STR_QUEST_NAME_Q1216	5	STR_QUEST_ZONE02	1	4095	0	17	19	0	0	0	0	1	1	1	0	101185	101186	0	0	0	0
1217	STR_QUEST_NAME_Q1217	5	STR_QUEST_ZONE02	1	4095	0	17	19	0	0	0	0	1	1	1	0	101187	101188	0	0	0	0
1218	STR_QUEST_NAME_Q1218	5	STR_QUEST_ZONE02	1	4095	0	19	19	0	0	0	0	0	1	1	0	101189	101190	0	0	0	0
1219	STR_QUEST_NAME_Q1219	5	STR_QUEST_ZONE02	1	4095	0	19	20	70997	0	0	0	0	1	1	0	101183	101191	0	0	0	0
1220	STR_QUEST_NAME_Q1220	5	STR_QUEST_ZONE02	1	4095	0	19	20	71000	0	0	0	0	1	1	0	101183	101192	0	0	0	0
1221	STR_QUEST_NAME_Q1221	5	STR_QUEST_ZONE02	1	4095	0	13	18	0	0	0	0	0	1	5	0	101048	101193	0	0	0	0
1222	STR_QUEST_NAME_Q1222	5	STR_QUEST_ZONE02	1	4095	0	10	10	0	0	0	0	1	1	0	0	101102	101194	0	0	0	0
1223	STR_QUEST_NAME_Q1223	5	STR_QUEST_ZONE02	1	4095	0	10	10	0	0	0	0	1	1	0	0	101102	101195	0	0	0	0
1224	STR_QUEST_NAME_Q1224	2	STR_QUEST_ZONE02	1	4095	0	16	16	0	0	0	0	1	1	1	0	101062	101196	0	0	0	0
1225	STR_QUEST_NAME_Q1225	2	STR_QUEST_ZONE02	1	4095	0	16	16	71008	0	0	0	0	1	1	0	101160	101197	0	0	0	0
1300	STR_QUEST_NAME_Q1300	0	STR_QUEST_ZONE03	1	4095	0	19	20	0	0	0	0	0	0	1	0	100918	101198	0	0	0	0
1301	STR_QUEST_NAME_Q1301	5	STR_QUEST_ZONE03	1	4095	0	19	20	0	0	0	0	1	1	1	0	101199	101200	0	0	0	0
1302	STR_QUEST_NAME_Q1302	5	STR_QUEST_ZONE03	1	4095	0	19	20	0	0	0	0	1	1	1	0	101201	101202	0	0	0	0
1303	STR_QUEST_NAME_Q1303	5	STR_QUEST_ZONE03	1	4095	0	19	20	0	0	0	0	1	1	1	0	101203	101204	0	0	0	0
1304	STR_QUEST_NAME_Q1304	5	STR_QUEST_ZONE03	1	4095	0	19	20	71113	0	0	0	0	1	1	0	101203	101205	0	0	0	0
1305	STR_QUEST_NAME_Q1305	5	STR_QUEST_ZONE03	1	4095	0	20	21	101206	0	0	0	0	1	10	0	101207	101208	0	0	0	101209
1306	STR_QUEST_NAME_Q1306	5	STR_QUEST_ZONE03	1	4095	0	20	21	101210	0	0	0	0	1	10	0	101207	101211	0	0	0	101212
1307	STR_QUEST_NAME_Q1307	5	STR_QUEST_ZONE03	1	4095	0	20	21	0	0	0	0	1	1	1	0	101213	101214	0	0	0	0
1308	STR_QUEST_NAME_Q1308	5	STR_QUEST_ZONE03	1	4095	0	20	22	71130	0	0	0	0	1	1	0	101213	101215	0	0	0	0
1309	STR_QUEST_NAME_Q1309	5	STR_QUEST_ZONE03	1	4095	0	22	22	0	0	0	0	0	1	1	0	101216	101217	0	0	0	0
1310	STR_QUEST_NAME_Q1310	5	STR_QUEST_ZONE03	1	4095	0	20	21	71067	0	0	0	0	1	1	0	101218	101219	0	0	0	0
1311	STR_QUEST_NAME_Q1311	5	STR_QUEST_ZONE03	1	4095	0	20	22	71089	0	0	0	0	1	1	0	101220	101221	0	0	0	0
1312	STR_QUEST_NAME_Q1312	5	STR_QUEST_ZONE03	1	4095	0	20	22	71129	0	0	0	0	1	1	0	101220	101222	0	0	0	0
1313	STR_QUEST_NAME_Q1313	5	STR_QUEST_ZONE03	1	4095	0	21	22	0	0	0	0	1	1	1	0	101223	101224	0	0	0	0
1314	STR_QUEST_NAME_Q1314	5	STR_QUEST_ZONE03	1	4095	0	19	21	0	0	0	0	1	1	1	0	101225	101226	0	0	0	0
1315	STR_QUEST_NAME_Q1315	5	STR_QUEST_ZONE03	3	4095	0	22	23	0	0	0	0	1	1	1	0	101227	101228	0	0	0	0
1316	STR_QUEST_NAME_Q1316	5	STR_QUEST_ZONE03	3	4095	0	22	23	71104	0	0	0	0	1	1	0	101227	101229	0	0	0	0
1317	STR_QUEST_NAME_Q1317	5	STR_QUEST_ZONE03	3	4095	0	22	23	0	0	0	0	1	1	1	0	101230	101231	0	0	0	0
1318	STR_QUEST_NAME_Q1318	5	STR_QUEST_ZONE03	3	4095	0	22	23	71103	0	0	0	0	1	20	0	101230	101232	0	0	0	101233
1319	STR_QUEST_NAME_Q1319	5	STR_QUEST_ZONE03	1	4095	0	19	19	0	0	0	0	1	1	1	0	101234	101235	0	0	0	0
1320	STR_QUEST_NAME_Q1320	5	STR_QUEST_ZONE03	3	4095	0	22	23	0	0	0	0	1	1	1	0	101236	101237	0	0	0	0
1321	STR_QUEST_NAME_Q1321	5	STR_QUEST_ZONE03	3	4095	0	22	24	71112	0	0	0	0	1	1	0	101236	101238	0	0	0	0
1322	STR_QUEST_NAME_Q1322	5	STR_QUEST_ZONE03	1	4095	0	21	23	0	0	0	0	0	1	1	0	101236	101239	0	0	0	0
1323	STR_QUEST_NAME_Q1323	5	STR_QUEST_ZONE03	1	4095	0	22	23	0	0	0	0	0	1	1	0	101240	101241	0	0	0	0
1324	STR_QUEST_NAME_Q1324	5	STR_QUEST_ZONE03	1	4095	0	24	24	0	0	0	0	0	1	1	0	101242	101243	0	0	0	0
1325	STR_QUEST_NAME_Q1325	5	STR_QUEST_ZONE03	1	4095	0	24	25	0	0	0	0	1	1	1	0	101244	101245	0	0	0	0
1326	STR_QUEST_NAME_Q1326	5	STR_QUEST_ZONE03	1	4095	0	23	24	0	0	0	0	0	1	1	0	101246	101247	0	0	0	0
1327	STR_QUEST_NAME_Q1327	5	STR_QUEST_ZONE03	1	4095	0	25	26	0	0	0	0	1	1	1	0	101248	101249	0	0	0	0
1328	STR_QUEST_NAME_Q1328	5	STR_QUEST_ZONE03	1	4095	0	25	26	71075	0	0	0	0	1	1	0	101248	101250	0	0	0	0
1329	STR_QUEST_NAME_Q1329	5	STR_QUEST_ZONE03	1	4095	0	25	25	0	0	0	0	0	1	1	0	101199	101251	0	0	0	0
1330	STR_QUEST_NAME_Q1330	5	STR_QUEST_ZONE03	1	4095	0	25	26	0	0	0	0	1	1	0	1	101252	101253	0	0	0	0
1333	STR_QUEST_NAME_Q1333	5	STR_QUEST_ZONE03	1	4095	0	26	27	0	0	0	0	1	1	1	0	101254	101255	0	0	0	0
1334	STR_QUEST_NAME_Q1334	5	STR_QUEST_ZONE03	1	4095	0	25	27	0	101256	0	0	0	1	1	0	101257	101258	0	0	0	0
1335	STR_QUEST_NAME_Q1335	5	STR_QUEST_ZONE03	1	4095	0	26	27	0	0	0	0	0	1	1	0	101252	101259	0	0	0	0
1336	STR_QUEST_NAME_Q1336	5	STR_QUEST_ZONE03	1	4095	0	27	27	0	0	0	0	1	1	1	0	101260	101261	0	0	0	0
1337	STR_QUEST_NAME_Q1337	5	STR_QUEST_ZONE03	1	4095	0	20	21	0	0	0	0	0	1	1	0	101262	101263	0	0	0	0
1338	STR_QUEST_NAME_Q1338	5	STR_QUEST_ZONE03	1	4095	0	27	27	71066	0	0	0	0	1	1	0	101260	101264	0	0	0	0
1339	STR_QUEST_NAME_Q1339	5	STR_QUEST_ZONE03	1	4095	0	27	27	71070	0	0	0	0	1	1	0	101265	101266	0	0	0	0
1340	STR_QUEST_NAME_Q1340	5	STR_QUEST_ZONE03	1	4095	0	27	28	71072	0	0	0	0	1	1	0	101265	101267	0	0	0	0
1341	STR_QUEST_NAME_Q1341	5	STR_QUEST_ZONE03	1	4095	0	27	28	71063	0	0	0	0	1	1	0	101268	101269	0	0	0	0
1342	STR_QUEST_NAME_Q1342	5	STR_QUEST_ZONE03	1	4095	0	28	29	0	0	0	0	1	1	1	0	101270	101271	0	0	0	0
1343	STR_QUEST_NAME_Q1343	5	STR_QUEST_ZONE03	1	4095	0	28	29	71071	0	0	0	0	1	1	0	101270	101272	0	0	0	0
1344	STR_QUEST_NAME_Q1344	5	STR_QUEST_ZONE03	1	4095	0	28	29	101273	0	0	0	0	1	1	0	101260	101274	0	0	0	0
1345	STR_QUEST_NAME_Q1345	5	STR_QUEST_ZONE03	1	4095	0	26	28	0	101275	0	0	0	1	1	0	101260	101276	0	0	0	0
1346	STR_QUEST_NAME_Q1346	5	STR_QUEST_ZONE03	1	4095	0	28	30	0	0	0	0	1	1	1	0	101277	101278	0	0	0	0
1347	STR_QUEST_NAME_Q1347	5	STR_QUEST_ZONE03	1	4095	0	30	31	0	0	0	0	1	1	1	0	101279	101280	0	0	0	0
1348	STR_QUEST_NAME_Q1348	5	STR_QUEST_ZONE03	1	4095	0	30	31	71093	0	0	0	0	1	1	0	101277	101281	0	0	0	0
1349	STR_QUEST_NAME_Q1349	5	STR_QUEST_ZONE03	1	4095	0	30	31	71086	0	0	0	0	1	1	0	101277	101282	0	0	0	0
1350	STR_QUEST_NAME_Q1350	5	STR_QUEST_ZONE03	1	4095	0	30	31	0	0	0	0	1	1	0	1	101283	101284	0	0	0	0
1351	STR_QUEST_NAME_Q1351	5	STR_QUEST_ZONE03	1	4095	0	29	31	0	0	0	0	1	1	1	0	101279	101285	0	0	0	0
1352	STR_QUEST_NAME_Q1352	5	STR_QUEST_ZONE03	1	4095	0	29	31	0	0	0	0	1	1	1	0	101279	101286	0	0	0	0
1353	STR_QUEST_NAME_Q1353	5	STR_QUEST_ZONE03	1	4095	0	27	28	0	0	0	0	1	1	1	0	101287	101288	0	0	0	0
1354	STR_QUEST_NAME_Q1354	5	STR_QUEST_ZONE03	1	4095	0	30	31	101289	0	0	0	0	1	1	0	101290	101291	0	0	0	0
1355	STR_QUEST_NAME_Q1355	5	STR_QUEST_ZONE03	1	4095	0	30	34	0	0	0	0	0	1	1	0	101292	101293	0	0	0	0
1356	STR_QUEST_NAME_Q1356	5	STR_QUEST_ZONE03	1	4095	0	31	32	0	0	0	0	0	1	1	0	101294	101295	0	0	0	0
1357	STR_QUEST_NAME_Q1357	5	STR_QUEST_ZONE03	1	4095	0	32	33	0	0	0	0	1	1	1	0	101296	101297	0	0	0	0
1358	STR_QUEST_NAME_Q1358	5	STR_QUEST_ZONE03	1	4095	0	28	29	0	0	0	0	1	1	1	0	101298	101299	0	0	0	0
1359	STR_QUEST_NAME_Q1359	5	STR_QUEST_ZONE03	1	4095	0	28	30	71159	0	0	0	0	1	1	0	101298	101300	0	0	0	0
1360	STR_QUEST_NAME_Q1360	5	STR_QUEST_ZONE03	1	4095	0	28	29	0	0	0	0	0	1	1	0	101298	101301	0	0	0	0
1361	STR_QUEST_NAME_Q1361	5	STR_QUEST_ZONE03	1	4095	0	28	29	0	0	0	0	0	1	1	0	101302	101303	0	0	0	0
1362	STR_QUEST_NAME_Q1362	5	STR_QUEST_ZONE03	1	4095	0	28	29	0	0	0	0	1	1	1	0	101304	101305	0	0	0	0
1363	STR_QUEST_NAME_Q1363	5	STR_QUEST_ZONE03	1	4095	0	29	30	71141	0	0	0	0	1	1	0	101302	101306	0	0	0	0
1364	STR_QUEST_NAME_Q1364	5	STR_QUEST_ZONE03	1	4095	0	29	30	71133	0	0	0	0	1	1	0	101304	101307	0	0	0	0
1365	STR_QUEST_NAME_Q1365	5	STR_QUEST_ZONE03	1	4095	0	29	30	70820	0	0	0	0	1	1	0	101308	101309	0	0	0	0
1366	STR_QUEST_NAME_Q1366	5	STR_QUEST_ZONE03	1	4095	0	29	31	71148	0	0	0	0	1	1	0	101308	101310	0	0	0	0
1367	STR_QUEST_NAME_Q1367	5	STR_QUEST_ZONE03	1	4095	0	30	31	101311	0	0	0	0	1	1	0	101312	101313	101314	101315	0	0
1368	STR_QUEST_NAME_Q1368	5	STR_QUEST_ZONE03	1	4095	0	30	32	71151	0	0	0	0	1	1	0	101312	101316	0	0	0	0
1369	STR_QUEST_NAME_Q1369	5	STR_QUEST_ZONE03	1	4095	0	30	31	0	0	0	0	1	1	1	0	101308	101317	0	0	0	0
1370	STR_QUEST_NAME_Q1370	5	STR_QUEST_ZONE03	1	4095	0	32	33	0	0	0	0	1	1	1	0	101318	101319	0	0	0	0
1371	STR_QUEST_NAME_Q1371	5	STR_QUEST_ZONE03	1	4095	0	32	33	71160	0	0	0	0	1	1	0	101318	101320	0	0	0	0
1372	STR_QUEST_NAME_Q1372	5	STR_QUEST_ZONE03	1	4095	0	31	32	0	0	0	0	1	1	1	0	101321	101322	0	0	0	0
1373	STR_QUEST_NAME_Q1373	5	STR_QUEST_ZONE03	1	4095	0	34	37	0	0	0	0	0	1	1	0	101318	101323	0	0	0	0
1374	STR_QUEST_NAME_Q1374	5	STR_QUEST_ZONE03	1	4095	0	33	34	0	0	0	0	1	1	1	0	101324	101325	0	0	0	0
1375	STR_QUEST_NAME_Q1375	5	STR_QUEST_ZONE03	1	4095	0	34	35	0	0	0	0	1	1	1	0	101321	101326	0	0	0	0
1376	STR_QUEST_NAME_Q1376	5	STR_QUEST_ZONE03	1	4095	0	34	35	0	0	0	0	1	1	1	0	101321	101327	0	0	0	0
1377	STR_QUEST_NAME_Q1377	5	STR_QUEST_ZONE03	1	4095	0	34	35	71155	0	0	0	0	1	0	1	101328	101329	0	0	0	0
1378	STR_QUEST_NAME_Q1378	5	STR_QUEST_ZONE03	1	4095	0	35	36	0	0	0	0	0	1	1	0	101330	101331	0	0	0	0
1379	STR_QUEST_NAME_Q1379	5	STR_QUEST_ZONE03	1	4095	0	28	29	0	0	0	0	1	1	1	0	101332	101333	0	0	0	0
1380	STR_QUEST_NAME_Q1380	5	STR_QUEST_ZONE03	1	4095	0	28	29	71131	0	0	0	0	1	1	0	101332	101334	0	0	0	0
1381	STR_QUEST_NAME_Q1381	5	STR_QUEST_ZONE03	1	4095	0	28	29	0	0	0	0	1	1	1	0	101335	101336	0	0	0	0
1382	STR_QUEST_NAME_Q1382	5	STR_QUEST_ZONE03	1	4095	0	28	29	0	0	0	0	1	1	1	0	101332	101337	0	0	0	0
1383	STR_QUEST_NAME_Q1383	5	STR_QUEST_ZONE03	1	4095	0	30	32	0	0	0	0	1	1	1	0	101338	101339	101340	101340	0	0
1384	STR_QUEST_NAME_Q1384	5	STR_QUEST_ZONE03	1	4095	0	31	32	0	101341	0	0	1	1	1	0	101342	101343	0	0	0	0
1385	STR_QUEST_NAME_Q1385	5	STR_QUEST_ZONE03	1	4095	0	31	33	0	0	0	0	1	1	1	0	101342	101344	0	0	0	0
1386	STR_QUEST_NAME_Q1386	5	STR_QUEST_ZONE03	1	4095	0	32	33	0	0	0	0	1	1	1	0	101335	101345	0	0	0	0
1387	STR_QUEST_NAME_Q1387	5	STR_QUEST_ZONE03	1	4095	0	32	33	101346	0	0	0	0	1	1	0	101335	101347	0	0	0	0
1388	STR_QUEST_NAME_Q1388	5	STR_QUEST_ZONE03	1	4095	0	32	33	0	0	0	0	1	1	1	0	101348	101349	0	0	0	0
1389	STR_QUEST_NAME_Q1389	5	STR_QUEST_ZONE03	1	4095	0	33	34	0	0	0	0	1	1	1	0	101332	101350	0	0	0	0
1390	STR_QUEST_NAME_Q1390	5	STR_QUEST_ZONE03	1	4095	0	33	34	101351	0	0	0	0	1	1	0	101332	101352	0	0	0	0
1391	STR_QUEST_NAME_Q1391	5	STR_QUEST_ZONE03	1	4095	0	34	34	0	0	0	0	0	1	1	0	101353	101354	0	0	0	0
1392	STR_QUEST_NAME_Q1392	5	STR_QUEST_ZONE03	1	4095	0	33	34	0	0	0	0	0	1	1	0	101355	101356	0	0	0	0
1393	STR_QUEST_NAME_Q1393	5	STR_QUEST_ZONE03	1	4095	0	33	34	0	0	0	0	0	1	1	0	101357	101358	0	0	0	0
1394	STR_QUEST_NAME_Q1394	5	STR_QUEST_ZONE03	1	4095	0	33	35	101359	0	0	0	0	1	1	0	101357	101360	0	0	0	0
1395	STR_QUEST_NAME_Q1395	5	STR_QUEST_ZONE03	1	4095	0	37	38	0	0	0	0	1	1	1	0	101361	101362	0	0	0	0
1396	STR_QUEST_NAME_Q1396	5	STR_QUEST_ZONE03	1	4095	0	37	39	101363	0	0	0	0	1	1	0	101361	101364	0	0	0	0
1397	STR_QUEST_NAME_Q1397	5	STR_QUEST_ZONE03	1	4095	0	38	39	0	0	0	0	0	1	20	0	101357	101365	0	0	0	101366
1400	STR_QUEST_NAME_Q1400	5	STR_QUEST_ZONE03	1	4095	0	34	35	0	0	0	0	1	1	1	0	101367	101368	0	0	0	0
1401	STR_QUEST_NAME_Q1401	5	STR_QUEST_ZONE03	1	4095	0	34	37	101369	0	0	0	0	1	1	0	101367	101370	0	0	0	0
1402	STR_QUEST_NAME_Q1402	5	STR_QUEST_ZONE03	1	4095	0	34	35	0	0	0	0	1	1	1	0	101371	101372	0	0	0	0
1403	STR_QUEST_NAME_Q1403	5	STR_QUEST_ZONE03	1	4095	0	34	35	101373	0	0	0	0	1	1	0	101371	101374	0	0	0	0
1404	STR_QUEST_NAME_Q1404	5	STR_QUEST_ZONE03	1	4095	0	34	35	0	0	0	0	1	1	1	0	101375	101376	0	0	0	0
1405	STR_QUEST_NAME_Q1405	5	STR_QUEST_ZONE03	1	4095	0	34	36	101377	0	0	0	0	1	1	0	101375	101378	0	0	0	0
1406	STR_QUEST_NAME_Q1406	5	STR_QUEST_ZONE03	1	4095	0	34	36	0	0	0	0	1	1	1	0	101379	101380	0	0	0	0
1407	STR_QUEST_NAME_Q1407	5	STR_QUEST_ZONE03	1	4095	0	34	36	101381	0	0	0	0	1	1	0	101379	101382	0	0	0	0
1408	STR_QUEST_NAME_Q1408	5	STR_QUEST_ZONE03	1	4095	0	34	35	101383	0	0	0	0	1	20	0	101384	101385	0	0	0	101386
1409	STR_QUEST_NAME_Q1409	5	STR_QUEST_ZONE03	1	4095	0	35	37	0	0	0	0	1	1	1	0	101379	101387	0	0	0	0
1410	STR_QUEST_NAME_Q1410	5	STR_QUEST_ZONE03	1	4095	0	35	37	101388	0	0	0	0	1	1	0	101379	101389	0	0	0	0
1411	STR_QUEST_NAME_Q1411	5	STR_QUEST_ZONE03	1	4095	0	35	37	101390	0	0	0	0	1	1	0	101391	101392	0	0	0	0
1412	STR_QUEST_NAME_Q1412	5	STR_QUEST_ZONE03	1	4095	0	35	37	101393	0	0	0	0	1	1	0	101391	101394	0	0	0	0
1413	STR_QUEST_NAME_Q1413	5	STR_QUEST_ZONE03	1	4095	0	36	39	0	0	0	0	1	1	1	0	101395	101396	0	0	0	0
1414	STR_QUEST_NAME_Q1414	5	STR_QUEST_ZONE03	1	4095	0	36	39	101397	0	0	0	0	1	1	0	101391	101398	0	0	0	0
1415	STR_QUEST_NAME_Q1415	2	STR_QUEST_ZONE03	1	4095	0	37	40	0	0	0	0	1	1	1	0	101391	101399	101400	101400	101400	0
1417	STR_QUEST_NAME_Q1417	5	STR_QUEST_ZONE03	1	4095	0	37	38	101401	0	0	0	0	1	1	0	101391	101402	0	0	0	0
1418	STR_QUEST_NAME_Q1418	5	STR_QUEST_ZONE03	1	4095	0	20	20	101403	0	0	0	0	1	0	1	101404	101405	0	0	0	0
1419	STR_QUEST_NAME_Q1419	5	STR_QUEST_ZONE03	1	4095	0	20	20	0	0	0	0	1	1	1	0	101404	101406	0	0	0	0
1420	STR_QUEST_NAME_Q1420	5	STR_QUEST_ZONE03	1	4095	0	34	35	0	0	0	0	1	1	1	0	101384	101407	0	0	0	0
1421	STR_QUEST_NAME_Q1421	5	STR_QUEST_ZONE03	1	4095	0	20	21	0	0	0	0	1	1	1	0	101207	101408	0	0	0	0
1422	STR_QUEST_NAME_Q1422	5	STR_QUEST_ZONE03	1	4095	0	20	20	0	0	0	0	0	1	1	0	101409	101410	0	0	0	0
1423	STR_QUEST_NAME_Q1423	5	STR_QUEST_ZONE03	1	4095	0	30	31	71083	0	0	0	1	1	1	0	101290	101411	0	0	0	0
1424	STR_QUEST_NAME_Q1424	5	STR_QUEST_ZONE03	1	4095	0	37	40	0	0	0	0	1	1	1	0	101412	101413	0	0	0	0
1425	STR_QUEST_NAME_Q1425	5	STR_QUEST_ZONE03	1	4095	0	37	40	0	0	0	0	1	1	1	0	101414	101415	0	0	0	0
1426	STR_QUEST_NAME_Q1426	5	STR_QUEST_ZONE03	1	4095	0	37	40	0	0	0	0	1	1	1	0	101242	101416	0	0	0	0
1427	STR_QUEST_NAME_Q1427	5	STR_QUEST_ZONE03	1	4095	0	20	21	0	0	0	0	1	1	1	0	101207	101417	0	0	0	0
1430	STR_QUEST_NAME_Q1430	5	STR_QUEST_ZONE03	1	4095	0	19	20	0	0	0	0	0	1	1	0	101418	101419	0	0	0	0
1431	STR_QUEST_NAME_Q1431	5	STR_QUEST_ZONE03	1	4095	0	19	19	0	0	0	0	1	1	1	0	101420	101421	0	0	0	0
1432	STR_QUEST_NAME_Q1432	5	STR_QUEST_ZONE03	1	4095	0	19	22	101422	0	0	0	0	1	1	0	101420	101423	0	0	0	0
1433	STR_QUEST_NAME_Q1433	5	STR_QUEST_ZONE03	1	4095	0	20	24	0	0	0	0	1	1	1	0	101424	101425	0	0	0	0
1434	STR_QUEST_NAME_Q1434	5	STR_QUEST_ZONE03	1	4095	0	20	21	0	0	0	0	1	1	1	0	101213	101426	0	0	0	0
1435	STR_QUEST_NAME_Q1435	5	STR_QUEST_ZONE03	1	4095	0	20	21	0	0	0	0	1	1	1	0	101427	101428	0	0	0	0
1436	STR_QUEST_NAME_Q1436	5	STR_QUEST_ZONE03	1	4095	0	21	23	0	0	0	0	1	1	1	0	101429	101430	0	0	0	0
1437	STR_QUEST_NAME_Q1437	5	STR_QUEST_ZONE03	1	4095	0	21	23	0	0	0	0	1	1	1	0	101427	101431	0	0	0	0
1438	STR_QUEST_NAME_Q1438	5	STR_QUEST_ZONE03	1	4095	0	19	19	0	0	0	0	1	1	0	0	101432	101433	0	0	0	0
1439	STR_QUEST_NAME_Q1439	5	STR_QUEST_ZONE03	1	4095	0	21	23	0	0	0	0	1	1	1	0	101308	101430	0	0	0	0
1440	STR_QUEST_NAME_Q1440	5	STR_QUEST_ZONE03	1	4095	0	24	25	0	0	0	0	1	1	1	0	101268	101434	0	0	0	0
1441	STR_QUEST_NAME_Q1441	5	STR_QUEST_ZONE03	1	4095	0	25	26	0	0	0	0	1	1	1	0	101294	101435	0	0	0	0
1442	STR_QUEST_NAME_Q1442	5	STR_QUEST_ZONE03	1	4095	0	19	19	0	0	0	0	1	1	0	0	101432	101436	0	0	0	0
1443	STR_QUEST_NAME_Q1443	5	STR_QUEST_ZONE03	1	4095	0	30	31	0	0	0	0	1	1	1	0	101437	101438	0	0	0	0
1444	STR_QUEST_NAME_Q1444	5	STR_QUEST_ZONE03	1	4095	0	31	35	0	0	0	0	1	1	1	0	101439	101440	0	0	0	0
1445	STR_QUEST_NAME_Q1445	5	STR_QUEST_ZONE03	1	4095	0	31	31	101441	0	0	0	0	1	1	0	101439	101442	0	0	0	0
1446	STR_QUEST_NAME_Q1446	5	STR_QUEST_ZONE03	1	4095	0	28	28	0	0	0	0	1	1	1	0	101443	101444	0	0	0	0
1447	STR_QUEST_NAME_Q1447	5	STR_QUEST_ZONE03	1	4095	0	31	32	71157	0	0	0	0	1	1	0	101321	101445	0	0	0	0
1448	STR_QUEST_NAME_Q1448	5	STR_QUEST_ZONE03	1	4095	0	32	33	0	0	0	0	1	1	1	0	101446	101447	0	0	0	0
1449	STR_QUEST_NAME_Q1449	5	STR_QUEST_ZONE03	1	4095	0	29	29	0	0	0	0	0	1	1	0	101448	101449	0	0	0	0
1450	STR_QUEST_NAME_Q1450	5	STR_QUEST_ZONE03	1	4095	0	29	31	101450	0	0	0	0	1	1	0	101355	101451	0	0	0	0
1451	STR_QUEST_NAME_Q1451	5	STR_QUEST_ZONE03	1	4095	0	29	31	101452	0	0	0	0	1	1	0	101355	101453	0	0	0	0
1452	STR_QUEST_NAME_Q1452	5	STR_QUEST_ZONE03	1	4095	0	32	33	101454	0	0	0	0	1	1	0	101446	101455	0	0	0	0
1454	STR_QUEST_NAME_Q1454	5	STR_QUEST_ZONE03	1	4095	0	31	33	0	0	0	0	1	1	1	0	101330	101456	0	0	0	0
1455	STR_QUEST_NAME_Q1455	5	STR_QUEST_ZONE03	1	4095	0	21	24	0	0	0	0	1	1	1	0	101457	101458	0	0	0	0
1456	STR_QUEST_NAME_Q1456	5	STR_QUEST_ZONE03	1	4095	0	31	34	0	0	0	0	1	1	1	0	101429	101459	0	0	0	0
1457	STR_QUEST_NAME_Q1457	5	STR_QUEST_ZONE03	1	4095	0	30	31	0	0	0	0	1	1	1	0	101460	101461	0	0	0	0
1458	STR_QUEST_NAME_Q1458	5	STR_QUEST_ZONE03	1	4095	0	25	27	101462	0	0	0	0	1	1	0	101457	101463	0	0	0	0
1459	STR_QUEST_NAME_Q1459	5	STR_QUEST_ZONE03	1	4095	0	30	34	101464	0	0	0	0	1	1	0	101429	101465	0	0	0	0
1460	STR_QUEST_NAME_Q1460	5	STR_QUEST_ZONE03	1	4095	0	32	33	101466	0	0	0	0	1	1	0	101467	101468	0	0	0	0
1461	STR_QUEST_NAME_Q1461	5	STR_QUEST_ZONE03	1	4095	0	22	23	0	0	0	0	1	1	1	0	101223	101469	0	0	0	0
1462	STR_QUEST_NAME_Q1462	5	STR_QUEST_ZONE03	1	4095	0	22	23	101470	0	0	0	0	1	1	0	101223	101471	0	0	0	0
1463	STR_QUEST_NAME_Q1463	5	STR_QUEST_ZONE03	1	4095	0	24	25	0	0	0	0	0	1	1	0	101246	101472	0	0	0	0
1464	STR_QUEST_NAME_Q1464	5	STR_QUEST_ZONE03	1	4095	0	24	25	0	0	0	0	0	1	1	0	101473	101474	0	0	0	0
1465	STR_QUEST_NAME_Q1465	5	STR_QUEST_ZONE03	1	4095	0	26	27	0	0	0	0	1	1	1	0	101412	101475	0	0	0	0
1466	STR_QUEST_NAME_Q1466	5	STR_QUEST_ZONE03	1	4095	0	26	27	101476	0	0	0	0	1	1	0	101477	101478	0	0	0	0
1467	STR_QUEST_NAME_Q1467	5	STR_QUEST_ZONE03	1	4095	0	29	30	70820	0	0	0	0	1	1	0	101479	101480	101481	101482	101483	0
1468	STR_QUEST_NAME_Q1468	5	STR_QUEST_ZONE03	1	4095	0	32	32	0	0	0	0	1	1	1	0	101448	101484	0	0	0	0
1469	STR_QUEST_NAME_Q1469	5	STR_QUEST_ZONE03	1	4095	0	32	35	101485	0	0	0	0	1	1	0	101448	101486	0	0	0	0
1470	STR_QUEST_NAME_Q1470	5	STR_QUEST_ZONE03	1	4095	0	32	37	101487	0	0	0	0	1	1	0	101448	101488	0	0	0	0
1471	STR_QUEST_NAME_Q1471	5	STR_QUEST_ZONE03	1	4095	0	36	37	0	0	0	0	1	1	1	0	101384	101489	0	0	0	0
1472	STR_QUEST_NAME_Q1472	5	STR_QUEST_ZONE03	1	4095	0	38	40	0	0	0	0	1	1	1	0	101412	101490	0	0	0	0
1473	STR_QUEST_NAME_Q1473	5	STR_QUEST_ZONE03	1	4095	0	38	40	0	0	0	0	1	1	1	0	101491	101492	0	0	0	0
1474	STR_QUEST_NAME_Q1474	5	STR_QUEST_ZONE03	1	4095	0	38	40	101493	0	0	0	0	1	1	0	101494	101495	0	0	0	0
1475	STR_QUEST_NAME_Q1475	5	STR_QUEST_ZONE03	1	4095	0	19	20	0	0	0	0	1	1	1	0	101420	101496	0	0	0	0
1476	STR_QUEST_NAME_Q1476	5	STR_QUEST_ZONE03	1	4095	0	21	22	0	0	0	0	1	1	1	0	101220	101497	0	0	0	0
1477	STR_QUEST_NAME_Q1477	5	STR_QUEST_ZONE03	1	4095	0	21	22	0	0	0	0	1	1	1	0	101220	101498	0	0	0	0
1478	STR_QUEST_NAME_Q1478	5	STR_QUEST_ZONE03	1	4095	0	23	24	0	0	0	0	1	1	1	0	101236	101499	0	0	0	0
1479	STR_QUEST_NAME_Q1479	5	STR_QUEST_ZONE03	1	4095	0	23	23	0	0	0	0	1	1	1	0	101230	101500	0	0	0	0
1480	STR_QUEST_NAME_Q1480	5	STR_QUEST_ZONE03	1	4095	0	23	24	101501	0	0	0	0	1	1	0	101409	101502	0	0	0	0
1481	STR_QUEST_NAME_Q1481	5	STR_QUEST_ZONE03	1	4095	0	35	37	101503	0	0	0	0	1	1	0	101504	101505	0	0	0	0
1482	STR_QUEST_NAME_Q1482	5	STR_QUEST_ZONE03	1	4095	0	21	22	101506	0	0	0	0	1	1	0	101418	101507	0	0	0	0
1483	STR_QUEST_NAME_Q1483	5	STR_QUEST_ZONE03	1	4095	0	23	25	0	0	0	0	0	1	1	0	101508	101509	0	0	0	0
1484	STR_QUEST_NAME_Q1484	5	STR_QUEST_ZONE03	1	4095	0	23	25	101510	0	0	0	0	1	1	0	101511	101512	0	0	0	0
1485	STR_QUEST_NAME_Q1485	5	STR_QUEST_ZONE03	1	4095	0	22	23	0	0	0	0	1	1	1	0	101223	101513	0	0	0	0
1486	STR_QUEST_NAME_Q1486	5	STR_QUEST_ZONE03	1	4095	0	22	22	0	0	0	0	1	1	1	0	101429	101514	0	0	0	0
1487	STR_QUEST_NAME_Q1487	5	STR_QUEST_ZONE03	1	4095	0	23	24	0	0	0	0	0	1	1	0	101508	101515	0	0	0	0
1488	STR_QUEST_NAME_Q1488	5	STR_QUEST_ZONE03	1	4095	0	24	24	0	0	0	0	1	1	1	0	101236	101516	0	0	0	0
1489	STR_QUEST_NAME_Q1489	5	STR_QUEST_ZONE03	1	4095	0	24	25	0	0	0	0	1	1	1	0	0	0	0	0	0	0
1490	STR_QUEST_NAME_Q1490	5	STR_QUEST_ZONE03	1	4095	0	24	26	0	0	0	0	1	1	1	0	101508	101517	0	0	0	0
1491	STR_QUEST_NAME_Q1491	5	STR_QUEST_ZONE03	1	4095	0	37	38	0	0	0	0	1	1	1	0	101518	101519	0	0	0	0
1492	STR_QUEST_NAME_Q1492	5	STR_QUEST_ZONE03	1	4095	0	37	38	101520	0	0	0	0	1	1	0	101518	101521	0	0	0	0
1493	STR_QUEST_NAME_Q1493	5	STR_QUEST_ZONE03	1	4095	0	37	39	101522	0	0	0	0	1	1	0	101518	101523	0	0	0	0
1494	STR_QUEST_NAME_Q1494	5	STR_QUEST_ZONE03	1	4095	0	38	40	101524	0	0	0	0	1	1	0	101518	101525	0	0	0	0
1495	STR_QUEST_NAME_Q1495	5	STR_QUEST_ZONE03	1	4095	0	38	40	0	0	0	0	1	1	1	0	101518	101526	0	0	0	0
1496	STR_QUEST_NAME_Q1496	5	STR_QUEST_ZONE03	1	4095	0	28	29	0	0	0	0	1	1	1	0	101479	101527	0	0	0	0
1497	STR_QUEST_NAME_Q1497	5	STR_QUEST_ZONE03	1	4095	0	28	29	101528	0	0	0	0	1	15	0	101479	101529	0	0	0	101530
1498	STR_QUEST_NAME_Q1498	5	STR_QUEST_ZONE03	1	4095	0	28	29	101528	0	0	0	0	1	1	0	101479	101531	0	0	0	0
1500	STR_QUEST_NAME_Q1500	0	STR_QUEST_ZONE04	1	4095	0	30	30	0	0	0	0	0	0	1	0	100918	101532	101533	101533	0	0
1501	STR_QUEST_NAME_Q1501	5	STR_QUEST_ZONE04	1	4095	0	30	31	0	0	0	0	1	1	1	0	101534	101535	0	0	0	0
1502	STR_QUEST_NAME_Q1502	5	STR_QUEST_ZONE04	1	4095	0	30	31	0	0	0	0	1	1	1	0	101536	101537	0	0	0	0
1503	STR_QUEST_NAME_Q1503	5	STR_QUEST_ZONE04	1	4095	0	30	30	0	0	0	0	1	1	1	0	101538	101539	0	0	0	0
1504	STR_QUEST_NAME_Q1504	5	STR_QUEST_ZONE04	1	4095	0	30	31	70830	0	0	0	0	1	1	0	101540	101541	0	0	0	0
1505	STR_QUEST_NAME_Q1505	5	STR_QUEST_ZONE04	1	4095	0	31	31	0	0	0	0	1	1	1	0	101542	101543	0	0	0	0
1506	STR_QUEST_NAME_Q1506	5	STR_QUEST_ZONE04	1	4095	0	30	32	101544	0	0	0	1	1	0	1	101545	101546	0	0	0	0
1507	STR_QUEST_NAME_Q1507	5	STR_QUEST_ZONE04	1	4095	0	30	31	101547	0	0	0	0	1	20	0	101534	101548	0	0	0	101549
1510	STR_QUEST_NAME_Q1510	5	STR_QUEST_ZONE04	1	4095	0	43	46	101550	0	0	0	0	1	20	0	101551	101552	0	0	0	101553
1511	STR_QUEST_NAME_Q1511	5	STR_QUEST_ZONE04	1	4095	0	31	32	0	0	0	0	1	1	1	0	101545	101554	0	0	0	0
1512	STR_QUEST_NAME_Q1512	5	STR_QUEST_ZONE04	1	4095	0	31	32	0	0	0	0	1	1	1	0	101555	101556	0	0	0	0
1513	STR_QUEST_NAME_Q1513	5	STR_QUEST_ZONE04	1	4095	0	31	32	101557	0	0	0	0	1	1	0	101558	101559	0	0	0	0
1514	STR_QUEST_NAME_Q1514	5	STR_QUEST_ZONE04	1	4095	0	32	32	0	0	0	0	0	1	1	0	101560	101561	0	0	0	0
1515	STR_QUEST_NAME_Q1515	5	STR_QUEST_ZONE04	1	4095	0	32	32	0	0	0	0	1	1	1	0	101542	101562	0	0	0	0
1516	STR_QUEST_NAME_Q1516	5	STR_QUEST_ZONE04	1	4095	0	30	30	0	0	0	0	1	1	1	0	101563	101564	0	0	0	0
1517	STR_QUEST_NAME_Q1517	5	STR_QUEST_ZONE04	1	4095	0	43	47	70841	0	0	0	0	1	20	0	101565	101566	0	0	0	101567
1518	STR_QUEST_NAME_Q1518	5	STR_QUEST_ZONE04	1	4095	0	43	47	70841	0	0	0	0	1	20	0	101565	101568	0	0	0	101569
1519	STR_QUEST_NAME_Q1519	5	STR_QUEST_ZONE04	1	4095	0	29	29	0	0	0	0	1	1	0	0	101570	101571	0	0	0	0
1520	STR_QUEST_NAME_Q1520	5	STR_QUEST_ZONE04	1	4095	0	29	29	0	0	0	0	1	1	0	0	101570	101572	0	0	0	0
1521	STR_QUEST_NAME_Q1521	5	STR_QUEST_ZONE04	1	4095	0	31	32	0	0	0	0	1	1	1	0	101573	101574	0	0	0	0
1522	STR_QUEST_NAME_Q1522	5	STR_QUEST_ZONE04	1	4095	0	31	33	101575	0	0	0	0	1	1	0	101573	101576	0	0	0	0
1523	STR_QUEST_NAME_Q1523	5	STR_QUEST_ZONE04	1	4095	0	32	33	0	0	0	0	1	1	1	0	101577	101578	0	0	0	0
1524	STR_QUEST_NAME_Q1524	5	STR_QUEST_ZONE04	1	4095	0	32	33	0	0	0	0	1	1	1	0	101579	101580	0	0	0	0
1525	STR_QUEST_NAME_Q1525	5	STR_QUEST_ZONE04	1	4095	0	33	34	0	0	0	0	1	1	1	0	101581	101582	0	0	0	0
1526	STR_QUEST_NAME_Q1526	5	STR_QUEST_ZONE04	1	4095	0	33	34	0	0	0	0	1	1	1	0	101581	101583	0	0	0	0
1527	STR_QUEST_NAME_Q1527	5	STR_QUEST_ZONE04	1	4095	0	33	35	101584	0	0	0	0	1	1	0	101581	101585	0	0	0	0
1528	STR_QUEST_NAME_Q1528	5	STR_QUEST_ZONE04	1	4095	0	33	35	101586	0	0	0	0	1	1	0	101579	101587	0	0	0	0
1529	STR_QUEST_NAME_Q1529	5	STR_QUEST_ZONE04	1	4095	0	33	34	0	0	0	0	1	1	1	0	101588	101589	0	0	0	0
1530	STR_QUEST_NAME_Q1530	5	STR_QUEST_ZONE04	1	4095	0	33	34	101590	0	0	0	0	1	1	0	101588	101591	0	0	0	0
1531	STR_QUEST_NAME_Q1531	5	STR_QUEST_ZONE04	1	4095	0	34	35	0	0	0	0	1	1	1	0	101592	101593	0	0	0	0
1532	STR_QUEST_NAME_Q1532	5	STR_QUEST_ZONE04	1	4095	0	34	35	101594	0	0	0	0	1	1	0	101592	101595	0	0	0	0
1533	STR_QUEST_NAME_Q1533	5	STR_QUEST_ZONE04	1	4095	0	33	34	70978	101596	0	0	0	1	1	0	101597	101598	0	0	0	0
1534	STR_QUEST_NAME_Q1534	5	STR_QUEST_ZONE04	1	4095	0	32	33	101586	0	0	0	0	1	20	0	101579	101599	0	0	0	101600
1535	STR_QUEST_NAME_Q1535	5	STR_QUEST_ZONE04	1	4095	0	32	33	0	0	0	0	1	1	1	0	101558	101601	101602	101603	0	0
1536	STR_QUEST_NAME_Q1536	5	STR_QUEST_ZONE04	1	4095	0	33	34	0	0	0	0	1	1	1	0	101604	101605	0	0	0	0
1537	STR_QUEST_NAME_Q1537	5	STR_QUEST_ZONE04	1	4095	0	33	34	0	0	0	0	1	1	1	0	101606	101607	0	0	0	0
1538	STR_QUEST_NAME_Q1538	5	STR_QUEST_ZONE04	1	4095	0	33	34	101608	0	0	0	0	1	1	0	101606	101609	0	0	0	0
1539	STR_QUEST_NAME_Q1539	5	STR_QUEST_ZONE04	1	4095	0	33	34	101610	0	0	0	0	1	1	0	101611	101612	0	0	0	0
1540	STR_QUEST_NAME_Q1540	5	STR_QUEST_ZONE04	1	4095	0	33	34	101613	0	0	0	0	1	1	0	101606	101614	0	0	0	0
1541	STR_QUEST_NAME_Q1541	5	STR_QUEST_ZONE04	1	4095	0	36	37	0	0	0	0	1	1	1	0	101615	101616	0	0	0	0
1542	STR_QUEST_NAME_Q1542	5	STR_QUEST_ZONE04	1	4095	0	36	37	101617	0	0	0	0	1	1	0	101615	101618	0	0	0	0
1543	STR_QUEST_NAME_Q1543	5	STR_QUEST_ZONE04	1	4095	0	36	37	0	0	0	0	1	1	1	0	101619	101620	0	0	0	0
1544	STR_QUEST_NAME_Q1544	5	STR_QUEST_ZONE04	1	4095	0	36	37	0	0	0	0	1	1	1	0	101621	101622	0	0	0	0
1545	STR_QUEST_NAME_Q1545	5	STR_QUEST_ZONE04	1	4095	0	36	37	101623	0	0	0	0	1	1	0	101621	101624	0	0	0	0
1546	STR_QUEST_NAME_Q1546	5	STR_QUEST_ZONE04	1	4095	0	37	38	71107	0	0	0	0	1	1	0	101625	101626	0	0	0	0
1547	STR_QUEST_NAME_Q1547	5	STR_QUEST_ZONE04	1	4095	0	37	38	0	0	0	0	1	1	1	0	101627	101628	0	0	0	0
1548	STR_QUEST_NAME_Q1548	5	STR_QUEST_ZONE04	1	4095	0	37	38	101629	0	0	0	0	1	1	0	101627	101628	0	0	0	0
1549	STR_QUEST_NAME_Q1549	5	STR_QUEST_ZONE04	1	4095	0	37	38	101630	0	0	0	0	1	1	0	101627	101631	0	0	0	0
1550	STR_QUEST_NAME_Q1550	5	STR_QUEST_ZONE04	1	4095	0	43	45	101632	0	0	0	0	1	1	0	101633	101634	0	0	0	0
1551	STR_QUEST_NAME_Q1551	5	STR_QUEST_ZONE04	1	4095	0	37	38	0	0	0	0	1	1	1	0	101621	101635	0	0	0	0
1552	STR_QUEST_NAME_Q1552	5	STR_QUEST_ZONE04	1	4095	0	38	39	101636	0	0	0	0	1	1	0	101615	101637	0	0	0	0
1553	STR_QUEST_NAME_Q1553	5	STR_QUEST_ZONE04	1	4095	0	43	45	101638	0	0	0	0	1	1	0	101639	101640	0	0	0	0
1554	STR_QUEST_NAME_Q1554	5	STR_QUEST_ZONE04	1	4095	0	43	45	101641	0	0	0	0	1	1	0	101619	101642	0	0	0	0
1555	STR_QUEST_NAME_Q1555	5	STR_QUEST_ZONE04	1	4095	0	37	38	0	0	0	0	0	1	1	0	101627	101643	0	0	0	0
1556	STR_QUEST_NAME_Q1556	5	STR_QUEST_ZONE04	1	4095	0	37	38	101636	0	0	0	0	1	1	0	101615	101644	0	0	0	0
1557	STR_QUEST_NAME_Q1557	5	STR_QUEST_ZONE04	1	4095	0	37	39	101645	0	0	0	0	1	20	0	101627	101646	0	0	0	101647
1558	STR_QUEST_NAME_Q1558	5	STR_QUEST_ZONE04	1	4095	0	37	39	101648	0	0	0	0	1	20	0	101615	101649	0	0	0	101366
1559	STR_QUEST_NAME_Q1559	5	STR_QUEST_ZONE04	1	4095	0	34	34	0	0	0	0	0	1	1	0	101650	101651	0	0	0	0
1560	STR_QUEST_NAME_Q1560	5	STR_QUEST_ZONE04	1	4095	0	37	37	0	0	0	0	1	1	1	0	101652	101653	0	0	0	0
1561	STR_QUEST_NAME_Q1561	5	STR_QUEST_ZONE04	1	4095	0	37	37	0	0	0	0	0	1	1	0	101654	101655	0	0	0	0
1562	STR_QUEST_NAME_Q1562	5	STR_QUEST_ZONE04	1	4095	0	35	36	0	0	0	0	0	1	1	0	101656	101657	0	0	0	0
1563	STR_QUEST_NAME_Q1563	5	STR_QUEST_ZONE04	1	4095	0	35	36	0	0	0	0	0	1	1	0	101658	101659	101660	0	0	0
1564	STR_QUEST_NAME_Q1564	5	STR_QUEST_ZONE04	1	4095	0	35	36	101661	0	0	0	0	1	1	0	101658	101662	0	0	0	0
1565	STR_QUEST_NAME_Q1565	5	STR_QUEST_ZONE04	1	4095	0	36	36	0	0	0	0	1	1	1	0	101606	101663	0	0	0	0
1566	STR_QUEST_NAME_Q1566	5	STR_QUEST_ZONE04	1	4095	0	36	37	101664	0	0	0	0	1	1	0	101606	101665	0	0	0	0
1567	STR_QUEST_NAME_Q1567	5	STR_QUEST_ZONE04	1	4095	0	35	37	0	0	0	0	1	1	0	1	101666	101667	0	0	0	0
1570	STR_QUEST_NAME_Q1570	5	STR_QUEST_ZONE04	1	4095	0	40	41	0	0	0	0	1	1	1	0	101668	101669	0	0	0	0
1571	STR_QUEST_NAME_Q1571	5	STR_QUEST_ZONE04	1	4095	0	34	35	0	0	0	0	1	1	1	0	101668	101670	0	0	0	0
1572	STR_QUEST_NAME_Q1572	5	STR_QUEST_ZONE04	1	2048	0	34	35	0	0	0	0	1	1	1	0	101671	101672	0	0	0	0
1573	STR_QUEST_NAME_Q1573	5	STR_QUEST_ZONE04	1	4095	0	34	35	0	0	0	0	1	1	1	0	101673	101674	0	0	0	0
1574	STR_QUEST_NAME_Q1574	5	STR_QUEST_ZONE04	1	4095	0	34	35	101675	0	0	0	0	1	1	0	101673	101676	0	0	0	0
1575	STR_QUEST_NAME_Q1575	5	STR_QUEST_ZONE04	1	4095	0	34	35	101677	0	0	0	0	1	1	0	101673	101678	0	0	0	0
1576	STR_QUEST_NAME_Q1576	5	STR_QUEST_ZONE04	1	4095	0	35	36	0	0	0	0	1	1	1	0	101679	101680	0	0	0	0
1577	STR_QUEST_NAME_Q1577	5	STR_QUEST_ZONE04	1	4095	0	35	36	0	0	0	0	1	1	1	0	101681	101682	0	0	0	0
1578	STR_QUEST_NAME_Q1578	5	STR_QUEST_ZONE04	1	4095	0	35	37	0	0	0	0	1	1	1	0	101673	101683	0	0	0	0
1579	STR_QUEST_NAME_Q1579	5	STR_QUEST_ZONE04	1	4095	0	37	38	0	0	0	0	1	1	1	0	101684	101685	0	0	0	0
1580	STR_QUEST_NAME_Q1580	5	STR_QUEST_ZONE04	1	4095	0	37	38	0	0	0	0	1	1	1	0	101686	101687	0	0	0	0
1581	STR_QUEST_NAME_Q1581	5	STR_QUEST_ZONE04	1	4095	0	37	39	101688	0	0	0	0	1	1	0	101686	101689	0	0	0	0
1582	STR_QUEST_NAME_Q1582	5	STR_QUEST_ZONE04	1	4095	0	37	38	0	0	0	0	1	1	1	0	101681	101690	101691	0	0	0
1583	STR_QUEST_NAME_Q1583	5	STR_QUEST_ZONE04	1	4095	0	34	40	70837	0	0	0	0	1	1	0	101692	101693	0	0	0	0
1584	STR_QUEST_NAME_Q1584	5	STR_QUEST_ZONE04	1	4095	0	39	41	0	0	0	0	1	1	1	0	101686	101694	0	0	0	0
1585	STR_QUEST_NAME_Q1585	5	STR_QUEST_ZONE04	1	4095	0	39	41	0	0	0	0	1	1	1	0	101695	101696	0	0	0	0
1586	STR_QUEST_NAME_Q1586	5	STR_QUEST_ZONE04	1	4095	0	39	41	101697	0	0	0	0	1	1	0	101686	101698	0	0	0	0
1587	STR_QUEST_NAME_Q1587	5	STR_QUEST_ZONE04	1	4095	0	43	44	101699	0	0	0	0	1	1	0	101686	101700	0	0	0	0
1588	STR_QUEST_NAME_Q1588	5	STR_QUEST_ZONE04	1	4095	0	43	44	101699	0	0	0	0	1	1	0	101686	101701	0	0	0	0
1589	STR_QUEST_NAME_Q1589	5	STR_QUEST_ZONE04	1	4095	0	43	44	101702	0	0	0	0	1	1	0	101703	101704	0	0	0	0
1590	STR_QUEST_NAME_Q1590	5	STR_QUEST_ZONE04	1	4095	0	39	41	101705	0	0	0	0	1	20	0	101695	101706	0	0	0	101707
1591	STR_QUEST_NAME_Q1591	5	STR_QUEST_ZONE04	1	4095	0	40	41	0	0	0	0	1	1	1	0	101708	101709	0	0	0	0
1592	STR_QUEST_NAME_Q1592	5	STR_QUEST_ZONE04	1	4095	0	38	39	0	0	0	0	1	1	1	0	101615	101710	0	0	0	0
1593	STR_QUEST_NAME_Q1593	5	STR_QUEST_ZONE04	1	4095	0	40	41	101711	0	0	0	0	1	1	0	101712	101713	0	0	0	0
1594	STR_QUEST_NAME_Q1594	5	STR_QUEST_ZONE04	1	4095	0	40	40	0	0	0	0	1	1	1	0	101714	101715	0	0	0	0
1595	STR_QUEST_NAME_Q1595	5	STR_QUEST_ZONE04	1	4095	0	40	42	101716	0	0	0	0	1	1	0	101714	101717	0	0	0	0
1596	STR_QUEST_NAME_Q1596	5	STR_QUEST_ZONE04	1	4095	0	40	40	0	0	0	0	1	1	30	0	101714	101718	0	0	0	101719
1597	STR_QUEST_NAME_Q1597	5	STR_QUEST_ZONE04	1	4095	0	41	42	0	0	0	0	1	1	30	0	101720	101721	0	0	0	101722
1598	STR_QUEST_NAME_Q1598	5	STR_QUEST_ZONE04	1	4095	0	41	42	70837	0	0	0	0	1	1	0	101692	101723	0	0	0	0
1599	STR_QUEST_NAME_Q1599	5	STR_QUEST_ZONE04	1	4095	0	42	43	70837	0	0	0	0	1	1	0	101692	101724	0	0	0	0
1600	STR_QUEST_NAME_Q1600	5	STR_QUEST_ZONE04	1	4095	0	40	41	101725	0	0	0	0	1	1	0	101712	101726	0	0	0	0
1601	STR_QUEST_NAME_Q1601	5	STR_QUEST_ZONE04	1	4095	0	38	39	101727	0	0	0	0	1	1	0	101728	101729	0	0	0	0
1602	STR_QUEST_NAME_Q1602	5	STR_QUEST_ZONE04	1	4095	0	38	39	0	0	0	0	1	1	1	0	101728	101730	0	0	0	0
1603	STR_QUEST_NAME_Q1603	5	STR_QUEST_ZONE04	1	4095	0	38	39	0	0	0	0	1	1	1	0	101731	101732	0	0	0	0
1604	STR_QUEST_NAME_Q1604	5	STR_QUEST_ZONE04	1	4095	0	38	39	101733	0	0	0	0	1	1	0	101731	101730	0	0	0	0
1605	STR_QUEST_NAME_Q1605	5	STR_QUEST_ZONE04	1	4095	0	38	39	101734	0	0	0	0	1	1	0	101731	101735	0	0	0	0
1607	STR_QUEST_NAME_Q1607	5	STR_QUEST_ZONE04	1	4095	0	39	39	0	0	0	0	0	1	1	0	101736	101737	0	0	0	0
1608	STR_QUEST_NAME_Q1608	5	STR_QUEST_ZONE04	1	4095	0	39	41	101738	0	0	0	0	1	1	0	101739	101740	0	0	0	0
1609	STR_QUEST_NAME_Q1609	5	STR_QUEST_ZONE04	1	4095	0	39	41	101741	0	0	0	0	1	1	0	101739	101742	0	0	0	0
1610	STR_QUEST_NAME_Q1610	5	STR_QUEST_ZONE04	1	4095	0	39	41	0	0	0	0	1	1	1	0	101712	101743	0	0	0	0
1611	STR_QUEST_NAME_Q1611	5	STR_QUEST_ZONE04	1	4095	0	39	40	101741	0	0	0	0	1	0	1	101739	101744	0	0	0	0
1612	STR_QUEST_NAME_Q1612	5	STR_QUEST_ZONE04	1	4095	0	39	40	70834	0	0	0	0	1	1	0	101745	101746	0	0	0	0
1613	STR_QUEST_NAME_Q1613	5	STR_QUEST_ZONE04	1	4095	0	38	39	101727	0	0	0	0	1	20	0	101728	101747	0	0	0	101748
1614	STR_QUEST_NAME_Q1614	5	STR_QUEST_ZONE04	1	4095	0	35	39	101749	0	0	0	0	1	1	0	101750	101751	0	0	0	0
1615	STR_QUEST_NAME_Q1615	5	STR_QUEST_ZONE04	1	4095	0	41	44	101752	0	0	0	0	1	1	0	101753	101754	0	0	0	0
1616	STR_QUEST_NAME_Q1616	5	STR_QUEST_ZONE04	1	4095	0	41	44	101755	0	0	0	0	1	1	0	101756	101757	0	0	0	0
1617	STR_QUEST_NAME_Q1617	5	STR_QUEST_ZONE04	1	4095	0	41	44	101758	0	0	0	0	1	1	0	101756	101759	0	0	0	0
1618	STR_QUEST_NAME_Q1618	5	STR_QUEST_ZONE04	1	4095	0	41	44	101760	0	0	0	0	1	1	0	101756	101761	0	0	0	0
1619	STR_QUEST_NAME_Q1619	5	STR_QUEST_ZONE04	1	4095	0	41	44	101762	0	0	0	0	1	1	0	101753	101763	0	0	0	0
1620	STR_QUEST_NAME_Q1620	5	STR_QUEST_ZONE04	1	4095	0	35	39	101764	0	0	0	0	1	1	0	101750	101765	0	0	0	0
1621	STR_QUEST_NAME_Q1621	5	STR_QUEST_ZONE04	1	4095	0	39	40	0	0	0	0	1	1	1	0	101766	101767	0	0	0	0
1622	STR_QUEST_NAME_Q1622	5	STR_QUEST_ZONE04	1	4095	0	40	41	0	0	0	0	1	1	1	0	101768	101769	0	0	0	0
1623	STR_QUEST_NAME_Q1623	5	STR_QUEST_ZONE04	1	4095	0	39	40	0	0	0	0	1	1	1	0	101770	101771	0	0	0	0
1624	STR_QUEST_NAME_Q1624	5	STR_QUEST_ZONE04	1	4095	0	39	40	101772	0	0	0	0	1	1	0	101770	101773	0	0	0	0
1625	STR_QUEST_NAME_Q1625	5	STR_QUEST_ZONE04	1	4095	0	39	40	0	0	0	0	1	1	1	0	101774	101775	0	0	0	0
1626	STR_QUEST_NAME_Q1626	5	STR_QUEST_ZONE04	1	4095	0	39	40	101776	0	0	0	0	1	1	0	101774	101777	0	0	0	0
1627	STR_QUEST_NAME_Q1627	5	STR_QUEST_ZONE04	1	4095	0	39	40	0	0	0	0	1	1	1	0	101778	101779	0	0	0	0
1628	STR_QUEST_NAME_Q1628	5	STR_QUEST_ZONE04	1	4095	0	43	45	0	0	0	0	1	1	1	0	101780	101781	0	0	0	0
1629	STR_QUEST_NAME_Q1629	5	STR_QUEST_ZONE04	1	4095	0	40	41	0	0	0	0	1	1	1	0	101782	101783	0	0	0	0
1630	STR_QUEST_NAME_Q1630	5	STR_QUEST_ZONE04	1	4095	0	40	42	0	0	0	0	1	1	1	0	101784	101785	0	0	0	0
1631	STR_QUEST_NAME_Q1631	5	STR_QUEST_ZONE04	1	4095	0	40	42	0	0	0	0	1	1	1	0	101766	101786	0	0	0	0
1632	STR_QUEST_NAME_Q1632	5	STR_QUEST_ZONE04	1	4095	0	43	44	101699	0	0	0	0	1	1	0	101787	101788	0	0	0	0
1633	STR_QUEST_NAME_Q1633	5	STR_QUEST_ZONE04	1	4095	0	43	44	101699	0	0	0	0	1	1	0	101787	101789	0	0	0	0
1634	STR_QUEST_NAME_Q1634	5	STR_QUEST_ZONE04	1	4095	0	43	44	101790	0	0	0	0	1	1	0	101778	101791	0	0	0	0
1635	STR_QUEST_NAME_Q1635	5	STR_QUEST_ZONE04	1	4095	0	43	44	101790	0	0	0	0	1	1	0	101792	101793	0	0	0	0
1636	STR_QUEST_NAME_Q1636	5	STR_QUEST_ZONE04	1	4095	0	43	45	0	101794	0	0	0	1	1	0	101795	101796	0	0	0	0
1637	STR_QUEST_NAME_Q1637	5	STR_QUEST_ZONE04	1	4095	0	39	40	0	0	0	0	0	1	0	1	101797	101798	0	0	0	0
1640	STR_QUEST_NAME_Q1640	5	STR_QUEST_ZONE04	1	4095	0	43	44	0	0	0	0	1	1	1	0	101799	101800	0	0	0	0
1641	STR_QUEST_NAME_Q1641	5	STR_QUEST_ZONE04	1	4095	0	42	43	0	0	0	0	1	1	1	0	101801	101802	0	0	0	0
1642	STR_QUEST_NAME_Q1642	5	STR_QUEST_ZONE04	1	4095	0	42	43	0	0	0	0	1	1	1	0	101803	101804	0	0	0	0
1643	STR_QUEST_NAME_Q1643	5	STR_QUEST_ZONE04	1	4095	0	42	43	101805	0	0	0	0	1	1	0	101803	101806	0	0	0	0
1644	STR_QUEST_NAME_Q1644	5	STR_QUEST_ZONE04	1	4095	0	43	43	0	0	0	0	0	1	1	0	101807	101808	0	0	0	0
1645	STR_QUEST_NAME_Q1645	5	STR_QUEST_ZONE04	1	4095	0	41	42	0	0	0	0	1	1	1	0	101809	101810	0	0	0	0
1646	STR_QUEST_NAME_Q1646	5	STR_QUEST_ZONE04	1	4095	0	42	43	0	0	0	0	1	1	1	0	101784	101811	0	0	0	0
1647	STR_QUEST_NAME_Q1647	5	STR_QUEST_ZONE04	1	4095	0	42	43	70836	0	0	0	0	1	1	0	101812	101813	0	0	0	0
1648	STR_QUEST_NAME_Q1648	5	STR_QUEST_ZONE04	1	4095	0	42	43	101814	0	0	0	0	1	1	0	101803	101815	0	0	0	0
1651	STR_QUEST_NAME_Q1651	5	STR_QUEST_ZONE04	1	4095	0	40	41	0	0	0	0	1	1	20	0	101816	101817	0	0	0	101818
1652	STR_QUEST_NAME_Q1652	5	STR_QUEST_ZONE04	1	4095	0	44	45	70836	0	0	0	0	1	1	0	101819	101820	0	0	0	0
1653	STR_QUEST_NAME_Q1653	5	STR_QUEST_ZONE04	1	4095	0	44	45	0	0	0	0	1	1	1	0	101821	101822	0	0	0	0
1654	STR_QUEST_NAME_Q1654	5	STR_QUEST_ZONE04	1	4095	0	42	44	0	0	0	0	1	1	1	0	101823	101824	0	0	0	0
1661	STR_QUEST_NAME_Q1661	5	STR_QUEST_ZONE04	1	4095	0	38	38	0	0	0	0	1	1	1	0	101825	101826	0	0	0	0
1662	STR_QUEST_NAME_Q1662	5	STR_QUEST_ZONE04	1	4095	0	39	39	0	0	0	0	1	1	1	0	101821	101827	0	0	0	0
1663	STR_QUEST_NAME_Q1663	5	STR_QUEST_ZONE04	1	4095	0	38	39	101828	0	0	0	0	1	1	0	101823	101829	0	0	0	0
1664	STR_QUEST_NAME_Q1664	5	STR_QUEST_ZONE04	1	4095	0	39	40	101311	0	0	0	0	1	1	0	101830	101831	0	0	0	0
1665	STR_QUEST_NAME_Q1665	5	STR_QUEST_ZONE04	1	4095	0	42	43	0	0	0	0	1	1	1	0	101832	101833	0	0	0	0
1666	STR_QUEST_NAME_Q1666	5	STR_QUEST_ZONE04	1	4095	0	42	43	0	0	0	0	1	1	1	0	101604	101834	0	0	0	0
1667	STR_QUEST_NAME_Q1667	5	STR_QUEST_ZONE04	1	4095	0	42	43	0	0	0	0	1	1	0	1	101835	101836	0	0	0	0
1668	STR_QUEST_NAME_Q1668	5	STR_QUEST_ZONE04	1	4095	0	43	44	101837	0	0	0	1	1	0	1	101604	101838	0	0	0	0
1669	STR_QUEST_NAME_Q1669	5	STR_QUEST_ZONE04	1	4095	0	46	48	0	0	0	0	1	1	1	0	101823	101839	0	0	0	0
1670	STR_QUEST_NAME_Q1670	5	STR_QUEST_ZONE04	1	4095	0	38	43	0	0	0	0	0	1	1	0	101840	101841	0	0	0	0
1671	STR_QUEST_NAME_Q1671	5	STR_QUEST_ZONE04	1	4095	0	41	41	0	0	0	0	0	1	1	0	101551	101842	0	0	0	0
1672	STR_QUEST_NAME_Q1672	5	STR_QUEST_ZONE04	1	4095	0	39	40	101843	0	0	0	0	1	1	0	101823	101844	0	0	0	0
1673	STR_QUEST_NAME_Q1673	5	STR_QUEST_ZONE04	1	4095	0	30	31	0	0	0	0	0	1	1	0	101845	101846	0	0	0	0
1674	STR_QUEST_NAME_Q1674	5	STR_QUEST_ZONE04	1	4095	0	33	36	0	0	0	0	0	1	1	0	101847	101848	0	0	0	0
1675	STR_QUEST_NAME_Q1675	5	STR_QUEST_ZONE04	1	4095	0	34	36	0	0	0	0	0	1	1	0	101849	101850	0	0	0	0
1676	STR_QUEST_NAME_Q1676	5	STR_QUEST_ZONE04	1	4095	0	35	36	0	0	0	0	0	1	1	0	101851	101850	0	0	0	0
1677	STR_QUEST_NAME_Q1677	5	STR_QUEST_ZONE04	1	4095	0	34	35	0	0	0	0	0	1	1	0	101852	101853	0	0	0	0
1678	STR_QUEST_NAME_Q1678	5	STR_QUEST_ZONE04	1	4095	0	40	43	0	0	0	0	0	1	1	0	101854	101855	0	0	0	0
1679	STR_QUEST_NAME_Q1679	5	STR_QUEST_ZONE04	1	4095	0	41	43	0	0	0	0	0	1	1	0	101812	101856	0	0	0	0
1680	STR_QUEST_NAME_Q1680	5	STR_QUEST_ZONE04	1	4095	0	38	40	0	0	0	0	0	1	1	0	101821	101857	0	0	0	0
1681	STR_QUEST_NAME_Q1681	5	STR_QUEST_ZONE04	1	4095	0	38	38	0	0	0	0	0	1	1	0	101684	101858	0	0	0	0
1682	STR_QUEST_NAME_Q1682	5	STR_QUEST_ZONE04	1	4095	0	39	39	0	0	0	0	0	1	1	0	101816	101859	0	0	0	0
1683	STR_QUEST_NAME_Q1683	5	STR_QUEST_ZONE04	1	4095	0	43	45	0	0	0	0	1	1	1	0	101821	101860	0	0	0	0
1684	STR_QUEST_NAME_Q1684	5	STR_QUEST_ZONE04	1	4095	0	43	45	101861	0	0	0	0	1	1	0	101862	101863	0	0	0	0
1685	STR_QUEST_NAME_Q1685	5	STR_QUEST_ZONE04	1	4095	0	43	45	101864	0	0	0	0	1	1	0	101862	101865	0	0	0	0
1686	STR_QUEST_NAME_Q1686	5	STR_QUEST_ZONE04	1	4095	0	43	45	101866	0	0	0	0	1	1	0	101540	101867	0	0	0	0
1687	STR_QUEST_NAME_Q1687	5	STR_QUEST_ZONE04	1	4095	0	44	46	0	0	0	0	0	1	0	0	101604	101868	101869	101870	0	0
1688	STR_QUEST_NAME_Q1688	5	STR_QUEST_ZONE04	1	4095	0	44	46	0	0	0	0	0	1	0	0	101604	101871	0	0	0	0
1689	STR_QUEST_NAME_Q1689	5	STR_QUEST_ZONE04	1	4095	0	44	46	0	0	0	0	0	1	0	0	101604	101872	0	0	0	0
1690	STR_QUEST_NAME_Q1690	5	STR_QUEST_ZONE04	1	4095	0	44	46	101873	0	0	0	0	1	0	0	101604	101874	101875	101875	101875	0
1691	STR_QUEST_NAME_Q1691	5	STR_QUEST_ZONE04	1	4095	0	38	40	101876	0	0	0	0	1	1	0	101877	101878	0	0	0	0
1692	STR_QUEST_NAME_Q1692	5	STR_QUEST_ZONE04	1	4095	0	38	40	101879	0	0	0	0	1	1	0	101877	101880	0	0	0	0
1693	STR_QUEST_NAME_Q1693	5	STR_QUEST_ZONE04	1	4095	0	38	40	101881	0	0	0	0	1	1	0	101877	101882	0	0	0	0
1701	STR_QUEST_NAME_Q1701	0	STR_QUEST_ZONE09	1	4095	0	25	25	0	0	0	0	0	0	1	0	100918	101883	0	0	0	0
1702	STR_QUEST_NAME_Q1702	5	STR_QUEST_ZONE09	1	4095	0	25	26	0	0	0	0	1	1	1	0	101884	101885	0	0	0	0
1703	STR_QUEST_NAME_Q1703	5	STR_QUEST_ZONE09	1	4095	0	25	27	101886	0	0	0	0	1	1	0	101884	101887	0	0	0	0
1704	STR_QUEST_NAME_Q1704	5	STR_QUEST_ZONE09	1	4095	0	25	28	101888	0	0	0	0	1	1	0	101884	101889	0	0	0	0
1705	STR_QUEST_NAME_Q1705	5	STR_QUEST_ZONE09	1	4095	0	25	29	101890	0	0	0	0	1	1	0	101884	101891	0	0	0	0
1706	STR_QUEST_NAME_Q1706	5	STR_QUEST_ZONE09	1	4095	0	25	30	101892	0	0	0	0	1	1	0	101884	101893	0	0	0	0
1707	STR_QUEST_NAME_Q1707	5	STR_QUEST_ZONE09	1	4095	0	25	31	101894	0	0	0	0	1	1	0	101895	101896	0	0	0	0
1708	STR_QUEST_NAME_Q1708	5	STR_QUEST_ZONE09	1	4095	0	25	32	101897	0	0	0	0	1	1	0	101895	101898	0	0	0	0
1709	STR_QUEST_NAME_Q1709	5	STR_QUEST_ZONE09	1	4095	0	25	33	101899	0	0	0	0	1	1	0	101895	101900	0	0	0	0
1710	STR_QUEST_NAME_Q1710	5	STR_QUEST_ZONE09	1	4095	0	25	34	101901	0	0	0	0	1	1	0	101895	101902	0	0	0	0
1715	STR_QUEST_NAME_Q1715	5	STR_QUEST_ZONE09	1	4095	0	37	38	0	0	0	0	1	1	0	1	101903	101904	0	0	0	0
1716	STR_QUEST_NAME_Q1716	5	STR_QUEST_ZONE09	1	4095	0	38	39	0	0	0	0	1	1	0	1	101905	101906	0	0	0	0
1717	STR_QUEST_NAME_Q1717	5	STR_QUEST_ZONE09	1	4095	0	25	25	0	101907	0	0	0	1	1	0	101908	101909	0	0	0	0
1718	STR_QUEST_NAME_Q1718	5	STR_QUEST_ZONE09	1	4095	0	25	40	0	0	0	0	0	1	0	0	101910	101911	0	0	0	101912
1719	STR_QUEST_NAME_Q1719	5	STR_QUEST_ZONE09	1	4095	0	40	40	101913	0	0	0	0	1	1	0	101914	101915	0	0	0	0
1720	STR_QUEST_NAME_Q1720	5	STR_QUEST_ZONE09	1	4095	0	40	45	101916	0	0	0	0	1	1	0	101914	101917	0	0	0	0
1721	STR_QUEST_NAME_Q1721	5	STR_QUEST_ZONE09	1	4095	0	25	25	101918	0	0	0	0	1	1	0	101914	101919	0	0	0	0
1722	STR_QUEST_NAME_Q1722	5	STR_QUEST_ZONE09	1	4095	0	25	25	0	0	0	0	0	1	1	0	101920	101921	0	0	0	0
1724	STR_QUEST_NAME_Q1724	5	STR_QUEST_ZONE09	1	4095	0	25	26	0	0	0	0	0	1	1	0	101922	101923	0	0	0	0
1725	STR_QUEST_NAME_Q1725	5	STR_QUEST_ZONE09	1	4095	0	27	27	0	0	0	0	0	1	1	0	101924	101925	0	0	0	0
1726	STR_QUEST_NAME_Q1726	5	STR_QUEST_ZONE09	1	4095	0	30	30	0	0	0	0	1	1	1	0	101922	101926	0	0	0	0
1727	STR_QUEST_NAME_Q1727	5	STR_QUEST_ZONE09	1	4095	0	31	31	0	0	0	0	1	1	1	0	101924	101927	0	0	0	0
1728	STR_QUEST_NAME_Q1728	5	STR_QUEST_ZONE09	1	4095	0	27	28	0	0	0	0	1	1	1	0	101928	101929	0	0	0	0
1729	STR_QUEST_NAME_Q1729	5	STR_QUEST_ZONE09	1	4095	0	25	25	0	0	0	0	0	1	1	0	101930	101931	0	0	0	0
1730	STR_QUEST_NAME_Q1730	5	STR_QUEST_ZONE09	1	4095	0	25	25	101932	0	0	0	0	1	1	0	101933	101934	0	0	0	0
1731	STR_QUEST_NAME_Q1731	5	STR_QUEST_ZONE09	1	4095	0	25	25	101935	0	0	0	0	1	10	0	101933	101936	0	0	0	0
1732	STR_QUEST_NAME_Q1732	5	STR_QUEST_ZONE09	1	4095	0	25	26	101937	0	0	0	0	1	1	0	101933	101938	0	0	0	0
1734	STR_QUEST_NAME_Q1734	5	STR_QUEST_ZONE09	1	4095	0	25	26	0	0	0	0	1	1	1	0	101939	101940	0	0	0	0
1735	STR_QUEST_NAME_Q1735	5	STR_QUEST_ZONE09	1	4095	0	25	29	101941	0	0	0	0	1	1	0	101939	101942	0	0	0	0
1736	STR_QUEST_NAME_Q1736	5	STR_QUEST_ZONE09	1	4095	0	37	39	0	0	0	0	1	1	1	0	101914	101943	0	0	0	0
1737	STR_QUEST_NAME_Q1737	5	STR_QUEST_ZONE09	1	4095	0	37	40	101944	0	0	0	0	1	0	0	101914	101945	0	0	0	0
1738	STR_QUEST_NAME_Q1738	5	STR_QUEST_ZONE09	1	4095	0	99	49	0	0	0	0	1	1	1	0	101914	101946	0	0	0	0
1739	STR_QUEST_NAME_Q1739	5	STR_QUEST_ZONE09	1	4095	0	47	50	101947	0	0	0	0	1	0	0	101914	101948	0	0	0	0
1741	STR_QUEST_NAME_Q1741	5	STR_QUEST_ZONE09	1	4095	0	25	25	0	0	0	0	1	1	1	0	101949	101950	0	0	0	0
1742	STR_QUEST_NAME_Q1742	5	STR_QUEST_ZONE09	1	4095	0	25	25	101951	0	0	0	0	1	150	0	101949	101952	0	0	0	0
1743	STR_QUEST_NAME_Q1743	5	STR_QUEST_ZONE09	1	4095	0	25	25	0	0	0	0	1	1	1	0	101953	101954	0	0	0	0
1744	STR_QUEST_NAME_Q1744	5	STR_QUEST_ZONE09	1	4095	0	25	26	0	0	0	0	1	1	1	0	101953	101955	0	0	0	0
1745	STR_QUEST_NAME_Q1745	5	STR_QUEST_ZONE09	1	4095	0	38	40	0	0	0	0	1	1	1	0	101956	101957	0	0	0	0
1746	STR_QUEST_NAME_Q1746	5	STR_QUEST_ZONE09	1	4095	0	38	40	0	0	0	0	1	1	200	0	101958	101959	0	0	0	0
1747	STR_QUEST_NAME_Q1747	5	STR_QUEST_ZONE09	1	4095	0	26	27	0	0	0	0	1	1	150	0	101960	101961	0	0	0	0
1748	STR_QUEST_NAME_Q1748	5	STR_QUEST_ZONE09	1	4095	0	38	40	0	0	0	0	1	1	1	0	101962	101963	0	0	0	0
1749	STR_QUEST_NAME_Q1749	5	STR_QUEST_ZONE09	1	4095	0	38	40	0	0	0	0	1	1	200	0	101964	101965	0	0	0	0
1751	STR_QUEST_NAME_Q1751	5	STR_QUEST_ZONE09	1	4095	0	27	29	0	0	0	0	1	1	1	0	101966	101967	0	0	0	0
1752	STR_QUEST_NAME_Q1752	5	STR_QUEST_ZONE09	1	4095	0	27	29	101968	0	0	0	0	1	150	0	101966	101969	0	0	0	0
1753	STR_QUEST_NAME_Q1753	5	STR_QUEST_ZONE09	1	4095	0	27	29	101970	0	0	0	0	1	0	1	101971	101972	0	0	0	0
1754	STR_QUEST_NAME_Q1754	5	STR_QUEST_ZONE09	1	4095	0	27	29	0	0	0	0	1	1	1	0	101971	101973	0	0	0	0
1755	STR_QUEST_NAME_Q1755	5	STR_QUEST_ZONE09	3	4095	0	26	27	0	0	0	0	1	1	1	0	101974	101975	0	0	0	0
1756	STR_QUEST_NAME_Q1756	5	STR_QUEST_ZONE09	3	4095	0	26	27	101976	0	0	0	0	1	150	0	101974	101977	0	0	0	0
1758	STR_QUEST_NAME_Q1758	5	STR_QUEST_ZONE09	1	4095	0	38	40	0	0	0	0	1	1	1	0	101978	101979	0	0	0	0
1759	STR_QUEST_NAME_Q1759	5	STR_QUEST_ZONE09	1	4095	0	38	40	0	0	0	0	1	1	200	0	101980	101959	0	0	0	0
1761	STR_QUEST_NAME_Q1761	5	STR_QUEST_ZONE09	1	4095	0	30	30	0	0	0	0	0	1	1	0	101981	101982	101983	0	0	0
1762	STR_QUEST_NAME_Q1762	5	STR_QUEST_ZONE09	1	4095	0	30	30	101984	0	0	0	0	1	1	0	101985	101986	0	0	0	0
1763	STR_QUEST_NAME_Q1763	5	STR_QUEST_ZONE09	1	4095	0	30	32	101987	0	0	0	0	1	1	0	101988	101989	0	0	0	0
1764	STR_QUEST_NAME_Q1764	5	STR_QUEST_ZONE09	1	4095	0	30	31	0	0	0	0	1	1	200	0	101990	101991	0	0	0	0
1765	STR_QUEST_NAME_Q1765	5	STR_QUEST_ZONE09	1	4095	0	31	33	0	0	0	0	1	1	1	0	101992	101993	0	0	0	0
1766	STR_QUEST_NAME_Q1766	5	STR_QUEST_ZONE09	1	4095	0	31	33	101994	0	0	0	0	1	1	0	101992	101995	0	0	0	0
1767	STR_QUEST_NAME_Q1767	5	STR_QUEST_ZONE09	1	4095	0	31	34	0	0	0	0	1	1	200	0	101996	101997	0	0	0	0
1768	STR_QUEST_NAME_Q1768	5	STR_QUEST_ZONE09	1	4095	0	38	40	0	0	0	0	1	1	1	0	101998	101999	0	0	0	0
1769	STR_QUEST_NAME_Q1769	5	STR_QUEST_ZONE09	1	4095	0	45	50	0	0	0	0	1	1	200	0	101996	102000	0	0	0	0
1771	STR_QUEST_NAME_Q1771	5	STR_QUEST_ZONE09	3	4095	0	31	32	0	0	0	0	1	1	1	0	102001	102002	0	0	0	0
1772	STR_QUEST_NAME_Q1772	5	STR_QUEST_ZONE09	3	4095	0	31	31	102003	0	0	0	0	1	200	0	102001	102004	0	0	0	0
1773	STR_QUEST_NAME_Q1773	5	STR_QUEST_ZONE09	1	4095	0	31	32	0	0	0	0	1	1	1	0	102005	102006	0	0	0	0
1774	STR_QUEST_NAME_Q1774	5	STR_QUEST_ZONE09	1	4095	0	32	32	0	0	0	0	1	1	1	0	102007	102008	0	0	0	0
1775	STR_QUEST_NAME_Q1775	5	STR_QUEST_ZONE09	1	4095	0	32	33	0	0	0	0	1	1	1	0	102007	102009	0	0	0	0
1776	STR_QUEST_NAME_Q1776	5	STR_QUEST_ZONE09	1	4095	0	31	31	0	0	0	0	1	1	1	0	102001	102010	0	0	0	0
1777	STR_QUEST_NAME_Q1777	5	STR_QUEST_ZONE09	1	4095	0	33	34	0	0	0	0	1	1	1	0	102005	102011	0	0	0	0
1778	STR_QUEST_NAME_Q1778	5	STR_QUEST_ZONE09	1	4095	0	38	40	0	0	0	0	1	1	1	0	102012	102013	0	0	0	0
1779	STR_QUEST_NAME_Q1779	5	STR_QUEST_ZONE09	1	4095	0	45	50	0	0	0	0	1	1	200	0	102005	102014	0	0	0	0
1781	STR_QUEST_NAME_Q1781	5	STR_QUEST_ZONE09	1	4095	0	38	39	0	0	0	0	1	1	200	0	102015	102016	0	0	0	0
1782	STR_QUEST_NAME_Q1782	5	STR_QUEST_ZONE09	1	4095	0	38	40	0	0	0	0	1	1	1	0	102017	102018	0	0	0	0
1784	STR_QUEST_NAME_Q1784	5	STR_QUEST_ZONE09	1	4095	0	38	40	0	0	0	0	1	1	1	0	102019	102020	0	0	0	0
1785	STR_QUEST_NAME_Q1785	5	STR_QUEST_ZONE09	1	4095	0	45	50	0	0	0	0	1	1	200	0	102021	102000	0	0	0	0
1786	STR_QUEST_NAME_Q1786	5	STR_QUEST_ZONE09	1	4095	0	37	40	0	0	0	0	1	1	1	0	102022	102023	0	0	0	0
1787	STR_QUEST_NAME_Q1787	5	STR_QUEST_ZONE09	1	4095	0	38	40	0	0	0	0	1	1	1	0	102024	102025	0	0	0	0
1789	STR_QUEST_NAME_Q1789	5	STR_QUEST_ZONE09	1	4095	0	38	40	0	0	0	0	1	1	1	0	102026	102027	0	0	0	0
1790	STR_QUEST_NAME_Q1790	5	STR_QUEST_ZONE09	1	4095	0	45	50	0	0	0	0	1	1	200	0	102028	102014	0	0	0	0
1791	STR_QUEST_NAME_Q1791	5	STR_QUEST_ZONE09	1	4095	0	37	38	0	0	0	0	1	1	200	0	102029	102030	0	0	0	0
1792	STR_QUEST_NAME_Q1792	5	STR_QUEST_ZONE09	1	4095	0	38	40	0	0	0	0	1	1	1	0	102031	102032	0	0	0	0
1793	STR_QUEST_NAME_Q1793	5	STR_QUEST_ZONE09	1	4095	0	37	39	0	0	0	0	1	1	1	0	102033	102034	0	0	0	0
1794	STR_QUEST_NAME_Q1794	5	STR_QUEST_ZONE09	1	4095	0	38	40	0	0	0	0	1	1	1	0	102035	102036	0	0	0	0
1795	STR_QUEST_NAME_Q1795	5	STR_QUEST_ZONE09	1	4095	0	45	50	0	0	0	0	1	1	200	0	102037	102000	0	0	0	0
1796	STR_QUEST_NAME_Q1796	2	STR_QUEST_ZONE09	1	4095	0	35	36	102038	0	0	0	0	1	1	0	102039	102040	0	0	0	0
1797	STR_QUEST_NAME_Q1797	2	STR_QUEST_ZONE09	1	4095	0	35	36	102041	0	0	0	0	1	1	0	102039	102042	0	0	0	0
1798	STR_QUEST_NAME_Q1798	5	STR_QUEST_ZONE09	1	4095	0	38	40	0	0	0	0	0	1	1	0	102043	102044	0	0	0	0
1799	STR_QUEST_NAME_Q1799	2	STR_QUEST_ZONE09	1	4095	0	35	36	102045	0	0	0	0	1	1	0	102046	102047	0	0	0	0
1800	STR_QUEST_NAME_Q1800	2	STR_QUEST_ZONE09	1	4095	0	35	36	102048	0	0	0	0	1	1	0	102039	102049	0	0	0	0
1801	STR_QUEST_NAME_Q1801	5	STR_QUEST_ZONE09	1	4095	0	39	40	0	0	0	0	1	1	200	0	102050	102051	0	0	0	0
1802	STR_QUEST_NAME_Q1802	5	STR_QUEST_ZONE09	1	4095	0	39	40	0	0	0	0	1	1	200	0	102052	102053	0	0	0	0
1803	STR_QUEST_NAME_Q1803	5	STR_QUEST_ZONE09	1	4095	0	39	40	0	0	0	0	1	1	200	0	102054	102051	0	0	0	0
1804	STR_QUEST_NAME_Q1804	5	STR_QUEST_ZONE09	1	4095	0	39	40	0	0	0	0	1	1	200	0	101960	102053	0	0	0	0
1805	STR_QUEST_NAME_Q1805	5	STR_QUEST_ZONE09	1	4095	0	39	40	0	0	0	0	1	1	200	0	101980	102051	0	0	0	0
1806	STR_QUEST_NAME_Q1806	5	STR_QUEST_ZONE09	1	4095	0	39	40	0	0	0	0	1	1	200	0	101966	102053	0	0	0	0
1808	STR_QUEST_NAME_Q1808	5	STR_QUEST_ZONE09	1	4095	0	46	50	0	0	0	0	1	1	200	0	101996	102055	0	0	0	0
1809	STR_QUEST_NAME_Q1809	5	STR_QUEST_ZONE09	1	4095	0	46	50	0	0	0	0	1	1	200	0	102007	102056	0	0	0	0
1810	STR_QUEST_NAME_Q1810	5	STR_QUEST_ZONE09	1	4095	0	46	50	0	0	0	0	1	1	200	0	102005	102055	0	0	0	0
1811	STR_QUEST_NAME_Q1811	5	STR_QUEST_ZONE09	1	4095	0	99	50	0	0	0	0	1	1	200	0	102021	102056	0	0	0	0
1812	STR_QUEST_NAME_Q1812	5	STR_QUEST_ZONE09	1	4095	0	46	50	0	0	0	0	1	1	200	0	102057	102055	0	0	0	0
1813	STR_QUEST_NAME_Q1813	5	STR_QUEST_ZONE09	1	4095	0	99	50	0	0	0	0	1	1	200	0	102058	102056	0	0	0	0
1814	STR_QUEST_NAME_Q1814	5	STR_QUEST_ZONE09	1	4095	0	46	50	0	0	0	0	1	1	200	0	102028	102055	0	0	0	0
1815	STR_QUEST_NAME_Q1815	5	STR_QUEST_ZONE09	1	4095	0	99	50	0	0	0	0	1	1	200	0	102059	102056	0	0	0	0
1816	STR_QUEST_NAME_Q1816	5	STR_QUEST_ZONE09	1	4095	0	46	50	0	0	0	0	1	1	200	0	102037	102055	0	0	0	0
1818	STR_QUEST_NAME_Q1818	5	STR_QUEST_ZONE09	1	4095	0	25	26	0	0	0	0	1	1	150	0	101962	102060	0	0	0	0
1819	STR_QUEST_NAME_Q1819	5	STR_QUEST_ZONE09	1	4095	0	28	29	0	0	0	0	1	1	150	0	101978	102061	0	0	0	0
1820	STR_QUEST_NAME_Q1820	5	STR_QUEST_ZONE09	1	4095	0	30	31	0	0	0	0	1	1	200	0	101998	102062	0	0	0	0
1821	STR_QUEST_NAME_Q1821	5	STR_QUEST_ZONE09	1	4095	0	30	30	0	0	0	0	1	1	200	0	102012	102063	0	0	0	0
1822	STR_QUEST_NAME_Q1822	5	STR_QUEST_ZONE09	1	4095	0	38	38	0	0	0	0	1	1	200	0	102019	102064	0	0	0	0
1823	STR_QUEST_NAME_Q1823	5	STR_QUEST_ZONE09	1	4095	0	37	38	0	0	0	0	1	1	200	0	102026	102065	0	0	0	0
1824	STR_QUEST_NAME_Q1824	5	STR_QUEST_ZONE09	1	4095	0	37	38	0	0	0	0	1	1	200	0	102035	102066	0	0	0	0
1825	STR_QUEST_NAME_Q1825	5	STR_QUEST_ZONE09	1	4095	0	49	50	0	0	0	0	1	1	1	0	102067	102068	0	0	0	0
1826	STR_QUEST_NAME_Q1826	5	STR_QUEST_ZONE09	1	4095	0	49	50	102069	0	0	0	0	1	0	0	102067	102070	0	0	0	0
1833	STR_QUEST_NAME_Q1833	8	STR_QUEST_ZONE09	1	4095	0	30	40	0	0	0	0	0	1	0	0	102071	102072	102073	102074	102075	0
1834	STR_QUEST_NAME_Q1834	8	STR_QUEST_ZONE09	1	4095	0	30	40	0	0	0	0	0	1	0	0	102076	102073	102075	102077	102078	0
1835	STR_QUEST_NAME_Q1835	8	STR_QUEST_ZONE09	1	4095	0	30	40	0	0	0	0	0	1	0	0	102079	102080	102081	102078	102082	0
1836	STR_QUEST_NAME_Q1836	8	STR_QUEST_ZONE09	1	4095	0	30	40	0	0	0	0	0	1	0	0	102083	102081	102082	102084	102085	0
1837	STR_QUEST_NAME_Q1837	5	STR_QUEST_ZONE09	1	4095	0	30	35	0	0	0	0	1	1	200	0	102086	102087	0	0	0	0
1838	STR_QUEST_NAME_Q1838	5	STR_QUEST_ZONE09	1	4095	0	30	35	0	0	0	0	1	1	200	0	102088	102089	0	0	0	0
1839	STR_QUEST_NAME_Q1839	5	STR_QUEST_ZONE09	1	4095	0	30	35	0	0	0	0	1	1	200	0	102090	102087	0	0	0	0
1840	STR_QUEST_NAME_Q1840	5	STR_QUEST_ZONE09	1	4095	0	40	45	0	0	0	0	1	1	200	0	102091	102092	0	0	0	0
1841	STR_QUEST_NAME_Q1841	5	STR_QUEST_ZONE09	1	4095	0	40	45	0	0	0	0	1	1	200	0	102093	102092	0	0	0	0
1842	STR_QUEST_NAME_Q1842	5	STR_QUEST_ZONE09	1	4095	0	40	45	0	0	0	0	1	1	200	0	102094	102095	0	0	0	0
1843	STR_QUEST_NAME_Q1843	5	STR_QUEST_ZONE09	1	4095	0	40	45	0	0	0	0	1	1	200	0	102096	102095	0	0	0	0
1844	STR_QUEST_NAME_Q1844	5	STR_QUEST_ZONE09	1	4095	0	40	45	0	0	0	0	1	1	200	0	102097	102095	0	0	0	0
1845	STR_QUEST_NAME_Q1845	5	STR_QUEST_ZONE09	1	4095	0	33	35	0	0	0	0	0	1	1	0	102098	102099	0	0	0	0
1846	STR_QUEST_NAME_Q1846	5	STR_QUEST_ZONE09	1	4095	0	43	45	0	0	0	0	0	1	1	0	102100	102101	0	0	0	0
1847	STR_QUEST_NAME_Q1847	5	STR_QUEST_ZONE09	1	4095	0	43	45	0	0	0	0	0	1	1	0	102102	102103	0	0	0	0
1848	STR_QUEST_NAME_Q1848	5	STR_QUEST_ZONE09	1	4095	0	43	45	0	0	0	0	1	1	0	0	102104	102105	0	0	0	0
1849	STR_QUEST_NAME_Q1849	8	STR_QUEST_ZONE09	3	4095	0	99	40	0	0	0	0	0	1	0	0	102106	102075	102078	102107	102084	0
1850	STR_QUEST_NAME_Q1850	8	STR_QUEST_ZONE09	3	4095	0	99	40	0	0	0	0	0	1	0	0	102108	102078	102084	102109	102110	0
1851	STR_QUEST_NAME_Q1851	5	STR_QUEST_ZONE09	1	4095	0	29	30	0	0	0	0	1	1	1	0	102111	102112	0	0	0	0
1900	STR_QUEST_NAME_Q1900	5	STR_QUEST_ZONE19	1	4095	0	10	10	0	0	0	0	0	1	1	0	102113	102114	0	0	0	0
1901	STR_QUEST_NAME_Q1901	5	STR_QUEST_ZONE19	1	4095	0	10	10	0	0	0	0	0	1	1	0	102115	102116	0	0	0	0
1902	STR_QUEST_NAME_Q1902	5	STR_QUEST_ZONE19	1	4095	0	10	10	0	0	0	0	1	1	1	0	102117	102118	0	0	0	0
1903	STR_QUEST_NAME_Q1903	5	STR_QUEST_ZONE19	1	4095	0	10	10	0	0	0	0	1	1	1	0	102119	102120	0	0	0	0
1904	STR_QUEST_NAME_Q1904	5	STR_QUEST_ZONE19	1	4095	0	10	10	0	0	0	0	1	1	1	0	102121	102122	0	0	0	0
1905	STR_QUEST_NAME_Q1905	5	STR_QUEST_ZONE19	1	4095	0	10	10	0	0	0	0	1	1	1	0	102123	102124	0	0	0	0
1906	STR_QUEST_NAME_Q1906	5	STR_QUEST_ZONE19	1	4095	0	10	10	0	0	0	0	1	1	1	0	101639	102125	0	0	0	0
1907	STR_QUEST_NAME_Q1907	5	STR_QUEST_ZONE19	1	4095	0	10	10	0	0	0	0	1	1	1	0	102126	102127	0	0	0	0
1908	STR_QUEST_NAME_Q1908	5	STR_QUEST_ZONE19	1	4095	0	10	10	101311	0	0	0	0	1	1	0	102128	102129	102130	102131	0	0
1909	STR_QUEST_NAME_Q1909	5	STR_QUEST_ZONE19	1	4095	0	10	10	0	0	0	0	0	1	1	0	102132	102133	0	0	0	0
1910	STR_QUEST_NAME_Q1910	5	STR_QUEST_ZONE19	1	4095	0	10	12	0	0	0	0	1	1	1	0	102134	102135	0	0	0	0
1911	STR_QUEST_NAME_Q1911	5	STR_QUEST_ZONE19	1	4095	0	10	14	0	0	0	0	1	1	1	0	102128	102136	0	0	0	0
1912	STR_QUEST_NAME_Q1912	5	STR_QUEST_ZONE19	1	4095	0	15	16	0	0	0	0	1	1	1	0	102128	102137	0	0	0	0
1913	STR_QUEST_NAME_Q1913	2	STR_QUEST_ZONE21	1	48	0	10	10	102138	0	0	0	0	0	1	0	102139	102140	102141	102141	102141	0
1914	STR_QUEST_NAME_Q1914	2	STR_QUEST_ZONE21	1	768	0	10	10	102142	0	0	0	0	0	1	0	102143	102144	102145	102145	102145	0
1915	STR_QUEST_NAME_Q1915	2	STR_QUEST_ZONE21	1	3072	0	10	10	102146	0	0	0	0	0	1	0	102147	102148	102149	102149	102149	0
1916	STR_QUEST_NAME_Q1916	2	STR_QUEST_ZONE21	1	192	0	10	10	102150	0	0	0	0	0	1	0	102151	102152	102153	102153	102153	0
1917	STR_QUEST_NAME_Q1917	5	STR_QUEST_ZONE19	1	4095	0	10	11	102154	0	0	0	0	1	1	0	102155	102156	102157	102158	0	0
1918	STR_QUEST_NAME_Q1918	5	STR_QUEST_ZONE19	1	4095	0	10	11	102159	0	0	0	0	1	1	0	102155	102160	0	0	0	0
1920	STR_QUEST_NAME_Q1920	0	STR_QUEST_ZONE22	1	4095	0	25	25	0	0	0	0	0	0	1	0	100918	102161	0	0	0	0
1921	STR_QUEST_NAME_Q1921	0	STR_QUEST_ZONE22	1	4095	0	25	25	102162	0	0	0	0	0	1	0	100918	102163	0	0	0	0
1922	STR_QUEST_NAME_Q1922	0	STR_QUEST_ZONE22	1	4095	0	25	25	102164	0	0	0	0	0	1	0	100918	102165	102166	102166	0	0
1926	STR_QUEST_NAME_Q1926	5	STR_QUEST_ZONE19	1	4095	0	20	20	0	0	0	0	0	1	1	0	102167	102168	0	0	0	0
1928	STR_QUEST_NAME_Q1928	5	STR_QUEST_ZONE19	1	4095	0	19	20	0	0	0	0	1	1	1	0	102169	102170	0	0	0	0
1929	STR_QUEST_NAME_Q1929	0	STR_QUEST_ZONE19	1	4095	0	20	20	0	0	0	0	0	0	1	0	100918	102171	102172	102172	102172	0
1930	STR_QUEST_NAME_Q1930	5	STR_QUEST_ZONE19	1	4095	0	32	37	0	101341	0	0	1	1	1	0	102173	102174	0	0	0	0
1931	STR_QUEST_NAME_Q1931	5	STR_QUEST_ZONE19	1	4095	0	35	41	70817	0	0	0	0	1	1	0	102175	102176	0	0	0	0
1932	STR_QUEST_NAME_Q1932	5	STR_QUEST_ZONE19	1	4095	0	38	40	0	0	0	0	1	1	1	0	101168	102177	0	0	0	0
1933	STR_QUEST_NAME_Q1933	5	STR_QUEST_ZONE19	1	4095	0	41	42	0	0	0	0	1	1	1	0	102134	102178	0	0	0	0
1934	STR_QUEST_NAME_Q1934	5	STR_QUEST_ZONE19	1	4095	0	41	43	102179	0	0	0	0	1	1	0	102134	102180	0	0	0	0
1935	STR_QUEST_NAME_Q1935	5	STR_QUEST_ZONE19	1	4095	0	41	43	102181	0	0	0	0	1	1	0	102134	102182	0	0	0	0
1936	STR_QUEST_NAME_Q1936	5	STR_QUEST_ZONE19	1	4095	0	41	43	102183	0	0	0	0	1	1	0	102134	101815	0	0	0	0
1937	STR_QUEST_NAME_Q1937	5	STR_QUEST_ZONE19	1	4095	0	41	44	102184	0	0	0	0	1	1	0	102134	102185	0	0	0	0
1938	STR_QUEST_NAME_Q1938	5	STR_QUEST_ZONE19	1	4095	0	36	37	102186	0	0	0	0	1	1	0	102187	102188	0	0	0	0
1939	STR_QUEST_NAME_Q1939	5	STR_QUEST_ZONE19	1	4095	0	36	39	102189	0	0	0	0	1	1	0	102187	102190	0	0	0	0
1940	STR_QUEST_NAME_Q1940	5	STR_QUEST_ZONE19	1	4095	0	29	30	0	0	0	0	0	0	1	0	100918	102191	0	0	0	0
1941	STR_QUEST_NAME_Q1941	3	STR_QUEST_ZONE19	1	4095	0	29	30	102192	0	0	0	0	1	1	0	102117	102193	0	0	0	0
1942	STR_QUEST_NAME_Q1942	3	STR_QUEST_ZONE19	1	4095	0	29	30	102194	0	0	0	0	1	1	0	102119	102195	0	0	0	0
1943	STR_QUEST_NAME_Q1943	3	STR_QUEST_ZONE19	1	4095	0	29	30	102196	0	0	0	0	1	1	0	102123	102197	0	0	0	0
1944	STR_QUEST_NAME_Q1944	3	STR_QUEST_ZONE19	1	4095	0	29	30	102198	0	0	0	0	1	1	0	102121	102199	0	0	0	0
1945	STR_QUEST_NAME_Q1945	3	STR_QUEST_ZONE19	1	4095	0	29	30	102200	0	0	0	0	1	1	0	101639	102201	0	0	0	0
1946	STR_QUEST_NAME_Q1946	3	STR_QUEST_ZONE19	1	4095	0	29	30	102202	0	0	0	0	1	1	0	102126	102203	0	0	0	0
1947	STR_QUEST_NAME_Q1947	2	STR_QUEST_ZONE19	1	4095	0	29	30	0	0	0	0	1	1	1	0	102204	102205	0	0	0	0
1948	STR_QUEST_NAME_Q1948	2	STR_QUEST_ZONE19	1	4095	0	35	36	102206	0	0	0	0	1	1	0	102207	102208	0	0	0	0
1949	STR_QUEST_NAME_Q1949	2	STR_QUEST_ZONE19	1	4095	0	35	36	102209	0	0	0	0	1	1	0	102210	102211	0	0	0	0
1950	STR_QUEST_NAME_Q1950	5	STR_QUEST_ZONE19	1	4095	0	26	26	102212	0	0	0	0	1	1	0	102213	102214	0	0	0	0
1951	STR_QUEST_NAME_Q1951	5	STR_QUEST_ZONE19	1	4095	0	25	26	102215	0	0	0	0	1	1	0	102117	102216	0	0	0	0
1952	STR_QUEST_NAME_Q1952	5	STR_QUEST_ZONE19	1	4095	0	25	26	102217	0	0	0	0	1	1	0	102119	102216	0	0	0	0
1953	STR_QUEST_NAME_Q1953	5	STR_QUEST_ZONE19	1	4095	0	25	26	102218	0	0	0	0	1	1	0	102123	102216	0	0	0	0
1954	STR_QUEST_NAME_Q1954	5	STR_QUEST_ZONE19	1	4095	0	25	26	102219	0	0	0	0	1	1	0	102121	102216	0	0	0	0
1955	STR_QUEST_NAME_Q1955	5	STR_QUEST_ZONE19	1	4095	0	25	26	102220	0	0	0	0	1	1	0	101639	102216	0	0	0	0
1956	STR_QUEST_NAME_Q1956	5	STR_QUEST_ZONE19	1	4095	0	25	26	102221	0	0	0	0	1	1	0	102126	102216	0	0	0	0
1963	STR_QUEST_NAME_Q1963	5	STR_QUEST_ZONE19	1	4095	0	10	10	0	0	0	0	0	1	100	0	102222	102223	0	0	0	0
1964	STR_QUEST_NAME_Q1964	5	STR_QUEST_ZONE19	1	4095	0	19	19	0	0	0	0	0	1	10	0	102222	102224	0	0	0	0
1965	STR_QUEST_NAME_Q1965	5	STR_QUEST_ZONE19	1	4095	0	15	25	0	0	0	0	0	1	0	0	102225	102226	0	0	0	0
1966	STR_QUEST_NAME_Q1966	5	STR_QUEST_ZONE19	1	4095	0	15	25	0	0	0	0	0	1	0	0	102227	102226	0	0	0	0
1967	STR_QUEST_NAME_Q1967	5	STR_QUEST_ZONE19	1	4095	0	15	25	0	0	0	0	0	1	0	0	102228	102226	0	0	0	0
1968	STR_QUEST_NAME_Q1968	5	STR_QUEST_ZONE19	1	4095	0	15	25	0	0	0	0	0	1	0	0	102229	102226	0	0	0	0
1969	STR_QUEST_NAME_Q1969	5	STR_QUEST_ZONE19	1	4095	0	15	25	0	0	0	0	0	1	0	0	102230	102226	0	0	0	0
1970	STR_QUEST_NAME_Q1970	5	STR_QUEST_ZONE19	1	4095	0	15	25	0	0	0	0	0	1	0	0	102231	102226	0	0	0	0
1971	STR_QUEST_NAME_Q1971	5	STR_QUEST_ZONE19	1	4095	0	20	22	0	0	0	0	1	1	1	0	102232	102233	0	0	0	0
1972	STR_QUEST_NAME_Q1972	3	STR_QUEST_ZONE19	1	4095	0	29	30	102234	0	0	0	0	1	1	0	102117	102235	0	0	0	0
1973	STR_QUEST_NAME_Q1973	3	STR_QUEST_ZONE19	1	4095	0	29	30	102236	0	0	0	0	1	1	0	102117	102235	0	0	0	0
1974	STR_QUEST_NAME_Q1974	3	STR_QUEST_ZONE19	1	4095	0	29	30	102237	0	0	0	0	1	1	0	102119	102235	0	0	0	0
1975	STR_QUEST_NAME_Q1975	3	STR_QUEST_ZONE19	1	4095	0	29	30	102238	0	0	0	0	1	1	0	102119	102235	0	0	0	0
1976	STR_QUEST_NAME_Q1976	3	STR_QUEST_ZONE19	1	4095	0	29	30	102239	0	0	0	0	1	1	0	102123	102235	0	0	0	0
1977	STR_QUEST_NAME_Q1977	3	STR_QUEST_ZONE19	1	4095	0	29	30	102240	0	0	0	0	1	1	0	102123	102235	0	0	0	0
1978	STR_QUEST_NAME_Q1978	3	STR_QUEST_ZONE19	1	4095	0	29	30	102241	0	0	0	0	1	1	0	102121	102235	0	0	0	0
1979	STR_QUEST_NAME_Q1979	3	STR_QUEST_ZONE19	1	4095	0	29	30	102242	0	0	0	0	1	1	0	102121	102235	0	0	0	0
1980	STR_QUEST_NAME_Q1980	3	STR_QUEST_ZONE19	1	4095	0	29	30	102243	0	0	0	0	1	1	0	101639	102235	0	0	0	0
1981	STR_QUEST_NAME_Q1981	3	STR_QUEST_ZONE19	1	4095	0	29	30	102244	0	0	0	0	1	1	0	101639	102235	0	0	0	0
1982	STR_QUEST_NAME_Q1982	3	STR_QUEST_ZONE19	1	4095	0	29	30	102245	0	0	0	0	1	1	0	102126	102235	0	0	0	0
1983	STR_QUEST_NAME_Q1983	3	STR_QUEST_ZONE19	1	4095	0	29	30	102246	0	0	0	0	1	1	0	102126	102235	0	0	0	0
1986	STR_QUEST_NAME_Q1986	5	STR_QUEST_ZONE19	1	4095	0	20	20	0	0	0	0	1	1	1	0	102247	102248	0	0	0	0
1987	STR_QUEST_NAME_Q1987	2	STR_QUEST_ZONE19	1	4095	0	29	30	0	0	0	0	0	1	1	0	102249	102235	0	0	0	0
1988	STR_QUEST_NAME_Q1988	5	STR_QUEST_ZONE27	1	4095	0	30	30	0	0	0	0	1	1	1	0	102250	102251	0	0	0	0
1989	STR_QUEST_NAME_Q1989	5	STR_QUEST_ZONE27	1	4095	0	30	30	102252	0	0	0	0	1	1	0	102253	102254	102255	102255	102255	0
1990	STR_QUEST_NAME_Q1990	5	STR_QUEST_ZONE27	1	4095	0	30	30	102256	0	0	0	0	1	1	0	102253	102257	102258	102258	102258	0
1993	STR_QUEST_NAME_Q1993	5	STR_QUEST_ZONE27	1	4095	0	30	30	0	0	0	0	1	1	0	0	102259	102260	102261	102262	102263	0
1994	STR_QUEST_NAME_Q1994	5	STR_QUEST_ZONE27	1	4095	0	30	30	0	0	0	0	1	1	0	0	102264	102265	102266	102267	102268	0
2000	STR_QUEST_NAME_Q2000	5	STR_QUEST_ZONE05	2	4095	0	1	1	0	0	0	0	0	0	1	0	0	0	0	0	0	0
2001	STR_QUEST_NAME_Q2001	0	STR_QUEST_ZONE05	2	4095	0	1	3	0	0	0	0	0	0	1	0	0	102269	0	0	0	0
2002	STR_QUEST_NAME_Q2002	0	STR_QUEST_ZONE05	2	4095	0	1	5	0	0	0	0	0	0	1	0	0	102270	0	0	0	0
2003	STR_QUEST_NAME_Q2003	0	STR_QUEST_ZONE05	2	4095	0	2	6	0	0	0	0	0	0	1	0	0	102271	0	0	0	0
2004	STR_QUEST_NAME_Q2004	0	STR_QUEST_ZONE05	2	4095	0	3	7	102272	0	0	0	0	0	1	0	0	102273	0	0	0	0
2005	STR_QUEST_NAME_Q2005	0	STR_QUEST_ZONE05	2	4095	0	4	8	0	0	0	0	0	0	1	0	0	102274	0	0	0	0
2006	STR_QUEST_NAME_Q2006	0	STR_QUEST_ZONE05	2	4095	0	4	8	102275	0	0	0	0	0	1	0	0	102276	0	0	0	0
2007	STR_QUEST_NAME_Q2007	0	STR_QUEST_ZONE05	2	4095	0	4	9	102277	0	0	0	0	0	1	0	0	102278	0	0	0	0
2008	STR_QUEST_NAME_Q2008	0	STR_QUEST_ZONE21	2	4095	0	9	9	0	0	0	0	0	0	1	0	100918	100919	0	0	0	0
2009	STR_QUEST_NAME_Q2009	0	STR_QUEST_ZONE21	2	4095	0	9	9	102279	0	0	0	0	0	1	0	100918	102280	102281	102282	102283	0
2010	STR_QUEST_NAME_Q2010	0	STR_QUEST_ZONE21	2	4095	0	1	1	0	0	0	0	0	0	1	0	0	102284	0	0	0	0
2011	STR_QUEST_NAME_Q2011	0	STR_QUEST_ZONE06	2	4095	0	10	10	0	0	0	0	0	0	1	0	0	102285	100925	100925	100925	0
2012	STR_QUEST_NAME_Q2012	0	STR_QUEST_ZONE06	2	4095	0	10	10	0	0	0	0	0	0	1	0	0	102286	0	0	0	0
2013	STR_QUEST_NAME_Q2013	0	STR_QUEST_ZONE06	2	4095	0	10	11	0	0	0	0	0	0	1	0	0	102287	0	0	0	0
2014	STR_QUEST_NAME_Q2014	0	STR_QUEST_ZONE06	2	4095	0	10	12	0	0	0	0	0	0	1	0	0	102288	0	0	0	0
2015	STR_QUEST_NAME_Q2015	0	STR_QUEST_ZONE06	2	4095	0	10	15	102289	0	0	0	0	0	1	0	0	102290	0	0	0	0
2016	STR_QUEST_NAME_Q2016	0	STR_QUEST_ZONE06	2	4095	0	10	14	0	0	0	0	0	0	1	0	0	102291	0	0	0	0
2017	STR_QUEST_NAME_Q2017	0	STR_QUEST_ZONE06	2	4095	0	12	17	102292	0	0	0	0	0	1	0	0	102293	0	0	0	0
2018	STR_QUEST_NAME_Q2018	0	STR_QUEST_ZONE06	2	4095	0	13	18	0	0	0	0	0	0	1	0	0	102294	0	0	0	0
2019	STR_QUEST_NAME_Q2019	0	STR_QUEST_ZONE06	2	4095	0	13	18	0	0	0	0	0	0	1	0	0	102295	0	0	0	0
2020	STR_QUEST_NAME_Q2020	0	STR_QUEST_ZONE06	2	4095	0	14	19	0	0	0	0	0	0	1	0	0	102296	0	0	0	0
2021	STR_QUEST_NAME_Q2021	0	STR_QUEST_ZONE06	2	4095	0	12	17	0	0	0	0	0	0	1	0	0	102297	0	0	0	0
2022	STR_QUEST_NAME_Q2022	0	STR_QUEST_ZONE06	2	4095	0	12	20	102298	0	0	0	0	0	1	0	0	102299	0	0	0	0
2031	STR_QUEST_NAME_Q2031	0	STR_QUEST_ZONE07	2	4095	0	19	23	0	0	0	0	0	0	1	0	0	102300	0	0	0	0
2032	STR_QUEST_NAME_Q2032	0	STR_QUEST_ZONE07	2	4095	0	20	25	0	0	0	0	0	0	1	0	0	102301	0	0	0	0
2033	STR_QUEST_NAME_Q2033	0	STR_QUEST_ZONE07	2	4095	0	22	27	0	0	0	0	0	0	1	0	0	102302	0	0	0	0
2034	STR_QUEST_NAME_Q2034	0	STR_QUEST_ZONE07	2	4095	0	25	30	0	0	0	0	0	0	1	0	0	102303	0	0	0	0
2035	STR_QUEST_NAME_Q2035	0	STR_QUEST_ZONE07	2	4095	0	27	32	0	0	0	0	0	0	1	0	0	102304	0	0	0	0
2036	STR_QUEST_NAME_Q2036	0	STR_QUEST_ZONE07	2	4095	0	29	34	102305	0	0	0	0	0	1	0	0	102306	0	0	0	0
2037	STR_QUEST_NAME_Q2037	0	STR_QUEST_ZONE07	2	4095	0	31	36	0	0	0	0	0	0	1	0	0	102307	0	0	0	0
2038	STR_QUEST_NAME_Q2038	0	STR_QUEST_ZONE07	2	4095	0	33	38	0	0	0	0	0	0	1	0	0	102308	0	0	0	0
2039	STR_QUEST_NAME_Q2039	0	STR_QUEST_ZONE07	2	4095	0	32	37	0	0	0	0	0	0	1	0	0	102309	0	0	0	0
2040	STR_QUEST_NAME_Q2040	0	STR_QUEST_ZONE07	2	4095	0	34	39	102310	0	0	0	0	0	1	0	0	102311	0	0	0	0
2041	STR_QUEST_NAME_Q2041	0	STR_QUEST_ZONE07	2	4095	0	34	40	102312	0	0	0	0	0	1	0	0	102313	102314	102314	102314	0
2042	STR_QUEST_NAME_Q2042	0	STR_QUEST_ZONE22	2	4095	0	25	25	102315	0	0	0	0	0	1	0	0	102316	100958	100958	100958	0
2051	STR_QUEST_NAME_Q2051	0	STR_QUEST_ZONE08	2	4095	0	30	32	0	0	0	0	0	0	1	0	0	102317	0	0	0	0
2052	STR_QUEST_NAME_Q2052	0	STR_QUEST_ZONE08	2	4095	0	30	34	0	0	0	0	0	0	1	0	0	102318	0	0	0	0
2053	STR_QUEST_NAME_Q2053	0	STR_QUEST_ZONE08	2	4095	0	31	36	0	0	0	0	0	0	1	0	0	102319	0	0	0	0
2054	STR_QUEST_NAME_Q2054	0	STR_QUEST_ZONE08	2	4095	0	35	40	0	0	0	0	0	0	1	0	0	102320	0	0	0	0
2055	STR_QUEST_NAME_Q2055	0	STR_QUEST_ZONE08	2	4095	0	38	43	102321	0	0	0	0	0	1	0	0	102322	0	0	0	0
2056	STR_QUEST_NAME_Q2056	0	STR_QUEST_ZONE08	2	4095	0	32	37	0	0	0	0	0	0	1	0	0	102323	0	0	0	0
2057	STR_QUEST_NAME_Q2057	0	STR_QUEST_ZONE08	2	4095	0	38	43	102324	0	0	0	0	0	1	0	0	102325	0	0	0	0
2058	STR_QUEST_NAME_Q2058	0	STR_QUEST_ZONE08	2	4095	0	40	45	102326	0	0	0	0	0	1	0	0	102327	0	0	0	0
2059	STR_QUEST_NAME_Q2059	0	STR_QUEST_ZONE08	2	4095	0	38	43	102328	0	0	0	0	0	1	0	0	102329	0	0	0	0
2060	STR_QUEST_NAME_Q2060	0	STR_QUEST_ZONE08	2	4095	0	39	44	0	0	0	0	0	0	1	0	0	102330	0	0	0	0
2061	STR_QUEST_NAME_Q2061	0	STR_QUEST_ZONE08	2	4095	0	39	48	102331	0	0	0	0	0	1	0	0	102332	0	0	0	0
2071	STR_QUEST_NAME_Q2071	0	STR_QUEST_ZONE09	2	4095	0	25	27	0	0	0	0	0	0	1	0	0	102333	0	0	0	0
2072	STR_QUEST_NAME_Q2072	0	STR_QUEST_ZONE09	2	4095	0	25	25	0	0	0	0	0	0	1	0	0	102334	0	0	0	0
2073	STR_QUEST_NAME_Q2073	0	STR_QUEST_ZONE09	2	4095	0	25	28	0	0	0	0	0	0	1	0	0	102335	0	0	0	0
2074	STR_QUEST_NAME_Q2074	0	STR_QUEST_ZONE09	2	4095	0	26	31	0	0	0	0	0	0	1	0	0	102336	0	0	0	0
2075	STR_QUEST_NAME_Q2075	0	STR_QUEST_ZONE09	2	4095	0	33	38	102337	0	0	0	0	0	1	0	0	102338	0	0	0	0
2076	STR_QUEST_NAME_Q2076	0	STR_QUEST_ZONE09	2	4095	0	33	45	102339	0	0	0	0	0	1	0	0	102340	0	0	0	0
2091	STR_QUEST_NAME_Q2091	0	STR_QUEST_ZONE26	2	4095	0	45	45	0	0	0	0	0	0	1	0	100918	102341	0	0	0	0
2092	STR_QUEST_NAME_Q2092	0	STR_QUEST_ZONE26	2	4095	0	45	46	0	0	0	0	0	0	1	0	0	102342	0	0	0	0
2093	STR_QUEST_NAME_Q2093	0	STR_QUEST_ZONE26	2	4095	0	46	48	102343	0	0	0	0	0	1	0	0	102344	0	0	0	0
2094	STR_QUEST_NAME_Q2094	0	STR_QUEST_ZONE26	2	4095	0	46	50	102345	0	0	0	0	0	1	0	0	102346	0	0	0	0
2096	STR_QUEST_NAME_Q2096	0	STR_QUEST_ZONE33	2	4095	0	50	50	102347	0	0	0	0	0	1	0	100918	100988	0	0	0	0
2097	STR_QUEST_NAME_Q2097	0	STR_QUEST_ZONE33	2	4095	0	50	50	102348	0	0	0	0	0	1	0	100918	100989	0	0	0	0
2098	STR_QUEST_NAME_Q2098	0	STR_QUEST_ZONE33	2	4095	0	50	50	102349	0	0	0	0	0	1	0	100918	100989	0	0	0	0
2099	STR_QUEST_NAME_Q2099	0	STR_QUEST_ZONE33	2	4095	0	50	50	102350	0	0	0	0	0	1	0	100918	102351	102351	0	0	0
2100	STR_QUEST_NAME_Q2100	0	STR_QUEST_ZONE05	2	4095	0	1	1	0	0	0	0	0	0	1	0	102352	102353	0	0	0	0
2101	STR_QUEST_NAME_Q2101	5	STR_QUEST_ZONE05	2	4095	0	1	1	0	0	0	0	1	1	1	0	102354	102355	0	0	0	0
2102	STR_QUEST_NAME_Q2102	5	STR_QUEST_ZONE05	2	4095	0	1	1	0	0	0	0	1	1	1	0	102356	102357	0	0	0	0
2103	STR_QUEST_NAME_Q2103	5	STR_QUEST_ZONE05	2	4095	0	1	2	102358	0	0	0	0	1	1	0	102356	102359	0	0	0	0
2104	STR_QUEST_NAME_Q2104	5	STR_QUEST_ZONE05	2	4095	0	1	2	0	0	0	0	1	1	1	0	102360	102361	0	0	0	0
2105	STR_QUEST_NAME_Q2105	5	STR_QUEST_ZONE05	2	4095	0	1	2	102362	0	0	0	0	1	1	0	102360	102363	0	0	0	0
2106	STR_QUEST_NAME_Q2106	5	STR_QUEST_ZONE05	2	4095	0	1	3	102364	0	0	0	0	1	1	0	102360	102365	0	0	0	0
2107	STR_QUEST_NAME_Q2107	5	STR_QUEST_ZONE05	2	4095	0	3	3	0	0	0	0	0	1	1	0	102366	102367	0	0	0	0
2108	STR_QUEST_NAME_Q2108	5	STR_QUEST_ZONE05	2	4095	0	2	3	0	0	0	0	1	1	1	0	102368	102369	0	0	0	0
2109	STR_QUEST_NAME_Q2109	5	STR_QUEST_ZONE05	2	4095	0	3	3	0	0	0	0	1	1	1	0	102370	102371	0	0	0	0
2110	STR_QUEST_NAME_Q2110	5	STR_QUEST_ZONE05	2	4095	0	3	4	0	0	0	0	1	1	1	0	102372	102373	0	0	0	0
2112	STR_QUEST_NAME_Q2112	5	STR_QUEST_ZONE05	2	4095	0	3	4	0	0	0	0	1	1	1	0	102374	102375	0	0	0	0
2113	STR_QUEST_NAME_Q2113	5	STR_QUEST_ZONE05	2	4095	0	4	4	0	0	0	0	1	1	1	0	102376	102377	0	0	0	0
2114	STR_QUEST_NAME_Q2114	5	STR_QUEST_ZONE05	2	4095	0	4	5	102378	0	0	0	0	1	1	0	102379	102380	102381	0	0	0
2115	STR_QUEST_NAME_Q2115	5	STR_QUEST_ZONE05	2	4095	0	5	5	0	0	0	0	0	1	1	0	102376	102382	0	0	0	0
2116	STR_QUEST_NAME_Q2116	5	STR_QUEST_ZONE05	2	4095	0	5	6	102383	0	0	0	0	1	1	0	102384	102385	0	0	0	0
2117	STR_QUEST_NAME_Q2117	5	STR_QUEST_ZONE05	2	4095	0	5	6	0	0	0	0	1	1	1	0	102386	102387	0	0	0	0
2118	STR_QUEST_NAME_Q2118	5	STR_QUEST_ZONE05	2	4095	0	5	6	0	0	0	0	1	1	1	0	102388	102389	0	0	0	0
2119	STR_QUEST_NAME_Q2119	5	STR_QUEST_ZONE05	2	4095	0	5	6	102390	0	0	0	0	1	1	0	102384	102391	0	0	0	0
2120	STR_QUEST_NAME_Q2120	5	STR_QUEST_ZONE05	2	4095	0	5	6	0	0	0	0	1	1	1	0	102392	102393	0	0	0	0
2121	STR_QUEST_NAME_Q2121	5	STR_QUEST_ZONE05	2	4095	0	6	7	0	0	0	0	0	1	1	0	102386	102394	0	0	0	0
2122	STR_QUEST_NAME_Q2122	5	STR_QUEST_ZONE05	2	4095	0	5	7	0	0	0	0	0	1	1	0	102395	102396	0	0	0	0
2123	STR_QUEST_NAME_Q2123	5	STR_QUEST_ZONE05	2	4095	0	7	7	0	0	0	0	1	1	1	0	102397	102398	102399	102400	0	0
2124	STR_QUEST_NAME_Q2124	5	STR_QUEST_ZONE05	2	4095	0	7	7	0	0	0	0	1	1	1	0	102401	102402	0	0	0	0
2125	STR_QUEST_NAME_Q2125	5	STR_QUEST_ZONE05	2	4095	0	8	8	0	0	0	0	1	1	1	0	102386	102403	0	0	0	0
2126	STR_QUEST_NAME_Q2126	5	STR_QUEST_ZONE05	2	4095	0	7	8	0	0	0	0	1	1	1	0	102404	102405	0	0	0	0
2127	STR_QUEST_NAME_Q2127	5	STR_QUEST_ZONE05	2	4095	0	8	8	0	0	0	0	1	1	1	0	102404	102406	0	0	0	0
2128	STR_QUEST_NAME_Q2128	5	STR_QUEST_ZONE05	2	4095	0	8	8	0	0	0	0	1	1	1	0	102407	102408	0	0	0	0
2129	STR_QUEST_NAME_Q2129	5	STR_QUEST_ZONE05	2	4095	0	8	9	0	0	0	0	1	1	1	0	102409	102410	0	0	0	0
2131	STR_QUEST_NAME_Q2131	5	STR_QUEST_ZONE05	2	4095	0	5	5	102411	0	0	0	0	1	1	0	102412	102413	0	0	0	0
2132	STR_QUEST_NAME_Q2132	5	STR_QUEST_ZONE05	2	4095	0	3	3	0	0	0	0	0	0	1	0	100918	101174	101174	101174	101174	0
2133	STR_QUEST_NAME_Q2133	5	STR_QUEST_ZONE05	2	4095	0	2	3	0	0	0	0	1	1	1	0	102414	101175	0	0	0	0
2134	STR_QUEST_NAME_Q2134	5	STR_QUEST_ZONE05	2	4095	0	7	8	0	0	0	0	1	1	1	0	102407	102415	0	0	0	0
2135	STR_QUEST_NAME_Q2135	5	STR_QUEST_ZONE05	2	4095	0	3	3	102416	0	0	0	0	1	1	0	102370	102417	0	0	0	0
2136	STR_QUEST_NAME_Q2136	5	STR_QUEST_ZONE05	2	4095	0	5	5	0	0	0	0	0	1	1	0	102418	102419	102420	0	0	0
2137	STR_QUEST_NAME_Q2137	5	STR_QUEST_ZONE05	2	4095	0	5	6	102421	0	0	0	0	1	1	0	102388	102422	0	0	0	0
2144	STR_QUEST_NAME_Q2144	5	STR_QUEST_ZONE06	2	4095	0	10	10	0	0	0	0	1	1	0	0	102423	102424	0	0	0	0
2145	STR_QUEST_NAME_Q2145	5	STR_QUEST_ZONE06	2	4095	0	10	10	0	0	0	0	1	1	0	0	102423	102425	0	0	0	0
2146	STR_QUEST_NAME_Q2146	2	STR_QUEST_ZONE06	2	4095	0	16	16	0	0	0	0	1	1	1	0	102426	102427	0	0	0	0
2147	STR_QUEST_NAME_Q2147	2	STR_QUEST_ZONE06	2	4095	0	16	16	102428	0	0	0	0	1	1	0	102429	102430	0	0	0	0
2200	STR_QUEST_NAME_Q2200	0	STR_QUEST_ZONE06	2	4095	0	10	10	0	0	0	0	0	0	1	0	102431	102432	0	0	0	0
2201	STR_QUEST_NAME_Q2201	5	STR_QUEST_ZONE06	2	4095	0	10	10	0	0	0	0	1	1	1	0	102433	102434	0	0	0	0
2202	STR_QUEST_NAME_Q2202	5	STR_QUEST_ZONE06	2	4095	0	10	10	0	0	0	0	1	1	1	0	102435	102436	0	0	0	0
2203	STR_QUEST_NAME_Q2203	5	STR_QUEST_ZONE06	2	4095	0	10	10	0	0	0	0	1	1	1	0	102437	102438	0	0	0	0
2204	STR_QUEST_NAME_Q2204	5	STR_QUEST_ZONE06	2	4095	0	10	10	0	0	0	0	1	1	1	0	102439	102440	0	0	0	0
2205	STR_QUEST_NAME_Q2205	5	STR_QUEST_ZONE06	2	4095	0	10	10	0	0	0	0	1	1	1	0	102441	102442	0	0	0	0
2206	STR_QUEST_NAME_Q2206	5	STR_QUEST_ZONE06	2	4095	0	10	10	0	0	0	0	1	1	1	0	102443	102444	0	0	0	0
2207	STR_QUEST_NAME_Q2207	5	STR_QUEST_ZONE06	2	4095	0	10	10	0	0	0	0	0	1	1	0	102445	102446	0	0	0	0
2208	STR_QUEST_NAME_Q2208	5	STR_QUEST_ZONE06	2	4095	0	10	10	102447	0	0	0	0	1	1	0	102448	102449	0	0	0	0
2209	STR_QUEST_NAME_Q2209	5	STR_QUEST_ZONE06	2	4095	0	10	10	0	0	0	0	0	1	1	0	102450	102451	0	0	0	0
2210	STR_QUEST_NAME_Q2210	5	STR_QUEST_ZONE06	2	4095	0	11	11	0	0	0	0	1	1	1	0	102452	102453	0	0	0	0
2211	STR_QUEST_NAME_Q2211	5	STR_QUEST_ZONE06	2	4095	0	11	11	0	0	0	0	1	1	1	0	102454	102455	0	0	0	0
2212	STR_QUEST_NAME_Q2212	5	STR_QUEST_ZONE06	2	4095	0	11	11	102456	0	0	0	0	1	1	0	102454	102457	0	0	0	0
2213	STR_QUEST_NAME_Q2213	5	STR_QUEST_ZONE06	2	4095	0	11	11	0	0	0	0	0	1	1	0	102458	102459	0	0	0	0
2214	STR_QUEST_NAME_Q2214	5	STR_QUEST_ZONE06	2	4095	0	11	11	0	0	0	0	1	1	1	0	102460	102461	0	0	0	0
2215	STR_QUEST_NAME_Q2215	5	STR_QUEST_ZONE06	2	4095	0	11	12	102462	0	0	0	0	1	1	0	102454	102463	0	0	0	0
2216	STR_QUEST_NAME_Q2216	5	STR_QUEST_ZONE06	2	4095	0	12	12	0	0	0	0	0	1	1	0	102464	102465	0	0	0	0
2217	STR_QUEST_NAME_Q2217	5	STR_QUEST_ZONE06	2	4095	0	11	12	102466	0	0	0	0	1	1	0	102454	102467	0	0	0	0
2218	STR_QUEST_NAME_Q2218	5	STR_QUEST_ZONE06	2	4095	0	11	12	102468	0	0	0	0	1	1	0	102458	102469	0	0	0	0
2219	STR_QUEST_NAME_Q2219	5	STR_QUEST_ZONE06	2	4095	0	11	12	102470	0	0	0	0	1	1	0	102458	102471	0	0	0	0
2220	STR_QUEST_NAME_Q2220	5	STR_QUEST_ZONE06	2	4095	0	11	12	102472	0	0	0	0	1	1	0	102458	102473	0	0	0	0
2221	STR_QUEST_NAME_Q2221	5	STR_QUEST_ZONE06	2	4095	0	12	12	0	0	0	0	1	1	1	0	102474	102475	0	0	0	0
2222	STR_QUEST_NAME_Q2222	5	STR_QUEST_ZONE06	2	4095	0	12	12	102476	0	0	0	0	1	1	0	102474	102477	0	0	0	0
2223	STR_QUEST_NAME_Q2223	5	STR_QUEST_ZONE06	2	4095	0	13	14	0	0	0	0	0	1	1	0	102478	102479	0	0	0	0
2224	STR_QUEST_NAME_Q2224	5	STR_QUEST_ZONE06	2	4095	0	13	13	0	0	0	0	1	1	1	0	102480	102481	0	0	0	0
2225	STR_QUEST_NAME_Q2225	5	STR_QUEST_ZONE06	2	4095	0	13	14	0	0	0	0	1	1	1	0	102482	102483	0	0	0	0
2226	STR_QUEST_NAME_Q2226	5	STR_QUEST_ZONE06	2	4095	0	13	13	0	0	0	0	0	1	1	0	102484	102485	0	0	0	0
2227	STR_QUEST_NAME_Q2227	5	STR_QUEST_ZONE06	2	4095	0	13	13	102486	0	0	0	0	1	1	0	102487	102488	0	0	0	0
2228	STR_QUEST_NAME_Q2228	5	STR_QUEST_ZONE06	2	4095	0	14	14	0	0	0	0	0	1	1	0	102489	102490	0	0	0	0
2230	STR_QUEST_NAME_Q2230	5	STR_QUEST_ZONE06	2	4095	0	14	15	102491	0	0	0	0	1	1	0	102492	102493	0	0	0	0
2231	STR_QUEST_NAME_Q2231	5	STR_QUEST_ZONE06	2	4095	0	14	15	0	0	0	0	1	1	1	0	102480	102494	0	0	0	0
2232	STR_QUEST_NAME_Q2232	5	STR_QUEST_ZONE06	2	4095	0	14	16	0	0	0	0	1	1	1	0	102495	102496	0	0	0	0
2233	STR_QUEST_NAME_Q2233	5	STR_QUEST_ZONE06	2	4095	0	14	15	0	0	0	0	1	1	1	0	102497	102498	0	0	0	0
2234	STR_QUEST_NAME_Q2234	5	STR_QUEST_ZONE06	2	4095	0	14	16	102499	0	0	0	0	1	1	0	102497	102500	0	0	0	0
2235	STR_QUEST_NAME_Q2235	5	STR_QUEST_ZONE06	2	4095	0	14	16	102501	0	0	0	0	1	1	0	102502	102503	0	0	0	0
2236	STR_QUEST_NAME_Q2236	5	STR_QUEST_ZONE06	2	4095	0	14	15	0	0	0	0	1	1	1	0	102504	102505	0	0	0	0
2237	STR_QUEST_NAME_Q2237	5	STR_QUEST_ZONE06	2	4095	0	14	15	0	0	0	0	1	1	1	0	102506	102507	0	0	0	0
2238	STR_QUEST_NAME_Q2238	5	STR_QUEST_ZONE06	2	4095	0	14	15	0	0	0	0	1	1	1	0	102478	102508	0	0	0	0
2239	STR_QUEST_NAME_Q2239	5	STR_QUEST_ZONE06	2	4095	0	15	16	0	0	0	0	0	1	1	0	102495	102509	0	0	0	0
2241	STR_QUEST_NAME_Q2241	5	STR_QUEST_ZONE06	2	4095	0	15	16	0	0	0	0	1	1	1	0	102510	102511	0	0	0	0
2242	STR_QUEST_NAME_Q2242	5	STR_QUEST_ZONE06	2	4095	0	15	17	102512	0	0	0	0	1	1	0	102510	102513	0	0	0	0
2243	STR_QUEST_NAME_Q2243	5	STR_QUEST_ZONE06	2	4095	0	15	16	0	0	0	0	1	1	1	0	102514	102515	0	0	0	0
2244	STR_QUEST_NAME_Q2244	5	STR_QUEST_ZONE06	2	4095	0	15	17	0	0	0	0	1	1	1	0	102516	102517	0	0	0	0
2245	STR_QUEST_NAME_Q2245	5	STR_QUEST_ZONE06	2	4095	0	15	17	0	0	0	0	1	1	1	0	102518	102519	0	0	0	0
2246	STR_QUEST_NAME_Q2246	5	STR_QUEST_ZONE06	2	4095	0	16	17	0	0	0	0	1	1	1	0	102520	102521	0	0	0	0
2247	STR_QUEST_NAME_Q2247	5	STR_QUEST_ZONE06	2	4095	0	16	17	102522	0	0	0	0	1	1	0	102520	102523	0	0	0	0
2248	STR_QUEST_NAME_Q2248	5	STR_QUEST_ZONE06	2	4095	0	15	17	102524	0	0	0	0	1	1	0	102518	102525	0	0	0	0
2249	STR_QUEST_NAME_Q2249	5	STR_QUEST_ZONE06	2	4095	0	16	17	0	0	0	0	1	1	1	0	102526	102527	0	0	0	0
2250	STR_QUEST_NAME_Q2250	5	STR_QUEST_ZONE06	2	4095	0	15	16	0	0	0	0	1	1	1	0	102528	102529	0	0	0	0
2251	STR_QUEST_NAME_Q2251	5	STR_QUEST_ZONE06	2	4095	0	16	18	0	0	0	0	1	1	1	0	102530	102531	0	0	0	0
2252	STR_QUEST_NAME_Q2252	5	STR_QUEST_ZONE06	2	4095	0	16	18	0	0	0	0	0	1	1	0	102532	102533	102534	0	0	0
2253	STR_QUEST_NAME_Q2253	5	STR_QUEST_ZONE06	2	4095	0	15	17	102535	0	0	0	0	1	1	0	102536	102537	0	0	0	0
2254	STR_QUEST_NAME_Q2254	5	STR_QUEST_ZONE06	2	4095	0	16	18	0	0	0	0	1	1	1	0	102538	102539	0	0	0	0
2255	STR_QUEST_NAME_Q2255	5	STR_QUEST_ZONE06	2	4095	0	16	18	0	0	0	0	1	1	1	0	102540	102541	0	0	0	0
2256	STR_QUEST_NAME_Q2256	5	STR_QUEST_ZONE06	2	4095	0	16	18	102542	0	0	0	0	1	1	0	102540	102543	0	0	0	0
2257	STR_QUEST_NAME_Q2257	5	STR_QUEST_ZONE06	2	4095	0	16	18	0	0	0	0	1	1	1	0	102544	102545	0	0	0	0
2258	STR_QUEST_NAME_Q2258	5	STR_QUEST_ZONE06	2	4095	0	16	17	102546	0	0	0	0	1	1	0	102540	102547	0	0	0	0
2259	STR_QUEST_NAME_Q2259	5	STR_QUEST_ZONE06	2	4095	0	16	18	0	0	0	0	1	1	1	0	102548	102549	0	0	0	0
2260	STR_QUEST_NAME_Q2260	5	STR_QUEST_ZONE06	2	4095	0	16	17	102550	0	0	0	0	1	1	0	102548	102551	0	0	0	0
2261	STR_QUEST_NAME_Q2261	5	STR_QUEST_ZONE06	2	4095	0	15	16	0	0	0	0	1	1	1	0	102552	102553	0	0	0	0
2262	STR_QUEST_NAME_Q2262	5	STR_QUEST_ZONE06	2	4095	0	15	16	0	0	0	0	0	1	1	0	102554	102555	0	0	0	0
2263	STR_QUEST_NAME_Q2263	5	STR_QUEST_ZONE06	2	4095	0	15	16	0	0	0	0	0	1	1	0	102556	102557	0	0	0	0
2264	STR_QUEST_NAME_Q2264	5	STR_QUEST_ZONE06	2	4095	0	15	16	0	0	0	0	1	1	1	0	102426	102558	0	0	0	0
2265	STR_QUEST_NAME_Q2265	5	STR_QUEST_ZONE06	2	4095	0	15	17	0	0	0	0	1	1	1	0	102559	102560	0	0	0	0
2266	STR_QUEST_NAME_Q2266	5	STR_QUEST_ZONE06	2	4095	0	16	17	0	0	0	0	0	1	1	0	102561	102562	0	0	0	0
2267	STR_QUEST_NAME_Q2267	5	STR_QUEST_ZONE06	2	4095	0	16	17	0	0	0	0	1	1	1	0	102563	102564	0	0	0	0
2268	STR_QUEST_NAME_Q2268	5	STR_QUEST_ZONE06	2	4095	0	16	17	0	0	0	0	1	1	1	0	102563	102565	0	0	0	0
2269	STR_QUEST_NAME_Q2269	5	STR_QUEST_ZONE06	2	4095	0	16	17	0	0	0	0	1	1	1	0	102566	102567	0	0	0	0
2270	STR_QUEST_NAME_Q2270	5	STR_QUEST_ZONE06	2	4095	0	16	17	102568	0	0	0	0	1	1	0	102566	102569	0	0	0	0
2271	STR_QUEST_NAME_Q2271	5	STR_QUEST_ZONE06	2	4095	0	16	17	102570	0	0	0	0	1	1	0	102566	102571	0	0	0	0
2272	STR_QUEST_NAME_Q2272	5	STR_QUEST_ZONE06	2	4095	0	16	17	0	0	0	0	1	1	1	0	102572	102573	0	0	0	0
2273	STR_QUEST_NAME_Q2273	5	STR_QUEST_ZONE06	2	4095	0	16	17	102574	0	0	0	0	1	1	0	102572	102575	0	0	0	0
2274	STR_QUEST_NAME_Q2274	5	STR_QUEST_ZONE06	2	4095	0	17	18	0	0	0	0	0	1	1	0	102576	102577	0	0	0	0
2275	STR_QUEST_NAME_Q2275	5	STR_QUEST_ZONE06	2	4095	0	16	18	0	0	0	0	1	1	1	0	102578	102579	0	0	0	0
2276	STR_QUEST_NAME_Q2276	5	STR_QUEST_ZONE06	2	4095	0	16	18	102580	0	0	0	0	1	1	0	102578	102581	0	0	0	0
2277	STR_QUEST_NAME_Q2277	5	STR_QUEST_ZONE06	2	4095	0	16	18	0	0	0	0	1	1	1	0	102437	102582	0	0	0	0
2278	STR_QUEST_NAME_Q2278	5	STR_QUEST_ZONE06	2	4095	0	16	18	102583	0	0	0	0	1	1	0	102445	102584	0	0	0	0
2279	STR_QUEST_NAME_Q2279	5	STR_QUEST_ZONE06	2	4095	0	16	18	102585	0	0	0	0	1	1	0	102586	102587	0	0	0	0
2280	STR_QUEST_NAME_Q2280	5	STR_QUEST_ZONE06	2	4095	0	16	18	102588	0	0	0	0	1	1	0	102435	102589	0	0	0	0
2281	STR_QUEST_NAME_Q2281	5	STR_QUEST_ZONE06	2	4095	0	16	18	102590	0	0	0	0	1	1	0	102561	102591	0	0	0	0
2282	STR_QUEST_NAME_Q2282	5	STR_QUEST_ZONE06	2	4095	0	18	20	102592	0	0	0	0	1	1	0	102586	102593	0	0	0	0
2283	STR_QUEST_NAME_Q2283	5	STR_QUEST_ZONE06	2	4095	0	18	20	102594	0	0	0	0	1	1	0	102586	102595	0	0	0	0
2284	STR_QUEST_NAME_Q2284	5	STR_QUEST_ZONE06	2	4095	0	16	17	102596	0	0	0	0	1	1	0	102520	102597	0	0	0	0
2285	STR_QUEST_NAME_Q2285	5	STR_QUEST_ZONE06	2	4095	0	14	15	102598	0	0	0	0	1	1	0	102599	102600	0	0	0	0
2286	STR_QUEST_NAME_Q2286	5	STR_QUEST_ZONE06	2	4095	0	16	18	102592	0	0	0	0	1	1	0	102586	102601	0	0	0	0
2287	STR_QUEST_NAME_Q2287	5	STR_QUEST_ZONE06	2	4095	0	16	18	102592	0	0	0	0	1	1	0	102586	102602	0	0	0	0
2288	STR_QUEST_NAME_Q2288	5	STR_QUEST_ZONE06	2	4095	0	13	14	0	0	0	0	0	1	1	0	102492	102603	0	0	0	0
2289	STR_QUEST_NAME_Q2289	5	STR_QUEST_ZONE06	2	4095	0	13	16	102491	0	0	0	0	1	1	0	102478	102604	0	0	0	0
2290	STR_QUEST_NAME_Q2290	5	STR_QUEST_ZONE06	2	4095	0	12	13	102605	0	0	0	0	1	1	0	102606	102607	0	0	0	0
2291	STR_QUEST_NAME_Q2291	5	STR_QUEST_ZONE06	2	4095	0	12	13	102608	0	0	0	0	1	1	0	102487	102609	0	0	0	0
2292	STR_QUEST_NAME_Q2292	5	STR_QUEST_ZONE06	2	4095	0	14	16	0	0	0	0	1	1	1	0	102610	102611	0	0	0	0
2293	STR_QUEST_NAME_Q2293	5	STR_QUEST_ZONE06	2	4095	0	16	18	0	0	0	0	1	1	0	1	102429	102612	0	0	0	0
2296	STR_QUEST_NAME_Q2296	5	STR_QUEST_ZONE06	2	4095	0	16	18	0	0	0	0	0	1	1	0	102613	102614	0	0	0	0
2297	STR_QUEST_NAME_Q2297	5	STR_QUEST_ZONE06	2	4095	0	16	17	0	0	0	0	1	1	1	0	102615	102616	0	0	0	0
2298	STR_QUEST_NAME_Q2298	5	STR_QUEST_ZONE06	2	4095	0	10	10	0	0	0	0	1	1	0	0	102423	102617	0	0	0	0
2299	STR_QUEST_NAME_Q2299	5	STR_QUEST_ZONE06	2	4095	0	10	10	0	0	0	0	1	1	0	0	102423	102618	0	0	0	0
2300	STR_QUEST_NAME_Q2300	0	STR_QUEST_ZONE07	2	4095	0	19	20	0	0	0	0	0	0	1	0	100918	102619	0	0	0	0
2301	STR_QUEST_NAME_Q2301	5	STR_QUEST_ZONE07	2	4095	0	19	19	0	0	0	0	1	1	1	0	102620	102621	0	0	0	0
2302	STR_QUEST_NAME_Q2302	5	STR_QUEST_ZONE07	2	4095	0	19	20	0	0	0	0	1	1	1	0	102622	102623	0	0	0	0
2303	STR_QUEST_NAME_Q2303	5	STR_QUEST_ZONE07	2	4095	0	20	21	0	0	0	0	0	1	1	0	102624	102625	102626	0	0	0
2304	STR_QUEST_NAME_Q2304	5	STR_QUEST_ZONE07	2	4095	0	20	21	0	0	0	0	1	1	1	0	102627	102628	0	0	0	0
2305	STR_QUEST_NAME_Q2305	5	STR_QUEST_ZONE07	2	4095	0	20	22	102629	0	0	0	0	1	1	0	102627	102630	0	0	0	0
2306	STR_QUEST_NAME_Q2306	5	STR_QUEST_ZONE07	2	4095	0	20	21	0	0	0	0	1	1	1	0	102631	102632	0	0	0	0
2307	STR_QUEST_NAME_Q2307	5	STR_QUEST_ZONE07	2	4095	0	20	21	0	0	0	0	1	1	1	0	102633	102634	0	0	0	0
2308	STR_QUEST_NAME_Q2308	5	STR_QUEST_ZONE07	2	4095	0	20	21	0	0	0	0	1	1	1	0	101473	102635	0	0	0	0
2309	STR_QUEST_NAME_Q2309	5	STR_QUEST_ZONE07	3	4095	0	22	23	0	0	0	0	1	1	1	0	102636	102637	0	0	0	0
2310	STR_QUEST_NAME_Q2310	5	STR_QUEST_ZONE07	2	4095	0	21	22	102638	0	0	0	0	1	1	0	102639	102640	0	0	0	0
2311	STR_QUEST_NAME_Q2311	5	STR_QUEST_ZONE07	3	4095	0	21	22	0	0	0	0	1	1	1	0	102641	102642	0	0	0	0
2312	STR_QUEST_NAME_Q2312	5	STR_QUEST_ZONE07	3	4095	0	21	23	102643	0	0	0	0	1	10	0	102641	102644	0	0	0	102645
2313	STR_QUEST_NAME_Q2313	5	STR_QUEST_ZONE07	2	4095	0	23	24	0	0	0	0	1	1	1	0	102646	102647	0	0	0	0
2314	STR_QUEST_NAME_Q2314	5	STR_QUEST_ZONE07	2	4095	0	23	24	102648	0	0	0	0	1	1	0	102646	102649	0	0	0	0
2316	STR_QUEST_NAME_Q2316	5	STR_QUEST_ZONE07	3	4095	0	22	22	0	0	0	0	0	1	1	0	102650	102651	0	0	0	0
2317	STR_QUEST_NAME_Q2317	5	STR_QUEST_ZONE07	2	4095	0	23	24	0	0	0	0	1	1	0	1	102652	102653	0	0	0	0
2318	STR_QUEST_NAME_Q2318	5	STR_QUEST_ZONE07	2	4095	0	20	21	0	0	0	0	1	1	0	1	102654	102655	0	0	0	0
2319	STR_QUEST_NAME_Q2319	5	STR_QUEST_ZONE07	2	4095	0	19	20	0	0	0	0	1	1	1	0	102636	102656	0	0	0	0
2320	STR_QUEST_NAME_Q2320	5	STR_QUEST_ZONE07	2	4095	0	25	26	0	0	0	0	1	1	1	0	102657	102658	0	0	0	0
2321	STR_QUEST_NAME_Q2321	5	STR_QUEST_ZONE07	2	4095	0	26	26	0	0	0	0	0	1	1	0	102659	102660	0	0	0	0
2322	STR_QUEST_NAME_Q2322	5	STR_QUEST_ZONE07	2	4095	0	26	27	0	0	0	0	1	1	0	1	102661	102662	0	0	0	0
2323	STR_QUEST_NAME_Q2323	5	STR_QUEST_ZONE07	2	4095	0	24	26	0	0	0	0	1	1	1	0	102663	102664	0	0	0	0
2324	STR_QUEST_NAME_Q2324	5	STR_QUEST_ZONE07	2	4095	0	24	24	0	0	0	0	0	1	1	0	102665	102666	0	0	0	0
2325	STR_QUEST_NAME_Q2325	5	STR_QUEST_ZONE07	2	4095	0	23	25	102667	0	0	0	0	1	1	0	102668	102669	0	0	0	0
2326	STR_QUEST_NAME_Q2326	5	STR_QUEST_ZONE07	2	4095	0	26	27	0	0	0	0	1	1	1	0	102657	102670	0	0	0	0
2327	STR_QUEST_NAME_Q2327	5	STR_QUEST_ZONE07	2	4095	0	26	28	0	0	0	0	1	1	1	0	102671	102672	0	0	0	0
2328	STR_QUEST_NAME_Q2328	5	STR_QUEST_ZONE07	2	4095	0	26	28	102673	0	0	0	0	1	1	0	102671	102674	0	0	0	0
2329	STR_QUEST_NAME_Q2329	5	STR_QUEST_ZONE07	2	4095	0	26	27	0	0	0	0	1	1	1	0	102675	102676	0	0	0	0
2330	STR_QUEST_NAME_Q2330	5	STR_QUEST_ZONE07	2	4095	0	20	21	0	0	0	0	0	1	1	0	102677	102678	0	0	0	0
2331	STR_QUEST_NAME_Q2331	5	STR_QUEST_ZONE07	2	4095	0	27	29	0	0	0	0	0	1	1	0	102675	102679	0	0	0	0
2332	STR_QUEST_NAME_Q2332	5	STR_QUEST_ZONE07	2	4095	0	24	25	0	0	0	0	1	1	1	0	102680	102681	102682	102683	0	0
2333	STR_QUEST_NAME_Q2333	5	STR_QUEST_ZONE07	2	4095	0	24	25	102684	0	0	0	0	1	1	0	102680	102685	0	0	0	0
2334	STR_QUEST_NAME_Q2334	5	STR_QUEST_ZONE07	2	4095	0	24	25	102686	0	0	0	0	1	1	0	102680	102687	0	0	0	0
2338	STR_QUEST_NAME_Q2338	5	STR_QUEST_ZONE07	2	4095	0	19	19	0	0	0	0	1	1	0	0	102688	102689	0	0	0	0
2339	STR_QUEST_NAME_Q2339	5	STR_QUEST_ZONE07	2	4095	0	19	19	0	0	0	0	1	1	0	0	102688	102690	0	0	0	0
2340	STR_QUEST_NAME_Q2340	5	STR_QUEST_ZONE07	2	4095	0	27	28	0	0	0	0	1	1	15	0	102663	102691	0	0	0	102692
2341	STR_QUEST_NAME_Q2341	5	STR_QUEST_ZONE07	2	4095	0	28	29	102693	0	0	0	0	1	15	0	102694	102695	0	0	0	102696
2342	STR_QUEST_NAME_Q2342	5	STR_QUEST_ZONE07	2	4095	0	28	29	0	0	0	0	1	1	1	0	102694	102697	0	0	0	0
2343	STR_QUEST_NAME_Q2343	5	STR_QUEST_ZONE07	2	4095	0	29	29	0	0	0	0	0	1	1	0	102698	102699	0	0	0	0
2344	STR_QUEST_NAME_Q2344	5	STR_QUEST_ZONE07	2	4095	0	27	29	0	0	0	0	1	1	1	0	102657	102700	0	0	0	0
2345	STR_QUEST_NAME_Q2345	5	STR_QUEST_ZONE07	2	4095	0	27	28	0	0	0	0	0	1	1	0	102680	102701	102702	0	0	0
2346	STR_QUEST_NAME_Q2346	5	STR_QUEST_ZONE07	2	4095	0	28	29	0	0	0	0	1	1	15	0	102675	102703	0	0	0	102704
2351	STR_QUEST_NAME_Q2351	5	STR_QUEST_ZONE07	2	4095	0	25	26	0	0	0	0	1	1	1	0	102705	102706	0	0	0	0
2352	STR_QUEST_NAME_Q2352	5	STR_QUEST_ZONE07	2	4095	0	25	26	0	0	0	0	1	1	1	0	102705	102707	0	0	0	0
2353	STR_QUEST_NAME_Q2353	5	STR_QUEST_ZONE07	2	4095	0	26	27	0	0	0	0	1	1	1	0	102652	102708	0	0	0	0
2354	STR_QUEST_NAME_Q2354	5	STR_QUEST_ZONE07	2	4095	0	25	26	0	0	0	0	1	1	1	0	102709	102710	0	0	0	0
2355	STR_QUEST_NAME_Q2355	5	STR_QUEST_ZONE07	2	4095	0	26	28	102711	0	0	0	0	1	1	0	102709	102712	0	0	0	0
2356	STR_QUEST_NAME_Q2356	5	STR_QUEST_ZONE07	2	4095	0	27	28	0	0	0	0	1	1	1	0	102652	102713	0	0	0	0
2357	STR_QUEST_NAME_Q2357	5	STR_QUEST_ZONE07	2	4095	0	27	28	0	0	0	0	1	1	1	0	102714	102715	0	0	0	0
2358	STR_QUEST_NAME_Q2358	5	STR_QUEST_ZONE07	2	4095	0	27	28	0	0	0	0	1	1	1	0	102716	102717	0	0	0	0
2359	STR_QUEST_NAME_Q2359	5	STR_QUEST_ZONE07	2	4095	0	27	28	0	0	0	0	1	1	1	0	102716	102718	0	0	0	0
2360	STR_QUEST_NAME_Q2360	5	STR_QUEST_ZONE07	2	4095	0	27	28	0	0	0	0	1	1	1	0	102719	102720	0	0	0	0
2361	STR_QUEST_NAME_Q2361	5	STR_QUEST_ZONE07	2	4095	0	27	28	102721	0	0	0	0	1	1	0	102719	102722	0	0	0	0
2362	STR_QUEST_NAME_Q2362	5	STR_QUEST_ZONE07	3	4095	0	29	30	0	0	0	0	1	1	1	0	102723	102724	0	0	0	0
2363	STR_QUEST_NAME_Q2363	5	STR_QUEST_ZONE07	3	4095	0	29	30	102725	0	0	0	0	1	1	0	102723	102726	0	0	0	0
2364	STR_QUEST_NAME_Q2364	5	STR_QUEST_ZONE07	2	4095	0	29	30	102727	0	0	0	0	1	1	0	102723	102728	0	0	0	0
2365	STR_QUEST_NAME_Q2365	5	STR_QUEST_ZONE07	3	4095	0	33	34	0	0	0	0	1	1	1	0	102723	102729	0	0	0	0
2366	STR_QUEST_NAME_Q2366	5	STR_QUEST_ZONE07	3	4095	0	33	35	102730	0	0	0	0	1	1	0	102723	102731	0	0	0	0
2367	STR_QUEST_NAME_Q2367	5	STR_QUEST_ZONE07	2	4095	0	28	29	0	0	0	0	0	1	1	0	102716	102732	102733	0	0	0
2368	STR_QUEST_NAME_Q2368	5	STR_QUEST_ZONE07	2	4095	0	27	28	102734	0	0	0	0	1	15	0	102714	102735	0	0	0	102736
2369	STR_QUEST_NAME_Q2369	5	STR_QUEST_ZONE07	2	4095	0	35	36	0	0	0	0	1	1	1	0	102737	102738	0	0	0	0
2370	STR_QUEST_NAME_Q2370	5	STR_QUEST_ZONE07	2	4095	0	28	30	102739	0	0	0	0	1	1	0	102740	102741	0	0	0	0
2371	STR_QUEST_NAME_Q2371	5	STR_QUEST_ZONE07	2	4095	0	32	33	102305	0	0	0	0	1	1	0	102742	102743	0	0	0	0
2372	STR_QUEST_NAME_Q2372	5	STR_QUEST_ZONE07	2	4095	0	28	32	102744	0	0	0	0	1	1	0	102745	102746	0	0	0	0
2373	STR_QUEST_NAME_Q2373	5	STR_QUEST_ZONE07	2	4095	0	32	33	102305	0	0	0	0	1	1	0	102747	102748	0	0	0	0
2374	STR_QUEST_NAME_Q2374	5	STR_QUEST_ZONE07	2	4095	0	33	34	102749	0	0	0	0	1	1	0	102747	102750	0	0	0	0
2375	STR_QUEST_NAME_Q2375	5	STR_QUEST_ZONE07	2	4095	0	29	30	0	0	0	0	1	1	1	0	102742	102751	0	0	0	0
2376	STR_QUEST_NAME_Q2376	5	STR_QUEST_ZONE07	2	4095	0	29	30	102752	0	0	0	0	1	1	0	102740	102753	0	0	0	0
2377	STR_QUEST_NAME_Q2377	5	STR_QUEST_ZONE07	2	4095	0	29	31	102754	0	0	0	0	1	1	0	102742	102755	0	0	0	0
2378	STR_QUEST_NAME_Q2378	5	STR_QUEST_ZONE07	2	4095	0	35	36	102756	0	0	0	0	1	1	0	102747	102757	0	0	0	0
2379	STR_QUEST_NAME_Q2379	5	STR_QUEST_ZONE07	2	4095	0	39	40	0	0	0	0	1	1	1	0	102758	102759	0	0	0	0
2380	STR_QUEST_NAME_Q2380	5	STR_QUEST_ZONE07	2	4095	0	39	40	102760	0	0	0	0	1	10	0	102758	102761	0	0	0	102762
2381	STR_QUEST_NAME_Q2381	5	STR_QUEST_ZONE07	2	4095	0	30	31	0	0	0	0	1	1	1	0	102763	102764	0	0	0	0
2382	STR_QUEST_NAME_Q2382	5	STR_QUEST_ZONE07	2	4095	0	30	31	102765	0	0	0	0	1	1	0	102763	102766	0	0	0	0
2383	STR_QUEST_NAME_Q2383	5	STR_QUEST_ZONE07	2	4095	0	30	31	0	0	0	0	1	1	1	0	102767	102768	0	0	0	0
2384	STR_QUEST_NAME_Q2384	5	STR_QUEST_ZONE07	2	4095	0	30	31	102769	0	0	0	0	1	1	0	102740	102770	0	0	0	0
2385	STR_QUEST_NAME_Q2385	5	STR_QUEST_ZONE07	2	4095	0	31	32	0	0	0	0	1	1	1	0	102771	102772	0	0	0	0
2386	STR_QUEST_NAME_Q2386	5	STR_QUEST_ZONE07	2	4095	0	31	32	102773	0	0	0	0	1	1	0	102771	102774	0	0	0	0
2387	STR_QUEST_NAME_Q2387	5	STR_QUEST_ZONE07	2	4095	0	32	33	0	0	0	0	1	1	1	0	102775	102776	0	0	0	0
2388	STR_QUEST_NAME_Q2388	5	STR_QUEST_ZONE07	2	4095	0	33	34	0	0	0	0	1	1	1	0	102777	102778	0	0	0	0
2389	STR_QUEST_NAME_Q2389	5	STR_QUEST_ZONE07	2	4095	0	33	33	0	0	0	0	1	1	1	0	102763	102743	0	0	0	0
2390	STR_QUEST_NAME_Q2390	5	STR_QUEST_ZONE07	2	4095	0	33	34	0	0	0	0	1	1	1	0	102777	102779	0	0	0	0
2391	STR_QUEST_NAME_Q2391	5	STR_QUEST_ZONE07	2	4095	0	33	34	102780	0	0	0	0	1	1	0	102775	102781	0	0	0	0
2392	STR_QUEST_NAME_Q2392	5	STR_QUEST_ZONE07	2	4095	0	33	33	0	0	0	0	1	1	1	0	102782	102783	102784	102785	0	0
2393	STR_QUEST_NAME_Q2393	5	STR_QUEST_ZONE07	2	4095	0	36	38	0	0	0	0	0	1	1	0	102775	102786	0	0	0	0
2394	STR_QUEST_NAME_Q2394	5	STR_QUEST_ZONE07	2	4095	0	36	38	102787	0	0	0	0	1	1	0	102775	102788	0	0	0	0
2395	STR_QUEST_NAME_Q2395	5	STR_QUEST_ZONE07	2	4095	0	34	35	0	0	0	0	0	1	1	0	102789	102790	0	0	0	0
2398	STR_QUEST_NAME_Q2398	5	STR_QUEST_ZONE07	2	4095	0	33	34	0	0	0	0	1	1	0	1	102791	102792	0	0	0	0
2400	STR_QUEST_NAME_Q2400	5	STR_QUEST_ZONE07	2	4095	0	35	36	0	0	0	0	1	1	1	0	102793	102794	0	0	0	0
2401	STR_QUEST_NAME_Q2401	5	STR_QUEST_ZONE07	2	4095	0	34	35	0	0	0	0	1	1	1	0	102795	102796	0	0	0	0
2402	STR_QUEST_NAME_Q2402	5	STR_QUEST_ZONE07	2	4095	0	34	37	102797	0	0	0	0	1	1	0	102798	102799	0	0	0	0
2403	STR_QUEST_NAME_Q2403	5	STR_QUEST_ZONE07	2	4095	0	35	36	0	0	0	0	1	1	1	0	102800	102801	0	0	0	0
2404	STR_QUEST_NAME_Q2404	5	STR_QUEST_ZONE07	2	4095	0	36	37	0	0	0	0	1	1	1	0	102802	102803	0	0	0	0
2405	STR_QUEST_NAME_Q2405	5	STR_QUEST_ZONE07	2	4095	0	36	37	0	0	0	0	0	1	1	0	102804	102805	0	0	0	0
2406	STR_QUEST_NAME_Q2406	5	STR_QUEST_ZONE07	2	4095	0	37	39	102806	0	0	0	0	1	1	0	102777	102807	0	0	0	0
2407	STR_QUEST_NAME_Q2407	5	STR_QUEST_ZONE07	2	4095	0	37	40	102806	0	0	0	0	1	1	0	102789	102808	0	0	0	0
2408	STR_QUEST_NAME_Q2408	5	STR_QUEST_ZONE07	2	4095	0	37	38	0	0	0	0	1	1	1	0	102798	102809	0	0	0	0
2409	STR_QUEST_NAME_Q2409	5	STR_QUEST_ZONE07	2	4095	0	38	38	0	0	0	0	0	1	1	0	102810	102811	0	0	0	0
2410	STR_QUEST_NAME_Q2410	5	STR_QUEST_ZONE07	2	4095	0	37	38	0	0	0	0	1	1	0	1	102798	102812	0	0	0	0
2411	STR_QUEST_NAME_Q2411	5	STR_QUEST_ZONE07	2	4095	0	34	35	0	0	0	0	1	1	1	0	102813	102814	102815	0	0	0
2412	STR_QUEST_NAME_Q2412	5	STR_QUEST_ZONE07	2	4095	0	34	35	102816	0	0	0	0	1	1	0	102793	102817	0	0	0	0
2413	STR_QUEST_NAME_Q2413	5	STR_QUEST_ZONE07	2	4095	0	34	35	102818	0	0	0	0	1	1	0	102819	102820	0	0	0	0
2414	STR_QUEST_NAME_Q2414	5	STR_QUEST_ZONE07	2	4095	0	34	35	102821	0	0	0	0	1	1	0	102813	102822	0	0	0	0
2415	STR_QUEST_NAME_Q2415	5	STR_QUEST_ZONE07	2	4095	0	35	36	0	0	0	0	1	1	1	0	102793	102823	0	0	0	0
2416	STR_QUEST_NAME_Q2416	5	STR_QUEST_ZONE07	2	4095	0	36	36	0	0	0	0	1	1	1	0	102819	102824	0	0	0	0
2417	STR_QUEST_NAME_Q2417	5	STR_QUEST_ZONE07	2	4095	0	36	37	102825	0	0	0	0	1	1	0	102819	102826	0	0	0	0
2418	STR_QUEST_NAME_Q2418	5	STR_QUEST_ZONE07	2	4095	0	36	36	0	0	0	0	0	1	1	0	102813	102827	0	0	0	0
2419	STR_QUEST_NAME_Q2419	5	STR_QUEST_ZONE07	2	4095	0	38	39	0	0	0	0	1	1	1	0	102828	102829	0	0	0	0
2421	STR_QUEST_NAME_Q2421	5	STR_QUEST_ZONE07	2	4095	0	20	20	0	0	0	0	0	1	1	0	102830	102831	0	0	0	0
2422	STR_QUEST_NAME_Q2422	5	STR_QUEST_ZONE07	2	4095	0	19	20	0	0	0	0	0	1	1	0	102832	102833	0	0	0	0
2423	STR_QUEST_NAME_Q2423	5	STR_QUEST_ZONE07	2	4095	0	21	23	102834	0	0	0	0	1	1	0	102832	102835	0	0	0	0
2424	STR_QUEST_NAME_Q2424	5	STR_QUEST_ZONE07	2	4095	0	22	23	0	0	0	0	1	1	1	0	102636	102836	0	0	0	0
2425	STR_QUEST_NAME_Q2425	5	STR_QUEST_ZONE07	2	4095	0	23	24	0	0	0	0	1	1	1	0	102837	102838	0	0	0	0
2426	STR_QUEST_NAME_Q2426	5	STR_QUEST_ZONE07	2	4095	0	23	24	0	0	0	0	1	1	1	0	102837	102839	0	0	0	0
2427	STR_QUEST_NAME_Q2427	5	STR_QUEST_ZONE07	2	4095	0	23	24	102840	0	0	0	0	1	1	0	102837	102841	0	0	0	0
2428	STR_QUEST_NAME_Q2428	5	STR_QUEST_ZONE07	2	4095	0	23	24	102842	0	0	0	0	1	1	0	102837	102843	0	0	0	0
2429	STR_QUEST_NAME_Q2429	5	STR_QUEST_ZONE07	2	4095	0	21	22	0	0	0	0	1	1	1	0	102633	102844	0	0	0	0
2430	STR_QUEST_NAME_Q2430	5	STR_QUEST_ZONE07	2	4095	0	20	21	102834	0	0	0	0	1	1	0	102845	102846	102847	102848	0	0
2431	STR_QUEST_NAME_Q2431	5	STR_QUEST_ZONE07	2	4095	0	36	37	0	0	0	0	1	1	1	0	102849	102850	0	0	0	0
2432	STR_QUEST_NAME_Q2432	5	STR_QUEST_ZONE07	2	4095	0	36	38	102851	0	0	0	0	1	1	0	102849	102852	0	0	0	0
2433	STR_QUEST_NAME_Q2433	5	STR_QUEST_ZONE07	2	4095	0	37	38	102310	0	0	0	0	1	1	0	102853	102854	0	0	0	0
2434	STR_QUEST_NAME_Q2434	5	STR_QUEST_ZONE07	2	4095	0	37	38	102855	0	0	0	0	1	1	0	102853	102856	0	0	0	0
2435	STR_QUEST_NAME_Q2435	5	STR_QUEST_ZONE07	2	4095	0	36	36	0	0	0	0	0	1	1	0	102857	102858	0	0	0	0
2436	STR_QUEST_NAME_Q2436	5	STR_QUEST_ZONE07	2	4095	0	36	37	102859	0	0	0	0	1	1	0	102860	102861	0	0	0	0
2437	STR_QUEST_NAME_Q2437	5	STR_QUEST_ZONE07	2	4095	0	36	37	102862	0	0	0	0	1	1	0	102860	102863	0	0	0	0
2438	STR_QUEST_NAME_Q2438	5	STR_QUEST_ZONE07	2	4095	0	36	37	0	0	0	0	1	1	1	0	102864	102865	0	0	0	0
2439	STR_QUEST_NAME_Q2439	2	STR_QUEST_ZONE07	2	4095	0	36	39	102866	0	0	0	0	1	1	0	102864	102867	102868	102868	102868	0
2440	STR_QUEST_NAME_Q2440	5	STR_QUEST_ZONE07	2	4095	0	37	38	0	0	0	0	1	1	1	0	102860	102869	0	0	0	0
2442	STR_QUEST_NAME_Q2442	5	STR_QUEST_ZONE07	2	4095	0	37	38	0	0	0	0	1	1	1	0	102870	102871	0	0	0	0
2443	STR_QUEST_NAME_Q2443	5	STR_QUEST_ZONE07	2	4095	0	37	38	102872	0	0	0	0	1	1	0	102870	102873	0	0	0	0
2444	STR_QUEST_NAME_Q2444	5	STR_QUEST_ZONE07	2	4095	0	37	38	0	0	0	0	1	1	1	0	102874	102875	0	0	0	0
2445	STR_QUEST_NAME_Q2445	5	STR_QUEST_ZONE07	2	4095	0	37	38	102876	0	0	0	0	1	1	0	102874	102877	0	0	0	0
2446	STR_QUEST_NAME_Q2446	5	STR_QUEST_ZONE07	2	4095	0	37	38	0	0	0	0	1	1	1	0	102874	102878	0	0	0	0
2447	STR_QUEST_NAME_Q2447	5	STR_QUEST_ZONE07	2	4095	0	37	38	0	0	0	0	1	1	1	0	101491	102879	0	0	0	0
2448	STR_QUEST_NAME_Q2448	5	STR_QUEST_ZONE07	2	4095	0	37	37	0	0	0	0	0	1	1	0	101491	102880	102881	0	0	0
2449	STR_QUEST_NAME_Q2449	5	STR_QUEST_ZONE07	2	4095	0	37	38	102882	0	0	0	0	1	1	0	102740	102883	0	0	0	0
2451	STR_QUEST_NAME_Q2451	5	STR_QUEST_ZONE07	2	4095	0	19	20	0	0	0	0	1	1	1	0	102884	102885	0	0	0	0
2452	STR_QUEST_NAME_Q2452	5	STR_QUEST_ZONE07	2	4095	0	36	37	102886	0	0	0	0	1	1	0	102849	102887	0	0	0	0
2453	STR_QUEST_NAME_Q2453	5	STR_QUEST_ZONE07	2	4095	0	19	20	0	0	0	0	1	1	1	0	102633	102888	0	0	0	0
2454	STR_QUEST_NAME_Q2454	5	STR_QUEST_ZONE07	2	4095	0	20	22	0	0	0	0	1	1	1	0	102652	102889	0	0	0	0
2455	STR_QUEST_NAME_Q2455	5	STR_QUEST_ZONE07	2	4095	0	21	23	0	0	0	0	1	1	1	0	102890	102891	0	0	0	0
2456	STR_QUEST_NAME_Q2456	5	STR_QUEST_ZONE07	2	4095	0	22	23	0	0	0	0	1	1	1	0	102892	102893	0	0	0	0
2457	STR_QUEST_NAME_Q2457	5	STR_QUEST_ZONE07	2	4095	0	21	23	0	0	0	0	1	1	1	0	102633	102894	0	0	0	0
2458	STR_QUEST_NAME_Q2458	5	STR_QUEST_ZONE07	2	4095	0	22	23	102895	0	0	0	0	1	1	0	102646	102896	0	0	0	0
2459	STR_QUEST_NAME_Q2459	5	STR_QUEST_ZONE07	2	4095	0	24	25	102897	0	0	0	0	1	1	0	102646	102898	0	0	0	0
2460	STR_QUEST_NAME_Q2460	5	STR_QUEST_ZONE07	2	4095	0	24	25	102899	0	0	0	0	1	1	0	102892	102900	0	0	0	0
2461	STR_QUEST_NAME_Q2461	5	STR_QUEST_ZONE07	2	4095	0	24	26	0	0	0	0	1	1	1	0	101473	102901	0	0	0	0
2462	STR_QUEST_NAME_Q2462	5	STR_QUEST_ZONE07	2	4095	0	24	26	0	0	0	0	1	1	1	0	102671	102902	0	0	0	0
2463	STR_QUEST_NAME_Q2463	5	STR_QUEST_ZONE07	2	4095	0	37	38	0	0	0	0	1	1	1	0	102849	102903	0	0	0	0
2464	STR_QUEST_NAME_Q2464	5	STR_QUEST_ZONE07	2	4095	0	37	38	102904	0	0	0	0	1	1	0	102849	102905	0	0	0	0
2465	STR_QUEST_NAME_Q2465	5	STR_QUEST_ZONE07	2	4095	0	24	26	0	0	0	0	1	1	1	0	102709	102906	0	0	0	0
2466	STR_QUEST_NAME_Q2466	5	STR_QUEST_ZONE07	2	4095	0	25	27	0	0	0	0	1	1	1	0	102890	102907	0	0	0	0
2467	STR_QUEST_NAME_Q2467	5	STR_QUEST_ZONE07	2	4095	0	25	27	102908	0	0	0	0	1	1	0	102890	102909	0	0	0	0
2468	STR_QUEST_NAME_Q2468	5	STR_QUEST_ZONE07	2	4095	0	28	29	0	0	0	0	1	1	1	0	102910	102911	0	0	0	0
2469	STR_QUEST_NAME_Q2469	5	STR_QUEST_ZONE07	2	4095	0	28	30	102912	0	0	0	0	1	1	0	102910	102913	0	0	0	0
2470	STR_QUEST_NAME_Q2470	5	STR_QUEST_ZONE07	2	4095	0	30	31	0	0	0	0	1	1	1	0	102914	102915	0	0	0	0
2471	STR_QUEST_NAME_Q2471	5	STR_QUEST_ZONE07	2	4095	0	37	39	102916	0	0	0	0	1	1	0	102849	102917	0	0	0	0
2472	STR_QUEST_NAME_Q2472	5	STR_QUEST_ZONE07	2	4095	0	30	30	0	0	0	0	1	1	1	0	102918	102919	0	0	0	0
2473	STR_QUEST_NAME_Q2473	5	STR_QUEST_ZONE07	2	4095	0	32	34	102920	0	0	0	0	1	1	0	102918	102921	0	0	0	0
2474	STR_QUEST_NAME_Q2474	5	STR_QUEST_ZONE07	2	4095	0	34	35	0	0	0	0	1	1	1	0	102860	102922	0	0	0	0
2475	STR_QUEST_NAME_Q2475	5	STR_QUEST_ZONE07	2	4095	0	36	36	0	0	0	0	1	1	1	0	102860	102923	0	0	0	0
2476	STR_QUEST_NAME_Q2476	5	STR_QUEST_ZONE07	2	4095	0	29	30	0	0	0	0	1	1	1	0	102924	102925	0	0	0	0
2477	STR_QUEST_NAME_Q2477	5	STR_QUEST_ZONE07	2	4095	0	29	30	102926	0	0	0	0	1	1	0	102924	102927	0	0	0	0
2478	STR_QUEST_NAME_Q2478	5	STR_QUEST_ZONE07	2	4095	0	29	30	102928	0	0	0	0	1	1	0	102924	102929	0	0	0	0
2479	STR_QUEST_NAME_Q2479	5	STR_QUEST_ZONE07	2	4095	0	21	22	102930	0	0	0	0	1	1	0	102705	102931	0	0	0	0
2480	STR_QUEST_NAME_Q2480	5	STR_QUEST_ZONE07	2	4095	0	21	23	102932	0	0	0	0	1	1	0	102639	102933	0	0	0	0
2481	STR_QUEST_NAME_Q2481	5	STR_QUEST_ZONE07	2	4095	0	25	26	0	0	0	0	1	1	1	0	102694	102934	0	0	0	0
2482	STR_QUEST_NAME_Q2482	5	STR_QUEST_ZONE07	2	4095	0	25	27	102935	0	0	0	0	1	1	0	102694	102936	0	0	0	0
2483	STR_QUEST_NAME_Q2483	5	STR_QUEST_ZONE07	2	4095	0	32	33	0	0	0	0	1	1	1	0	102937	102938	0	0	0	0
2484	STR_QUEST_NAME_Q2484	5	STR_QUEST_ZONE07	2	4095	0	37	38	0	0	0	0	0	1	1	0	102939	102940	0	0	0	0
2485	STR_QUEST_NAME_Q2485	5	STR_QUEST_ZONE07	2	4095	0	37	39	102941	0	0	0	0	1	1	0	102942	102943	0	0	0	0
2486	STR_QUEST_NAME_Q2486	5	STR_QUEST_ZONE07	2	4095	0	37	37	102944	0	0	0	0	1	1	0	102945	102946	0	0	0	0
2487	STR_QUEST_NAME_Q2487	5	STR_QUEST_ZONE07	2	4095	0	37	38	102947	0	0	0	0	1	1	0	102777	102948	0	0	0	0
2488	STR_QUEST_NAME_Q2488	5	STR_QUEST_ZONE07	2	4095	0	37	38	102949	0	0	0	0	1	1	0	102945	102950	0	0	0	0
2489	STR_QUEST_NAME_Q2489	5	STR_QUEST_ZONE07	2	4095	0	39	40	0	0	0	0	1	1	1	0	102951	102952	0	0	0	0
2490	STR_QUEST_NAME_Q2490	5	STR_QUEST_ZONE07	2	4095	0	38	39	0	0	0	0	1	1	1	0	102853	102953	0	0	0	0
2491	STR_QUEST_NAME_Q2491	5	STR_QUEST_ZONE07	2	4095	0	38	40	102954	0	0	0	0	1	1	0	102853	102955	0	0	0	0
2492	STR_QUEST_NAME_Q2492	5	STR_QUEST_ZONE07	2	4095	0	20	21	102956	0	0	0	0	1	1	0	102677	102957	0	0	0	0
2493	STR_QUEST_NAME_Q2493	5	STR_QUEST_ZONE07	2	4095	0	20	20	0	0	0	0	1	1	1	0	102958	102959	0	0	0	0
2494	STR_QUEST_NAME_Q2494	5	STR_QUEST_ZONE07	3	4095	0	23	25	0	0	0	0	0	1	1	0	102960	102961	0	0	0	0
2495	STR_QUEST_NAME_Q2495	5	STR_QUEST_ZONE07	3	4095	0	22	23	0	0	0	0	1	1	1	0	102960	102962	0	0	0	0
2496	STR_QUEST_NAME_Q2496	5	STR_QUEST_ZONE07	2	4095	0	22	23	102963	0	0	0	0	1	1	0	102892	102964	0	0	0	0
2497	STR_QUEST_NAME_Q2497	5	STR_QUEST_ZONE07	2	4095	0	23	23	0	0	0	0	1	1	1	0	102646	102965	0	0	0	0
2498	STR_QUEST_NAME_Q2498	5	STR_QUEST_ZONE07	2	4095	0	22	25	0	0	0	0	0	1	1	0	102966	102967	0	0	0	0
2499	STR_QUEST_NAME_Q2499	5	STR_QUEST_ZONE07	2	4095	0	20	21	0	0	0	0	1	1	10	0	102677	102968	0	0	0	102969
2500	STR_QUEST_NAME_Q2500	0	STR_QUEST_ZONE08	2	4095	0	30	30	0	0	0	0	0	0	1	0	100918	102970	0	0	0	0
2501	STR_QUEST_NAME_Q2501	5	STR_QUEST_ZONE08	2	4095	0	30	30	0	0	0	0	1	1	1	0	102971	102972	0	0	0	0
2502	STR_QUEST_NAME_Q2502	5	STR_QUEST_ZONE08	2	4095	0	30	30	102973	0	0	0	0	1	1	0	102971	102974	0	0	0	0
2503	STR_QUEST_NAME_Q2503	5	STR_QUEST_ZONE08	2	4095	0	30	30	0	0	0	0	1	1	1	0	102975	102976	0	0	0	0
2504	STR_QUEST_NAME_Q2504	5	STR_QUEST_ZONE08	2	4095	0	30	30	0	0	0	0	1	1	1	0	102977	102978	0	0	0	0
2505	STR_QUEST_NAME_Q2505	5	STR_QUEST_ZONE08	2	4095	0	30	30	102979	0	0	0	0	1	1	0	102977	102980	0	0	0	0
2506	STR_QUEST_NAME_Q2506	5	STR_QUEST_ZONE08	2	4095	0	31	31	102973	0	0	0	0	1	1	0	102981	102982	0	0	0	0
2507	STR_QUEST_NAME_Q2507	5	STR_QUEST_ZONE08	2	4095	0	31	33	102983	0	0	0	0	1	1	0	102981	102984	0	0	0	0
2508	STR_QUEST_NAME_Q2508	5	STR_QUEST_ZONE08	2	4095	0	32	32	0	0	0	0	1	1	1	0	102985	102986	0	0	0	0
2509	STR_QUEST_NAME_Q2509	5	STR_QUEST_ZONE08	2	4095	0	31	32	0	0	0	0	1	1	1	0	102987	102988	0	0	0	0
2511	STR_QUEST_NAME_Q2511	5	STR_QUEST_ZONE08	2	4095	0	34	35	102989	0	0	0	0	1	1	0	102990	102991	0	0	0	0
2512	STR_QUEST_NAME_Q2512	5	STR_QUEST_ZONE08	2	4095	0	35	37	0	0	0	0	0	1	1	0	102987	102992	0	0	0	0
2513	STR_QUEST_NAME_Q2513	5	STR_QUEST_ZONE08	2	4095	0	36	36	0	0	0	0	1	1	1	0	102993	102994	102995	102996	0	0
2514	STR_QUEST_NAME_Q2514	5	STR_QUEST_ZONE08	2	4095	0	36	36	0	0	0	0	1	1	1	0	102981	102997	0	0	0	0
2515	STR_QUEST_NAME_Q2515	5	STR_QUEST_ZONE08	2	4095	0	31	31	0	0	0	0	0	1	1	0	102998	102999	0	0	0	0
2516	STR_QUEST_NAME_Q2516	5	STR_QUEST_ZONE08	2	4095	0	30	31	0	0	0	0	1	1	0	1	103000	103001	0	0	0	0
2519	STR_QUEST_NAME_Q2519	5	STR_QUEST_ZONE08	2	4095	0	29	29	0	0	0	0	1	1	0	0	103002	103003	0	0	0	0
2520	STR_QUEST_NAME_Q2520	5	STR_QUEST_ZONE08	2	4095	0	29	29	0	0	0	0	1	1	0	0	103002	103004	0	0	0	0
2521	STR_QUEST_NAME_Q2521	5	STR_QUEST_ZONE08	2	4095	0	31	32	0	0	0	0	1	1	1	0	103005	103006	0	0	0	0
2522	STR_QUEST_NAME_Q2522	5	STR_QUEST_ZONE08	2	4095	0	33	34	103007	0	0	0	0	1	20	0	103005	103008	0	0	0	103009
2523	STR_QUEST_NAME_Q2523	5	STR_QUEST_ZONE08	2	4095	0	32	32	103010	0	0	0	0	1	1	0	103011	103012	0	0	0	0
2524	STR_QUEST_NAME_Q2524	5	STR_QUEST_ZONE08	2	4095	0	32	33	0	0	0	0	1	1	1	0	103013	103014	0	0	0	0
2525	STR_QUEST_NAME_Q2525	5	STR_QUEST_ZONE08	2	4095	0	32	33	103015	0	0	0	0	1	1	0	103013	103016	0	0	0	0
2526	STR_QUEST_NAME_Q2526	5	STR_QUEST_ZONE08	2	4095	0	32	33	0	0	0	0	1	1	1	0	103017	103018	0	0	0	0
2527	STR_QUEST_NAME_Q2527	5	STR_QUEST_ZONE08	2	4095	0	32	33	103019	0	0	0	0	1	1	0	103020	103021	0	0	0	0
2528	STR_QUEST_NAME_Q2528	5	STR_QUEST_ZONE08	2	4095	0	33	34	103022	0	0	0	0	1	1	0	103017	103023	0	0	0	0
2529	STR_QUEST_NAME_Q2529	5	STR_QUEST_ZONE08	2	4095	0	33	34	0	0	0	0	1	1	1	0	103011	103024	0	0	0	0
2530	STR_QUEST_NAME_Q2530	5	STR_QUEST_ZONE08	2	4095	0	34	35	0	0	0	0	1	1	30	0	103005	103025	0	0	0	103026
2531	STR_QUEST_NAME_Q2531	5	STR_QUEST_ZONE08	2	4095	0	34	35	103027	0	0	0	0	1	1	0	103005	103028	0	0	0	0
2532	STR_QUEST_NAME_Q2532	5	STR_QUEST_ZONE08	2	4095	0	34	35	103029	0	0	0	0	1	1	0	103030	103031	0	0	0	0
2533	STR_QUEST_NAME_Q2533	5	STR_QUEST_ZONE08	2	4095	0	34	35	103032	0	0	0	0	1	1	0	103005	103033	0	0	0	0
2534	STR_QUEST_NAME_Q2534	5	STR_QUEST_ZONE08	2	4095	0	35	36	103034	0	0	0	0	1	1	0	103005	102208	0	0	0	0
2535	STR_QUEST_NAME_Q2535	5	STR_QUEST_ZONE08	2	4095	0	36	36	0	0	0	0	1	1	1	0	103017	103035	0	0	0	0
2537	STR_QUEST_NAME_Q2537	5	STR_QUEST_ZONE08	2	4095	0	36	44	103036	0	0	0	0	1	1	0	103037	103038	0	0	0	0
2538	STR_QUEST_NAME_Q2538	5	STR_QUEST_ZONE08	2	4095	0	36	38	103039	0	0	0	0	1	1	0	103040	103041	0	0	0	0
2539	STR_QUEST_NAME_Q2539	5	STR_QUEST_ZONE08	2	4095	0	36	36	103042	0	0	0	0	1	1	0	103043	103044	0	0	0	0
2540	STR_QUEST_NAME_Q2540	5	STR_QUEST_ZONE08	2	4095	0	32	33	103045	0	0	0	0	1	1	0	103020	103046	0	0	0	0
2541	STR_QUEST_NAME_Q2541	5	STR_QUEST_ZONE08	2	4095	0	31	32	0	0	0	0	1	1	1	0	103047	103048	0	0	0	0
2542	STR_QUEST_NAME_Q2542	5	STR_QUEST_ZONE08	2	4095	0	32	33	0	0	0	0	1	1	1	0	103049	103050	0	0	0	0
2543	STR_QUEST_NAME_Q2543	5	STR_QUEST_ZONE08	2	4095	0	34	35	103051	0	0	0	0	1	1	0	103049	103052	0	0	0	0
2544	STR_QUEST_NAME_Q2544	5	STR_QUEST_ZONE08	2	4095	0	32	33	102983	0	0	0	0	1	30	0	103053	103054	0	0	0	103055
2545	STR_QUEST_NAME_Q2545	5	STR_QUEST_ZONE08	2	4095	0	33	34	0	0	0	0	1	1	1	0	103053	103056	0	0	0	0
2546	STR_QUEST_NAME_Q2546	5	STR_QUEST_ZONE08	2	4095	0	33	34	103057	0	0	0	0	1	1	0	102985	103058	0	0	0	0
2547	STR_QUEST_NAME_Q2547	5	STR_QUEST_ZONE08	2	4095	0	34	35	0	0	0	0	1	1	1	0	103059	103060	0	0	0	0
2548	STR_QUEST_NAME_Q2548	5	STR_QUEST_ZONE08	2	4095	0	34	35	103061	0	0	0	0	1	1	0	102737	103062	0	0	0	0
2549	STR_QUEST_NAME_Q2549	5	STR_QUEST_ZONE08	2	4095	0	34	34	0	0	0	0	0	1	1	0	103063	103064	0	0	0	0
2550	STR_QUEST_NAME_Q2550	5	STR_QUEST_ZONE08	2	4095	0	32	33	103065	0	0	0	0	1	1	0	103020	103066	0	0	0	0
2551	STR_QUEST_NAME_Q2551	5	STR_QUEST_ZONE08	2	4095	0	34	36	0	0	0	0	1	1	1	0	103059	103067	0	0	0	0
2552	STR_QUEST_NAME_Q2552	5	STR_QUEST_ZONE08	2	4095	0	35	37	0	0	0	0	1	1	1	0	103049	103068	0	0	0	0
2553	STR_QUEST_NAME_Q2553	5	STR_QUEST_ZONE08	2	4095	0	35	35	0	0	0	0	1	1	1	0	103059	103069	0	0	0	0
2554	STR_QUEST_NAME_Q2554	5	STR_QUEST_ZONE08	2	4095	0	35	36	103070	0	0	0	0	1	1	0	103059	103071	0	0	0	0
2555	STR_QUEST_NAME_Q2555	5	STR_QUEST_ZONE08	2	4095	0	35	37	103072	0	0	0	0	1	1	0	103059	103073	0	0	0	0
2556	STR_QUEST_NAME_Q2556	5	STR_QUEST_ZONE08	2	4095	0	35	37	103072	0	0	0	0	1	1	0	103047	103074	0	0	0	0
2557	STR_QUEST_NAME_Q2557	5	STR_QUEST_ZONE08	2	4095	0	36	37	103072	0	0	0	0	1	1	0	103049	103075	0	0	0	0
2558	STR_QUEST_NAME_Q2558	5	STR_QUEST_ZONE08	2	4095	0	36	37	0	0	0	0	1	1	1	0	103076	103077	0	0	0	0
2559	STR_QUEST_NAME_Q2559	5	STR_QUEST_ZONE08	2	4095	0	36	37	103078	0	0	0	0	1	1	0	103076	103079	0	0	0	0
2560	STR_QUEST_NAME_Q2560	5	STR_QUEST_ZONE08	2	4095	0	36	37	0	0	0	0	1	1	0	1	103076	103080	0	0	0	0
2561	STR_QUEST_NAME_Q2561	5	STR_QUEST_ZONE08	2	4095	0	36	37	0	0	0	0	1	1	1	0	103081	103082	0	0	0	0
2562	STR_QUEST_NAME_Q2562	5	STR_QUEST_ZONE08	2	4095	0	36	37	0	0	0	0	1	1	1	0	103083	103084	0	0	0	0
2563	STR_QUEST_NAME_Q2563	5	STR_QUEST_ZONE08	2	4095	0	37	38	103085	0	0	0	0	1	1	0	103081	103086	0	0	0	0
2564	STR_QUEST_NAME_Q2564	5	STR_QUEST_ZONE08	2	4095	0	37	38	103087	0	0	0	0	1	1	0	103081	103088	0	0	0	0
2565	STR_QUEST_NAME_Q2565	5	STR_QUEST_ZONE08	2	4095	0	37	38	0	0	0	0	1	1	1	0	103089	103090	0	0	0	0
2566	STR_QUEST_NAME_Q2566	5	STR_QUEST_ZONE08	2	4095	0	38	39	0	0	0	0	1	1	1	0	103091	103092	0	0	0	0
2567	STR_QUEST_NAME_Q2567	5	STR_QUEST_ZONE08	2	4095	0	38	39	103093	0	0	0	0	1	20	0	103091	103094	0	0	0	103095
2568	STR_QUEST_NAME_Q2568	5	STR_QUEST_ZONE08	2	4095	0	38	38	0	0	0	0	0	1	1	0	103096	103097	0	0	0	0
2569	STR_QUEST_NAME_Q2569	5	STR_QUEST_ZONE08	2	4095	0	38	39	0	0	0	0	0	1	1	0	103098	103099	0	0	0	0
2570	STR_QUEST_NAME_Q2570	5	STR_QUEST_ZONE08	2	4095	0	32	33	0	0	0	0	1	1	1	0	103059	103100	0	0	0	0
2571	STR_QUEST_NAME_Q2571	5	STR_QUEST_ZONE08	2	4095	0	35	35	103101	0	0	0	0	1	1	0	103102	103103	0	0	0	0
2572	STR_QUEST_NAME_Q2572	5	STR_QUEST_ZONE08	2	4095	0	35	36	0	0	0	0	1	1	1	0	103104	103105	0	0	0	0
2573	STR_QUEST_NAME_Q2573	5	STR_QUEST_ZONE08	2	4095	0	35	37	0	0	0	0	1	1	1	0	103102	103106	0	0	0	0
2574	STR_QUEST_NAME_Q2574	5	STR_QUEST_ZONE08	2	4095	0	36	37	103107	0	0	0	0	1	20	0	103102	103108	0	0	0	103109
2575	STR_QUEST_NAME_Q2575	5	STR_QUEST_ZONE08	2	4095	0	37	38	0	0	0	0	1	1	1	0	103110	103111	0	0	0	0
2576	STR_QUEST_NAME_Q2576	5	STR_QUEST_ZONE08	2	4095	0	37	38	0	0	0	0	1	1	1	0	103112	103113	0	0	0	0
2577	STR_QUEST_NAME_Q2577	5	STR_QUEST_ZONE08	2	4095	0	37	38	0	0	0	0	1	1	1	0	103114	103115	0	0	0	0
2578	STR_QUEST_NAME_Q2578	5	STR_QUEST_ZONE08	2	4095	0	37	39	0	0	0	0	0	1	1	0	103116	103117	0	0	0	0
2579	STR_QUEST_NAME_Q2579	5	STR_QUEST_ZONE08	2	4095	0	38	39	0	0	0	0	1	1	1	0	103118	103119	0	0	0	0
2580	STR_QUEST_NAME_Q2580	5	STR_QUEST_ZONE08	2	4095	0	38	39	0	0	0	0	1	1	1	0	103120	103121	0	0	0	0
2581	STR_QUEST_NAME_Q2581	5	STR_QUEST_ZONE08	2	4095	0	38	39	103122	0	0	0	0	1	1	0	103123	103124	0	0	0	0
2582	STR_QUEST_NAME_Q2582	5	STR_QUEST_ZONE08	2	4095	0	38	39	0	0	0	0	1	1	1	0	103112	103125	0	0	0	0
2583	STR_QUEST_NAME_Q2583	5	STR_QUEST_ZONE08	2	4095	0	33	33	0	0	0	0	1	1	1	0	103126	103127	0	0	0	0
2585	STR_QUEST_NAME_Q2585	5	STR_QUEST_ZONE08	2	4095	0	42	44	103128	0	0	0	0	1	1	0	103129	103130	0	0	0	0
2586	STR_QUEST_NAME_Q2586	5	STR_QUEST_ZONE08	2	4095	0	42	44	103128	0	0	0	0	1	1	0	103131	103132	0	0	0	0
2587	STR_QUEST_NAME_Q2587	5	STR_QUEST_ZONE08	2	4095	0	42	44	103128	0	0	0	0	1	1	0	103131	103133	0	0	0	0
2588	STR_QUEST_NAME_Q2588	5	STR_QUEST_ZONE08	2	4095	0	42	44	103128	0	0	0	0	1	1	0	103134	103135	0	0	0	0
2589	STR_QUEST_NAME_Q2589	5	STR_QUEST_ZONE08	2	4095	0	40	41	0	0	0	0	1	1	0	1	103136	103137	0	0	0	0
2590	STR_QUEST_NAME_Q2590	5	STR_QUEST_ZONE08	2	4095	0	39	41	0	0	0	0	1	1	0	1	0	0	0	0	0	0
2593	STR_QUEST_NAME_Q2593	5	STR_QUEST_ZONE08	2	4095	0	39	40	0	0	0	0	1	1	1	0	103123	103138	0	0	0	0
2594	STR_QUEST_NAME_Q2594	5	STR_QUEST_ZONE08	2	4095	0	39	40	0	0	0	0	1	1	1	0	103139	103140	0	0	0	0
2595	STR_QUEST_NAME_Q2595	5	STR_QUEST_ZONE08	2	4095	0	39	40	0	0	0	0	1	1	1	0	103141	103142	0	0	0	0
2596	STR_QUEST_NAME_Q2596	5	STR_QUEST_ZONE08	2	4095	0	44	45	102321	0	0	0	0	1	10	0	103114	103143	0	0	0	103144
2597	STR_QUEST_NAME_Q2597	5	STR_QUEST_ZONE08	2	4095	0	44	45	102321	0	0	0	0	1	10	0	103114	103145	0	0	0	103146
2599	STR_QUEST_NAME_Q2599	5	STR_QUEST_ZONE08	2	4095	0	32	33	0	0	0	0	1	1	1	0	103147	103148	0	0	0	0
2600	STR_QUEST_NAME_Q2600	5	STR_QUEST_ZONE08	2	4095	0	35	37	0	0	0	0	1	1	1	0	102985	103149	0	0	0	0
2601	STR_QUEST_NAME_Q2601	5	STR_QUEST_ZONE08	2	4095	0	43	44	0	0	0	0	1	1	1	0	103150	103151	0	0	0	0
2602	STR_QUEST_NAME_Q2602	5	STR_QUEST_ZONE08	2	4095	0	43	44	103152	0	0	0	0	1	1	0	103150	103153	0	0	0	0
2605	STR_QUEST_NAME_Q2605	5	STR_QUEST_ZONE08	2	4095	0	36	36	103154	0	0	0	0	1	1	0	102993	103155	0	0	0	0
2606	STR_QUEST_NAME_Q2606	5	STR_QUEST_ZONE08	2	4095	0	36	36	103156	0	0	0	0	1	1	0	102993	103155	0	0	0	0
2607	STR_QUEST_NAME_Q2607	5	STR_QUEST_ZONE08	2	4095	0	36	36	103157	0	0	0	0	1	1	0	102993	103155	0	0	0	0
2608	STR_QUEST_NAME_Q2608	5	STR_QUEST_ZONE08	2	4095	0	33	35	0	0	0	0	1	1	10	0	103017	103158	0	0	0	103159
2611	STR_QUEST_NAME_Q2611	5	STR_QUEST_ZONE08	2	4095	0	38	39	0	0	0	0	1	1	1	0	103160	103161	0	0	0	0
2612	STR_QUEST_NAME_Q2612	5	STR_QUEST_ZONE08	2	4095	0	39	41	0	0	0	0	1	1	1	0	103162	103163	0	0	0	0
2613	STR_QUEST_NAME_Q2613	5	STR_QUEST_ZONE08	2	4095	0	39	39	103164	0	0	0	0	1	1	0	103162	103165	0	0	0	0
2614	STR_QUEST_NAME_Q2614	5	STR_QUEST_ZONE08	2	4095	0	39	40	0	0	0	0	1	1	1	0	103166	103167	0	0	0	0
2615	STR_QUEST_NAME_Q2615	5	STR_QUEST_ZONE08	2	4095	0	39	40	0	0	0	0	1	1	1	0	103168	103169	0	0	0	0
2616	STR_QUEST_NAME_Q2616	5	STR_QUEST_ZONE08	2	4095	0	39	40	103170	0	0	0	0	1	30	0	103168	103171	0	0	0	103172
2617	STR_QUEST_NAME_Q2617	5	STR_QUEST_ZONE08	2	4095	0	40	41	0	0	0	0	1	1	1	0	103173	103174	0	0	0	0
2618	STR_QUEST_NAME_Q2618	5	STR_QUEST_ZONE08	2	4095	0	40	41	0	0	0	0	1	1	1	0	103160	103175	0	0	0	0
2619	STR_QUEST_NAME_Q2619	5	STR_QUEST_ZONE08	2	4095	0	41	41	0	0	0	0	0	1	1	0	103176	103177	0	0	0	0
2620	STR_QUEST_NAME_Q2620	5	STR_QUEST_ZONE08	2	4095	0	41	42	103178	0	0	0	0	1	1	0	103179	103180	0	0	0	0
2621	STR_QUEST_NAME_Q2621	5	STR_QUEST_ZONE08	2	4095	0	41	41	103181	0	0	0	0	1	1	0	103160	103182	0	0	0	0
2622	STR_QUEST_NAME_Q2622	5	STR_QUEST_ZONE08	2	4095	0	41	42	0	0	0	0	1	1	1	0	103183	103184	0	0	0	0
2623	STR_QUEST_NAME_Q2623	5	STR_QUEST_ZONE08	2	4095	0	41	42	103185	0	0	0	0	1	1	0	103183	103186	0	0	0	0
2624	STR_QUEST_NAME_Q2624	5	STR_QUEST_ZONE08	2	4095	0	41	42	103187	0	0	0	0	1	1	0	103183	103188	0	0	0	0
2625	STR_QUEST_NAME_Q2625	5	STR_QUEST_ZONE08	2	4095	0	41	42	0	0	0	0	1	1	1	0	103189	103190	0	0	0	0
2626	STR_QUEST_NAME_Q2626	5	STR_QUEST_ZONE08	2	4095	0	42	44	0	0	0	0	1	1	1	0	103191	103192	0	0	0	0
2627	STR_QUEST_NAME_Q2627	5	STR_QUEST_ZONE08	2	4095	0	41	42	0	0	0	0	1	1	1	0	103162	103193	0	0	0	0
2628	STR_QUEST_NAME_Q2628	5	STR_QUEST_ZONE08	2	4095	0	43	44	0	0	0	0	1	1	1	0	103179	103194	0	0	0	0
2629	STR_QUEST_NAME_Q2629	5	STR_QUEST_ZONE08	2	4095	0	43	44	103195	0	0	0	0	1	30	0	103179	103196	0	0	0	103197
2630	STR_QUEST_NAME_Q2630	5	STR_QUEST_ZONE08	2	4095	0	40	42	0	0	0	0	1	1	1	0	103198	103199	0	0	0	0
2631	STR_QUEST_NAME_Q2631	5	STR_QUEST_ZONE08	2	4095	0	44	46	103200	0	0	0	0	1	1	0	103166	103201	0	0	0	0
2632	STR_QUEST_NAME_Q2632	5	STR_QUEST_ZONE08	2	4095	0	44	46	103200	0	0	0	0	1	1	0	103198	103202	0	0	0	0
2633	STR_QUEST_NAME_Q2633	5	STR_QUEST_ZONE08	2	4095	0	44	46	103200	0	0	0	0	1	1	0	103176	103203	0	0	0	0
2634	STR_QUEST_NAME_Q2634	5	STR_QUEST_ZONE08	2	4095	0	44	46	103200	0	0	0	0	1	1	0	103204	103205	0	0	0	0
2635	STR_QUEST_NAME_Q2635	5	STR_QUEST_ZONE08	2	4095	0	43	44	103206	0	0	0	0	1	0	1	103207	103208	0	0	0	0
2638	STR_QUEST_NAME_Q2638	5	STR_QUEST_ZONE08	2	4095	0	42	42	103209	0	0	0	0	1	10	0	103210	103211	0	0	0	103212
2639	STR_QUEST_NAME_Q2639	5	STR_QUEST_ZONE08	2	4095	0	42	43	0	0	0	0	1	1	1	0	103213	103214	0	0	0	0
2640	STR_QUEST_NAME_Q2640	5	STR_QUEST_ZONE08	2	4095	0	41	42	0	0	0	0	1	1	10	0	103189	103215	0	0	0	0
2641	STR_QUEST_NAME_Q2641	5	STR_QUEST_ZONE08	2	4095	0	41	41	103216	0	0	0	0	1	1	0	103207	103217	0	0	0	0
2642	STR_QUEST_NAME_Q2642	5	STR_QUEST_ZONE08	2	4095	0	41	42	0	0	0	0	1	1	1	0	103210	103218	0	0	0	0
2643	STR_QUEST_NAME_Q2643	5	STR_QUEST_ZONE08	2	4095	0	41	43	0	0	0	0	1	1	1	0	103213	103219	0	0	0	0
2644	STR_QUEST_NAME_Q2644	5	STR_QUEST_ZONE08	2	4095	0	41	43	103220	0	0	0	0	1	30	0	103213	103221	0	0	0	103222
2645	STR_QUEST_NAME_Q2645	5	STR_QUEST_ZONE08	2	4095	0	41	43	103223	0	0	0	1	1	1	0	103213	103224	0	0	0	0
2646	STR_QUEST_NAME_Q2646	5	STR_QUEST_ZONE08	2	4095	0	42	44	0	0	0	0	1	1	1	0	103207	103225	0	0	0	0
2647	STR_QUEST_NAME_Q2647	5	STR_QUEST_ZONE08	2	4095	0	42	44	0	0	0	0	1	1	1	0	103226	103227	0	0	0	0
2648	STR_QUEST_NAME_Q2648	5	STR_QUEST_ZONE08	2	4095	0	42	44	0	0	0	0	1	1	1	0	103213	103228	0	0	0	0
2649	STR_QUEST_NAME_Q2649	5	STR_QUEST_ZONE08	2	4095	0	42	44	0	0	0	0	1	1	1	0	103210	103229	0	0	0	0
2650	STR_QUEST_NAME_Q2650	5	STR_QUEST_ZONE08	2	4095	0	42	44	0	0	0	0	1	1	1	0	103226	103230	0	0	0	0
2651	STR_QUEST_NAME_Q2651	5	STR_QUEST_ZONE08	2	4095	0	41	45	0	0	0	0	1	1	1	0	103226	103231	0	0	0	0
2652	STR_QUEST_NAME_Q2652	5	STR_QUEST_ZONE08	2	4095	0	41	45	103232	0	0	0	0	1	1	0	103233	101634	0	0	0	0
2653	STR_QUEST_NAME_Q2653	5	STR_QUEST_ZONE08	2	4095	0	41	45	103234	0	0	0	0	1	1	0	103233	103231	0	0	0	0
2654	STR_QUEST_NAME_Q2654	5	STR_QUEST_ZONE08	2	4095	0	41	45	103235	0	0	0	0	1	1	0	103226	103231	0	0	0	0
2655	STR_QUEST_NAME_Q2655	5	STR_QUEST_ZONE08	2	4095	0	41	45	103236	0	0	0	0	1	1	0	103237	103238	0	0	0	0
2656	STR_QUEST_NAME_Q2656	5	STR_QUEST_ZONE08	2	4095	0	41	45	103239	0	0	0	0	1	1	0	103237	103240	0	0	0	0
2657	STR_QUEST_NAME_Q2657	5	STR_QUEST_ZONE08	2	4095	0	44	47	103241	0	0	0	0	1	0	0	103207	103242	103243	103243	103243	0
2658	STR_QUEST_NAME_Q2658	5	STR_QUEST_ZONE08	2	4095	0	44	46	103244	0	0	0	0	1	20	0	103245	103246	0	0	0	103247
2659	STR_QUEST_NAME_Q2659	5	STR_QUEST_ZONE08	2	4095	0	44	47	0	0	0	0	1	1	20	0	101565	103248	0	0	0	103249
2660	STR_QUEST_NAME_Q2660	5	STR_QUEST_ZONE08	2	4095	0	44	47	0	0	0	0	1	1	20	0	101565	103250	0	0	0	103251
2661	STR_QUEST_NAME_Q2661	5	STR_QUEST_ZONE08	2	4095	0	41	42	0	0	0	0	1	1	1	0	103252	103253	0	0	0	0
2662	STR_QUEST_NAME_Q2662	5	STR_QUEST_ZONE08	2	4095	0	41	42	0	0	0	0	1	1	1	0	103252	103254	0	0	0	0
2663	STR_QUEST_NAME_Q2663	5	STR_QUEST_ZONE08	2	4095	0	42	43	0	0	0	0	1	1	1	0	103252	103255	0	0	0	0
2664	STR_QUEST_NAME_Q2664	5	STR_QUEST_ZONE08	2	4095	0	42	43	103256	0	0	0	0	1	1	0	103252	103257	0	0	0	0
2665	STR_QUEST_NAME_Q2665	5	STR_QUEST_ZONE08	2	4095	0	41	42	103258	0	0	0	0	1	1	0	103252	103259	0	0	0	0
2667	STR_QUEST_NAME_Q2667	5	STR_QUEST_ZONE08	2	4095	0	43	45	0	103260	0	0	0	1	1	0	103261	103262	0	0	0	0
2668	STR_QUEST_NAME_Q2668	5	STR_QUEST_ZONE08	2	4095	0	43	45	103263	0	0	0	0	1	1	0	103252	103264	0	0	0	0
2669	STR_QUEST_NAME_Q2669	5	STR_QUEST_ZONE08	2	4095	0	43	45	103265	0	0	0	0	1	1	0	103266	103267	0	0	0	0
2670	STR_QUEST_NAME_Q2670	5	STR_QUEST_ZONE08	2	4095	0	43	45	0	0	0	0	0	1	1	0	103268	103269	0	0	0	0
2671	STR_QUEST_NAME_Q2671	5	STR_QUEST_ZONE08	2	4095	0	42	43	0	0	0	0	1	1	1	0	103245	103270	0	0	0	0
2673	STR_QUEST_NAME_Q2673	5	STR_QUEST_ZONE08	2	4095	0	44	47	0	0	0	0	1	1	1	0	103245	103271	0	0	0	0
2674	STR_QUEST_NAME_Q2674	5	STR_QUEST_ZONE08	2	4095	0	42	43	103206	0	0	0	0	1	1	0	103245	103272	0	0	0	0
2675	STR_QUEST_NAME_Q2675	5	STR_QUEST_ZONE08	2	4095	0	42	44	103273	0	0	0	0	1	1	0	103245	103274	0	0	0	0
2676	STR_QUEST_NAME_Q2676	5	STR_QUEST_ZONE08	2	4095	0	42	44	103275	0	0	0	0	1	30	0	103245	103276	0	0	0	103277
2677	STR_QUEST_NAME_Q2677	5	STR_QUEST_ZONE08	2	4095	0	44	46	103278	0	0	0	0	1	0	0	103207	103279	103280	103281	0	0
2678	STR_QUEST_NAME_Q2678	5	STR_QUEST_ZONE08	2	4095	0	44	46	103278	0	0	0	0	1	0	0	103207	103282	0	0	0	0
2679	STR_QUEST_NAME_Q2679	5	STR_QUEST_ZONE08	2	4095	0	44	47	103278	0	0	0	0	1	0	0	103207	103283	0	0	0	0
2680	STR_QUEST_NAME_Q2680	5	STR_QUEST_ZONE08	2	4095	0	31	32	0	0	0	0	1	1	1	0	102977	103284	0	0	0	0
2681	STR_QUEST_NAME_Q2681	5	STR_QUEST_ZONE08	2	4095	0	32	33	0	0	0	0	1	1	1	0	103017	103285	0	0	0	0
2682	STR_QUEST_NAME_Q2682	5	STR_QUEST_ZONE08	2	4095	0	32	33	0	0	0	0	1	1	1	0	103049	103286	0	0	0	0
2683	STR_QUEST_NAME_Q2683	5	STR_QUEST_ZONE08	2	4095	0	35	36	0	0	0	0	1	1	1	0	103287	103288	0	0	0	0
2684	STR_QUEST_NAME_Q2684	5	STR_QUEST_ZONE08	2	4095	0	37	38	0	0	0	0	1	1	1	0	103083	103289	0	0	0	0
2685	STR_QUEST_NAME_Q2685	5	STR_QUEST_ZONE08	2	4095	0	40	41	0	0	0	0	1	1	1	0	103290	103291	0	0	0	0
2686	STR_QUEST_NAME_Q2686	5	STR_QUEST_ZONE08	2	4095	0	40	41	0	0	0	0	1	1	1	0	103183	103292	0	0	0	0
2687	STR_QUEST_NAME_Q2687	5	STR_QUEST_ZONE08	2	4095	0	37	38	0	0	0	0	1	1	1	0	103118	103293	0	0	0	0
2688	STR_QUEST_NAME_Q2688	5	STR_QUEST_ZONE08	2	4095	0	41	42	0	0	0	0	1	1	1	0	103294	103295	0	0	0	0
2689	STR_QUEST_NAME_Q2689	5	STR_QUEST_ZONE08	2	4095	0	41	42	0	0	0	0	1	1	1	0	103213	103296	0	0	0	0
2690	STR_QUEST_NAME_Q2690	5	STR_QUEST_ZONE08	2	4095	0	40	42	0	0	0	0	1	1	1	0	103160	103297	0	0	0	0
2691	STR_QUEST_NAME_Q2691	5	STR_QUEST_ZONE08	2	4095	0	40	42	103298	0	0	0	0	1	1	0	103252	103299	0	0	0	0
2692	STR_QUEST_NAME_Q2692	5	STR_QUEST_ZONE08	2	4095	0	40	42	0	0	0	0	1	1	1	0	103300	103301	0	0	0	0
2693	STR_QUEST_NAME_Q2693	5	STR_QUEST_ZONE08	2	4095	0	39	42	0	0	0	0	1	1	1	0	103160	103302	0	0	0	0
2694	STR_QUEST_NAME_Q2694	5	STR_QUEST_ZONE08	2	4095	0	39	42	103303	0	0	0	0	1	1	0	103013	103304	0	0	0	0
2695	STR_QUEST_NAME_Q2695	5	STR_QUEST_ZONE08	2	4095	0	43	45	103305	0	0	0	0	1	1	0	103252	103306	0	0	0	0
2696	STR_QUEST_NAME_Q2696	5	STR_QUEST_ZONE08	2	4095	0	43	45	0	0	0	0	1	1	1	0	103307	103308	0	0	0	0
2697	STR_QUEST_NAME_Q2697	5	STR_QUEST_ZONE08	2	4095	0	43	45	102326	0	0	0	0	1	1	0	103252	103309	0	0	0	0
2698	STR_QUEST_NAME_Q2698	5	STR_QUEST_ZONE08	2	4095	0	43	45	103310	0	0	0	0	1	1	0	103261	103311	0	0	0	0
2699	STR_QUEST_NAME_Q2699	5	STR_QUEST_ZONE08	2	4095	0	43	45	103312	0	0	0	0	1	1	0	103261	103313	0	0	0	0
2701	STR_QUEST_NAME_Q2701	0	STR_QUEST_ZONE09	2	4095	0	25	25	0	0	0	0	0	0	1	0	100918	103314	0	0	0	0
2702	STR_QUEST_NAME_Q2702	5	STR_QUEST_ZONE09	2	4095	0	25	26	0	0	0	0	1	1	1	0	103315	103316	0	0	0	0
2703	STR_QUEST_NAME_Q2703	5	STR_QUEST_ZONE09	2	4095	0	25	27	103317	0	0	0	0	1	1	0	103315	103318	0	0	0	0
2704	STR_QUEST_NAME_Q2704	5	STR_QUEST_ZONE09	2	4095	0	25	28	103319	0	0	0	0	1	1	0	103315	101889	0	0	0	0
2705	STR_QUEST_NAME_Q2705	5	STR_QUEST_ZONE09	2	4095	0	25	29	103320	0	0	0	0	1	1	0	103315	101891	0	0	0	0
2706	STR_QUEST_NAME_Q2706	5	STR_QUEST_ZONE09	2	4095	0	25	30	103321	0	0	0	0	1	1	0	103315	101893	0	0	0	0
2707	STR_QUEST_NAME_Q2707	5	STR_QUEST_ZONE09	2	4095	0	25	31	103322	0	0	0	0	1	1	0	103323	103324	0	0	0	0
2708	STR_QUEST_NAME_Q2708	5	STR_QUEST_ZONE09	2	4095	0	25	32	103325	0	0	0	0	1	1	0	103323	101898	0	0	0	0
2709	STR_QUEST_NAME_Q2709	5	STR_QUEST_ZONE09	2	4095	0	25	33	103326	0	0	0	0	1	1	0	103323	101900	0	0	0	0
2710	STR_QUEST_NAME_Q2710	5	STR_QUEST_ZONE09	2	4095	0	25	34	103327	0	0	0	0	1	1	0	103323	103328	0	0	0	0
2715	STR_QUEST_NAME_Q2715	5	STR_QUEST_ZONE09	2	4095	0	37	38	0	0	0	0	1	1	0	1	103329	103330	0	0	0	0
2716	STR_QUEST_NAME_Q2716	5	STR_QUEST_ZONE09	2	4095	0	38	39	0	0	0	0	1	1	0	1	103331	103332	0	0	0	0
2717	STR_QUEST_NAME_Q2717	5	STR_QUEST_ZONE09	2	4095	0	25	25	0	101907	0	0	0	1	1	0	103333	103334	0	0	0	0
2718	STR_QUEST_NAME_Q2718	5	STR_QUEST_ZONE09	2	4095	0	25	40	0	0	0	0	0	1	0	0	103335	103336	0	0	0	103337
2719	STR_QUEST_NAME_Q2719	5	STR_QUEST_ZONE09	2	4095	0	40	40	103338	0	0	0	0	1	1	0	103339	103340	0	0	0	0
2720	STR_QUEST_NAME_Q2720	5	STR_QUEST_ZONE09	2	4095	0	40	45	103341	0	0	0	0	1	1	0	103339	103342	0	0	0	0
2721	STR_QUEST_NAME_Q2721	5	STR_QUEST_ZONE09	2	4095	0	25	25	0	0	0	0	1	1	1	0	103339	103343	0	0	0	0
2722	STR_QUEST_NAME_Q2722	5	STR_QUEST_ZONE09	2	4095	0	25	25	0	0	0	0	0	1	1	0	103344	103345	0	0	0	0
2724	STR_QUEST_NAME_Q2724	5	STR_QUEST_ZONE09	2	4095	0	25	26	0	0	0	0	1	1	1	0	103346	103347	0	0	0	0
2725	STR_QUEST_NAME_Q2725	5	STR_QUEST_ZONE09	2	4095	0	27	27	0	0	0	0	1	1	1	0	103348	103349	0	0	0	0
2726	STR_QUEST_NAME_Q2726	5	STR_QUEST_ZONE09	2	4095	0	30	30	0	0	0	0	1	1	1	0	103346	103350	0	0	0	0
2727	STR_QUEST_NAME_Q2727	5	STR_QUEST_ZONE09	2	4095	0	31	31	0	0	0	0	0	1	1	0	103348	103351	0	0	0	0
2728	STR_QUEST_NAME_Q2728	5	STR_QUEST_ZONE09	2	4095	0	27	28	0	0	0	0	1	1	1	0	103352	103353	0	0	0	0
2729	STR_QUEST_NAME_Q2729	5	STR_QUEST_ZONE09	2	4095	0	26	26	0	0	0	0	0	1	1	0	103354	103355	0	0	0	0
2730	STR_QUEST_NAME_Q2730	5	STR_QUEST_ZONE09	2	4095	0	26	26	0	0	0	0	1	1	1	0	103356	103357	0	0	0	0
2731	STR_QUEST_NAME_Q2731	5	STR_QUEST_ZONE09	2	4095	0	26	27	0	0	0	0	0	1	1	0	103356	103358	0	0	0	0
2733	STR_QUEST_NAME_Q2733	5	STR_QUEST_ZONE09	2	4095	0	25	26	0	0	0	0	1	1	1	0	103359	103360	0	0	0	0
2734	STR_QUEST_NAME_Q2734	5	STR_QUEST_ZONE09	2	4095	0	25	29	103361	0	0	0	0	1	1	0	103359	103362	0	0	0	0
2736	STR_QUEST_NAME_Q2736	5	STR_QUEST_ZONE09	2	4095	0	37	39	0	0	0	0	1	1	1	0	103339	103363	0	0	0	0
2737	STR_QUEST_NAME_Q2737	5	STR_QUEST_ZONE09	2	4095	0	37	40	103364	0	0	0	0	1	0	0	103339	103365	0	0	0	0
2738	STR_QUEST_NAME_Q2738	5	STR_QUEST_ZONE09	2	4095	0	99	49	0	0	0	0	1	1	1	0	103339	103366	0	0	0	0
2739	STR_QUEST_NAME_Q2739	5	STR_QUEST_ZONE09	2	4095	0	47	50	103367	0	0	0	0	1	0	0	103339	103368	0	0	0	0
2741	STR_QUEST_NAME_Q2741	5	STR_QUEST_ZONE09	2	4095	0	25	25	0	0	0	0	1	1	1	0	103369	103370	0	0	0	0
2742	STR_QUEST_NAME_Q2742	5	STR_QUEST_ZONE09	2	4095	0	25	26	0	0	0	0	1	1	150	0	103371	103372	0	0	0	0
2743	STR_QUEST_NAME_Q2743	5	STR_QUEST_ZONE09	2	4095	0	25	25	0	0	0	0	1	1	1	0	103371	103373	0	0	0	0
2744	STR_QUEST_NAME_Q2744	5	STR_QUEST_ZONE09	2	4095	0	25	26	0	0	0	0	1	1	1	0	103369	103374	0	0	0	0
2745	STR_QUEST_NAME_Q2745	5	STR_QUEST_ZONE09	2	4095	0	38	40	0	0	0	0	1	1	1	0	103375	103376	0	0	0	0
2746	STR_QUEST_NAME_Q2746	5	STR_QUEST_ZONE09	2	4095	0	38	40	0	0	0	0	1	1	200	0	103377	103378	0	0	0	0
2747	STR_QUEST_NAME_Q2747	5	STR_QUEST_ZONE09	2	4095	0	26	27	0	0	0	0	1	1	150	0	103379	103380	0	0	0	0
2748	STR_QUEST_NAME_Q2748	5	STR_QUEST_ZONE09	2	4095	0	38	40	0	0	0	0	1	1	1	0	103381	103382	0	0	0	0
2749	STR_QUEST_NAME_Q2749	5	STR_QUEST_ZONE09	2	4095	0	38	40	0	0	0	0	1	1	200	0	103383	103378	0	0	0	0
2750	STR_QUEST_NAME_Q2750	5	STR_QUEST_ZONE09	2	4095	0	26	27	0	0	0	0	1	1	150	0	103384	103385	0	0	0	0
2751	STR_QUEST_NAME_Q2751	5	STR_QUEST_ZONE09	2	4095	0	27	28	0	0	0	0	1	1	10	0	103386	103387	0	0	0	0
2752	STR_QUEST_NAME_Q2752	5	STR_QUEST_ZONE09	2	4095	0	27	29	103388	0	0	0	0	1	1	0	103386	103389	0	0	0	0
2753	STR_QUEST_NAME_Q2753	5	STR_QUEST_ZONE09	2	4095	0	27	28	0	0	0	0	1	1	1	0	103390	103391	0	0	0	0
2754	STR_QUEST_NAME_Q2754	5	STR_QUEST_ZONE09	2	4095	0	27	28	103392	0	0	0	0	1	1	0	103390	103393	0	0	0	0
2755	STR_QUEST_NAME_Q2755	5	STR_QUEST_ZONE09	2	4095	0	28	29	0	0	0	0	1	1	1	0	103394	103395	0	0	0	0
2756	STR_QUEST_NAME_Q2756	5	STR_QUEST_ZONE09	2	4095	0	27	29	0	0	0	0	1	1	1	0	103394	103396	0	0	0	0
2757	STR_QUEST_NAME_Q2757	5	STR_QUEST_ZONE09	2	4095	0	28	29	0	0	0	0	1	1	1	0	103394	103397	0	0	0	0
2758	STR_QUEST_NAME_Q2758	5	STR_QUEST_ZONE09	2	4095	0	28	30	0	0	0	0	0	1	1	0	101974	103398	0	0	0	0
2759	STR_QUEST_NAME_Q2759	5	STR_QUEST_ZONE09	2	4095	0	38	40	0	0	0	0	1	1	1	0	103399	103400	0	0	0	0
2760	STR_QUEST_NAME_Q2760	5	STR_QUEST_ZONE09	2	4095	0	38	40	0	0	0	0	1	1	200	0	103390	103378	0	0	0	0
2761	STR_QUEST_NAME_Q2761	5	STR_QUEST_ZONE09	2	4095	0	30	30	0	0	0	0	1	1	200	0	103401	103402	0	0	0	0
2762	STR_QUEST_NAME_Q2762	5	STR_QUEST_ZONE09	2	4095	0	30	31	0	0	0	0	1	1	1	0	101985	103403	0	0	0	0
2763	STR_QUEST_NAME_Q2763	5	STR_QUEST_ZONE09	2	4095	0	30	31	103404	0	0	0	0	1	1	0	101988	103405	0	0	0	0
2764	STR_QUEST_NAME_Q2764	5	STR_QUEST_ZONE09	2	4095	0	32	33	0	0	0	0	1	1	1	0	103406	103407	0	0	0	0
2765	STR_QUEST_NAME_Q2765	5	STR_QUEST_ZONE09	2	4095	0	32	34	0	0	0	0	1	1	1	0	103408	103409	0	0	0	0
2766	STR_QUEST_NAME_Q2766	5	STR_QUEST_ZONE09	2	4095	0	32	34	103410	0	0	0	0	1	1	0	103408	103411	0	0	0	0
2767	STR_QUEST_NAME_Q2767	5	STR_QUEST_ZONE09	2	4095	0	29	29	0	0	0	0	0	1	1	0	103412	103413	0	0	0	0
2769	STR_QUEST_NAME_Q2769	5	STR_QUEST_ZONE09	2	4095	0	38	40	0	0	0	0	1	1	1	0	103414	103415	0	0	0	0
2770	STR_QUEST_NAME_Q2770	5	STR_QUEST_ZONE09	2	4095	0	45	50	0	0	0	0	1	1	200	0	103406	103416	0	0	0	0
2771	STR_QUEST_NAME_Q2771	5	STR_QUEST_ZONE09	2	4095	0	30	30	0	0	0	0	1	1	0	1	103417	103418	0	0	0	0
2772	STR_QUEST_NAME_Q2772	5	STR_QUEST_ZONE09	2	4095	0	31	31	0	0	0	0	1	1	1	0	102001	103419	0	0	0	0
2773	STR_QUEST_NAME_Q2773	5	STR_QUEST_ZONE09	2	4095	0	31	32	103420	0	0	0	0	1	1	0	102001	103421	0	0	0	0
2774	STR_QUEST_NAME_Q2774	5	STR_QUEST_ZONE09	2	4095	0	30	31	0	0	0	0	1	1	1	0	103422	103423	0	0	0	0
2775	STR_QUEST_NAME_Q2775	5	STR_QUEST_ZONE09	2	4095	0	32	33	103424	0	0	0	0	1	1	0	103422	103425	0	0	0	0
2776	STR_QUEST_NAME_Q2776	5	STR_QUEST_ZONE09	2	4095	0	32	33	103426	0	0	0	0	1	1	0	103422	103427	0	0	0	0
2779	STR_QUEST_NAME_Q2779	5	STR_QUEST_ZONE09	2	4095	0	38	40	0	0	0	0	1	1	1	0	103428	103429	0	0	0	0
2780	STR_QUEST_NAME_Q2780	5	STR_QUEST_ZONE09	2	4095	0	45	50	0	0	0	0	1	1	200	0	103430	103416	0	0	0	0
2781	STR_QUEST_NAME_Q2781	5	STR_QUEST_ZONE09	2	4095	0	38	39	0	0	0	0	1	1	200	0	103431	103432	0	0	0	0
2782	STR_QUEST_NAME_Q2782	5	STR_QUEST_ZONE09	2	4095	0	38	40	0	0	0	0	1	1	1	0	103433	103434	0	0	0	0
2783	STR_QUEST_NAME_Q2783	5	STR_QUEST_ZONE09	3	4095	0	39	40	103435	0	0	0	0	1	1	0	103436	103437	0	0	0	0
2784	STR_QUEST_NAME_Q2784	5	STR_QUEST_ZONE09	2	4095	0	38	40	0	0	0	0	1	1	1	0	103438	103439	0	0	0	0
2785	STR_QUEST_NAME_Q2785	5	STR_QUEST_ZONE09	2	4095	0	45	50	0	0	0	0	1	1	200	0	103436	103440	0	0	0	0
2786	STR_QUEST_NAME_Q2786	5	STR_QUEST_ZONE09	2	4095	0	37	40	0	0	0	0	1	1	1	0	103441	103442	0	0	0	0
2787	STR_QUEST_NAME_Q2787	5	STR_QUEST_ZONE09	2	4095	0	38	40	0	0	0	0	1	1	1	0	103443	103444	0	0	0	0
2788	STR_QUEST_NAME_Q2788	5	STR_QUEST_ZONE09	3	4095	0	39	40	0	0	0	0	1	1	1	0	103445	103446	0	0	0	0
2789	STR_QUEST_NAME_Q2789	5	STR_QUEST_ZONE09	2	4095	0	38	40	0	0	0	0	1	1	1	0	103447	103448	0	0	0	0
2790	STR_QUEST_NAME_Q2790	5	STR_QUEST_ZONE09	2	4095	0	45	50	0	0	0	0	1	1	200	0	103449	103416	0	0	0	0
2791	STR_QUEST_NAME_Q2791	5	STR_QUEST_ZONE09	2	4095	0	37	38	0	0	0	0	1	1	1	0	103450	103451	0	0	0	0
2792	STR_QUEST_NAME_Q2792	5	STR_QUEST_ZONE09	2	4095	0	38	40	0	0	0	0	1	1	1	0	103452	103453	0	0	0	0
2793	STR_QUEST_NAME_Q2793	5	STR_QUEST_ZONE09	2	4095	0	37	39	0	0	0	0	1	1	1	0	103454	103455	0	0	0	0
2794	STR_QUEST_NAME_Q2794	5	STR_QUEST_ZONE09	2	4095	0	38	40	0	0	0	0	1	1	1	0	103456	103457	0	0	0	0
2795	STR_QUEST_NAME_Q2795	5	STR_QUEST_ZONE09	2	4095	0	45	50	0	0	0	0	1	1	200	0	103458	103416	0	0	0	0
2796	STR_QUEST_NAME_Q2796	5	STR_QUEST_ZONE09	3	4095	0	38	39	0	0	0	0	1	1	200	0	103445	103459	0	0	0	0
2797	STR_QUEST_NAME_Q2797	5	STR_QUEST_ZONE09	3	4095	0	39	40	0	0	0	0	1	1	1	0	103445	103460	0	0	0	0
2798	STR_QUEST_NAME_Q2798	5	STR_QUEST_ZONE09	2	4095	0	38	40	0	0	0	0	0	1	1	0	102043	103461	0	0	0	0
2801	STR_QUEST_NAME_Q2801	5	STR_QUEST_ZONE09	2	4095	0	39	40	0	0	0	0	1	1	200	0	103462	103463	0	0	0	0
2802	STR_QUEST_NAME_Q2802	5	STR_QUEST_ZONE09	2	4095	0	39	40	0	0	0	0	1	1	200	0	103377	103464	0	0	0	0
2803	STR_QUEST_NAME_Q2803	5	STR_QUEST_ZONE09	2	4095	0	39	40	0	0	0	0	1	1	200	0	103465	103463	0	0	0	0
2804	STR_QUEST_NAME_Q2804	5	STR_QUEST_ZONE09	2	4095	0	39	40	0	0	0	0	1	1	200	0	103383	103464	0	0	0	0
2805	STR_QUEST_NAME_Q2805	5	STR_QUEST_ZONE09	2	4095	0	39	40	0	0	0	0	1	1	200	0	103386	103463	0	0	0	0
2806	STR_QUEST_NAME_Q2806	5	STR_QUEST_ZONE09	2	4095	0	39	40	0	0	0	0	1	1	200	0	103390	103464	0	0	0	0
2808	STR_QUEST_NAME_Q2808	5	STR_QUEST_ZONE09	2	4095	0	46	50	0	0	0	0	1	1	200	0	103406	103466	0	0	0	0
2809	STR_QUEST_NAME_Q2809	5	STR_QUEST_ZONE09	2	4095	0	46	50	0	0	0	0	1	1	200	0	103417	103467	0	0	0	0
2810	STR_QUEST_NAME_Q2810	5	STR_QUEST_ZONE09	2	4095	0	46	50	0	0	0	0	1	1	200	0	103430	103466	0	0	0	0
2811	STR_QUEST_NAME_Q2811	5	STR_QUEST_ZONE09	2	4095	0	99	50	0	0	0	0	1	1	200	0	103468	103467	0	0	0	0
2812	STR_QUEST_NAME_Q2812	5	STR_QUEST_ZONE09	2	4095	0	46	50	0	0	0	0	1	1	200	0	103436	103466	0	0	0	0
2813	STR_QUEST_NAME_Q2813	5	STR_QUEST_ZONE09	2	4095	0	99	50	0	0	0	0	1	1	200	0	103469	103467	0	0	0	0
2814	STR_QUEST_NAME_Q2814	5	STR_QUEST_ZONE09	2	4095	0	46	50	0	0	0	0	1	1	200	0	103449	103466	0	0	0	0
2815	STR_QUEST_NAME_Q2815	5	STR_QUEST_ZONE09	2	4095	0	99	50	0	0	0	0	1	1	200	0	103470	103467	0	0	0	0
2816	STR_QUEST_NAME_Q2816	5	STR_QUEST_ZONE09	2	4095	0	46	50	0	0	0	0	1	1	200	0	103458	103466	0	0	0	0
2819	STR_QUEST_NAME_Q2819	5	STR_QUEST_ZONE09	2	4095	0	28	29	0	0	0	0	1	1	150	0	103399	103471	0	0	0	0
2820	STR_QUEST_NAME_Q2820	5	STR_QUEST_ZONE09	2	4095	0	30	31	0	0	0	0	1	1	200	0	103414	103472	0	0	0	0
2821	STR_QUEST_NAME_Q2821	5	STR_QUEST_ZONE09	2	4095	0	30	30	0	0	0	0	1	1	200	0	103428	103473	0	0	0	0
2822	STR_QUEST_NAME_Q2822	5	STR_QUEST_ZONE09	2	4095	0	38	38	0	0	0	0	1	1	200	0	103438	103474	0	0	0	0
2823	STR_QUEST_NAME_Q2823	5	STR_QUEST_ZONE09	2	4095	0	38	38	0	0	0	0	1	1	200	0	103447	103475	0	0	0	0
2824	STR_QUEST_NAME_Q2824	5	STR_QUEST_ZONE09	2	4095	0	38	38	0	0	0	0	1	1	200	0	103456	103476	0	0	0	0
2825	STR_QUEST_NAME_Q2825	5	STR_QUEST_ZONE09	2	4095	0	49	50	0	0	0	0	1	1	1	0	103477	103478	0	0	0	0
2826	STR_QUEST_NAME_Q2826	5	STR_QUEST_ZONE09	2	4095	0	49	50	103479	0	0	0	0	1	0	0	103477	103480	0	0	0	0
2833	STR_QUEST_NAME_Q2833	2	STR_QUEST_ZONE09	2	4095	0	34	35	103481	0	0	0	0	1	1	0	102039	103482	0	0	0	0
2834	STR_QUEST_NAME_Q2834	8	STR_QUEST_ZONE09	2	4095	0	99	40	0	0	0	0	0	1	0	0	103483	102072	102073	102074	102075	0
2835	STR_QUEST_NAME_Q2835	8	STR_QUEST_ZONE09	2	4095	0	99	40	0	0	0	0	0	1	0	0	103484	102073	102075	102077	102078	0
2836	STR_QUEST_NAME_Q2836	8	STR_QUEST_ZONE09	2	4095	0	99	40	0	0	0	0	0	1	0	0	103485	102080	102081	102078	102082	0
2837	STR_QUEST_NAME_Q2837	8	STR_QUEST_ZONE09	2	4095	0	99	40	0	0	0	0	0	1	0	0	103486	102081	102082	102084	102085	0
2838	STR_QUEST_NAME_Q2838	5	STR_QUEST_ZONE09	2	4095	0	30	35	0	0	0	0	1	1	200	0	103487	102087	0	0	0	0
2839	STR_QUEST_NAME_Q2839	5	STR_QUEST_ZONE09	2	4095	0	30	35	0	0	0	0	1	1	200	0	103488	102089	0	0	0	0
2840	STR_QUEST_NAME_Q2840	5	STR_QUEST_ZONE09	2	4095	0	30	35	0	0	0	0	1	1	200	0	103489	102087	0	0	0	0
2841	STR_QUEST_NAME_Q2841	5	STR_QUEST_ZONE09	2	4095	0	40	45	0	0	0	0	1	1	200	0	103490	102092	0	0	0	0
2842	STR_QUEST_NAME_Q2842	5	STR_QUEST_ZONE09	2	4095	0	40	45	0	0	0	0	1	1	200	0	103491	102092	0	0	0	0
2843	STR_QUEST_NAME_Q2843	5	STR_QUEST_ZONE09	2	4095	0	40	45	0	0	0	0	1	1	200	0	103492	102095	0	0	0	0
2844	STR_QUEST_NAME_Q2844	5	STR_QUEST_ZONE09	2	4095	0	40	45	0	0	0	0	1	1	200	0	103493	102095	0	0	0	0
2845	STR_QUEST_NAME_Q2845	5	STR_QUEST_ZONE09	2	4095	0	40	45	0	0	0	0	1	1	200	0	103494	102095	0	0	0	0
2846	STR_QUEST_NAME_Q2846	5	STR_QUEST_ZONE09	2	4095	0	33	35	0	0	0	0	0	1	1	0	103495	102099	0	0	0	0
2847	STR_QUEST_NAME_Q2847	5	STR_QUEST_ZONE09	2	4095	0	43	45	0	0	0	0	0	1	1	0	103496	102101	0	0	0	0
2848	STR_QUEST_NAME_Q2848	5	STR_QUEST_ZONE09	2	4095	0	43	45	0	0	0	0	0	1	1	0	103497	102103	0	0	0	0
2849	STR_QUEST_NAME_Q2849	5	STR_QUEST_ZONE09	2	4095	0	43	45	0	0	0	0	1	1	0	0	103498	103499	0	0	0	0
2900	STR_QUEST_NAME_Q2900	0	STR_QUEST_ZONE20	2	4095	0	20	20	0	0	0	0	0	0	1	0	100918	103500	102172	102172	102172	0
2901	STR_QUEST_NAME_Q2901	2	STR_QUEST_ZONE21	2	48	0	9	10	103501	0	0	0	0	0	1	0	103502	103503	103504	103504	103504	0
2902	STR_QUEST_NAME_Q2902	2	STR_QUEST_ZONE21	2	768	0	9	10	103505	0	0	0	0	0	1	0	103506	103507	103508	103508	103508	0
2903	STR_QUEST_NAME_Q2903	2	STR_QUEST_ZONE21	2	3072	0	9	10	103509	0	0	0	0	0	1	0	103510	103511	103512	103512	103512	0
2904	STR_QUEST_NAME_Q2904	2	STR_QUEST_ZONE21	2	192	0	9	10	103513	0	0	0	0	0	1	0	103514	103515	103516	103516	103516	0
2905	STR_QUEST_NAME_Q2905	5	STR_QUEST_ZONE20	2	4095	0	10	10	0	0	0	0	1	1	1	0	103517	103518	0	0	0	0
2906	STR_QUEST_NAME_Q2906	5	STR_QUEST_ZONE20	2	4095	0	10	10	0	0	0	0	1	1	1	0	103519	103520	0	0	0	0
2907	STR_QUEST_NAME_Q2907	5	STR_QUEST_ZONE20	2	4095	0	10	10	0	0	0	0	1	1	1	0	103521	103522	0	0	0	0
2908	STR_QUEST_NAME_Q2908	5	STR_QUEST_ZONE20	2	4095	0	10	10	0	0	0	0	1	1	1	0	103523	103524	0	0	0	0
2909	STR_QUEST_NAME_Q2909	5	STR_QUEST_ZONE20	2	4095	0	10	10	0	0	0	0	1	1	1	0	103030	103525	0	0	0	0
2910	STR_QUEST_NAME_Q2910	5	STR_QUEST_ZONE20	2	4095	0	10	10	0	0	0	0	1	1	1	0	103526	103527	0	0	0	0
2911	STR_QUEST_NAME_Q2911	5	STR_QUEST_ZONE20	2	4095	0	10	10	103528	0	0	0	0	1	1	0	103529	103530	103531	0	0	0
2912	STR_QUEST_NAME_Q2912	5	STR_QUEST_ZONE20	2	4095	0	10	10	103532	0	0	0	0	1	1	0	103533	103534	0	0	0	0
2913	STR_QUEST_NAME_Q2913	5	STR_QUEST_ZONE20	2	4095	0	10	10	103535	0	0	0	0	1	1	0	103533	103536	0	0	0	0
2914	STR_QUEST_NAME_Q2914	5	STR_QUEST_ZONE20	2	4095	0	10	10	103537	0	0	0	0	1	1	0	103538	103539	0	0	0	0
2915	STR_QUEST_NAME_Q2915	5	STR_QUEST_ZONE20	2	4095	0	10	10	103540	0	0	0	0	1	1	0	103541	103542	0	0	0	0
2916	STR_QUEST_NAME_Q2916	5	STR_QUEST_ZONE20	2	4095	0	15	18	0	0	0	0	1	1	1	0	103543	103544	0	0	0	0
2917	STR_QUEST_NAME_Q2917	5	STR_QUEST_ZONE20	2	4095	0	10	10	0	0	0	0	0	1	1	0	103545	103546	0	0	0	0
2918	STR_QUEST_NAME_Q2918	5	STR_QUEST_ZONE20	2	4095	0	10	10	0	0	0	0	0	1	1	0	103547	103548	0	0	0	0
2919	STR_QUEST_NAME_Q2919	5	STR_QUEST_ZONE20	2	4095	0	13	15	0	0	0	0	0	1	1	0	103549	103550	0	0	0	0
2920	STR_QUEST_NAME_Q2920	5	STR_QUEST_ZONE20	2	4095	0	16	17	103551	0	0	0	0	1	1	0	103543	103552	103553	0	0	0
2921	STR_QUEST_NAME_Q2921	5	STR_QUEST_ZONE20	2	4095	0	21	21	0	0	0	0	1	1	1	0	103554	103555	0	0	0	0
2922	STR_QUEST_NAME_Q2922	5	STR_QUEST_ZONE20	2	4095	0	21	22	103556	0	0	0	0	1	1	0	103554	103557	103558	0	0	0
2923	STR_QUEST_NAME_Q2923	5	STR_QUEST_ZONE20	2	4095	0	21	29	103559	0	0	0	0	1	1	0	103560	103561	0	0	0	0
2924	STR_QUEST_NAME_Q2924	5	STR_QUEST_ZONE20	2	4095	0	21	27	103562	0	0	0	0	1	1	0	103523	103563	0	0	0	0
2925	STR_QUEST_NAME_Q2925	5	STR_QUEST_ZONE20	2	4095	0	25	30	103564	0	0	0	0	1	1	0	103554	103565	0	0	0	0
2926	STR_QUEST_NAME_Q2926	5	STR_QUEST_ZONE20	2	4095	0	30	33	103566	0	0	0	0	1	1	0	103554	103567	0	0	0	0
2927	STR_QUEST_NAME_Q2927	5	STR_QUEST_ZONE20	2	4095	0	45	49	103568	0	0	0	0	1	1	0	103554	103569	0	0	0	0
2928	STR_QUEST_NAME_Q2928	5	STR_QUEST_ZONE20	2	4095	0	45	49	103570	0	0	0	0	1	1	0	103554	103571	0	0	0	0
2931	STR_QUEST_NAME_Q2931	3	STR_QUEST_ZONE20	2	4095	0	29	30	103572	0	0	0	0	1	1	0	103517	103573	0	0	0	0
2932	STR_QUEST_NAME_Q2932	3	STR_QUEST_ZONE20	2	4095	0	29	30	103574	0	0	0	0	1	1	0	103519	103575	0	0	0	0
2933	STR_QUEST_NAME_Q2933	3	STR_QUEST_ZONE20	2	4095	0	29	30	103576	0	0	0	0	1	1	0	103523	103577	0	0	0	0
2934	STR_QUEST_NAME_Q2934	3	STR_QUEST_ZONE20	2	4095	0	29	30	103578	0	0	0	0	1	1	0	103521	103579	0	0	0	0
2935	STR_QUEST_NAME_Q2935	3	STR_QUEST_ZONE20	2	4095	0	29	30	103580	0	0	0	0	1	1	0	103030	103581	0	0	0	0
2936	STR_QUEST_NAME_Q2936	3	STR_QUEST_ZONE20	2	4095	0	29	30	103582	0	0	0	0	1	1	0	103526	103583	0	0	0	0
2937	STR_QUEST_NAME_Q2937	2	STR_QUEST_ZONE20	2	4095	0	29	30	0	0	0	0	1	1	1	0	103584	103585	0	0	0	0
2938	STR_QUEST_NAME_Q2938	5	STR_QUEST_ZONE20	2	4095	0	20	21	0	0	0	0	0	1	1	0	103586	103587	0	0	0	0
2939	STR_QUEST_NAME_Q2939	5	STR_QUEST_ZONE20	2	4095	0	25	26	103588	0	0	0	0	1	1	0	103517	103589	0	0	0	0
2940	STR_QUEST_NAME_Q2940	5	STR_QUEST_ZONE20	2	4095	0	25	26	103590	0	0	0	0	1	1	0	103519	103589	0	0	0	0
2941	STR_QUEST_NAME_Q2941	5	STR_QUEST_ZONE20	2	4095	0	25	26	103591	0	0	0	0	1	1	0	103523	103589	0	0	0	0
2942	STR_QUEST_NAME_Q2942	5	STR_QUEST_ZONE20	2	4095	0	25	26	103592	0	0	0	0	1	1	0	103521	103589	0	0	0	0
2943	STR_QUEST_NAME_Q2943	5	STR_QUEST_ZONE20	2	4095	0	25	26	103593	0	0	0	0	1	1	0	103030	103589	0	0	0	0
2944	STR_QUEST_NAME_Q2944	5	STR_QUEST_ZONE20	2	4095	0	25	26	103594	0	0	0	0	1	1	0	103526	103589	0	0	0	0
2945	STR_QUEST_NAME_Q2945	0	STR_QUEST_ZONE22	2	4095	0	25	25	0	0	0	0	0	0	1	0	100918	102161	0	0	0	0
2946	STR_QUEST_NAME_Q2946	0	STR_QUEST_ZONE22	2	4095	0	25	25	103595	0	0	0	0	0	1	0	100918	103596	0	0	0	0
2947	STR_QUEST_NAME_Q2947	0	STR_QUEST_ZONE22	2	4095	0	25	25	103597	0	0	0	0	0	1	0	100918	103598	103599	103599	0	0
2948	STR_QUEST_NAME_Q2948	5	STR_QUEST_ZONE20	2	4095	0	29	30	0	0	0	0	0	0	1	0	100918	103600	0	0	0	0
2949	STR_QUEST_NAME_Q2949	5	STR_QUEST_ZONE20	2	4095	0	20	22	0	0	0	0	1	1	1	0	103601	103602	0	0	0	0
2950	STR_QUEST_NAME_Q2950	2	STR_QUEST_ZONE20	2	4095	0	34	35	0	0	0	0	1	1	1	0	103603	103604	0	0	0	0
2951	STR_QUEST_NAME_Q2951	2	STR_QUEST_ZONE20	2	4095	0	34	35	103605	0	0	0	0	1	1	0	103603	103606	0	0	0	0
2952	STR_QUEST_NAME_Q2952	2	STR_QUEST_ZONE20	2	4095	0	34	35	103607	0	0	0	0	1	1	0	102210	103608	0	0	0	0
2953	STR_QUEST_NAME_Q2953	5	STR_QUEST_ZONE20	2	4095	0	10	10	0	0	0	0	0	1	100	0	103609	102223	0	0	0	0
2954	STR_QUEST_NAME_Q2954	5	STR_QUEST_ZONE20	2	4095	0	19	19	0	0	0	0	0	1	10	0	103609	102224	0	0	0	0
2955	STR_QUEST_NAME_Q2955	5	STR_QUEST_ZONE20	2	4095	0	21	21	0	0	0	0	1	1	1	0	103610	101219	0	0	0	0
2956	STR_QUEST_NAME_Q2956	5	STR_QUEST_ZONE20	2	4095	0	21	21	103611	0	0	0	0	1	1	0	103612	102986	0	0	0	0
2957	STR_QUEST_NAME_Q2957	5	STR_QUEST_ZONE20	2	4095	0	21	21	103613	0	0	0	0	1	1	0	103612	103614	0	0	0	0
2958	STR_QUEST_NAME_Q2958	5	STR_QUEST_ZONE20	2	4095	0	21	21	103615	0	0	0	0	1	1	0	103616	103617	0	0	0	0
2959	STR_QUEST_NAME_Q2959	5	STR_QUEST_ZONE20	2	4095	0	20	20	0	0	0	0	1	1	1	0	103618	103619	0	0	0	0
2960	STR_QUEST_NAME_Q2960	5	STR_QUEST_ZONE20	2	4095	0	20	20	103620	0	0	0	1	1	1	0	103621	103622	0	0	0	0
2961	STR_QUEST_NAME_Q2961	5	STR_QUEST_ZONE20	2	4095	0	41	41	0	0	0	0	1	1	1	0	103623	103624	0	0	0	0
2962	STR_QUEST_NAME_Q2962	5	STR_QUEST_ZONE20	2	4095	0	41	41	103625	0	0	0	0	1	1	0	103626	103627	103628	0	0	0
2963	STR_QUEST_NAME_Q2963	5	STR_QUEST_ZONE20	2	4095	0	41	41	103629	0	0	0	0	1	1	0	103626	103630	0	0	0	0
2964	STR_QUEST_NAME_Q2964	5	STR_QUEST_ZONE20	2	4095	0	41	41	103631	0	0	0	0	1	1	0	103626	103632	0	0	0	0
2965	STR_QUEST_NAME_Q2965	5	STR_QUEST_ZONE20	2	4095	0	39	40	0	0	0	0	1	1	1	0	103633	103634	0	0	0	0
2966	STR_QUEST_NAME_Q2966	5	STR_QUEST_ZONE20	2	4095	0	15	25	0	0	0	0	0	1	0	0	103635	102226	0	0	0	0
2967	STR_QUEST_NAME_Q2967	5	STR_QUEST_ZONE20	2	4095	0	15	25	0	0	0	0	0	1	0	0	103636	102226	0	0	0	0
2968	STR_QUEST_NAME_Q2968	5	STR_QUEST_ZONE20	2	4095	0	15	25	0	0	0	0	0	1	0	0	103637	102226	0	0	0	0
2969	STR_QUEST_NAME_Q2969	5	STR_QUEST_ZONE20	2	4095	0	15	25	0	0	0	0	0	1	0	0	103638	102226	0	0	0	0
2970	STR_QUEST_NAME_Q2970	5	STR_QUEST_ZONE20	2	4095	0	15	25	0	0	0	0	0	1	0	0	103639	102226	0	0	0	0
2971	STR_QUEST_NAME_Q2971	5	STR_QUEST_ZONE20	2	4095	0	15	25	0	0	0	0	0	1	0	0	103640	102226	0	0	0	0
2972	STR_QUEST_NAME_Q2972	3	STR_QUEST_ZONE20	2	4095	0	29	30	103641	0	0	0	0	1	1	0	103517	102235	0	0	0	0
2973	STR_QUEST_NAME_Q2973	3	STR_QUEST_ZONE20	2	4095	0	29	30	103642	0	0	0	0	1	1	0	103517	102235	0	0	0	0
2974	STR_QUEST_NAME_Q2974	3	STR_QUEST_ZONE20	2	4095	0	29	30	103643	0	0	0	0	1	1	0	103519	102235	0	0	0	0
2975	STR_QUEST_NAME_Q2975	3	STR_QUEST_ZONE20	2	4095	0	29	30	103644	0	0	0	0	1	1	0	103519	102235	0	0	0	0
2976	STR_QUEST_NAME_Q2976	3	STR_QUEST_ZONE20	2	4095	0	29	30	103645	0	0	0	0	1	1	0	103523	102235	0	0	0	0
2977	STR_QUEST_NAME_Q2977	3	STR_QUEST_ZONE20	2	4095	0	29	30	103646	0	0	0	0	1	1	0	103523	102235	0	0	0	0
2978	STR_QUEST_NAME_Q2978	3	STR_QUEST_ZONE20	2	4095	0	29	30	103647	0	0	0	0	1	1	0	103521	102235	0	0	0	0
2979	STR_QUEST_NAME_Q2979	3	STR_QUEST_ZONE20	2	4095	0	29	30	103648	0	0	0	0	1	1	0	103521	102235	0	0	0	0
2980	STR_QUEST_NAME_Q2980	3	STR_QUEST_ZONE20	2	4095	0	29	30	103649	0	0	0	0	1	1	0	103030	102235	0	0	0	0
2981	STR_QUEST_NAME_Q2981	3	STR_QUEST_ZONE20	2	4095	0	29	30	103650	0	0	0	0	1	1	0	103030	102235	0	0	0	0
2982	STR_QUEST_NAME_Q2982	3	STR_QUEST_ZONE20	2	4095	0	29	30	103651	0	0	0	0	1	1	0	103526	102235	0	0	0	0
2983	STR_QUEST_NAME_Q2983	3	STR_QUEST_ZONE20	2	4095	0	29	30	103652	0	0	0	0	1	1	0	103526	102235	0	0	0	0
2984	STR_QUEST_NAME_Q2984	5	STR_QUEST_ZONE20	2	4095	0	20	20	0	0	0	0	1	1	1	0	103653	102248	0	0	0	0
2985	STR_QUEST_NAME_Q2985	2	STR_QUEST_ZONE20	2	4095	0	29	30	0	0	0	0	0	1	1	0	103654	102235	0	0	0	0
2988	STR_QUEST_NAME_Q2988	5	STR_QUEST_ZONE27	2	4095	0	30	30	0	0	0	0	1	1	1	0	103633	102251	0	0	0	0
2989	STR_QUEST_NAME_Q2989	5	STR_QUEST_ZONE27	2	4095	0	30	30	103655	0	0	0	0	1	1	0	103656	102254	102255	102255	102255	0
2990	STR_QUEST_NAME_Q2990	5	STR_QUEST_ZONE27	2	4095	0	30	30	103657	0	0	0	0	1	1	0	103656	102257	102258	102258	102258	0
2993	STR_QUEST_NAME_Q2993	5	STR_QUEST_ZONE27	2	4095	0	30	30	0	0	0	0	1	1	0	0	103658	102260	102261	102262	102263	0
2994	STR_QUEST_NAME_Q2994	5	STR_QUEST_ZONE27	2	4095	0	30	30	0	0	0	0	1	1	0	0	103659	102265	102266	102267	102268	0
3001	STR_QUEST_NAME_Q3001	5	STR_QUEST_ZONE25	1	4095	0	20	20	0	0	0	0	1	1	1	0	103660	103661	0	0	0	0
3002	STR_QUEST_NAME_Q3002	5	STR_QUEST_ZONE25	1	4095	0	20	21	103662	0	0	0	0	1	1	0	103660	103663	0	0	0	0
3003	STR_QUEST_NAME_Q3003	5	STR_QUEST_ZONE25	1	4095	0	20	21	0	0	0	0	1	1	10	0	103664	103665	0	0	0	103666
3004	STR_QUEST_NAME_Q3004	5	STR_QUEST_ZONE25	1	4095	0	20	21	103662	0	0	0	0	1	1	0	103667	103668	0	0	0	0
3005	STR_QUEST_NAME_Q3005	5	STR_QUEST_ZONE25	1	4095	0	21	22	0	0	0	0	1	1	1	0	103669	103670	0	0	0	0
3006	STR_QUEST_NAME_Q3006	5	STR_QUEST_ZONE25	1	4095	0	21	22	103671	0	0	0	0	1	1	0	103660	103672	0	0	0	0
3007	STR_QUEST_NAME_Q3007	5	STR_QUEST_ZONE25	1	4095	0	22	23	0	0	0	0	1	1	10	0	103673	103674	0	0	0	103675
3008	STR_QUEST_NAME_Q3008	5	STR_QUEST_ZONE25	1	4095	0	20	21	103676	0	0	0	0	1	1	0	103677	103678	0	0	0	0
3009	STR_QUEST_NAME_Q3009	5	STR_QUEST_ZONE25	1	4095	0	22	24	103679	0	0	0	0	1	1	0	103677	103680	0	0	0	0
3010	STR_QUEST_NAME_Q3010	5	STR_QUEST_ZONE25	1	4095	0	22	23	103681	0	0	0	0	1	10	0	103682	103683	0	0	0	103684
3011	STR_QUEST_NAME_Q3011	5	STR_QUEST_ZONE25	1	4095	0	22	23	0	0	0	0	1	1	1	0	103685	103686	0	0	0	0
3012	STR_QUEST_NAME_Q3012	5	STR_QUEST_ZONE25	1	4095	0	22	23	103687	0	0	0	0	1	1	0	103685	103688	0	0	0	0
3013	STR_QUEST_NAME_Q3013	5	STR_QUEST_ZONE25	1	4095	0	23	24	103689	0	0	0	0	1	1	0	103660	103690	0	0	0	0
3014	STR_QUEST_NAME_Q3014	5	STR_QUEST_ZONE25	1	4095	0	23	24	0	0	0	0	1	1	1	0	103691	103692	0	0	0	0
3015	STR_QUEST_NAME_Q3015	5	STR_QUEST_ZONE25	1	4095	0	23	24	0	0	0	0	1	1	10	0	103693	103694	0	0	0	101600
3016	STR_QUEST_NAME_Q3016	5	STR_QUEST_ZONE25	1	4095	0	23	25	103695	0	0	0	0	1	1	0	103696	103697	0	0	0	0
3017	STR_QUEST_NAME_Q3017	5	STR_QUEST_ZONE25	1	4095	0	21	23	0	0	0	0	1	1	0	0	103691	103698	0	0	0	0
3018	STR_QUEST_NAME_Q3018	5	STR_QUEST_ZONE25	1	4095	0	22	23	0	0	0	0	1	1	1	0	103699	103700	0	0	0	0
3019	STR_QUEST_NAME_Q3019	5	STR_QUEST_ZONE25	1	4095	0	23	24	0	0	0	0	1	1	1	0	103701	103702	0	0	0	0
3020	STR_QUEST_NAME_Q3020	5	STR_QUEST_ZONE25	1	4095	0	21	22	0	0	0	0	0	1	1	0	103703	103704	0	0	0	0
3021	STR_QUEST_NAME_Q3021	5	STR_QUEST_ZONE25	1	4095	0	23	24	103695	0	0	0	0	1	1	0	103705	103706	0	0	0	0
3022	STR_QUEST_NAME_Q3022	5	STR_QUEST_ZONE25	1	4095	0	24	25	0	0	0	0	1	1	1	0	103669	103707	0	0	0	0
3023	STR_QUEST_NAME_Q3023	5	STR_QUEST_ZONE25	1	4095	0	24	25	103708	0	0	0	0	1	1	0	103669	103709	0	0	0	0
3031	STR_QUEST_NAME_Q3031	5	STR_QUEST_ZONE25	1	4095	0	46	47	0	0	0	0	1	1	1	0	103710	103711	0	0	0	0
3032	STR_QUEST_NAME_Q3032	5	STR_QUEST_ZONE25	1	4095	0	45	46	0	0	0	0	1	1	30	0	103712	103713	0	0	0	103714
3033	STR_QUEST_NAME_Q3033	5	STR_QUEST_ZONE25	1	4095	0	46	47	0	0	0	0	1	1	1	0	103715	103716	0	0	0	0
3034	STR_QUEST_NAME_Q3034	5	STR_QUEST_ZONE25	1	4095	0	46	47	103717	0	0	0	0	1	1	0	103715	103718	0	0	0	0
3035	STR_QUEST_NAME_Q3035	5	STR_QUEST_ZONE25	1	4095	0	46	47	103719	0	0	0	0	1	1	0	103715	103720	0	0	0	0
3036	STR_QUEST_NAME_Q3036	5	STR_QUEST_ZONE25	1	4095	0	46	47	103721	0	0	0	0	1	1	0	103715	103722	0	0	0	0
3037	STR_QUEST_NAME_Q3037	5	STR_QUEST_ZONE25	1	4095	0	47	47	0	0	0	0	1	1	1	0	103723	103724	0	0	0	0
3038	STR_QUEST_NAME_Q3038	5	STR_QUEST_ZONE25	1	4095	0	47	48	0	0	0	0	1	1	18	0	103725	103726	0	0	0	103727
3039	STR_QUEST_NAME_Q3039	5	STR_QUEST_ZONE25	1	4095	0	47	48	103728	0	0	0	0	1	1	0	103725	103729	0	0	0	0
3040	STR_QUEST_NAME_Q3040	5	STR_QUEST_ZONE25	1	4095	0	47	49	0	0	0	0	1	1	1	0	103730	103731	0	0	0	0
3041	STR_QUEST_NAME_Q3041	5	STR_QUEST_ZONE25	1	4095	0	45	46	0	0	0	0	1	1	1	0	103732	103733	0	0	0	0
3042	STR_QUEST_NAME_Q3042	5	STR_QUEST_ZONE25	1	4095	0	45	46	0	0	0	0	1	1	15	0	103734	103735	0	0	0	103736
3043	STR_QUEST_NAME_Q3043	5	STR_QUEST_ZONE25	1	4095	0	45	46	103737	0	0	0	0	1	1	0	103734	103738	0	0	0	0
3044	STR_QUEST_NAME_Q3044	5	STR_QUEST_ZONE25	1	4095	0	46	46	0	0	0	0	1	1	1	0	103739	103740	0	0	0	0
3045	STR_QUEST_NAME_Q3045	5	STR_QUEST_ZONE25	1	4095	0	46	46	103741	0	0	0	0	1	15	0	103742	103743	0	0	0	103744
3046	STR_QUEST_NAME_Q3046	5	STR_QUEST_ZONE25	1	4095	0	46	47	0	0	0	0	1	1	1	0	103745	103746	0	0	0	0
3047	STR_QUEST_NAME_Q3047	5	STR_QUEST_ZONE25	1	4095	0	46	47	103747	0	0	0	0	1	1	0	103745	103748	0	0	0	0
3048	STR_QUEST_NAME_Q3048	5	STR_QUEST_ZONE25	1	4095	0	46	47	0	0	0	0	0	1	1	0	103749	103750	0	0	0	0
3049	STR_QUEST_NAME_Q3049	5	STR_QUEST_ZONE25	1	4095	0	47	48	0	0	0	0	0	1	1	0	103751	103752	0	0	0	0
3050	STR_QUEST_NAME_Q3050	5	STR_QUEST_ZONE25	1	4095	0	47	48	103753	0	0	0	0	1	1	0	103754	103755	0	0	0	0
3051	STR_QUEST_NAME_Q3051	5	STR_QUEST_ZONE25	1	4095	0	48	49	0	0	0	0	1	1	1	0	103756	103757	0	0	0	0
3052	STR_QUEST_NAME_Q3052	5	STR_QUEST_ZONE25	1	4095	0	48	49	0	0	0	0	1	1	15	0	103758	103759	0	0	0	103760
3053	STR_QUEST_NAME_Q3053	5	STR_QUEST_ZONE25	1	4095	0	48	49	103761	0	0	0	0	1	1	0	103758	103762	0	0	0	0
3054	STR_QUEST_NAME_Q3054	5	STR_QUEST_ZONE25	1	4095	0	47	47	0	0	0	0	1	1	30	0	103763	103764	0	0	0	103765
3055	STR_QUEST_NAME_Q3055	5	STR_QUEST_ZONE25	1	4095	0	49	50	0	0	0	0	1	1	1	0	103766	103767	0	0	0	0
3056	STR_QUEST_NAME_Q3056	5	STR_QUEST_ZONE25	1	4095	0	49	50	0	0	0	0	1	1	1	0	103768	103769	0	0	0	0
3057	STR_QUEST_NAME_Q3057	5	STR_QUEST_ZONE25	1	4095	0	49	50	103770	0	0	0	0	1	1	0	103771	103772	0	0	0	0
3058	STR_QUEST_NAME_Q3058	5	STR_QUEST_ZONE25	1	4095	0	49	49	0	0	0	0	0	1	1	0	103773	103774	0	0	0	0
3059	STR_QUEST_NAME_Q3059	5	STR_QUEST_ZONE25	1	4095	0	49	50	0	0	0	0	1	1	1	0	103775	103776	0	0	0	0
3060	STR_QUEST_NAME_Q3060	5	STR_QUEST_ZONE25	1	4095	0	48	50	0	0	0	0	0	1	1	0	103777	103778	0	0	0	0
3061	STR_QUEST_NAME_Q3061	5	STR_QUEST_ZONE25	1	4095	0	45	47	0	0	0	0	1	1	0	1	103779	103780	0	0	0	0
3062	STR_QUEST_NAME_Q3062	5	STR_QUEST_ZONE25	1	4095	0	47	48	0	0	0	0	1	1	0	1	103781	103782	0	0	0	0
3063	STR_QUEST_NAME_Q3063	5	STR_QUEST_ZONE25	1	4095	0	48	49	0	0	0	0	1	1	0	1	103783	103784	0	0	0	0
3072	STR_QUEST_NAME_Q3072	5	STR_QUEST_ZONE25	1	4095	0	43	43	0	0	0	0	1	1	0	0	103785	103786	0	0	0	0
3073	STR_QUEST_NAME_Q3073	5	STR_QUEST_ZONE25	1	4095	0	43	43	0	0	0	0	1	1	0	0	103785	103787	0	0	0	0
3074	STR_QUEST_NAME_Q3074	5	STR_QUEST_ZONE25	1	4095	0	45	45	0	0	0	0	0	1	0	0	103775	103788	103789	103790	0	0
3075	STR_QUEST_NAME_Q3075	5	STR_QUEST_ZONE25	1	4095	0	44	45	0	0	0	0	1	1	1	0	103791	103792	0	0	0	0
3076	STR_QUEST_NAME_Q3076	5	STR_QUEST_ZONE25	1	4095	0	45	45	0	0	0	0	1	1	1	0	103715	103793	0	0	0	0
3077	STR_QUEST_NAME_Q3077	5	STR_QUEST_ZONE25	1	4095	0	46	46	0	0	0	0	1	1	1	0	103794	103795	0	0	0	0
3078	STR_QUEST_NAME_Q3078	5	STR_QUEST_ZONE25	1	4095	0	46	46	103796	0	0	0	0	1	1	0	103794	103797	0	0	0	0
3079	STR_QUEST_NAME_Q3079	5	STR_QUEST_ZONE25	1	4095	0	46	47	70866	0	0	0	0	1	1	0	103715	103798	0	0	0	0
3080	STR_QUEST_NAME_Q3080	5	STR_QUEST_ZONE25	1	4095	0	47	48	0	0	0	0	1	1	1	0	103799	103800	0	0	0	0
3081	STR_QUEST_NAME_Q3081	5	STR_QUEST_ZONE25	1	4095	0	46	47	103801	0	0	0	0	1	1	0	103715	103802	0	0	0	0
3082	STR_QUEST_NAME_Q3082	5	STR_QUEST_ZONE25	1	4095	0	46	47	103803	0	0	0	0	1	1	0	103804	103805	0	0	0	0
3083	STR_QUEST_NAME_Q3083	5	STR_QUEST_ZONE25	1	4095	0	48	49	0	0	0	0	1	1	1	0	103806	103807	0	0	0	0
3084	STR_QUEST_NAME_Q3084	5	STR_QUEST_ZONE25	1	4095	0	47	48	0	0	0	0	1	1	1	0	103808	103809	0	0	0	0
3085	STR_QUEST_NAME_Q3085	5	STR_QUEST_ZONE25	1	4095	0	47	48	103810	0	0	0	0	1	1	0	103691	103811	0	0	0	0
3086	STR_QUEST_NAME_Q3086	5	STR_QUEST_ZONE25	1	4095	0	47	48	103812	0	0	0	0	1	1	0	103660	103813	0	0	0	0
3087	STR_QUEST_NAME_Q3087	5	STR_QUEST_ZONE25	1	4095	0	47	50	103814	0	0	0	0	1	1	0	103799	103815	0	0	0	0
3088	STR_QUEST_NAME_Q3088	5	STR_QUEST_ZONE25	1	4095	0	47	48	0	103816	0	0	0	1	1	0	103730	103817	103818	103819	0	0
3089	STR_QUEST_NAME_Q3089	5	STR_QUEST_ZONE25	1	4095	0	48	49	0	0	0	0	1	1	10	0	103820	103821	0	0	0	103822
3090	STR_QUEST_NAME_Q3090	5	STR_QUEST_ZONE25	1	4095	0	48	49	103823	0	0	0	0	1	1	0	103820	103824	0	0	0	0
3091	STR_QUEST_NAME_Q3091	5	STR_QUEST_ZONE25	1	4095	0	49	50	0	0	0	0	1	1	1	0	103756	103825	0	0	0	0
3092	STR_QUEST_NAME_Q3092	5	STR_QUEST_ZONE25	1	4095	0	49	50	103826	0	0	0	0	1	1	0	103756	103827	0	0	0	0
3093	STR_QUEST_NAME_Q3093	5	STR_QUEST_ZONE25	1	4095	0	48	48	103828	0	0	0	0	1	1	0	103829	103830	0	0	0	0
3094	STR_QUEST_NAME_Q3094	5	STR_QUEST_ZONE25	1	4095	0	48	49	0	0	0	0	1	1	1	0	103831	103832	0	0	0	0
3095	STR_QUEST_NAME_Q3095	5	STR_QUEST_ZONE25	1	4095	0	49	50	0	0	0	0	0	1	1	0	103833	103834	0	0	0	0
3096	STR_QUEST_NAME_Q3096	5	STR_QUEST_ZONE25	1	4095	0	49	50	103835	0	0	0	0	1	0	0	103836	103837	0	0	0	0
3097	STR_QUEST_NAME_Q3097	5	STR_QUEST_ZONE25	1	4095	0	49	50	103838	0	0	0	0	1	1	0	103836	103839	0	0	0	0
3098	STR_QUEST_NAME_Q3098	5	STR_QUEST_ZONE25	1	4095	0	49	50	103840	0	0	0	0	1	1	0	103836	103841	0	0	0	0
3099	STR_QUEST_NAME_Q3099	5	STR_QUEST_ZONE25	1	4095	0	46	47	0	0	0	0	1	1	1	0	103842	103843	0	0	0	0
3100	STR_QUEST_NAME_Q3100	5	STR_QUEST_ZONE25	1	4095	0	46	47	103844	0	0	0	0	1	1	0	102123	103845	0	0	0	0
3101	STR_QUEST_NAME_Q3101	5	STR_QUEST_ZONE25	1	4095	0	47	48	103846	0	0	0	0	1	1	0	103808	103847	0	0	0	0
3102	STR_QUEST_NAME_Q3102	5	STR_QUEST_ZONE25	1	4095	0	48	50	70873	0	0	0	0	1	1	0	103742	103848	0	0	0	0
3103	STR_QUEST_NAME_Q3103	5	STR_QUEST_ZONE25	1	4095	0	48	50	103849	0	0	0	0	1	1	0	103836	103850	0	0	0	0
3104	STR_QUEST_NAME_Q3104	5	STR_QUEST_ZONE25	1	4095	0	48	50	103851	0	0	0	0	1	1	0	103852	103853	0	0	0	0
3105	STR_QUEST_NAME_Q3105	5	STR_QUEST_ZONE25	1	4095	0	44	46	0	0	0	0	1	1	1	0	103854	103855	0	0	0	0
3106	STR_QUEST_NAME_Q3106	5	STR_QUEST_ZONE25	1	4095	0	44	46	0	0	0	0	1	1	1	0	103712	103856	0	0	0	0
3110	STR_QUEST_NAME_Q3110	5	STR_QUEST_ZONE25	1	4095	0	21	22	103857	0	0	0	0	1	10	0	103669	103858	0	0	0	103859
3111	STR_QUEST_NAME_Q3111	5	STR_QUEST_ZONE25	1	4095	0	44	45	103860	0	0	0	0	1	10	0	103861	103862	0	0	0	103863
3112	STR_QUEST_NAME_Q3112	5	STR_QUEST_ZONE25	1	4095	0	44	46	103864	0	0	0	0	1	10	0	103712	103865	0	0	0	103866
3113	STR_QUEST_NAME_Q3113	5	STR_QUEST_ZONE25	1	4095	0	47	50	70873	0	0	0	1	1	0	0	103783	103867	0	0	0	0
3114	STR_QUEST_NAME_Q3114	5	STR_QUEST_ZONE25	1	4095	0	43	43	0	0	0	0	1	1	0	0	103785	103868	0	0	0	0
3115	STR_QUEST_NAME_Q3115	5	STR_QUEST_ZONE25	1	4095	0	43	43	0	0	0	0	1	1	0	0	103785	103869	0	0	0	0
3200	STR_QUEST_NAME_Q3200	2	STR_QUEST_ZONE04	1	4095	0	40	41	0	0	0	0	0	1	1	0	103870	103871	0	0	0	0
3201	STR_QUEST_NAME_Q3201	5	STR_QUEST_ZONE19	1	4095	0	40	41	103872	0	0	0	0	1	1	0	103873	103874	0	0	0	0
3202	STR_QUEST_NAME_Q3202	5	STR_QUEST_ZONE19	1	4095	0	40	41	103875	0	0	0	0	1	20	0	103876	103877	0	0	0	103878
3203	STR_QUEST_NAME_Q3203	5	STR_QUEST_ZONE19	1	4095	0	40	41	103872	0	0	0	0	1	1	0	103879	103880	0	0	0	0
3204	STR_QUEST_NAME_Q3204	5	STR_QUEST_ZONE19	1	4095	0	40	41	103881	0	0	0	0	1	1	0	103879	103882	0	0	0	0
3205	STR_QUEST_NAME_Q3205	5	STR_QUEST_ZONE09	1	4095	0	40	41	103872	0	0	0	0	1	1	0	103883	103884	0	0	0	0
3206	STR_QUEST_NAME_Q3206	5	STR_QUEST_ZONE19	1	4095	0	40	41	103885	0	0	0	0	1	20	0	103886	103887	0	0	0	103888
3207	STR_QUEST_NAME_Q3207	5	STR_QUEST_ZONE19	1	4095	0	40	41	103872	0	0	0	0	1	1	0	103889	103890	0	0	0	0
3208	STR_QUEST_NAME_Q3208	5	STR_QUEST_ZONE28	1	4095	0	40	41	103872	0	0	0	0	1	1	0	103891	103892	0	0	0	0
3209	STR_QUEST_NAME_Q3209	5	STR_QUEST_ZONE19	1	4095	0	43	44	103893	0	0	0	0	1	1	0	103894	103895	0	0	0	0
3210	STR_QUEST_NAME_Q3210	5	STR_QUEST_ZONE19	1	4095	0	43	44	103896	0	0	0	0	1	1	0	103873	103897	0	0	0	0
3211	STR_QUEST_NAME_Q3211	5	STR_QUEST_ZONE28	1	4095	0	43	44	103898	0	0	0	0	1	1	0	103899	103900	0	0	0	0
3212	STR_QUEST_NAME_Q3212	5	STR_QUEST_ZONE19	1	4095	0	43	44	103896	0	0	0	0	1	1	0	103886	103901	0	0	0	0
3213	STR_QUEST_NAME_Q3213	5	STR_QUEST_ZONE19	1	4095	0	43	44	103896	0	0	0	0	1	1	0	103902	103903	0	0	0	0
3214	STR_QUEST_NAME_Q3214	5	STR_QUEST_ZONE19	1	4095	0	43	44	103904	0	0	0	0	1	20	0	103886	103905	0	0	0	103906
3215	STR_QUEST_NAME_Q3215	5	STR_QUEST_ZONE19	1	4095	0	43	44	103896	0	0	0	0	1	1	0	103907	103908	0	0	0	0
3216	STR_QUEST_NAME_Q3216	5	STR_QUEST_ZONE19	1	4095	0	43	44	103909	0	0	0	0	1	5	0	103873	103910	0	0	0	103911
3217	STR_QUEST_NAME_Q3217	5	STR_QUEST_ZONE28	1	4095	0	43	44	103896	0	0	0	0	1	1	0	0	103912	0	0	0	0
3218	STR_QUEST_NAME_Q3218	5	STR_QUEST_ZONE19	1	4095	0	43	44	103913	0	0	0	0	1	1	0	103886	103914	0	0	0	0
3219	STR_QUEST_NAME_Q3219	5	STR_QUEST_ZONE28	1	4095	0	1	1	0	0	0	0	1	1	0	0	0	0	0	0	0	0
3220	STR_QUEST_NAME_Q3220	5	STR_QUEST_ZONE28	1	4095	0	1	1	0	0	0	0	1	1	0	0	0	0	0	0	0	0
3221	STR_QUEST_NAME_Q3221	5	STR_QUEST_ZONE04	1	4095	0	40	41	0	0	0	103872	0	1	1	0	101745	103874	0	0	0	0
3303	STR_QUEST_NAME_Q3303	5	STR_QUEST_ZONE03	1	4095	0	37	38	0	0	0	0	1	1	0	0	103915	103916	0	0	0	0
3304	STR_QUEST_NAME_Q3304	5	STR_QUEST_ZONE03	1	4095	0	37	38	0	0	0	0	1	1	1	0	101361	103917	0	0	0	0
3305	STR_QUEST_NAME_Q3305	5	STR_QUEST_ZONE03	1	4095	0	37	38	0	0	0	0	1	1	1	0	101361	103918	0	0	0	0
3306	STR_QUEST_NAME_Q3306	5	STR_QUEST_ZONE03	1	4095	0	37	38	0	0	0	0	1	1	1	0	101361	103919	0	0	0	0
3307	STR_QUEST_NAME_Q3307	5	STR_QUEST_ZONE03	1	4095	0	37	38	101359	0	0	0	0	1	1	0	101357	103920	0	0	0	0
3308	STR_QUEST_NAME_Q3308	5	STR_QUEST_ZONE03	1	4095	0	37	39	103921	0	0	0	0	1	1	0	101357	103922	0	0	0	0
3309	STR_QUEST_NAME_Q3309	5	STR_QUEST_ZONE03	1	4095	0	37	40	103923	0	0	0	0	1	1	0	101357	103924	0	0	0	0
3310	STR_QUEST_NAME_Q3310	5	STR_QUEST_ZONE03	1	4095	0	28	31	0	0	0	0	1	1	1	0	101290	103925	0	0	0	0
3311	STR_QUEST_NAME_Q3311	5	STR_QUEST_ZONE03	1	4095	0	29	31	0	0	0	0	1	1	10	0	101290	103926	0	0	0	103927
3312	STR_QUEST_NAME_Q3312	5	STR_QUEST_ZONE03	1	4095	0	29	32	103928	0	0	0	0	1	1	0	101290	103929	0	0	0	0
3313	STR_QUEST_NAME_Q3313	5	STR_QUEST_ZONE03	1	4095	0	19	20	103930	0	0	0	0	1	10	0	101420	103931	0	0	0	103932
3314	STR_QUEST_NAME_Q3314	5	STR_QUEST_ZONE03	1	4095	0	21	22	103933	0	0	0	0	1	10	0	101220	103934	0	0	0	103935
3315	STR_QUEST_NAME_Q3315	5	STR_QUEST_ZONE03	1	4095	0	21	22	103936	0	0	0	0	1	10	0	101220	103937	0	0	0	103932
3317	STR_QUEST_NAME_Q3317	5	STR_QUEST_ZONE03	1	4095	0	27	28	71153	0	0	0	0	1	10	0	101287	103938	0	0	0	103939
3318	STR_QUEST_NAME_Q3318	5	STR_QUEST_ZONE03	1	4095	0	28	29	71158	0	0	0	0	1	10	0	101335	103940	0	0	0	103941
3319	STR_QUEST_NAME_Q3319	5	STR_QUEST_ZONE03	1	4095	0	20	21	0	0	0	0	0	1	1	0	101424	103942	0	0	0	0
3320	STR_QUEST_NAME_Q3320	5	STR_QUEST_ZONE03	1	4095	0	24	25	0	0	0	0	1	1	10	0	103943	103944	0	0	0	103945
3321	STR_QUEST_NAME_Q3321	5	STR_QUEST_ZONE03	1	4095	0	24	25	0	0	0	0	1	1	10	0	103946	103947	0	0	0	103948
3322	STR_QUEST_NAME_Q3322	5	STR_QUEST_ZONE03	1	4095	0	26	27	0	0	0	0	1	1	10	0	103949	103950	0	0	0	103951
3323	STR_QUEST_NAME_Q3323	5	STR_QUEST_ZONE03	1	4095	0	26	27	103952	0	0	0	0	1	1	0	101270	103953	0	0	0	0
3324	STR_QUEST_NAME_Q3324	5	STR_QUEST_ZONE03	1	4095	0	27	30	0	0	0	0	1	1	15	0	101304	103954	0	0	0	103955
3325	STR_QUEST_NAME_Q3325	5	STR_QUEST_ZONE03	1	4095	0	27	28	71153	0	0	0	0	1	15	0	101287	103956	0	0	0	103957
3326	STR_QUEST_NAME_Q3326	5	STR_QUEST_ZONE03	1	4095	0	25	30	0	0	0	0	0	1	0	0	103958	103959	0	0	0	0
3327	STR_QUEST_NAME_Q3327	5	STR_QUEST_ZONE03	1	4095	0	34	38	0	0	0	0	0	1	0	0	101296	103960	0	0	0	0
3328	STR_QUEST_NAME_Q3328	5	STR_QUEST_ZONE03	1	4095	0	32	33	0	0	0	0	1	1	1	0	101321	103961	0	0	0	0
3329	STR_QUEST_NAME_Q3329	5	STR_QUEST_ZONE03	1	4095	0	31	32	0	0	0	0	1	1	1	0	103962	103963	0	0	0	0
3330	STR_QUEST_NAME_Q3330	5	STR_QUEST_ZONE03	1	4095	0	31	32	103964	0	0	0	0	1	1	0	103965	103966	0	0	0	0
3331	STR_QUEST_NAME_Q3331	5	STR_QUEST_ZONE03	1	4095	0	32	33	0	0	0	0	1	1	1	0	101494	103961	0	0	0	0
3332	STR_QUEST_NAME_Q3332	5	STR_QUEST_ZONE03	1	4095	0	32	33	0	0	0	0	1	1	1	0	101324	103961	0	0	0	0
3333	STR_QUEST_NAME_Q3333	5	STR_QUEST_ZONE03	1	4095	0	31	32	0	0	0	0	1	1	1	0	103915	103966	0	0	0	0
3334	STR_QUEST_NAME_Q3334	5	STR_QUEST_ZONE03	1	4095	0	32	33	0	0	0	0	1	1	1	0	101357	103961	0	0	0	0
3335	STR_QUEST_NAME_Q3335	5	STR_QUEST_ZONE03	1	4095	0	35	36	0	0	0	0	1	1	1	0	101361	103967	0	0	0	0
3336	STR_QUEST_NAME_Q3336	5	STR_QUEST_ZONE03	1	4095	0	35	36	0	0	0	0	1	1	1	0	103968	103967	0	0	0	0
3337	STR_QUEST_NAME_Q3337	5	STR_QUEST_ZONE03	1	4095	0	35	36	103969	0	0	0	0	1	1	0	103968	103970	0	0	0	0
3338	STR_QUEST_NAME_Q3338	5	STR_QUEST_ZONE03	1	4095	0	19	19	0	0	0	0	1	1	0	0	101432	103971	0	0	0	0
3339	STR_QUEST_NAME_Q3339	5	STR_QUEST_ZONE03	1	4095	0	19	19	0	0	0	0	1	1	0	0	101432	103972	0	0	0	0
3502	STR_QUEST_NAME_Q3502	5	STR_QUEST_ZONE04	1	4095	0	50	50	103973	0	0	0	0	1	1	0	103974	103975	0	0	0	0
3503	STR_QUEST_NAME_Q3503	2	STR_QUEST_ZONE04	1	4095	0	50	50	103973	0	0	0	0	1	0	0	103974	103976	0	0	0	0
3504	STR_QUEST_NAME_Q3504	5	STR_QUEST_ZONE04	1	4095	0	40	41	103977	0	0	0	0	1	10	0	101668	103978	0	0	0	0
3505	STR_QUEST_NAME_Q3505	5	STR_QUEST_ZONE04	1	4095	0	40	41	103979	0	0	0	0	1	10	0	101708	103980	0	0	0	103981
3506	STR_QUEST_NAME_Q3506	5	STR_QUEST_ZONE04	1	4095	0	39	41	103982	0	0	0	0	1	10	0	101712	103983	0	0	0	0
3507	STR_QUEST_NAME_Q3507	5	STR_QUEST_ZONE04	1	4095	0	40	41	103984	0	0	0	0	1	10	0	101768	103985	0	0	0	0
3508	STR_QUEST_NAME_Q3508	5	STR_QUEST_ZONE04	1	4095	0	40	42	103986	0	0	0	0	1	10	0	101766	103987	0	0	0	103988
3509	STR_QUEST_NAME_Q3509	5	STR_QUEST_ZONE04	1	4095	0	41	42	103989	0	0	0	0	1	10	0	101809	103990	0	0	0	0
3510	STR_QUEST_NAME_Q3510	5	STR_QUEST_ZONE04	1	4095	0	42	43	103991	0	0	0	0	1	10	0	101784	103992	0	0	0	0
3511	STR_QUEST_NAME_Q3511	5	STR_QUEST_ZONE04	1	4095	0	31	32	101544	0	0	0	0	1	10	0	101545	103993	0	0	0	103994
3512	STR_QUEST_NAME_Q3512	5	STR_QUEST_ZONE04	1	4095	0	31	32	101557	0	0	0	0	1	10	0	101555	103995	0	0	0	103996
3513	STR_QUEST_NAME_Q3513	5	STR_QUEST_ZONE04	1	4095	0	32	33	103997	0	0	0	0	1	10	0	101577	103998	0	0	0	103999
3514	STR_QUEST_NAME_Q3514	5	STR_QUEST_ZONE04	1	4095	0	33	34	104000	0	0	0	0	1	10	0	101581	104001	0	0	0	104002
3515	STR_QUEST_NAME_Q3515	5	STR_QUEST_ZONE04	1	4095	0	33	34	104003	0	0	0	0	1	10	0	101604	104004	0	0	0	0
3516	STR_QUEST_NAME_Q3516	5	STR_QUEST_ZONE04	1	4095	0	34	35	104005	0	0	0	0	1	10	0	101668	104006	0	0	0	104007
3517	STR_QUEST_NAME_Q3517	5	STR_QUEST_ZONE04	1	4095	0	34	35	104008	0	0	0	0	1	10	0	101671	104009	0	0	0	104010
3518	STR_QUEST_NAME_Q3518	5	STR_QUEST_ZONE04	1	4095	0	36	38	0	0	0	0	1	1	10	0	101621	104011	0	0	0	104010
3519	STR_QUEST_NAME_Q3519	5	STR_QUEST_ZONE04	1	4095	0	36	38	0	0	0	0	1	1	1	0	101851	104012	0	0	0	0
3520	STR_QUEST_NAME_Q3520	5	STR_QUEST_ZONE04	1	4095	0	41	42	0	0	0	0	1	1	10	0	101770	104013	0	0	0	104014
3521	STR_QUEST_NAME_Q3521	5	STR_QUEST_ZONE04	1	4095	0	41	42	0	0	0	0	1	1	1	0	104015	104016	0	0	0	0
3522	STR_QUEST_NAME_Q3522	5	STR_QUEST_ZONE04	1	4095	0	41	42	0	0	0	0	1	1	10	0	104017	104018	0	0	0	104019
3523	STR_QUEST_NAME_Q3523	5	STR_QUEST_ZONE04	1	4095	0	42	44	0	0	0	0	1	1	10	0	104020	104021	0	0	0	0
3524	STR_QUEST_NAME_Q3524	5	STR_QUEST_ZONE04	1	4095	0	42	44	0	0	0	0	1	1	10	0	104017	104022	0	0	0	104023
3525	STR_QUEST_NAME_Q3525	5	STR_QUEST_ZONE04	1	4095	0	42	44	0	0	0	0	1	1	10	0	101633	104024	0	0	0	0
3526	STR_QUEST_NAME_Q3526	5	STR_QUEST_ZONE04	1	4095	0	44	45	0	0	0	0	1	1	1	0	104025	104026	0	0	0	0
3527	STR_QUEST_NAME_Q3527	5	STR_QUEST_ZONE04	1	4095	0	44	45	104027	0	0	0	0	1	10	0	101778	104028	0	0	0	103212
3528	STR_QUEST_NAME_Q3528	5	STR_QUEST_ZONE04	1	4095	0	44	45	0	0	0	0	0	1	1	0	101792	104029	0	0	0	0
3529	STR_QUEST_NAME_Q3529	5	STR_QUEST_ZONE04	1	4095	0	41	44	0	0	0	0	1	1	0	0	104030	104031	0	0	0	0
3530	STR_QUEST_NAME_Q3530	5	STR_QUEST_ZONE04	1	4095	0	42	45	0	0	0	0	1	1	0	0	104032	104033	0	0	0	0
3531	STR_QUEST_NAME_Q3531	5	STR_QUEST_ZONE04	1	4095	0	45	48	0	0	0	0	1	1	0	0	101745	104034	0	0	0	0
3532	STR_QUEST_NAME_Q3532	5	STR_QUEST_ZONE04	1	4095	0	45	48	0	0	0	0	0	1	0	0	101588	104034	0	0	0	0
3533	STR_QUEST_NAME_Q3533	5	STR_QUEST_ZONE04	1	4095	0	43	45	0	0	0	0	1	1	0	0	101753	104035	0	0	0	0
3534	STR_QUEST_NAME_Q3534	5	STR_QUEST_ZONE04	1	4095	0	45	46	0	0	0	0	1	1	10	0	101787	104036	0	0	0	104037
3535	STR_QUEST_NAME_Q3535	5	STR_QUEST_ZONE04	1	4095	0	31	32	0	0	0	0	1	1	1	0	104038	103963	0	0	0	0
3536	STR_QUEST_NAME_Q3536	5	STR_QUEST_ZONE04	1	4095	0	32	33	0	0	0	0	1	1	1	0	101588	103961	0	0	0	0
3537	STR_QUEST_NAME_Q3537	5	STR_QUEST_ZONE04	1	4095	0	32	33	0	0	0	0	1	1	1	0	101847	103961	0	0	0	0
3538	STR_QUEST_NAME_Q3538	5	STR_QUEST_ZONE04	1	4095	0	33	34	0	0	0	0	1	1	1	0	101577	104039	0	0	0	0
3539	STR_QUEST_NAME_Q3539	5	STR_QUEST_ZONE04	1	4095	0	33	34	0	0	0	0	1	1	1	0	101604	104040	0	0	0	0
3540	STR_QUEST_NAME_Q3540	5	STR_QUEST_ZONE04	1	4095	0	32	33	0	0	0	0	1	1	1	0	101823	103961	0	0	0	0
3541	STR_QUEST_NAME_Q3541	5	STR_QUEST_ZONE04	1	4095	0	33	34	0	0	0	0	1	1	1	0	101823	104039	0	0	0	0
3542	STR_QUEST_NAME_Q3542	5	STR_QUEST_ZONE04	1	4095	0	33	34	0	0	0	0	1	1	1	0	101573	104039	0	0	0	0
3543	STR_QUEST_NAME_Q3543	5	STR_QUEST_ZONE04	1	4095	0	33	34	104041	0	0	0	0	1	1	0	101573	104039	0	0	0	0
3544	STR_QUEST_NAME_Q3544	5	STR_QUEST_ZONE04	1	4095	0	35	36	0	0	0	0	1	1	1	0	101849	103970	0	0	0	0
3545	STR_QUEST_NAME_Q3545	5	STR_QUEST_ZONE04	1	4095	0	29	29	0	0	0	0	1	1	0	0	101570	104042	0	0	0	0
3546	STR_QUEST_NAME_Q3546	5	STR_QUEST_ZONE04	1	4095	0	29	29	0	0	0	0	1	1	0	0	101570	104043	0	0	0	0
3701	STR_QUEST_NAME_Q3701	2	STR_QUEST_ZONE09	1	4095	0	25	25	0	0	0	0	1	1	1	0	102111	104044	0	0	0	0
3702	STR_QUEST_NAME_Q3702	5	STR_QUEST_ZONE09	1	4095	0	25	25	0	0	0	0	0	1	1	0	104045	104046	0	0	0	0
3703	STR_QUEST_NAME_Q3703	5	STR_QUEST_ZONE09	1	4095	0	25	25	0	0	0	0	1	1	1	0	104045	104047	0	0	0	0
3704	STR_QUEST_NAME_Q3704	5	STR_QUEST_ZONE09	1	4095	0	25	25	0	0	0	0	1	1	1	0	104048	104049	0	0	0	0
3705	STR_QUEST_NAME_Q3705	2	STR_QUEST_ZONE09	1	4095	0	50	50	104050	0	0	0	0	1	1	0	104051	104052	0	0	0	0
3706	STR_QUEST_NAME_Q3706	2	STR_QUEST_ZONE09	1	4095	0	50	50	103973	0	0	0	0	1	0	0	104053	103976	0	0	0	0
3711	STR_QUEST_NAME_Q3711	5	STR_QUEST_ZONE09	1	4095	0	46	47	0	0	0	0	1	1	1	0	101914	104054	0	0	0	0
3712	STR_QUEST_NAME_Q3712	5	STR_QUEST_ZONE09	1	4095	0	46	47	0	0	0	0	1	1	0	0	104055	104056	0	0	0	0
3713	STR_QUEST_NAME_Q3713	5	STR_QUEST_ZONE09	1	4095	0	46	47	0	0	0	0	1	1	30	0	104055	104057	0	0	0	0
3714	STR_QUEST_NAME_Q3714	5	STR_QUEST_ZONE09	1	4095	0	46	47	104058	0	0	0	0	1	1	0	104055	104059	0	0	0	0
3715	STR_QUEST_NAME_Q3715	5	STR_QUEST_ZONE09	1	4095	0	46	47	104060	0	0	0	0	1	1	0	104055	104061	0	0	0	0
3716	STR_QUEST_NAME_Q3716	5	STR_QUEST_ZONE09	1	4095	0	46	47	0	0	0	0	1	1	0	0	104055	104062	0	0	0	0
3717	STR_QUEST_NAME_Q3717	5	STR_QUEST_ZONE09	1	4095	0	46	47	0	0	0	0	1	1	0	0	104055	104063	0	0	0	0
3718	STR_QUEST_NAME_Q3718	5	STR_QUEST_ZONE09	1	4095	0	46	47	0	0	0	0	1	1	0	0	104055	104064	0	0	0	0
3721	STR_QUEST_NAME_Q3721	5	STR_QUEST_ZONE45	1	4095	0	51	52	0	0	0	0	1	1	1	0	104065	104066	0	0	0	0
3722	STR_QUEST_NAME_Q3722	5	STR_QUEST_ZONE45	1	4095	0	51	52	0	0	0	0	0	1	0	0	104067	104068	0	0	0	0
3723	STR_QUEST_NAME_Q3723	5	STR_QUEST_ZONE45	1	4095	0	51	52	0	0	0	0	1	1	0	0	104067	104069	0	0	0	0
3724	STR_QUEST_NAME_Q3724	5	STR_QUEST_ZONE45	1	4095	0	51	52	0	0	0	0	1	1	40	0	104067	104070	0	0	0	0
3725	STR_QUEST_NAME_Q3725	5	STR_QUEST_ZONE45	1	4095	0	51	52	0	0	0	0	1	1	0	0	104067	104071	0	0	0	0
3901	STR_QUEST_NAME_Q3901	5	STR_QUEST_ZONE19	1	49	0	25	25	0	0	0	0	0	1	1	0	102139	102841	0	0	0	0
3902	STR_QUEST_NAME_Q3902	5	STR_QUEST_ZONE19	1	772	0	25	25	0	0	0	0	0	1	1	0	102143	102841	0	0	0	0
3903	STR_QUEST_NAME_Q3903	5	STR_QUEST_ZONE19	1	3080	0	25	25	0	0	0	0	0	1	1	0	102147	102841	0	0	0	0
3904	STR_QUEST_NAME_Q3904	5	STR_QUEST_ZONE19	1	194	0	25	25	0	0	0	0	0	1	1	0	102151	102841	0	0	0	0
3905	STR_QUEST_NAME_Q3905	5	STR_QUEST_ZONE19	1	4095	0	35	35	0	0	0	0	1	1	1	0	104072	104073	0	0	0	0
3906	STR_QUEST_NAME_Q3906	5	STR_QUEST_ZONE19	1	4095	0	40	45	104074	0	0	0	0	1	1	0	104072	104075	0	0	0	0
3907	STR_QUEST_NAME_Q3907	5	STR_QUEST_ZONE19	1	4095	0	45	45	104076	0	0	0	0	1	1	0	104072	104075	0	0	0	0
3908	STR_QUEST_NAME_Q3908	5	STR_QUEST_ZONE19	1	4095	0	45	47	104077	0	0	0	0	1	1	0	104072	104078	104079	104079	104079	0
3909	STR_QUEST_NAME_Q3909	5	STR_QUEST_ZONE19	1	3901	0	17	17	0	0	0	0	1	1	1	0	102151	104080	0	0	0	0
3910	STR_QUEST_NAME_Q3910	5	STR_QUEST_ZONE19	1	3901	0	17	17	104081	0	0	0	0	1	1	0	104082	104083	0	0	0	0
3911	STR_QUEST_NAME_Q3911	5	STR_QUEST_ZONE19	1	194	0	17	17	0	0	0	0	1	1	1	0	102151	104080	0	0	0	0
3912	STR_QUEST_NAME_Q3912	5	STR_QUEST_ZONE19	1	194	0	17	17	104084	0	0	0	0	1	30	0	104082	104083	0	0	0	104085
3913	STR_QUEST_NAME_Q3913	2	STR_QUEST_ZONE19	1	4095	0	50	50	0	0	0	0	1	1	1	0	102250	104086	0	0	0	0
3914	STR_QUEST_NAME_Q3914	2	STR_QUEST_ZONE19	1	4095	0	50	50	0	0	0	0	0	1	1	0	104087	104088	0	0	0	0
3915	STR_QUEST_NAME_Q3915	5	STR_QUEST_ZONE19	1	4095	0	50	50	104089	0	0	0	0	1	10	0	104090	104091	0	0	0	0
3916	STR_QUEST_NAME_Q3916	5	STR_QUEST_ZONE19	1	4095	0	50	50	104089	0	0	0	0	1	10	0	104090	104092	0	0	0	0
3917	STR_QUEST_NAME_Q3917	5	STR_QUEST_ZONE19	1	4095	0	50	50	104093	0	0	0	0	1	1	0	104090	104094	0	0	0	0
3918	STR_QUEST_NAME_Q3918	5	STR_QUEST_ZONE19	1	4095	0	50	50	104095	0	0	0	0	1	10	0	104096	104097	0	0	0	0
3919	STR_QUEST_NAME_Q3919	5	STR_QUEST_ZONE19	1	4095	0	50	50	104095	0	0	0	0	1	10	0	104096	104098	0	0	0	0
3920	STR_QUEST_NAME_Q3920	5	STR_QUEST_ZONE19	1	4095	0	50	50	104099	0	0	0	0	1	1	0	104096	104100	0	0	0	0
3921	STR_QUEST_NAME_Q3921	5	STR_QUEST_ZONE19	1	4095	0	50	50	104101	0	0	0	0	1	1	0	104096	104102	104103	104103	104103	0
3922	STR_QUEST_NAME_Q3922	5	STR_QUEST_ZONE19	1	17	0	34	34	0	0	0	0	1	1	1	0	101467	104104	0	0	0	0
3923	STR_QUEST_NAME_Q3923	5	STR_QUEST_ZONE19	1	33	0	34	34	0	0	0	0	1	1	1	0	101467	104104	0	0	0	0
3924	STR_QUEST_NAME_Q3924	5	STR_QUEST_ZONE19	1	516	0	34	34	0	0	0	0	1	1	1	0	104105	104104	0	0	0	0
3925	STR_QUEST_NAME_Q3925	5	STR_QUEST_ZONE19	1	260	0	34	34	0	0	0	0	1	1	1	0	104105	104104	0	0	0	0
3926	STR_QUEST_NAME_Q3926	5	STR_QUEST_ZONE19	1	1032	0	34	34	0	0	0	0	1	1	1	0	104106	104104	0	0	0	0
3927	STR_QUEST_NAME_Q3927	5	STR_QUEST_ZONE19	1	2056	0	34	34	0	0	0	0	1	1	1	0	104106	104104	0	0	0	0
3928	STR_QUEST_NAME_Q3928	5	STR_QUEST_ZONE19	1	66	0	34	34	0	0	0	0	1	1	1	0	104082	104104	0	0	0	0
3929	STR_QUEST_NAME_Q3929	5	STR_QUEST_ZONE19	1	130	0	34	34	0	0	0	0	1	1	1	0	104082	104104	0	0	0	0
3930	STR_QUEST_NAME_Q3930	3	STR_QUEST_ZONE29	1	4095	0	45	45	0	0	0	0	0	1	1	0	104107	104108	0	0	0	0
3931	STR_QUEST_NAME_Q3931	3	STR_QUEST_ZONE29	1	4095	0	45	45	104109	0	0	0	0	1	1	0	104107	104110	0	0	0	0
3932	STR_QUEST_NAME_Q3932	3	STR_QUEST_ZONE29	1	4095	0	50	50	104111	0	0	0	0	1	1	0	104107	104112	0	0	0	0
3933	STR_QUEST_NAME_Q3933	5	STR_QUEST_ZONE30	1	4095	0	50	50	0	0	0	0	0	1	1	0	104113	104114	0	0	0	0
3934	STR_QUEST_NAME_Q3934	5	STR_QUEST_ZONE30	1	4095	0	50	50	104115	0	0	0	0	1	1	0	104113	104116	0	0	0	0
3935	STR_QUEST_NAME_Q3935	5	STR_QUEST_ZONE30	1	4095	0	50	50	104117	0	0	0	0	1	1	0	104113	104118	0	0	0	0
3936	STR_QUEST_NAME_Q3936	5	STR_QUEST_ZONE30	1	4095	0	50	50	104117	0	0	104119	0	1	0	0	104120	104121	0	0	0	0
3937	STR_QUEST_NAME_Q3937	5	STR_QUEST_ZONE30	1	4095	0	50	50	104117	0	0	104119	0	1	0	0	104122	104123	0	0	0	0
3938	STR_QUEST_NAME_Q3938	5	STR_QUEST_ZONE30	1	4095	0	50	50	104119	0	0	0	0	1	1	0	104113	104124	0	0	0	0
3939	STR_QUEST_NAME_Q3939	5	STR_QUEST_ZONE30	1	4095	0	50	50	104125	0	0	0	0	1	1	0	104113	104126	0	0	0	0
3940	STR_QUEST_NAME_Q3940	5	STR_QUEST_ZONE30	1	4095	0	50	50	104127	0	0	0	0	1	1	0	104113	104128	104129	104129	104129	0
3941	STR_QUEST_NAME_Q3941	3	STR_QUEST_ZONE19	1	4095	0	29	30	104130	0	0	104131	0	1	1	0	102117	102235	0	0	0	0
3942	STR_QUEST_NAME_Q3942	3	STR_QUEST_ZONE19	1	4095	0	29	30	104132	0	0	0	0	1	1	0	102117	102235	0	0	0	0
3943	STR_QUEST_NAME_Q3943	3	STR_QUEST_ZONE19	1	4095	0	29	30	104133	0	0	0	0	1	1	0	102117	104134	0	0	0	0
3944	STR_QUEST_NAME_Q3944	3	STR_QUEST_ZONE19	1	4095	0	29	30	104135	0	0	104136	0	1	1	0	102119	102235	0	0	0	0
3945	STR_QUEST_NAME_Q3945	3	STR_QUEST_ZONE19	1	4095	0	29	30	104137	0	0	0	0	1	1	0	102119	102235	0	0	0	0
3946	STR_QUEST_NAME_Q3946	3	STR_QUEST_ZONE19	1	4095	0	29	30	104138	0	0	0	0	1	1	0	102119	104139	0	0	0	0
3947	STR_QUEST_NAME_Q3947	3	STR_QUEST_ZONE19	1	4095	0	29	30	104140	0	0	104141	0	1	1	0	102123	102235	0	0	0	0
3948	STR_QUEST_NAME_Q3948	3	STR_QUEST_ZONE19	1	4095	0	29	30	104142	0	0	0	0	1	1	0	102123	102235	0	0	0	0
3949	STR_QUEST_NAME_Q3949	3	STR_QUEST_ZONE19	1	4095	0	29	30	104143	0	0	0	0	1	1	0	102123	104144	0	0	0	0
3950	STR_QUEST_NAME_Q3950	3	STR_QUEST_ZONE19	1	4095	0	29	30	104145	0	0	104146	0	1	1	0	102121	102235	0	0	0	0
3951	STR_QUEST_NAME_Q3951	3	STR_QUEST_ZONE19	1	4095	0	29	30	104147	0	0	0	0	1	1	0	102121	102235	0	0	0	0
3952	STR_QUEST_NAME_Q3952	3	STR_QUEST_ZONE19	1	4095	0	29	30	104148	0	0	0	0	1	1	0	102121	104149	0	0	0	0
3953	STR_QUEST_NAME_Q3953	3	STR_QUEST_ZONE19	1	4095	0	29	30	104150	0	0	104151	0	1	1	0	101639	102235	0	0	0	0
3954	STR_QUEST_NAME_Q3954	3	STR_QUEST_ZONE19	1	4095	0	29	30	104152	0	0	0	0	1	1	0	101639	102235	0	0	0	0
3955	STR_QUEST_NAME_Q3955	3	STR_QUEST_ZONE19	1	4095	0	29	30	104153	0	0	0	0	1	1	0	101639	104154	0	0	0	0
3956	STR_QUEST_NAME_Q3956	3	STR_QUEST_ZONE19	1	4095	0	29	30	104155	0	0	104156	0	1	1	0	102126	102235	0	0	0	0
3957	STR_QUEST_NAME_Q3957	3	STR_QUEST_ZONE19	1	4095	0	29	30	104157	0	0	0	0	1	1	0	102126	102235	0	0	0	0
3958	STR_QUEST_NAME_Q3958	3	STR_QUEST_ZONE19	1	4095	0	29	30	104158	0	0	0	0	1	1	0	102126	104159	0	0	0	0
3959	STR_QUEST_NAME_Q3959	5	STR_QUEST_ZONE19	1	4095	0	50	50	70876	0	0	0	1	1	1	0	0	0	0	0	0	0
3960	STR_QUEST_NAME_Q3960	5	STR_QUEST_ZONE19	1	4095	0	45	45	103872	0	0	104109	0	1	1	0	103894	103309	0	0	0	0
3961	STR_QUEST_NAME_Q3961	1	STR_QUEST_ZONE19	1	4095	0	35	35	0	0	0	0	0	1	1	0	104160	104161	0	0	0	0
3962	STR_QUEST_NAME_Q3962	1	STR_QUEST_ZONE19	1	4095	0	40	40	0	0	0	0	0	1	1	0	104160	104162	0	0	0	0
3963	STR_QUEST_NAME_Q3963	1	STR_QUEST_ZONE19	1	4095	0	45	45	0	0	0	0	0	1	1	0	104160	104163	0	0	0	0
3964	STR_QUEST_NAME_Q3964	1	STR_QUEST_ZONE19	1	4095	0	50	50	0	0	0	0	0	1	1	0	104160	104164	0	0	0	0
3965	STR_QUEST_NAME_Q3965	5	STR_QUEST_ZONE19	1	4095	0	10	10	0	0	0	0	0	1	1	0	104165	104166	0	0	0	0
3966	STR_QUEST_NAME_Q3966	5	STR_QUEST_ZONE19	1	4095	2	10	10	0	0	0	0	0	1	1	0	104167	104168	0	0	0	0
3967	STR_QUEST_NAME_Q3967	5	STR_QUEST_ZONE19	1	4095	2	10	10	104169	0	0	0	0	1	1	0	104167	104170	0	0	0	0
3968	STR_QUEST_NAME_Q3968	5	STR_QUEST_ZONE19	1	4095	1	10	10	0	0	0	0	0	1	1	0	104171	104168	0	0	0	0
3969	STR_QUEST_NAME_Q3969	5	STR_QUEST_ZONE19	1	4095	1	10	10	104172	0	0	0	0	1	1	0	104171	104170	0	0	0	0
3970	STR_QUEST_NAME_Q3970	5	STR_QUEST_ZONE19	1	4095	0	39	40	104173	0	0	0	0	1	1	0	101168	104174	0	0	0	0
3971	STR_QUEST_NAME_Q3971	5	STR_QUEST_ZONE19	1	4095	0	39	40	104175	0	0	0	0	1	1	0	101877	104176	0	0	0	0
3972	STR_QUEST_NAME_Q3972	5	STR_QUEST_ZONE19	1	4095	0	51	51	104177	0	0	0	0	1	1	0	101168	104178	0	0	0	0
3973	STR_QUEST_NAME_Q3973	5	STR_QUEST_ZONE19	1	4095	0	51	51	104179	0	0	0	0	1	1	0	101168	104180	0	0	0	0
3974	STR_QUEST_NAME_Q3974	5	STR_QUEST_ZONE19	1	4095	0	51	51	104181	0	0	0	0	1	1	0	104182	104183	0	0	0	0
3975	STR_QUEST_NAME_Q3975	5	STR_QUEST_ZONE19	1	4095	0	50	50	104119	0	0	0	0	1	0	0	103886	104184	0	0	0	0
3976	STR_QUEST_NAME_Q3976	5	STR_QUEST_ZONE19	1	4095	0	44	45	0	0	0	0	0	1	1	0	104185	104186	0	0	0	0
3977	STR_QUEST_NAME_Q3977	5	STR_QUEST_ZONE19	1	4095	0	50	50	103973	0	0	0	0	1	0	0	104090	104187	0	0	0	0
3978	STR_QUEST_NAME_Q3978	5	STR_QUEST_ZONE19	1	4095	0	40	41	103872	0	0	0	0	1	0	0	103879	104188	0	0	0	0
3979	STR_QUEST_NAME_Q3979	5	STR_QUEST_ZONE19	1	4095	0	42	44	103872	0	0	0	0	1	0	0	103894	104189	0	0	0	0
4001	STR_QUEST_NAME_Q4001	5	STR_QUEST_ZONE26	2	4095	0	20	21	104190	0	0	0	0	1	1	0	104191	104192	0	0	0	0
4002	STR_QUEST_NAME_Q4002	5	STR_QUEST_ZONE26	2	4095	0	20	21	0	0	0	0	1	1	10	0	104193	104194	0	0	0	104195
4003	STR_QUEST_NAME_Q4003	5	STR_QUEST_ZONE26	2	4095	0	20	21	0	0	0	0	1	1	1	0	104196	104197	0	0	0	0
4004	STR_QUEST_NAME_Q4004	5	STR_QUEST_ZONE26	2	4095	0	21	22	104198	0	0	0	0	1	1	0	104191	104199	0	0	0	0
4005	STR_QUEST_NAME_Q4005	5	STR_QUEST_ZONE26	2	4095	0	21	22	0	0	0	0	1	1	1	0	104200	104201	0	0	0	0
4006	STR_QUEST_NAME_Q4006	5	STR_QUEST_ZONE26	2	4095	0	22	23	0	0	0	0	1	1	1	0	104202	104203	0	0	0	0
4007	STR_QUEST_NAME_Q4007	5	STR_QUEST_ZONE26	2	4095	0	22	23	104204	0	0	0	0	1	1	0	104205	104206	0	0	0	0
4008	STR_QUEST_NAME_Q4008	5	STR_QUEST_ZONE26	2	4095	0	22	23	0	0	0	0	1	1	10	0	104196	104207	0	0	0	104208
4009	STR_QUEST_NAME_Q4009	5	STR_QUEST_ZONE26	2	4095	0	22	23	0	0	0	0	1	1	10	0	104209	104210	0	0	0	104211
4010	STR_QUEST_NAME_Q4010	5	STR_QUEST_ZONE26	2	4095	0	22	23	0	0	0	0	1	1	1	0	104212	104213	0	0	0	0
4011	STR_QUEST_NAME_Q4011	5	STR_QUEST_ZONE26	2	4095	0	23	24	0	0	0	0	0	1	1	0	104214	104215	0	0	0	0
4012	STR_QUEST_NAME_Q4012	5	STR_QUEST_ZONE26	2	4095	0	22	24	104216	0	0	0	0	1	1	0	104217	104218	0	0	0	0
4013	STR_QUEST_NAME_Q4013	5	STR_QUEST_ZONE26	2	4095	0	23	24	0	0	0	0	1	1	10	0	104219	104220	0	0	0	104221
4014	STR_QUEST_NAME_Q4014	5	STR_QUEST_ZONE26	2	4095	0	23	24	104222	0	0	0	0	1	1	0	104223	104224	0	0	0	0
4015	STR_QUEST_NAME_Q4015	5	STR_QUEST_ZONE26	2	4095	0	24	25	0	0	0	0	1	1	1	0	104225	104226	0	0	0	0
4016	STR_QUEST_NAME_Q4016	5	STR_QUEST_ZONE26	2	4095	0	24	25	104227	0	0	0	0	1	1	0	104225	104228	0	0	0	0
4017	STR_QUEST_NAME_Q4017	5	STR_QUEST_ZONE26	2	4095	0	24	25	104229	0	0	0	0	1	1	0	104225	104230	0	0	0	0
4018	STR_QUEST_NAME_Q4018	5	STR_QUEST_ZONE26	2	4095	0	23	24	0	0	0	0	1	1	1	0	104231	104232	0	0	0	0
4019	STR_QUEST_NAME_Q4019	5	STR_QUEST_ZONE26	2	4095	0	23	24	0	0	0	0	1	1	1	0	104233	104234	0	0	0	0
4020	STR_QUEST_NAME_Q4020	5	STR_QUEST_ZONE26	2	4095	0	24	25	0	0	0	0	0	1	1	0	104235	104236	0	0	0	0
4031	STR_QUEST_NAME_Q4031	5	STR_QUEST_ZONE26	2	4095	0	44	45	0	0	0	0	1	1	1	0	104237	104238	0	0	0	0
4032	STR_QUEST_NAME_Q4032	5	STR_QUEST_ZONE26	2	4095	0	44	45	0	0	0	0	1	1	1	0	104239	104240	0	0	0	0
4033	STR_QUEST_NAME_Q4033	5	STR_QUEST_ZONE26	2	4095	0	45	46	0	0	0	0	0	1	1	0	104241	104242	0	0	0	0
4034	STR_QUEST_NAME_Q4034	5	STR_QUEST_ZONE26	2	4095	0	45	46	0	0	0	0	1	1	15	0	104243	104244	0	0	0	104245
4035	STR_QUEST_NAME_Q4035	5	STR_QUEST_ZONE26	2	4095	0	45	46	0	0	0	0	1	1	30	0	104237	104246	0	0	0	104247
4036	STR_QUEST_NAME_Q4036	5	STR_QUEST_ZONE26	2	4095	0	46	47	0	0	0	0	1	1	1	0	104248	104249	0	0	0	0
4037	STR_QUEST_NAME_Q4037	5	STR_QUEST_ZONE26	2	4095	0	46	47	104250	0	0	0	0	1	1	0	104251	104252	0	0	0	0
4038	STR_QUEST_NAME_Q4038	5	STR_QUEST_ZONE26	2	4095	0	46	47	0	0	0	0	1	1	1	0	104253	104254	0	0	0	0
4039	STR_QUEST_NAME_Q4039	5	STR_QUEST_ZONE26	2	4095	0	46	47	0	0	0	0	1	1	10	0	104255	104256	0	0	0	104257
4040	STR_QUEST_NAME_Q4040	5	STR_QUEST_ZONE26	2	4095	0	46	47	104258	0	0	0	0	1	1	0	104255	104259	0	0	0	0
4041	STR_QUEST_NAME_Q4041	5	STR_QUEST_ZONE26	2	4095	0	46	47	104260	0	0	0	0	1	1	0	104255	104261	0	0	0	0
4042	STR_QUEST_NAME_Q4042	5	STR_QUEST_ZONE26	2	4095	0	46	47	0	0	0	0	0	1	1	0	104262	104263	0	0	0	0
4043	STR_QUEST_NAME_Q4043	5	STR_QUEST_ZONE26	2	4095	0	46	48	104264	0	0	0	0	1	1	0	104265	104266	0	0	0	0
4044	STR_QUEST_NAME_Q4044	5	STR_QUEST_ZONE26	2	4095	0	47	48	0	0	0	0	1	1	1	0	104267	104268	0	0	0	0
4045	STR_QUEST_NAME_Q4045	5	STR_QUEST_ZONE26	2	4095	0	47	49	0	0	0	0	1	1	30	0	104269	104270	0	0	0	104271
4046	STR_QUEST_NAME_Q4046	5	STR_QUEST_ZONE26	2	4095	0	47	50	0	0	0	0	1	1	1	0	104272	104273	0	0	0	0
4047	STR_QUEST_NAME_Q4047	5	STR_QUEST_ZONE26	2	4095	0	47	49	0	0	0	0	1	1	1	0	104274	104275	0	0	0	0
4048	STR_QUEST_NAME_Q4048	5	STR_QUEST_ZONE26	2	4095	0	48	49	0	0	0	0	1	1	1	0	104276	104277	0	0	0	0
4049	STR_QUEST_NAME_Q4049	5	STR_QUEST_ZONE26	2	4095	0	48	50	104278	0	0	0	0	1	10	0	104276	104279	0	0	0	104280
4050	STR_QUEST_NAME_Q4050	5	STR_QUEST_ZONE26	2	4095	0	48	50	104281	0	0	0	0	1	1	0	104276	104282	0	0	0	0
4051	STR_QUEST_NAME_Q4051	5	STR_QUEST_ZONE26	2	4095	0	48	49	104283	0	0	0	0	1	1	0	104284	104285	0	0	0	0
4052	STR_QUEST_NAME_Q4052	5	STR_QUEST_ZONE26	2	4095	0	48	49	104286	0	0	0	0	1	1	0	104284	104287	0	0	0	0
4053	STR_QUEST_NAME_Q4053	5	STR_QUEST_ZONE26	2	4095	0	48	48	0	0	0	0	0	1	1	0	104288	104289	0	0	0	0
4054	STR_QUEST_NAME_Q4054	5	STR_QUEST_ZONE26	2	4095	0	48	49	0	0	0	0	1	1	1	0	104290	104291	0	0	0	0
4055	STR_QUEST_NAME_Q4055	5	STR_QUEST_ZONE26	2	4095	0	47	48	0	0	0	0	1	1	10	0	104292	104293	0	0	0	104294
4056	STR_QUEST_NAME_Q4056	5	STR_QUEST_ZONE26	2	4095	0	47	48	104295	0	0	0	0	1	1	0	104296	104297	0	0	0	0
4057	STR_QUEST_NAME_Q4057	5	STR_QUEST_ZONE26	2	4095	0	47	48	0	0	0	0	1	1	1	0	104292	104298	0	0	0	0
4058	STR_QUEST_NAME_Q4058	5	STR_QUEST_ZONE26	2	4095	0	47	49	0	0	0	0	1	1	1	0	104299	104300	0	0	0	0
4059	STR_QUEST_NAME_Q4059	5	STR_QUEST_ZONE26	2	4095	0	47	49	104301	0	0	0	0	1	1	0	104299	104302	0	0	0	0
4060	STR_QUEST_NAME_Q4060	5	STR_QUEST_ZONE26	2	4095	0	48	49	0	0	0	0	0	1	1	0	104303	104304	0	0	0	0
4061	STR_QUEST_NAME_Q4061	5	STR_QUEST_ZONE26	2	4095	0	45	46	104305	0	0	0	0	1	0	1	104306	104307	0	0	0	0
4062	STR_QUEST_NAME_Q4062	5	STR_QUEST_ZONE26	2	4095	0	47	48	104308	0	0	0	0	1	0	1	104309	104310	0	0	0	0
4063	STR_QUEST_NAME_Q4063	5	STR_QUEST_ZONE26	2	4095	0	48	49	104278	0	0	0	0	1	0	1	104311	104312	0	0	0	0
4072	STR_QUEST_NAME_Q4072	5	STR_QUEST_ZONE26	2	4095	0	43	43	0	0	0	0	1	1	0	0	104313	104314	0	0	0	0
4073	STR_QUEST_NAME_Q4073	5	STR_QUEST_ZONE26	2	4095	0	43	43	0	0	0	0	1	1	0	0	104313	104315	0	0	0	0
4074	STR_QUEST_NAME_Q4074	5	STR_QUEST_ZONE26	2	4095	0	45	45	0	0	0	0	0	1	0	0	104316	104317	104318	104319	0	0
4075	STR_QUEST_NAME_Q4075	5	STR_QUEST_ZONE26	2	4095	0	45	45	104320	0	0	0	0	1	1	0	104191	104321	0	0	0	0
4076	STR_QUEST_NAME_Q4076	5	STR_QUEST_ZONE26	2	4095	0	45	46	104322	0	0	0	0	1	1	0	104323	104324	0	0	0	0
4077	STR_QUEST_NAME_Q4077	5	STR_QUEST_ZONE26	2	4095	0	46	46	0	0	0	0	1	1	1	0	104323	104325	0	0	0	0
4078	STR_QUEST_NAME_Q4078	5	STR_QUEST_ZONE26	2	4095	0	46	46	0	0	0	0	0	1	1	0	104326	104327	0	0	0	0
4079	STR_QUEST_NAME_Q4079	5	STR_QUEST_ZONE26	2	4095	0	47	48	102343	0	0	0	0	1	10	0	104243	104328	0	0	0	104329
4080	STR_QUEST_NAME_Q4080	5	STR_QUEST_ZONE26	2	4095	0	47	48	104330	0	0	0	0	1	1	0	104243	104331	0	0	0	0
4081	STR_QUEST_NAME_Q4081	5	STR_QUEST_ZONE26	2	4095	0	46	47	0	0	0	0	1	1	10	0	104251	104332	0	0	0	104333
4082	STR_QUEST_NAME_Q4082	5	STR_QUEST_ZONE26	2	4095	0	46	47	104334	0	0	0	0	1	1	0	104251	104335	0	0	0	0
4083	STR_QUEST_NAME_Q4083	5	STR_QUEST_ZONE26	2	4095	0	47	48	0	0	0	0	1	1	1	0	104336	104337	0	0	0	0
4084	STR_QUEST_NAME_Q4084	5	STR_QUEST_ZONE26	2	4095	0	47	48	0	0	0	0	1	1	1	0	104338	104339	0	0	0	0
4085	STR_QUEST_NAME_Q4085	5	STR_QUEST_ZONE26	2	4095	0	47	48	104340	0	0	0	0	1	1	0	104338	104341	0	0	0	0
4086	STR_QUEST_NAME_Q4086	5	STR_QUEST_ZONE26	2	4095	0	47	48	104342	0	0	0	0	1	1	0	104343	104344	0	0	0	0
4087	STR_QUEST_NAME_Q4087	5	STR_QUEST_ZONE26	2	4095	0	48	49	0	0	0	0	0	1	1	0	104345	104346	0	0	0	0
4088	STR_QUEST_NAME_Q4088	5	STR_QUEST_ZONE26	2	4095	0	47	47	104347	0	0	0	0	1	1	0	104348	104349	0	0	0	0
4089	STR_QUEST_NAME_Q4089	5	STR_QUEST_ZONE26	2	4095	0	47	47	104350	0	0	0	0	1	1	0	104292	104351	0	0	0	0
4090	STR_QUEST_NAME_Q4090	5	STR_QUEST_ZONE26	2	4095	0	48	49	104308	0	0	0	0	1	1	0	104309	104352	0	0	0	0
4091	STR_QUEST_NAME_Q4091	5	STR_QUEST_ZONE26	2	4095	0	49	50	104353	0	0	0	0	1	1	0	104243	104354	0	0	0	0
4092	STR_QUEST_NAME_Q4092	5	STR_QUEST_ZONE26	2	4095	0	49	50	104353	0	0	0	0	1	1	0	104355	104356	0	0	0	0
4093	STR_QUEST_NAME_Q4093	5	STR_QUEST_ZONE26	2	4095	0	49	50	104357	0	0	0	0	1	1	0	104355	104358	0	0	0	0
4094	STR_QUEST_NAME_Q4094	5	STR_QUEST_ZONE26	2	4095	0	49	50	104353	0	0	0	0	1	30	0	104359	104360	0	0	0	104361
4095	STR_QUEST_NAME_Q4095	5	STR_QUEST_ZONE26	2	4095	0	49	50	0	0	0	0	1	1	30	0	104362	104363	0	0	0	104364
4096	STR_QUEST_NAME_Q4096	5	STR_QUEST_ZONE26	2	4095	0	48	49	0	0	0	0	1	1	1	0	104365	104366	0	0	0	0
4097	STR_QUEST_NAME_Q4097	5	STR_QUEST_ZONE26	2	4095	0	45	46	104367	0	0	0	0	1	1	0	104323	104368	0	0	0	0
4098	STR_QUEST_NAME_Q4098	5	STR_QUEST_ZONE26	2	4095	0	46	47	104369	0	0	0	0	1	1	0	104251	104370	0	0	0	0
4099	STR_QUEST_NAME_Q4099	5	STR_QUEST_ZONE26	2	4095	0	46	47	0	0	0	0	1	1	1	0	104371	104372	0	0	0	0
4100	STR_QUEST_NAME_Q4100	5	STR_QUEST_ZONE26	2	4095	0	46	47	104373	0	0	0	0	1	1	0	104371	104374	0	0	0	0
4101	STR_QUEST_NAME_Q4101	5	STR_QUEST_ZONE26	2	4095	0	46	47	0	0	0	0	1	1	1	0	104375	104376	0	0	0	0
4102	STR_QUEST_NAME_Q4102	5	STR_QUEST_ZONE26	2	4095	0	46	47	104377	0	0	0	0	1	1	0	104255	104378	0	0	0	0
4103	STR_QUEST_NAME_Q4103	5	STR_QUEST_ZONE26	2	4095	0	46	48	104379	0	0	0	0	1	1	0	104255	104380	0	0	0	0
4104	STR_QUEST_NAME_Q4104	5	STR_QUEST_ZONE26	2	4095	0	46	48	104381	0	0	0	0	1	1	0	104255	104382	0	0	0	0
4105	STR_QUEST_NAME_Q4105	5	STR_QUEST_ZONE26	2	4095	0	45	45	0	0	0	0	1	1	1	0	104383	104384	0	0	0	0
4106	STR_QUEST_NAME_Q4106	5	STR_QUEST_ZONE26	2	4095	0	44	45	0	0	0	0	1	1	1	0	104243	104385	0	0	0	0
4107	STR_QUEST_NAME_Q4107	5	STR_QUEST_ZONE26	2	4095	0	44	45	104386	0	0	0	0	1	10	0	104243	104387	0	0	0	104388
4108	STR_QUEST_NAME_Q4108	5	STR_QUEST_ZONE26	2	4095	0	44	45	104389	0	0	0	0	1	10	0	104237	104390	0	0	0	0
4111	STR_QUEST_NAME_Q4111	5	STR_QUEST_ZONE26	2	4095	0	21	22	104391	0	0	0	0	1	10	0	104200	104392	0	0	0	104393
4112	STR_QUEST_NAME_Q4112	5	STR_QUEST_ZONE26	2	4095	0	47	50	104353	0	0	0	0	1	0	0	104394	104395	0	0	0	0
4113	STR_QUEST_NAME_Q4113	5	STR_QUEST_ZONE26	2	4095	0	43	43	0	0	0	0	1	1	0	0	104313	104396	0	0	0	0
4114	STR_QUEST_NAME_Q4114	5	STR_QUEST_ZONE26	2	4095	0	43	43	0	0	0	0	1	1	0	0	104313	104397	0	0	0	0
4200	STR_QUEST_NAME_Q4200	2	STR_QUEST_ZONE08	2	4095	0	40	41	0	0	0	0	0	1	1	0	104398	103871	0	0	0	0
4201	STR_QUEST_NAME_Q4201	5	STR_QUEST_ZONE20	2	4095	0	40	41	104399	0	0	0	0	1	1	0	104400	103874	0	0	0	0
4202	STR_QUEST_NAME_Q4202	5	STR_QUEST_ZONE20	2	4095	0	40	41	104401	0	0	0	0	1	20	0	103541	104402	0	0	0	103878
4203	STR_QUEST_NAME_Q4203	5	STR_QUEST_ZONE20	2	4095	0	40	41	104399	0	0	0	0	1	1	0	104403	104404	0	0	0	0
4204	STR_QUEST_NAME_Q4204	5	STR_QUEST_ZONE20	2	4095	0	40	41	104405	0	0	0	0	1	1	0	104403	104406	0	0	0	0
4205	STR_QUEST_NAME_Q4205	5	STR_QUEST_ZONE09	2	4095	0	40	41	104399	0	0	0	0	1	1	0	103883	104407	0	0	0	0
4206	STR_QUEST_NAME_Q4206	5	STR_QUEST_ZONE20	2	4095	0	40	41	104408	0	0	0	0	1	20	0	104409	104410	0	0	0	104411
4207	STR_QUEST_NAME_Q4207	5	STR_QUEST_ZONE20	2	4095	0	40	41	104399	0	0	0	0	1	1	0	104412	103890	0	0	0	0
4208	STR_QUEST_NAME_Q4208	5	STR_QUEST_ZONE28	2	4095	0	40	41	104399	0	0	0	0	1	1	0	103891	104413	0	0	0	0
4209	STR_QUEST_NAME_Q4209	5	STR_QUEST_ZONE20	2	4095	0	43	44	104414	0	0	0	0	1	1	0	104415	104416	0	0	0	0
4210	STR_QUEST_NAME_Q4210	5	STR_QUEST_ZONE20	2	4095	0	43	44	104417	0	0	0	0	1	1	0	104403	104418	0	0	0	0
4211	STR_QUEST_NAME_Q4211	5	STR_QUEST_ZONE28	2	4095	0	43	44	104419	0	0	0	0	1	1	0	103899	104420	0	0	0	0
4212	STR_QUEST_NAME_Q4212	5	STR_QUEST_ZONE20	2	4095	0	43	44	104417	0	0	0	0	1	1	0	104403	104421	0	0	0	0
4213	STR_QUEST_NAME_Q4213	5	STR_QUEST_ZONE20	2	4095	0	43	44	104417	0	0	0	0	1	1	0	104422	104423	0	0	0	0
4214	STR_QUEST_NAME_Q4214	5	STR_QUEST_ZONE20	2	4095	0	43	44	104424	0	0	0	0	1	20	0	104412	104425	0	0	0	103906
4215	STR_QUEST_NAME_Q4215	5	STR_QUEST_ZONE20	2	4095	0	43	44	104417	0	0	0	0	1	1	0	104426	104427	0	0	0	0
4216	STR_QUEST_NAME_Q4216	5	STR_QUEST_ZONE20	2	4095	0	43	44	104428	0	0	0	0	1	5	0	104400	103910	0	0	0	104429
4217	STR_QUEST_NAME_Q4217	5	STR_QUEST_ZONE28	2	4095	0	43	44	104417	0	0	0	0	1	1	0	0	104430	0	0	0	0
4218	STR_QUEST_NAME_Q4218	5	STR_QUEST_ZONE20	2	4095	0	43	44	104431	0	0	0	0	1	1	0	104412	103914	0	0	0	0
4219	STR_QUEST_NAME_Q4219	5	STR_QUEST_ZONE28	2	4095	0	1	1	0	0	0	0	1	1	0	0	0	0	0	0	0	0
4220	STR_QUEST_NAME_Q4220	5	STR_QUEST_ZONE28	2	4095	0	1	1	0	0	0	0	1	1	0	0	0	0	0	0	0	0
4221	STR_QUEST_NAME_Q4221	5	STR_QUEST_ZONE08	2	4095	0	40	41	0	0	0	104399	0	1	1	0	104432	103874	0	0	0	0
4300	STR_QUEST_NAME_Q4300	5	STR_QUEST_ZONE07	2	4095	0	20	20	0	0	0	0	0	1	1	0	104433	104434	0	0	0	0
4301	STR_QUEST_NAME_Q4301	5	STR_QUEST_ZONE07	2	4095	0	26	27	0	0	0	0	1	1	10	0	104435	104436	0	0	0	104437
4302	STR_QUEST_NAME_Q4302	5	STR_QUEST_ZONE07	2	4095	0	26	27	0	0	0	0	1	1	10	0	104438	104439	0	0	0	104440
4303	STR_QUEST_NAME_Q4303	5	STR_QUEST_ZONE07	2	4095	0	37	38	0	0	0	0	1	1	0	0	102782	104441	0	0	0	0
4304	STR_QUEST_NAME_Q4304	5	STR_QUEST_ZONE07	2	4095	0	37	38	0	0	0	0	1	1	1	0	102777	104442	0	0	0	0
4305	STR_QUEST_NAME_Q4305	5	STR_QUEST_ZONE07	2	4095	0	37	38	0	0	0	0	1	1	1	0	102777	104443	0	0	0	0
4306	STR_QUEST_NAME_Q4306	5	STR_QUEST_ZONE07	2	4095	0	37	38	0	0	0	0	1	1	1	0	102777	104444	0	0	0	0
4307	STR_QUEST_NAME_Q4307	5	STR_QUEST_ZONE07	2	4095	0	37	38	0	0	0	0	1	1	1	0	102939	104445	0	0	0	0
4308	STR_QUEST_NAME_Q4308	5	STR_QUEST_ZONE07	2	4095	0	37	39	104446	0	0	0	0	1	1	0	102939	104447	0	0	0	0
4309	STR_QUEST_NAME_Q4309	5	STR_QUEST_ZONE07	2	4095	0	37	40	104448	0	0	0	0	1	1	0	102789	104449	0	0	0	0
4310	STR_QUEST_NAME_Q4310	5	STR_QUEST_ZONE07	2	4095	0	37	40	104450	0	0	0	0	1	1	0	102789	104451	0	0	0	0
4311	STR_QUEST_NAME_Q4311	5	STR_QUEST_ZONE07	2	4095	0	29	31	0	0	0	0	1	1	1	0	102716	104452	0	0	0	0
4312	STR_QUEST_NAME_Q4312	5	STR_QUEST_ZONE07	2	4095	0	29	30	0	0	0	0	1	1	10	0	102719	104453	0	0	0	104454
4313	STR_QUEST_NAME_Q4313	5	STR_QUEST_ZONE07	2	4095	0	29	30	104455	0	0	0	0	1	1	0	102719	104456	0	0	0	0
4314	STR_QUEST_NAME_Q4314	5	STR_QUEST_ZONE07	2	4095	0	20	21	104457	0	0	0	0	1	10	0	101473	104458	0	0	0	0
4315	STR_QUEST_NAME_Q4315	5	STR_QUEST_ZONE07	2	4095	0	21	22	104459	0	0	0	0	1	10	0	102633	104460	0	0	0	104461
4316	STR_QUEST_NAME_Q4316	5	STR_QUEST_ZONE07	2	4095	0	25	26	104462	0	0	0	0	1	10	0	102657	104463	0	0	0	104464
4317	STR_QUEST_NAME_Q4317	5	STR_QUEST_ZONE07	2	4095	0	25	26	104465	0	0	0	0	1	10	0	102705	104466	0	0	0	104467
4318	STR_QUEST_NAME_Q4318	5	STR_QUEST_ZONE07	2	4095	0	25	26	104468	0	0	0	0	1	10	0	102705	104469	0	0	0	104470
4319	STR_QUEST_NAME_Q4319	5	STR_QUEST_ZONE07	2	4095	0	26	27	104471	0	0	0	0	1	10	0	102675	104472	0	0	0	104473
4320	STR_QUEST_NAME_Q4320	5	STR_QUEST_ZONE07	2	4095	0	27	28	104474	0	0	0	0	1	10	0	102714	104475	0	0	0	104476
4321	STR_QUEST_NAME_Q4321	5	STR_QUEST_ZONE07	2	4095	0	28	29	0	0	0	0	1	1	1	0	102694	104477	0	0	0	0
4322	STR_QUEST_NAME_Q4322	5	STR_QUEST_ZONE07	2	4095	0	28	29	0	0	0	0	1	1	10	0	102675	104478	0	0	0	104479
4323	STR_QUEST_NAME_Q4323	5	STR_QUEST_ZONE07	2	4095	0	31	32	0	0	0	0	1	1	10	0	104480	104481	0	0	0	104482
4324	STR_QUEST_NAME_Q4324	5	STR_QUEST_ZONE07	2	4095	0	31	32	0	0	0	0	1	1	10	0	102771	104483	0	0	0	0
4325	STR_QUEST_NAME_Q4325	5	STR_QUEST_ZONE07	2	4095	0	33	34	104484	0	0	0	0	1	10	0	102723	104485	0	0	0	103999
4326	STR_QUEST_NAME_Q4326	5	STR_QUEST_ZONE07	2	4095	0	34	38	0	0	0	0	0	1	0	0	104486	104487	0	0	0	0
4327	STR_QUEST_NAME_Q4327	5	STR_QUEST_ZONE07	2	4095	0	31	31	0	0	0	0	1	1	1	0	102775	104488	0	0	0	0
4328	STR_QUEST_NAME_Q4328	5	STR_QUEST_ZONE07	2	4095	0	31	31	0	0	0	0	1	1	1	0	102914	104488	0	0	0	0
4329	STR_QUEST_NAME_Q4329	5	STR_QUEST_ZONE07	2	4095	0	31	32	0	0	0	0	0	1	1	0	102937	104489	0	0	0	0
4330	STR_QUEST_NAME_Q4330	5	STR_QUEST_ZONE07	2	4095	0	32	32	0	0	0	0	0	1	1	0	102937	104489	0	0	0	0
4331	STR_QUEST_NAME_Q4331	5	STR_QUEST_ZONE07	2	4095	0	32	32	104490	0	0	0	1	1	1	0	102937	104491	0	0	0	0
4332	STR_QUEST_NAME_Q4332	5	STR_QUEST_ZONE07	2	4095	0	33	34	102730	0	0	0	0	1	1	0	102723	104492	0	0	0	0
4333	STR_QUEST_NAME_Q4333	5	STR_QUEST_ZONE07	2	4095	0	33	34	0	0	0	0	1	1	1	0	104493	104492	0	0	0	0
4334	STR_QUEST_NAME_Q4334	5	STR_QUEST_ZONE07	2	4095	0	33	34	104494	0	0	0	0	1	1	0	102777	104492	0	0	0	0
4335	STR_QUEST_NAME_Q4335	5	STR_QUEST_ZONE07	2	4095	0	35	36	0	0	0	0	0	1	1	0	102813	104495	0	0	0	0
4336	STR_QUEST_NAME_Q4336	5	STR_QUEST_ZONE07	2	4095	0	19	19	0	0	0	0	1	1	0	0	102688	104496	0	0	0	0
4337	STR_QUEST_NAME_Q4337	5	STR_QUEST_ZONE07	2	4095	0	19	19	0	0	0	0	1	1	0	0	102688	104497	0	0	0	0
4500	STR_QUEST_NAME_Q4500	5	STR_QUEST_ZONE08	2	4095	0	43	45	0	0	0	0	1	1	1	0	103307	104498	0	0	0	0
4501	STR_QUEST_NAME_Q4501	5	STR_QUEST_ZONE08	2	4095	0	31	31	0	0	0	0	1	1	1	0	104499	104500	0	0	0	0
4502	STR_QUEST_NAME_Q4502	5	STR_QUEST_ZONE08	2	4095	0	50	50	104501	0	0	0	0	1	1	0	104502	104503	0	0	0	0
4503	STR_QUEST_NAME_Q4503	2	STR_QUEST_ZONE08	2	4095	0	50	50	104501	0	0	0	0	1	0	0	104502	103976	0	0	0	0
4504	STR_QUEST_NAME_Q4504	5	STR_QUEST_ZONE08	2	4095	0	42	44	104504	0	0	0	0	1	10	0	103129	104505	0	0	0	104506
4505	STR_QUEST_NAME_Q4505	5	STR_QUEST_ZONE08	2	4095	0	43	44	104507	0	0	0	0	1	10	0	103150	104508	0	0	0	0
4506	STR_QUEST_NAME_Q4506	5	STR_QUEST_ZONE08	2	4095	0	40	41	103178	0	0	0	0	1	10	0	103160	104509	0	0	0	104510
4507	STR_QUEST_NAME_Q4507	5	STR_QUEST_ZONE08	2	4095	0	41	42	104511	0	0	0	0	1	10	0	103189	104512	0	0	0	104513
4508	STR_QUEST_NAME_Q4508	5	STR_QUEST_ZONE08	2	4095	0	42	44	104514	0	0	0	0	1	10	0	103191	104515	0	0	0	104516
4509	STR_QUEST_NAME_Q4509	5	STR_QUEST_ZONE08	2	4095	0	41	42	103209	0	0	0	0	1	10	0	103210	104517	0	0	0	104518
4510	STR_QUEST_NAME_Q4510	5	STR_QUEST_ZONE08	2	4095	0	41	42	104519	0	0	0	0	1	10	0	103252	104520	0	0	0	0
4511	STR_QUEST_NAME_Q4511	5	STR_QUEST_ZONE08	2	4095	0	31	32	104521	0	0	0	0	1	10	0	103047	104522	0	0	0	104523
4512	STR_QUEST_NAME_Q4512	5	STR_QUEST_ZONE08	2	4095	0	31	32	104524	0	0	0	0	1	10	0	103005	104525	0	0	0	0
4513	STR_QUEST_NAME_Q4513	5	STR_QUEST_ZONE08	2	4095	0	32	33	104526	0	0	0	0	1	10	0	103059	104527	0	0	0	104528
4514	STR_QUEST_NAME_Q4514	5	STR_QUEST_ZONE08	2	4095	0	32	33	104529	0	0	0	0	1	10	0	103147	104530	0	0	0	104531
4515	STR_QUEST_NAME_Q4515	5	STR_QUEST_ZONE08	2	4095	0	33	34	104532	0	0	0	0	1	10	0	103011	104533	0	0	0	104534
4516	STR_QUEST_NAME_Q4516	5	STR_QUEST_ZONE08	2	4095	0	34	36	104535	0	0	0	0	1	10	0	103059	104536	0	0	0	104537
4517	STR_QUEST_NAME_Q4517	5	STR_QUEST_ZONE08	2	4095	0	43	44	104538	0	0	0	0	1	10	0	103252	104539	0	0	0	104518
4518	STR_QUEST_NAME_Q4518	5	STR_QUEST_ZONE08	2	4095	0	43	43	0	0	0	0	1	1	1	0	103294	104540	0	0	0	0
4519	STR_QUEST_NAME_Q4519	5	STR_QUEST_ZONE08	2	4095	0	44	44	0	0	0	0	1	1	10	0	103162	104541	0	0	0	103212
4520	STR_QUEST_NAME_Q4520	5	STR_QUEST_ZONE08	2	4095	0	44	45	0	0	0	0	1	1	10	0	103179	104542	0	0	0	0
4521	STR_QUEST_NAME_Q4521	5	STR_QUEST_ZONE08	2	4095	0	44	45	0	0	0	0	0	1	1	0	103147	104543	0	0	0	0
4522	STR_QUEST_NAME_Q4522	5	STR_QUEST_ZONE08	2	4095	0	43	43	0	0	0	0	1	1	10	0	103252	104544	0	0	0	0
4523	STR_QUEST_NAME_Q4523	5	STR_QUEST_ZONE08	2	4095	0	41	44	0	0	0	0	1	1	0	0	104545	104546	0	0	0	0
4524	STR_QUEST_NAME_Q4524	5	STR_QUEST_ZONE08	2	4095	0	45	48	0	0	0	0	1	1	0	0	104547	104548	0	0	0	0
4525	STR_QUEST_NAME_Q4525	5	STR_QUEST_ZONE08	2	4095	0	45	48	0	0	0	0	0	1	0	0	104549	104548	0	0	0	0
4526	STR_QUEST_NAME_Q4526	5	STR_QUEST_ZONE08	2	4095	0	42	45	0	0	0	0	1	1	0	0	104550	104551	0	0	0	0
4527	STR_QUEST_NAME_Q4527	5	STR_QUEST_ZONE08	2	4095	0	45	46	0	0	0	0	1	1	5	0	102981	104552	0	0	0	104553
4528	STR_QUEST_NAME_Q4528	5	STR_QUEST_ZONE08	2	4095	0	43	45	0	0	0	0	1	1	0	0	103000	104551	0	0	0	0
4529	STR_QUEST_NAME_Q4529	5	STR_QUEST_ZONE08	2	4095	0	31	31	0	0	0	0	0	1	1	0	103049	104488	0	0	0	0
4530	STR_QUEST_NAME_Q4530	5	STR_QUEST_ZONE08	2	4095	0	31	31	104554	0	0	0	0	1	1	0	103047	104488	0	0	0	0
4531	STR_QUEST_NAME_Q4531	5	STR_QUEST_ZONE08	2	4095	0	31	31	104555	0	0	0	0	1	1	0	103047	104488	0	0	0	0
4532	STR_QUEST_NAME_Q4532	5	STR_QUEST_ZONE08	2	4095	0	34	35	0	0	0	0	0	1	1	0	104556	104557	0	0	0	0
4533	STR_QUEST_NAME_Q4533	5	STR_QUEST_ZONE08	2	4095	0	31	32	104558	0	0	0	0	1	1	0	104556	104491	0	0	0	0
4534	STR_QUEST_NAME_Q4534	5	STR_QUEST_ZONE08	2	4095	0	32	32	0	0	0	0	0	1	1	0	103017	104491	0	0	0	0
4535	STR_QUEST_NAME_Q4535	5	STR_QUEST_ZONE08	2	4095	0	32	33	0	0	0	0	1	1	1	0	103013	104559	0	0	0	0
4536	STR_QUEST_NAME_Q4536	5	STR_QUEST_ZONE08	2	4095	0	32	32	104560	0	0	0	0	1	1	0	103013	104491	0	0	0	0
4537	STR_QUEST_NAME_Q4537	5	STR_QUEST_ZONE08	2	4095	0	33	33	102989	0	0	0	0	1	1	0	103013	104561	0	0	0	0
4538	STR_QUEST_NAME_Q4538	5	STR_QUEST_ZONE08	2	4095	0	34	34	0	0	0	0	0	1	1	0	102971	104562	0	0	0	0
4539	STR_QUEST_NAME_Q4539	5	STR_QUEST_ZONE08	2	4095	0	35	36	0	0	0	0	0	1	1	0	103059	104495	0	0	0	0
4540	STR_QUEST_NAME_Q4540	5	STR_QUEST_ZONE08	2	4095	0	29	29	0	0	0	0	1	1	0	0	103002	104563	0	0	0	0
4541	STR_QUEST_NAME_Q4541	5	STR_QUEST_ZONE08	2	4095	0	29	29	0	0	0	0	1	1	0	0	103002	104564	0	0	0	0
4701	STR_QUEST_NAME_Q4701	2	STR_QUEST_ZONE09	2	4095	0	25	25	0	0	0	0	1	1	1	0	104565	104044	0	0	0	0
4702	STR_QUEST_NAME_Q4702	5	STR_QUEST_ZONE09	2	4095	0	25	25	0	0	0	0	0	1	1	0	103315	104566	0	0	0	0
4703	STR_QUEST_NAME_Q4703	5	STR_QUEST_ZONE09	2	4095	0	25	25	0	0	0	0	1	1	1	0	103315	104567	0	0	0	0
4704	STR_QUEST_NAME_Q4704	5	STR_QUEST_ZONE09	2	4095	0	25	25	0	0	0	0	1	1	1	0	104568	104569	0	0	0	0
4705	STR_QUEST_NAME_Q4705	2	STR_QUEST_ZONE09	2	4095	0	50	50	104570	0	0	0	0	1	1	0	104571	104572	0	0	0	0
4706	STR_QUEST_NAME_Q4706	2	STR_QUEST_ZONE09	2	4095	0	50	50	104501	0	0	0	0	1	0	0	104053	103976	0	0	0	0
4711	STR_QUEST_NAME_Q4711	5	STR_QUEST_ZONE09	2	4095	0	46	47	0	0	0	0	1	1	1	0	103339	104573	0	0	0	0
4712	STR_QUEST_NAME_Q4712	5	STR_QUEST_ZONE09	2	4095	0	46	47	0	0	0	0	1	1	0	0	104574	104575	0	0	0	0
4713	STR_QUEST_NAME_Q4713	5	STR_QUEST_ZONE09	2	4095	0	46	47	0	0	0	0	1	1	30	0	104574	104576	0	0	0	0
4714	STR_QUEST_NAME_Q4714	5	STR_QUEST_ZONE09	2	4095	0	46	47	104577	0	0	0	0	1	1	0	104574	104578	0	0	0	0
4715	STR_QUEST_NAME_Q4715	5	STR_QUEST_ZONE09	2	4095	0	46	47	104579	0	0	0	0	1	1	0	104574	104580	0	0	0	0
4716	STR_QUEST_NAME_Q4716	5	STR_QUEST_ZONE09	2	4095	0	46	47	0	0	0	0	1	1	0	0	104574	104581	0	0	0	0
4717	STR_QUEST_NAME_Q4717	5	STR_QUEST_ZONE09	2	4095	0	46	47	0	0	0	0	1	1	0	0	104574	104063	0	0	0	0
4718	STR_QUEST_NAME_Q4718	5	STR_QUEST_ZONE09	2	4095	0	46	47	0	0	0	0	1	1	0	0	103339	104064	0	0	0	0
4721	STR_QUEST_NAME_Q4721	5	STR_QUEST_ZONE45	2	4095	0	51	52	0	0	0	0	1	1	1	0	104582	104066	0	0	0	0
4722	STR_QUEST_NAME_Q4722	5	STR_QUEST_ZONE45	2	4095	0	51	52	0	0	0	0	0	1	0	0	104583	104068	0	0	0	0
4723	STR_QUEST_NAME_Q4723	5	STR_QUEST_ZONE45	2	4095	0	51	52	0	0	0	0	1	1	0	0	104583	104584	0	0	0	0
4724	STR_QUEST_NAME_Q4724	5	STR_QUEST_ZONE45	2	4095	0	51	52	0	0	0	0	1	1	40	0	104583	104070	0	0	0	0
4725	STR_QUEST_NAME_Q4725	5	STR_QUEST_ZONE45	2	4095	0	51	52	0	0	0	0	1	1	0	0	104583	104071	0	0	0	0
4901	STR_QUEST_NAME_Q4901	5	STR_QUEST_ZONE20	2	49	0	25	25	0	0	0	0	0	1	1	0	103502	104585	0	0	0	0
4902	STR_QUEST_NAME_Q4902	5	STR_QUEST_ZONE20	2	772	0	25	25	0	0	0	0	0	1	1	0	103506	104585	0	0	0	0
4903	STR_QUEST_NAME_Q4903	5	STR_QUEST_ZONE20	2	3080	0	25	25	0	0	0	0	0	1	1	0	103510	104585	0	0	0	0
4904	STR_QUEST_NAME_Q4904	5	STR_QUEST_ZONE20	2	194	0	25	25	0	0	0	0	0	1	1	0	103514	104585	0	0	0	0
4905	STR_QUEST_NAME_Q4905	5	STR_QUEST_ZONE20	2	4095	0	45	45	0	0	0	0	0	1	1	0	103618	104586	0	0	0	0
4906	STR_QUEST_NAME_Q4906	5	STR_QUEST_ZONE20	2	4095	0	45	45	104587	0	0	0	0	1	1	0	103618	104588	0	0	0	0
4907	STR_QUEST_NAME_Q4907	5	STR_QUEST_ZONE20	2	4095	0	43	45	104589	0	0	0	0	1	1	0	104590	104591	0	0	0	0
4909	STR_QUEST_NAME_Q4909	5	STR_QUEST_ZONE20	2	4095	0	35	35	0	0	0	0	1	1	1	0	104592	104593	0	0	0	0
4910	STR_QUEST_NAME_Q4910	5	STR_QUEST_ZONE20	2	4095	0	40	45	104594	0	0	0	0	1	1	0	104592	104595	0	0	0	0
4911	STR_QUEST_NAME_Q4911	5	STR_QUEST_ZONE20	2	4095	0	45	45	104596	0	0	0	0	1	1	0	104592	104597	0	0	0	0
4912	STR_QUEST_NAME_Q4912	5	STR_QUEST_ZONE20	2	4095	0	45	47	104598	0	0	0	0	1	1	0	104592	104599	104600	104600	104600	0
4913	STR_QUEST_NAME_Q4913	2	STR_QUEST_ZONE20	2	4095	0	50	50	0	0	0	0	1	1	1	0	103633	104086	0	0	0	0
4914	STR_QUEST_NAME_Q4914	2	STR_QUEST_ZONE20	2	4095	0	50	50	0	0	0	0	0	1	1	0	104601	104602	0	0	0	0
4915	STR_QUEST_NAME_Q4915	5	STR_QUEST_ZONE20	2	4095	0	50	50	104603	0	0	0	0	1	10	0	104604	104605	0	0	0	0
4916	STR_QUEST_NAME_Q4916	5	STR_QUEST_ZONE20	2	4095	0	50	50	104603	0	0	0	0	1	10	0	104604	104606	0	0	0	0
4917	STR_QUEST_NAME_Q4917	5	STR_QUEST_ZONE20	2	4095	0	50	50	104607	0	0	0	0	1	1	0	104604	104608	0	0	0	0
4918	STR_QUEST_NAME_Q4918	5	STR_QUEST_ZONE20	2	4095	0	50	50	104609	0	0	0	0	1	10	0	104610	104611	0	0	0	0
4919	STR_QUEST_NAME_Q4919	5	STR_QUEST_ZONE20	2	4095	0	50	50	104609	0	0	0	0	1	10	0	104610	104612	0	0	0	0
4920	STR_QUEST_NAME_Q4920	5	STR_QUEST_ZONE20	2	4095	0	50	50	104613	0	0	0	0	1	1	0	104610	104100	0	0	0	0
4921	STR_QUEST_NAME_Q4921	5	STR_QUEST_ZONE20	2	4095	0	50	50	104614	0	0	0	0	1	1	0	104610	104615	104616	104616	104616	0
4922	STR_QUEST_NAME_Q4922	5	STR_QUEST_ZONE20	2	17	0	34	34	0	0	0	0	0	1	1	0	104617	104618	0	0	0	0
4923	STR_QUEST_NAME_Q4923	5	STR_QUEST_ZONE20	2	33	0	34	34	0	0	0	0	0	1	1	0	104617	104618	0	0	0	0
4924	STR_QUEST_NAME_Q4924	5	STR_QUEST_ZONE20	2	516	0	34	34	0	0	0	0	0	1	1	0	104619	104618	0	0	0	0
4925	STR_QUEST_NAME_Q4925	5	STR_QUEST_ZONE20	2	260	0	34	34	0	0	0	0	0	1	1	0	104619	104618	0	0	0	0
4926	STR_QUEST_NAME_Q4926	5	STR_QUEST_ZONE20	2	1032	0	34	34	0	0	0	0	0	1	1	0	104620	104618	0	0	0	0
4927	STR_QUEST_NAME_Q4927	5	STR_QUEST_ZONE20	2	2056	0	34	34	0	0	0	0	0	1	1	0	104620	104618	0	0	0	0
4928	STR_QUEST_NAME_Q4928	5	STR_QUEST_ZONE20	2	66	0	34	34	0	0	0	0	0	1	1	0	104621	104618	0	0	0	0
4929	STR_QUEST_NAME_Q4929	5	STR_QUEST_ZONE20	2	130	0	34	34	0	0	0	0	0	1	1	0	104621	104618	0	0	0	0
4930	STR_QUEST_NAME_Q4930	5	STR_QUEST_ZONE20	2	3901	0	17	17	0	0	0	0	1	1	1	0	103514	104080	0	0	0	0
4931	STR_QUEST_NAME_Q4931	5	STR_QUEST_ZONE20	2	3901	0	17	17	104622	0	0	0	0	1	1	0	104621	104083	0	0	0	0
4932	STR_QUEST_NAME_Q4932	5	STR_QUEST_ZONE20	2	194	0	17	17	0	0	0	0	1	1	1	0	103514	104080	0	0	0	0
4933	STR_QUEST_NAME_Q4933	5	STR_QUEST_ZONE20	2	194	0	17	17	104623	0	0	0	0	1	30	0	104621	104083	0	0	0	104624
4934	STR_QUEST_NAME_Q4934	3	STR_QUEST_ZONE29	2	4095	0	45	45	0	0	0	0	0	1	1	0	104625	104108	0	0	0	0
4935	STR_QUEST_NAME_Q4935	3	STR_QUEST_ZONE29	2	4095	0	45	45	104626	0	0	0	0	1	1	0	104625	104110	0	0	0	0
4936	STR_QUEST_NAME_Q4936	3	STR_QUEST_ZONE29	2	4095	0	50	50	104627	0	0	0	0	1	1	0	104625	104112	0	0	0	0
4937	STR_QUEST_NAME_Q4937	5	STR_QUEST_ZONE31	2	4095	0	50	50	0	0	0	0	0	1	1	0	102945	104628	0	0	0	0
4938	STR_QUEST_NAME_Q4938	5	STR_QUEST_ZONE31	2	4095	0	50	50	104629	0	0	0	0	1	1	0	102945	104630	0	0	0	0
4939	STR_QUEST_NAME_Q4939	5	STR_QUEST_ZONE31	2	4095	0	50	50	104631	0	0	0	0	1	1	0	102945	104632	0	0	0	0
4940	STR_QUEST_NAME_Q4940	5	STR_QUEST_ZONE31	2	4095	0	50	50	104631	0	0	104633	0	1	0	0	104634	104635	0	0	0	0
4941	STR_QUEST_NAME_Q4941	5	STR_QUEST_ZONE31	2	4095	0	50	50	104631	0	0	104633	0	1	0	0	104636	104637	0	0	0	0
4942	STR_QUEST_NAME_Q4942	5	STR_QUEST_ZONE31	2	4095	0	50	50	104633	0	0	0	0	1	1	0	102945	104638	0	0	0	0
4943	STR_QUEST_NAME_Q4943	5	STR_QUEST_ZONE31	2	4095	0	50	50	104639	0	0	0	0	1	1	0	102945	104640	0	0	0	0
4944	STR_QUEST_NAME_Q4944	5	STR_QUEST_ZONE31	2	4095	0	50	50	104641	0	0	0	0	1	1	0	102945	104642	104643	104643	104643	0
4945	STR_QUEST_NAME_Q4945	3	STR_QUEST_ZONE20	2	4095	0	29	30	104644	0	0	104645	0	1	1	0	103517	102235	0	0	0	0
4946	STR_QUEST_NAME_Q4946	3	STR_QUEST_ZONE20	2	4095	0	29	30	104646	0	0	0	0	1	1	0	103517	102235	0	0	0	0
4947	STR_QUEST_NAME_Q4947	3	STR_QUEST_ZONE20	2	4095	0	29	30	104647	0	0	0	0	1	1	0	103517	104648	0	0	0	0
4948	STR_QUEST_NAME_Q4948	3	STR_QUEST_ZONE20	2	4095	0	29	30	104649	0	0	104650	0	1	1	0	103519	102235	0	0	0	0
4949	STR_QUEST_NAME_Q4949	3	STR_QUEST_ZONE20	2	4095	0	29	30	104651	0	0	0	0	1	1	0	103519	102235	0	0	0	0
4950	STR_QUEST_NAME_Q4950	3	STR_QUEST_ZONE20	2	4095	0	29	30	104652	0	0	0	0	1	1	0	103519	104653	0	0	0	0
4951	STR_QUEST_NAME_Q4951	3	STR_QUEST_ZONE20	2	4095	0	29	30	104654	0	0	104655	0	1	1	0	103523	102235	0	0	0	0
4952	STR_QUEST_NAME_Q4952	3	STR_QUEST_ZONE20	2	4095	0	29	30	104656	0	0	0	0	1	1	0	103523	102235	0	0	0	0
4953	STR_QUEST_NAME_Q4953	3	STR_QUEST_ZONE20	2	4095	0	29	30	104657	0	0	0	0	1	1	0	103523	104658	0	0	0	0
4954	STR_QUEST_NAME_Q4954	3	STR_QUEST_ZONE20	2	4095	0	29	30	104659	0	0	104660	0	1	1	0	103521	102235	0	0	0	0
4955	STR_QUEST_NAME_Q4955	3	STR_QUEST_ZONE20	2	4095	0	29	30	104661	0	0	0	0	1	1	0	103521	102235	0	0	0	0
4956	STR_QUEST_NAME_Q4956	3	STR_QUEST_ZONE20	2	4095	0	29	30	104662	0	0	0	0	1	1	0	103521	104663	0	0	0	0
4957	STR_QUEST_NAME_Q4957	3	STR_QUEST_ZONE20	2	4095	0	29	30	104664	0	0	104665	0	1	1	0	103030	102235	0	0	0	0
4958	STR_QUEST_NAME_Q4958	3	STR_QUEST_ZONE20	2	4095	0	29	30	104666	0	0	0	0	1	1	0	103030	102235	0	0	0	0
4959	STR_QUEST_NAME_Q4959	3	STR_QUEST_ZONE20	2	4095	0	29	30	104667	0	0	0	0	1	1	0	103030	104668	0	0	0	0
4960	STR_QUEST_NAME_Q4960	3	STR_QUEST_ZONE20	2	4095	0	29	30	104669	0	0	104670	0	1	1	0	103526	102235	0	0	0	0
4961	STR_QUEST_NAME_Q4961	3	STR_QUEST_ZONE20	2	4095	0	29	30	104671	0	0	0	0	1	1	0	103526	102235	0	0	0	0
4962	STR_QUEST_NAME_Q4962	3	STR_QUEST_ZONE20	2	4095	0	29	30	104672	0	0	0	0	1	1	0	103526	104673	0	0	0	0
4963	STR_QUEST_NAME_Q4963	5	STR_QUEST_ZONE20	2	4095	0	50	50	104674	0	0	0	1	1	1	0	0	0	0	0	0	0
4964	STR_QUEST_NAME_Q4964	5	STR_QUEST_ZONE20	2	4095	0	45	45	104399	0	0	104626	0	1	1	0	104415	104675	0	0	0	0
4965	STR_QUEST_NAME_Q4965	5	STR_QUEST_ZONE20	2	4095	0	50	50	104676	0	0	0	0	1	1	0	103633	104677	0	0	0	0
4966	STR_QUEST_NAME_Q4966	1	STR_QUEST_ZONE20	2	4095	0	35	35	0	0	0	0	0	1	1	0	104678	104679	0	0	0	0
4967	STR_QUEST_NAME_Q4967	1	STR_QUEST_ZONE20	2	4095	0	40	40	0	0	0	0	0	1	1	0	104678	104680	0	0	0	0
4968	STR_QUEST_NAME_Q4968	1	STR_QUEST_ZONE20	2	4095	0	45	45	0	0	0	0	0	1	1	0	104678	104681	0	0	0	0
4969	STR_QUEST_NAME_Q4969	1	STR_QUEST_ZONE20	2	4095	0	50	50	0	0	0	0	0	1	1	0	104678	104682	0	0	0	0
4970	STR_QUEST_NAME_Q4970	5	STR_QUEST_ZONE20	2	4095	0	10	10	0	0	0	0	0	1	1	0	104683	104166	0	0	0	0
4971	STR_QUEST_NAME_Q4971	5	STR_QUEST_ZONE20	2	4095	2	10	10	0	0	0	0	0	1	1	0	104684	104168	0	0	0	0
4972	STR_QUEST_NAME_Q4972	5	STR_QUEST_ZONE20	2	4095	2	10	10	104685	0	0	0	0	1	1	0	104684	104170	0	0	0	0
4973	STR_QUEST_NAME_Q4973	5	STR_QUEST_ZONE20	2	4095	1	10	10	0	0	0	0	0	1	1	0	104686	104168	0	0	0	0
4974	STR_QUEST_NAME_Q4974	5	STR_QUEST_ZONE20	2	4095	1	10	10	104687	0	0	0	0	1	1	0	104686	104170	0	0	0	0
4975	STR_QUEST_NAME_Q4975	5	STR_QUEST_ZONE20	2	4095	0	50	50	104633	0	0	0	0	1	0	0	104403	104688	0	0	0	0
4976	STR_QUEST_NAME_Q4976	5	STR_QUEST_ZONE20	2	4095	0	44	45	0	0	0	0	1	1	1	0	104689	104690	0	0	0	0
4977	STR_QUEST_NAME_Q4977	5	STR_QUEST_ZONE20	2	4095	0	50	50	104501	0	0	0	0	1	0	0	104604	104691	0	0	0	0
4978	STR_QUEST_NAME_Q4978	5	STR_QUEST_ZONE20	2	4095	0	40	41	104399	0	0	0	0	1	0	0	104415	104692	0	0	0	0
4979	STR_QUEST_NAME_Q4979	5	STR_QUEST_ZONE20	2	4095	0	43	44	104399	0	0	0	0	1	0	0	104403	104693	0	0	0	0
5000	STR_WS_Q5000	6	0	1	4095	0	9	9	0	104694	0	0	0	1	0	0	102117	104695	0	0	0	0
5001	STR_WS_Q5001	6	0	1	4095	0	9	9	0	104696	0	0	0	1	0	0	102117	104697	0	0	0	0
5002	STR_WS_Q5002	6	0	1	4095	0	9	9	0	104698	0	0	0	1	0	0	102117	104699	0	0	0	0
5003	STR_WS_Q5003	6	0	1	4095	0	9	9	0	104700	0	0	0	1	0	0	102117	104701	0	0	0	0
5004	STR_WS_Q5004	6	0	1	4095	0	9	9	0	104702	0	0	0	1	0	0	102117	104703	0	0	0	0
5005	STR_WS_Q5005	6	0	1	4095	0	9	9	0	104704	0	0	0	1	0	0	102117	104705	0	0	0	0
5006	STR_WS_Q5006	6	0	1	4095	0	9	9	0	104706	0	0	0	1	0	0	102117	104707	0	0	0	0
5007	STR_WS_Q5007	6	0	1	4095	0	9	9	0	104708	0	0	0	1	0	0	102117	104709	0	0	0	0
5008	STR_WS_Q5008	6	0	1	4095	0	9	9	0	104710	0	0	0	1	0	0	102117	104711	0	0	0	0
5009	STR_WS_Q5009	6	0	1	4095	0	9	9	0	104712	0	0	0	1	0	0	102117	104713	0	0	0	0
5010	STR_WS_Q5010	6	0	1	4095	0	9	9	0	104714	0	0	0	1	0	0	102117	104715	0	0	0	0
5011	STR_WS_Q5011	6	0	1	4095	0	9	9	0	104716	0	0	0	1	0	0	102117	104717	0	0	0	0
5012	STR_WS_Q5012	6	0	1	4095	0	9	9	0	104718	0	0	0	1	0	0	102117	104719	0	0	0	0
5013	STR_WS_Q5013	6	0	1	4095	0	9	9	0	104720	0	0	0	1	0	0	102117	104721	0	0	0	0
5014	STR_WS_Q5014	6	0	1	4095	0	9	9	0	104722	0	0	0	1	0	0	102117	104723	0	0	0	0
5015	STR_WS_Q5015	6	0	1	4095	0	9	9	0	104724	0	0	0	1	0	0	102117	104725	0	0	0	0
5016	STR_WS_Q5016	6	0	1	4095	0	9	9	0	104726	0	0	0	1	0	0	102117	104727	0	0	0	0
5017	STR_WS_Q5017	6	0	1	4095	0	9	9	0	104728	0	0	0	1	0	0	102117	104729	0	0	0	0
5018	STR_WS_Q5018	6	0	1	4095	0	9	9	0	104730	0	0	0	1	0	0	102117	104731	0	0	0	0
5019	STR_WS_Q5019	6	0	1	4095	0	9	9	0	104732	0	0	0	1	0	0	102117	104733	0	0	0	0
5020	STR_WS_Q5020	6	0	1	4095	0	9	9	0	104734	0	0	0	1	0	0	102117	104735	0	0	0	0
5021	STR_WS_Q5021	6	0	1	4095	0	9	9	0	104736	0	0	0	1	0	0	102117	104737	0	0	0	0
5022	STR_WS_Q5022	6	0	1	4095	0	9	9	0	104738	0	0	0	1	0	0	102117	104739	0	0	0	0
5023	STR_WS_Q5023	6	0	1	4095	0	9	9	0	104740	0	0	0	1	0	0	102117	104741	0	0	0	0
5024	STR_WS_Q5024	6	0	1	4095	0	9	9	0	104742	0	0	0	1	0	0	102117	104743	0	0	0	0
5025	STR_WS_Q5025	6	0	1	4095	0	9	9	0	104744	0	0	0	1	0	0	102117	104745	0	0	0	0
5026	STR_WS_Q5026	6	0	1	4095	0	9	9	0	104746	0	0	0	1	0	0	102117	104747	0	0	0	0
5027	STR_WS_Q5027	6	0	1	4095	0	9	9	0	104748	0	0	0	1	0	0	102117	104749	0	0	0	0
5028	STR_WS_Q5028	6	0	1	4095	0	9	9	0	104750	0	0	0	1	0	0	102117	104751	0	0	0	0
5029	STR_WS_Q5029	6	0	1	4095	0	9	9	0	104752	0	0	0	1	0	0	102117	104753	0	0	0	0
5030	STR_WS_Q5030	6	0	1	4095	0	9	9	0	104754	0	0	0	1	0	0	102117	104755	0	0	0	0
5031	STR_WS_Q5031	6	0	1	4095	0	9	9	0	104756	0	0	0	1	0	0	102117	104757	0	0	0	0
5032	STR_WS_Q5032	6	0	1	4095	0	9	9	0	104758	0	0	0	1	0	0	102117	104759	0	0	0	0
5033	STR_WS_Q5033	6	0	1	4095	0	9	9	0	104760	0	0	0	1	0	0	102117	104761	0	0	0	0
5034	STR_WS_Q5034	6	0	1	4095	0	9	9	0	104762	0	0	0	1	0	0	102117	104763	0	0	0	0
5035	STR_WS_Q5035	6	0	1	4095	0	9	9	0	104764	0	0	0	1	0	0	102117	104765	0	0	0	0
5036	STR_WS_Q5036	6	0	1	4095	0	9	9	0	104766	0	0	0	1	0	0	102117	104767	0	0	0	0
5037	STR_WS_Q5037	6	0	1	4095	0	9	9	0	104768	0	0	0	1	0	0	102117	104769	0	0	0	0
5038	STR_WS_Q5038	6	0	1	4095	0	9	9	0	104770	0	0	0	1	0	0	102117	104771	0	0	0	0
5039	STR_WS_Q5039	6	0	1	4095	0	9	9	0	104772	0	0	0	1	0	0	102117	104773	0	0	0	0
5040	STR_WS_Q5040	6	0	1	4095	0	9	9	0	104774	0	0	0	1	1	0	102117	104775	0	0	0	0
5100	STR_AS_Q5100	6	0	1	4095	0	9	9	0	104776	0	0	0	1	0	0	102119	104777	0	0	0	0
5101	STR_AS_Q5101	6	0	1	4095	0	9	9	0	104778	0	0	0	1	0	0	102119	104779	0	0	0	0
5102	STR_AS_Q5102	6	0	1	4095	0	9	9	0	104780	0	0	0	1	0	0	102119	104781	0	0	0	0
5103	STR_AS_Q5103	6	0	1	4095	0	9	9	0	104782	0	0	0	1	0	0	102119	104783	0	0	0	0
5104	STR_AS_Q5104	6	0	1	4095	0	9	9	0	104784	0	0	0	1	0	0	102119	104785	0	0	0	0
5105	STR_AS_Q5105	6	0	1	4095	0	9	9	0	104786	0	0	0	1	0	0	102119	104787	0	0	0	0
5106	STR_AS_Q5106	6	0	1	4095	0	9	9	0	104788	0	0	0	1	0	0	102119	104789	0	0	0	0
5107	STR_AS_Q5107	6	0	1	4095	0	9	9	0	104790	0	0	0	1	0	0	102119	104791	0	0	0	0
5108	STR_AS_Q5108	6	0	1	4095	0	9	9	0	104792	0	0	0	1	0	0	102119	104793	0	0	0	0
5109	STR_AS_Q5109	6	0	1	4095	0	9	9	0	104794	0	0	0	1	0	0	102119	104795	0	0	0	0
5110	STR_AS_Q5110	6	0	1	4095	0	9	9	0	104796	0	0	0	1	0	0	102119	104797	0	0	0	0
5111	STR_AS_Q5111	6	0	1	4095	0	9	9	0	104798	0	0	0	1	0	0	102119	104799	0	0	0	0
5112	STR_AS_Q5112	6	0	1	4095	0	9	9	0	104800	0	0	0	1	0	0	102119	104801	0	0	0	0
5113	STR_AS_Q5113	6	0	1	4095	0	9	9	0	104802	0	0	0	1	0	0	102119	104803	0	0	0	0
5114	STR_AS_Q5114	6	0	1	4095	0	9	9	0	104804	0	0	0	1	0	0	102119	104805	0	0	0	0
5115	STR_AS_Q5115	6	0	1	4095	0	9	9	0	104806	0	0	0	1	0	0	102119	104807	0	0	0	0
5116	STR_AS_Q5116	6	0	1	4095	0	9	9	0	104808	0	0	0	1	0	0	102119	104809	0	0	0	0
5117	STR_AS_Q5117	6	0	1	4095	0	9	9	0	104810	0	0	0	1	0	0	102119	104811	0	0	0	0
5118	STR_AS_Q5118	6	0	1	4095	0	9	9	0	104812	0	0	0	1	0	0	102119	104813	0	0	0	0
5119	STR_AS_Q5119	6	0	1	4095	0	9	9	0	104814	0	0	0	1	0	0	102119	104815	0	0	0	0
5120	STR_AS_Q5120	6	0	1	4095	0	9	9	0	104816	0	0	0	1	0	0	102119	104817	0	0	0	0
5121	STR_AS_Q5121	6	0	1	4095	0	9	9	0	104818	0	0	0	1	0	0	102119	104819	0	0	0	0
5122	STR_AS_Q5122	6	0	1	4095	0	9	9	0	104820	0	0	0	1	0	0	102119	104821	0	0	0	0
5123	STR_AS_Q5123	6	0	1	4095	0	9	9	0	104822	0	0	0	1	0	0	102119	104823	0	0	0	0
5124	STR_AS_Q5124	6	0	1	4095	0	9	9	0	104824	0	0	0	1	0	0	102119	104825	0	0	0	0
5125	STR_AS_Q5125	6	0	1	4095	0	9	9	0	104826	0	0	0	1	0	0	102119	104827	0	0	0	0
5126	STR_AS_Q5126	6	0	1	4095	0	9	9	0	104828	0	0	0	1	0	0	102119	104829	0	0	0	0
5127	STR_AS_Q5127	6	0	1	4095	0	9	9	0	104830	0	0	0	1	0	0	102119	104831	0	0	0	0
5128	STR_AS_Q5128	6	0	1	4095	0	9	9	0	104832	0	0	0	1	0	0	102119	104833	0	0	0	0
5129	STR_AS_Q5129	6	0	1	4095	0	9	9	0	104834	0	0	0	1	0	0	102119	104835	0	0	0	0
5130	STR_AS_Q5130	6	0	1	4095	0	9	9	0	104836	0	0	0	1	0	0	102119	104837	0	0	0	0
5131	STR_AS_Q5131	6	0	1	4095	0	9	9	0	104838	0	0	0	1	0	0	102119	104839	0	0	0	0
5132	STR_AS_Q5132	6	0	1	4095	0	9	9	0	104840	0	0	0	1	0	0	102119	104841	0	0	0	0
5133	STR_AS_Q5133	6	0	1	4095	0	9	9	0	104842	0	0	0	1	0	0	102119	104843	0	0	0	0
5134	STR_AS_Q5134	6	0	1	4095	0	9	9	0	104844	0	0	0	1	0	0	102119	104845	0	0	0	0
5135	STR_AS_Q5135	6	0	1	4095	0	9	9	0	104846	0	0	0	1	0	0	102119	104847	0	0	0	0
5136	STR_AS_Q5136	6	0	1	4095	0	9	9	0	104848	0	0	0	1	0	0	102119	104849	0	0	0	0
5137	STR_AS_Q5137	6	0	1	4095	0	9	9	0	104850	0	0	0	1	0	0	102119	104851	0	0	0	0
5138	STR_AS_Q5138	6	0	1	4095	0	9	9	0	104852	0	0	0	1	0	0	102119	104853	0	0	0	0
5139	STR_AS_Q5139	6	0	1	4095	0	9	9	0	104854	0	0	0	1	0	0	102119	104855	0	0	0	0
5140	STR_AS_Q5140	6	0	1	4095	0	9	9	0	104856	0	0	0	1	1	0	102119	104857	0	0	0	0
5200	STR_TA_Q5200	6	0	1	4095	0	9	9	0	104858	0	0	0	1	0	0	102126	104859	0	0	0	0
5201	STR_TA_Q5201	6	0	1	4095	0	9	9	0	104860	0	0	0	1	0	0	102126	104861	0	0	0	0
5202	STR_TA_Q5202	6	0	1	4095	0	9	9	0	104862	0	0	0	1	0	0	102126	104863	0	0	0	0
5203	STR_TA_Q5203	6	0	1	4095	0	9	9	0	104864	0	0	0	1	0	0	102126	104865	0	0	0	0
5204	STR_TA_Q5204	6	0	1	4095	0	9	9	0	104866	0	0	0	1	0	0	102126	104867	0	0	0	0
5205	STR_TA_Q5205	6	0	1	4095	0	9	9	0	104868	0	0	0	1	0	0	102126	104869	0	0	0	0
5206	STR_TA_Q5206	6	0	1	4095	0	9	9	0	104870	0	0	0	1	0	0	102126	104871	0	0	0	0
5207	STR_TA_Q5207	6	0	1	4095	0	9	9	0	104872	0	0	0	1	0	0	102126	104873	0	0	0	0
5208	STR_TA_Q5208	6	0	1	4095	0	9	9	0	104874	0	0	0	1	0	0	102126	104875	0	0	0	0
5209	STR_TA_Q5209	6	0	1	4095	0	9	9	0	104876	0	0	0	1	0	0	102126	104877	0	0	0	0
5210	STR_TA_Q5210	6	0	1	4095	0	9	9	0	104878	0	0	0	1	0	0	102126	104879	0	0	0	0
5211	STR_TA_Q5211	6	0	1	4095	0	9	9	0	104880	0	0	0	1	0	0	102126	104881	0	0	0	0
5212	STR_TA_Q5212	6	0	1	4095	0	9	9	0	104882	0	0	0	1	0	0	102126	104883	0	0	0	0
5213	STR_TA_Q5213	6	0	1	4095	0	9	9	0	104884	0	0	0	1	0	0	102126	104885	0	0	0	0
5214	STR_TA_Q5214	6	0	1	4095	0	9	9	0	104886	0	0	0	1	0	0	102126	104887	0	0	0	0
5215	STR_TA_Q5215	6	0	1	4095	0	9	9	0	104888	0	0	0	1	0	0	102126	104889	0	0	0	0
5216	STR_TA_Q5216	6	0	1	4095	0	9	9	0	104890	0	0	0	1	0	0	102126	104891	0	0	0	0
5217	STR_TA_Q5217	6	0	1	4095	0	9	9	0	104892	0	0	0	1	0	0	102126	104893	0	0	0	0
5218	STR_TA_Q5218	6	0	1	4095	0	9	9	0	104894	0	0	0	1	0	0	102126	104895	0	0	0	0
5219	STR_TA_Q5219	6	0	1	4095	0	9	9	0	104896	0	0	0	1	0	0	102126	104897	0	0	0	0
5220	STR_TA_Q5220	6	0	1	4095	0	9	9	0	104898	0	0	0	1	0	0	102126	104899	0	0	0	0
5221	STR_TA_Q5221	6	0	1	4095	0	9	9	0	104900	0	0	0	1	0	0	102126	104901	0	0	0	0
5222	STR_TA_Q5222	6	0	1	4095	0	9	9	0	104902	0	0	0	1	0	0	102126	104903	0	0	0	0
5223	STR_TA_Q5223	6	0	1	4095	0	9	9	0	104904	0	0	0	1	0	0	102126	104905	0	0	0	0
5224	STR_TA_Q5224	6	0	1	4095	0	9	9	0	104906	0	0	0	1	0	0	102126	104907	0	0	0	0
5225	STR_TA_Q5225	6	0	1	4095	0	9	9	0	104908	0	0	0	1	0	0	102126	104909	0	0	0	0
5226	STR_TA_Q5226	6	0	1	4095	0	9	9	0	104910	0	0	0	1	0	0	102126	104911	0	0	0	0
5227	STR_TA_Q5227	6	0	1	4095	0	9	9	0	104912	0	0	0	1	0	0	102126	104913	0	0	0	0
5228	STR_TA_Q5228	6	0	1	4095	0	9	9	0	104914	0	0	0	1	0	0	102126	104915	0	0	0	0
5229	STR_TA_Q5229	6	0	1	4095	0	9	9	0	104916	0	0	0	1	0	0	102126	104917	0	0	0	0
5230	STR_TA_Q5230	6	0	1	4095	0	9	9	0	104918	0	0	0	1	0	0	102126	104919	0	0	0	0
5231	STR_TA_Q5231	6	0	1	4095	0	9	9	0	104920	0	0	0	1	0	0	102126	104921	0	0	0	0
5232	STR_TA_Q5232	6	0	1	4095	0	9	9	0	104922	0	0	0	1	0	0	102126	104923	0	0	0	0
5233	STR_TA_Q5233	6	0	1	4095	0	9	9	0	104924	0	0	0	1	0	0	102126	104925	0	0	0	0
5234	STR_TA_Q5234	6	0	1	4095	0	9	9	0	104926	0	0	0	1	0	0	102126	104927	0	0	0	0
5235	STR_TA_Q5235	6	0	1	4095	0	9	9	0	104928	0	0	0	1	0	0	102126	104929	0	0	0	0
5236	STR_TA_Q5236	6	0	1	4095	0	9	9	0	104930	0	0	0	1	0	0	102126	104931	0	0	0	0
5237	STR_TA_Q5237	6	0	1	4095	0	9	9	0	104932	0	0	0	1	0	0	102126	104933	0	0	0	0
5238	STR_TA_Q5238	6	0	1	4095	0	9	9	0	104934	0	0	0	1	0	0	102126	104935	0	0	0	0
5239	STR_TA_Q5239	6	0	1	4095	0	9	9	0	104936	0	0	0	1	0	0	102126	104937	0	0	0	0
5240	STR_TA_Q5240	6	0	1	4095	0	9	9	0	104938	0	0	0	1	1	0	102126	104939	0	0	0	0
5300	STR_HA_Q5300	6	0	1	4095	0	9	9	0	104940	0	0	0	1	0	0	102123	104941	0	0	0	0
5301	STR_HA_Q5301	6	0	1	4095	0	9	9	0	104942	0	0	0	1	0	0	102123	104943	0	0	0	0
5302	STR_HA_Q5302	6	0	1	4095	0	9	9	0	104944	0	0	0	1	0	0	102123	104945	0	0	0	0
5303	STR_HA_Q5303	6	0	1	4095	0	9	9	0	104946	0	0	0	1	0	0	102123	104947	0	0	0	0
5304	STR_HA_Q5304	6	0	1	4095	0	9	9	0	104948	0	0	0	1	0	0	102123	104949	0	0	0	0
5305	STR_HA_Q5305	6	0	1	4095	0	9	9	0	104950	0	0	0	1	0	0	102123	104951	0	0	0	0
5306	STR_HA_Q5306	6	0	1	4095	0	9	9	0	104952	0	0	0	1	0	0	102123	104953	0	0	0	0
5307	STR_HA_Q5307	6	0	1	4095	0	9	9	0	104954	0	0	0	1	0	0	102123	104955	0	0	0	0
5308	STR_HA_Q5308	6	0	1	4095	0	9	9	0	104956	0	0	0	1	0	0	102123	104957	0	0	0	0
5309	STR_HA_Q5309	6	0	1	4095	0	9	9	0	104958	0	0	0	1	0	0	102123	104959	0	0	0	0
5310	STR_HA_Q5310	6	0	1	4095	0	9	9	0	104960	0	0	0	1	0	0	102123	104961	0	0	0	0
5311	STR_HA_Q5311	6	0	1	4095	0	9	9	0	104962	0	0	0	1	0	0	102123	104963	0	0	0	0
5312	STR_HA_Q5312	6	0	1	4095	0	9	9	0	104964	0	0	0	1	0	0	102123	104965	0	0	0	0
5313	STR_HA_Q5313	6	0	1	4095	0	9	9	0	104966	0	0	0	1	0	0	102123	104967	0	0	0	0
5314	STR_HA_Q5314	6	0	1	4095	0	9	9	0	104968	0	0	0	1	0	0	102123	104969	0	0	0	0
5315	STR_HA_Q5315	6	0	1	4095	0	9	9	0	104970	0	0	0	1	0	0	102123	104971	0	0	0	0
5316	STR_HA_Q5316	6	0	1	4095	0	9	9	0	104972	0	0	0	1	0	0	102123	104973	0	0	0	0
5317	STR_HA_Q5317	6	0	1	4095	0	9	9	0	104974	0	0	0	1	0	0	102123	104975	0	0	0	0
5318	STR_HA_Q5318	6	0	1	4095	0	9	9	0	104976	0	0	0	1	0	0	102123	104977	0	0	0	0
5319	STR_HA_Q5319	6	0	1	4095	0	9	9	0	104978	0	0	0	1	0	0	102123	104979	0	0	0	0
5320	STR_HA_Q5320	6	0	1	4095	0	9	9	0	104980	0	0	0	1	0	0	102123	104981	0	0	0	0
5321	STR_HA_Q5321	6	0	1	4095	0	9	9	0	104982	0	0	0	1	0	0	102123	104983	0	0	0	0
5322	STR_HA_Q5322	6	0	1	4095	0	9	9	0	104984	0	0	0	1	0	0	102123	104985	0	0	0	0
5323	STR_HA_Q5323	6	0	1	4095	0	9	9	0	104986	0	0	0	1	0	0	102123	104987	0	0	0	0
5324	STR_HA_Q5324	6	0	1	4095	0	9	9	0	104988	0	0	0	1	0	0	102123	104989	0	0	0	0
5325	STR_HA_Q5325	6	0	1	4095	0	9	9	0	104990	0	0	0	1	0	0	102123	104991	0	0	0	0
5326	STR_HA_Q5326	6	0	1	4095	0	9	9	0	104992	0	0	0	1	0	0	102123	104993	0	0	0	0
5327	STR_HA_Q5327	6	0	1	4095	0	9	9	0	104994	0	0	0	1	0	0	102123	104995	0	0	0	0
5328	STR_HA_Q5328	6	0	1	4095	0	9	9	0	104996	0	0	0	1	0	0	102123	104997	0	0	0	0
5329	STR_HA_Q5329	6	0	1	4095	0	9	9	0	104998	0	0	0	1	0	0	102123	104999	0	0	0	0
5330	STR_HA_Q5330	6	0	1	4095	0	9	9	0	105000	0	0	0	1	0	0	102123	105001	0	0	0	0
5331	STR_HA_Q5331	6	0	1	4095	0	9	9	0	105002	0	0	0	1	0	0	102123	105003	0	0	0	0
5332	STR_HA_Q5332	6	0	1	4095	0	9	9	0	105004	0	0	0	1	0	0	102123	105005	0	0	0	0
5333	STR_HA_Q5333	6	0	1	4095	0	9	9	0	105006	0	0	0	1	0	0	102123	105007	0	0	0	0
5334	STR_HA_Q5334	6	0	1	4095	0	9	9	0	105008	0	0	0	1	0	0	102123	105009	0	0	0	0
5335	STR_HA_Q5335	6	0	1	4095	0	9	9	0	105010	0	0	0	1	0	0	102123	105011	0	0	0	0
5336	STR_HA_Q5336	6	0	1	4095	0	9	9	0	105012	0	0	0	1	0	0	102123	105013	0	0	0	0
5337	STR_HA_Q5337	6	0	1	4095	0	9	9	0	105014	0	0	0	1	0	0	102123	105015	0	0	0	0
5338	STR_HA_Q5338	6	0	1	4095	0	9	9	0	105016	0	0	0	1	0	0	102123	105017	0	0	0	0
5339	STR_HA_Q5339	6	0	1	4095	0	9	9	0	105018	0	0	0	1	0	0	102123	105019	0	0	0	0
5340	STR_HA_Q5340	6	0	1	4095	0	9	9	0	105020	0	0	0	1	1	0	102123	105021	0	0	0	0
5400	STR_AL_Q5400	6	0	1	4095	0	9	9	0	105022	0	0	0	1	0	0	101639	105023	0	0	0	0
5401	STR_AL_Q5401	6	0	1	4095	0	9	9	0	105024	0	0	0	1	0	0	101639	105025	0	0	0	0
5402	STR_AL_Q5402	6	0	1	4095	0	9	9	0	105026	0	0	0	1	0	0	101639	105027	0	0	0	0
5403	STR_AL_Q5403	6	0	1	4095	0	9	9	0	105028	0	0	0	1	0	0	101639	105029	0	0	0	0
5404	STR_AL_Q5404	6	0	1	4095	0	9	9	0	105030	0	0	0	1	0	0	101639	105031	0	0	0	0
5405	STR_AL_Q5405	6	0	1	4095	0	9	9	0	105032	0	0	0	1	0	0	101639	105033	0	0	0	0
5406	STR_AL_Q5406	6	0	1	4095	0	9	9	0	105034	0	0	0	1	0	0	101639	105035	0	0	0	0
5407	STR_AL_Q5407	6	0	1	4095	0	9	9	0	105036	0	0	0	1	0	0	101639	105037	0	0	0	0
5408	STR_AL_Q5408	6	0	1	4095	0	9	9	0	105038	0	0	0	1	0	0	101639	105039	0	0	0	0
5409	STR_AL_Q5409	6	0	1	4095	0	9	9	0	105040	0	0	0	1	0	0	101639	105041	0	0	0	0
5410	STR_AL_Q5410	6	0	1	4095	0	9	9	0	105042	0	0	0	1	0	0	101639	105043	0	0	0	0
5411	STR_AL_Q5411	6	0	1	4095	0	9	9	0	105044	0	0	0	1	0	0	101639	105045	0	0	0	0
5412	STR_AL_Q5412	6	0	1	4095	0	9	9	0	105046	0	0	0	1	0	0	101639	105047	0	0	0	0
5413	STR_AL_Q5413	6	0	1	4095	0	9	9	0	105048	0	0	0	1	0	0	101639	105049	0	0	0	0
5414	STR_AL_Q5414	6	0	1	4095	0	9	9	0	105050	0	0	0	1	0	0	101639	105051	0	0	0	0
5415	STR_AL_Q5415	6	0	1	4095	0	9	9	0	105052	0	0	0	1	0	0	101639	105053	0	0	0	0
5416	STR_AL_Q5416	6	0	1	4095	0	9	9	0	105054	0	0	0	1	0	0	101639	105055	0	0	0	0
5417	STR_AL_Q5417	6	0	1	4095	0	9	9	0	105056	0	0	0	1	0	0	101639	105057	0	0	0	0
5418	STR_AL_Q5418	6	0	1	4095	0	9	9	0	105058	0	0	0	1	0	0	101639	105059	0	0	0	0
5419	STR_AL_Q5419	6	0	1	4095	0	9	9	0	105060	0	0	0	1	0	0	101639	105061	0	0	0	0
5420	STR_AL_Q5420	6	0	1	4095	0	9	9	0	105062	0	0	0	1	0	0	101639	105063	0	0	0	0
5421	STR_AL_Q5421	6	0	1	4095	0	9	9	0	105064	0	0	0	1	0	0	101639	105065	0	0	0	0
5422	STR_AL_Q5422	6	0	1	4095	0	9	9	0	105066	0	0	0	1	0	0	101639	105067	0	0	0	0
5423	STR_AL_Q5423	6	0	1	4095	0	9	9	0	105068	0	0	0	1	0	0	101639	105069	0	0	0	0
5424	STR_AL_Q5424	6	0	1	4095	0	9	9	0	105070	0	0	0	1	0	0	101639	105071	0	0	0	0
5425	STR_AL_Q5425	6	0	1	4095	0	9	9	0	105072	0	0	0	1	0	0	101639	105073	0	0	0	0
5426	STR_AL_Q5426	6	0	1	4095	0	9	9	0	105074	0	0	0	1	0	0	101639	105075	0	0	0	0
5427	STR_AL_Q5427	6	0	1	4095	0	9	9	0	105076	0	0	0	1	0	0	101639	105077	0	0	0	0
5428	STR_AL_Q5428	6	0	1	4095	0	9	9	0	105078	0	0	0	1	0	0	101639	105079	0	0	0	0
5429	STR_AL_Q5429	6	0	1	4095	0	9	9	0	105080	0	0	0	1	0	0	101639	105081	0	0	0	0
5430	STR_AL_Q5430	6	0	1	4095	0	9	9	0	105082	0	0	0	1	0	0	101639	105083	0	0	0	0
5431	STR_AL_Q5431	6	0	1	4095	0	9	9	0	105084	0	0	0	1	0	0	101639	105085	0	0	0	0
5432	STR_AL_Q5432	6	0	1	4095	0	9	9	0	105086	0	0	0	1	0	0	101639	105087	0	0	0	0
5433	STR_AL_Q5433	6	0	1	4095	0	9	9	0	105088	0	0	0	1	0	0	101639	105089	0	0	0	0
5434	STR_AL_Q5434	6	0	1	4095	0	9	9	0	105090	0	0	0	1	0	0	101639	105091	0	0	0	0
5435	STR_AL_Q5435	6	0	1	4095	0	9	9	0	105092	0	0	0	1	0	0	101639	105093	0	0	0	0
5436	STR_AL_Q5436	6	0	1	4095	0	9	9	0	105094	0	0	0	1	0	0	101639	105095	0	0	0	0
5437	STR_AL_Q5437	6	0	1	4095	0	9	9	0	105096	0	0	0	1	0	0	101639	105097	0	0	0	0
5438	STR_AL_Q5438	6	0	1	4095	0	9	9	0	105098	0	0	0	1	0	0	101639	105099	0	0	0	0
5439	STR_AL_Q5439	6	0	1	4095	0	9	9	0	105100	0	0	0	1	0	0	101639	105101	0	0	0	0
5440	STR_AL_Q5440	6	0	1	4095	0	9	9	0	105102	0	0	0	1	1	0	101639	105103	0	0	0	0
5500	STR_CO_Q5500	6	0	1	4095	0	9	9	0	105104	0	0	0	1	0	0	102121	105105	0	0	0	0
5501	STR_CO_Q5501	6	0	1	4095	0	9	9	0	105106	0	0	0	1	0	0	102121	105107	0	0	0	0
5502	STR_CO_Q5502	6	0	1	4095	0	9	9	0	105108	0	0	0	1	0	0	102121	105109	0	0	0	0
5503	STR_CO_Q5503	6	0	1	4095	0	9	9	0	105110	0	0	0	1	0	0	102121	105111	0	0	0	0
5504	STR_CO_Q5504	6	0	1	4095	0	9	9	0	105112	0	0	0	1	0	0	102121	105113	0	0	0	0
5505	STR_CO_Q5505	6	0	1	4095	0	9	9	0	105114	0	0	0	1	0	0	102121	105115	0	0	0	0
5506	STR_CO_Q5506	6	0	1	4095	0	9	9	0	105116	0	0	0	1	0	0	102121	105117	0	0	0	0
5507	STR_CO_Q5507	6	0	1	4095	0	9	9	0	105118	0	0	0	1	0	0	102121	105119	0	0	0	0
5508	STR_CO_Q5508	6	0	1	4095	0	9	9	0	105120	0	0	0	1	0	0	102121	105121	0	0	0	0
5509	STR_CO_Q5509	6	0	1	4095	0	9	9	0	105122	0	0	0	1	0	0	102121	105123	0	0	0	0
5510	STR_CO_Q5510	6	0	1	4095	0	9	9	0	105124	0	0	0	1	0	0	102121	105125	0	0	0	0
5511	STR_CO_Q5511	6	0	1	4095	0	9	9	0	105126	0	0	0	1	0	0	102121	105127	0	0	0	0
5512	STR_CO_Q5512	6	0	1	4095	0	9	9	0	105128	0	0	0	1	0	0	102121	105129	0	0	0	0
5513	STR_CO_Q5513	6	0	1	4095	0	9	9	0	105130	0	0	0	1	0	0	102121	105131	0	0	0	0
5514	STR_CO_Q5514	6	0	1	4095	0	9	9	0	105132	0	0	0	1	0	0	102121	105133	0	0	0	0
5515	STR_CO_Q5515	6	0	1	4095	0	9	9	0	105134	0	0	0	1	0	0	102121	105135	0	0	0	0
5516	STR_CO_Q5516	6	0	1	4095	0	9	9	0	105136	0	0	0	1	0	0	102121	105137	0	0	0	0
5517	STR_CO_Q5517	6	0	1	4095	0	9	9	0	105138	0	0	0	1	0	0	102121	105139	0	0	0	0
5518	STR_CO_Q5518	6	0	1	4095	0	9	9	0	105140	0	0	0	1	0	0	102121	105141	0	0	0	0
5519	STR_CO_Q5519	6	0	1	4095	0	9	9	0	105142	0	0	0	1	0	0	102121	105143	0	0	0	0
5520	STR_CO_Q5520	6	0	1	4095	0	9	9	0	105144	0	0	0	1	0	0	102121	105145	0	0	0	0
5521	STR_CO_Q5521	6	0	1	4095	0	9	9	0	105146	0	0	0	1	0	0	102121	105147	0	0	0	0
5522	STR_CO_Q5522	6	0	1	4095	0	9	9	0	105148	0	0	0	1	0	0	102121	105149	0	0	0	0
5523	STR_CO_Q5523	6	0	1	4095	0	9	9	0	105150	0	0	0	1	0	0	102121	105151	0	0	0	0
5524	STR_CO_Q5524	6	0	1	4095	0	9	9	0	105152	0	0	0	1	0	0	102121	105153	0	0	0	0
5525	STR_CO_Q5525	6	0	1	4095	0	9	9	0	105154	0	0	0	1	0	0	102121	105155	0	0	0	0
5526	STR_CO_Q5526	6	0	1	4095	0	9	9	0	105156	0	0	0	1	0	0	102121	105157	0	0	0	0
5527	STR_CO_Q5527	6	0	1	4095	0	9	9	0	105158	0	0	0	1	0	0	102121	105159	0	0	0	0
5528	STR_CO_Q5528	6	0	1	4095	0	9	9	0	105160	0	0	0	1	0	0	102121	105161	0	0	0	0
5529	STR_CO_Q5529	6	0	1	4095	0	9	9	0	105162	0	0	0	1	0	0	102121	105163	0	0	0	0
5530	STR_CO_Q5530	6	0	1	4095	0	9	9	0	105164	0	0	0	1	0	0	102121	105165	0	0	0	0
5531	STR_CO_Q5531	6	0	1	4095	0	9	9	0	105166	0	0	0	1	0	0	102121	105167	0	0	0	0
5532	STR_CO_Q5532	6	0	1	4095	0	9	9	0	105168	0	0	0	1	0	0	102121	105169	0	0	0	0
5533	STR_CO_Q5533	6	0	1	4095	0	9	9	0	105170	0	0	0	1	0	0	102121	105171	0	0	0	0
5534	STR_CO_Q5534	6	0	1	4095	0	9	9	0	105172	0	0	0	1	0	0	102121	105173	0	0	0	0
5535	STR_CO_Q5535	6	0	1	4095	0	9	9	0	105174	0	0	0	1	0	0	102121	105175	0	0	0	0
5536	STR_CO_Q5536	6	0	1	4095	0	9	9	0	105176	0	0	0	1	0	0	102121	105177	0	0	0	0
5537	STR_CO_Q5537	6	0	1	4095	0	9	9	0	105178	0	0	0	1	0	0	102121	105179	0	0	0	0
5538	STR_CO_Q5538	6	0	1	4095	0	9	9	0	105180	0	0	0	1	0	0	102121	105181	0	0	0	0
5539	STR_CO_Q5539	6	0	1	4095	0	9	9	0	105182	0	0	0	1	0	0	102121	105183	0	0	0	0
5540	STR_CO_Q5540	6	0	1	4095	0	9	9	0	105184	0	0	0	1	1	0	102121	105185	0	0	0	0
6000	STR_WS_Q6000	6	0	2	4095	0	9	9	0	104694	0	0	0	1	0	0	103517	105186	0	0	0	0
6001	STR_WS_Q6001	6	0	2	4095	0	9	9	0	104696	0	0	0	1	0	0	103517	105187	0	0	0	0
6002	STR_WS_Q6002	6	0	2	4095	0	9	9	0	104698	0	0	0	1	0	0	103517	105188	0	0	0	0
6003	STR_WS_Q6003	6	0	2	4095	0	9	9	0	104700	0	0	0	1	0	0	103517	105189	0	0	0	0
6004	STR_WS_Q6004	6	0	2	4095	0	9	9	0	104702	0	0	0	1	0	0	103517	105190	0	0	0	0
6005	STR_WS_Q6005	6	0	2	4095	0	9	9	0	104704	0	0	0	1	0	0	103517	105191	0	0	0	0
6006	STR_WS_Q6006	6	0	2	4095	0	9	9	0	104706	0	0	0	1	0	0	103517	105192	0	0	0	0
6007	STR_WS_Q6007	6	0	2	4095	0	9	9	0	104708	0	0	0	1	0	0	103517	105193	0	0	0	0
6008	STR_WS_Q6008	6	0	2	4095	0	9	9	0	104710	0	0	0	1	0	0	103517	105194	0	0	0	0
6009	STR_WS_Q6009	6	0	2	4095	0	9	9	0	104712	0	0	0	1	0	0	103517	105195	0	0	0	0
6010	STR_WS_Q6010	6	0	2	4095	0	9	9	0	104714	0	0	0	1	0	0	103517	105196	0	0	0	0
6011	STR_WS_Q6011	6	0	2	4095	0	9	9	0	104716	0	0	0	1	0	0	103517	105197	0	0	0	0
6012	STR_WS_Q6012	6	0	2	4095	0	9	9	0	104718	0	0	0	1	0	0	103517	105198	0	0	0	0
6013	STR_WS_Q6013	6	0	2	4095	0	9	9	0	104720	0	0	0	1	0	0	103517	105199	0	0	0	0
6014	STR_WS_Q6014	6	0	2	4095	0	9	9	0	104722	0	0	0	1	0	0	103517	105200	0	0	0	0
6015	STR_WS_Q6015	6	0	2	4095	0	9	9	0	104724	0	0	0	1	0	0	103517	105201	0	0	0	0
6016	STR_WS_Q6016	6	0	2	4095	0	9	9	0	104726	0	0	0	1	0	0	103517	105202	0	0	0	0
6017	STR_WS_Q6017	6	0	2	4095	0	9	9	0	104728	0	0	0	1	0	0	103517	105203	0	0	0	0
6018	STR_WS_Q6018	6	0	2	4095	0	9	9	0	104730	0	0	0	1	0	0	103517	105204	0	0	0	0
6019	STR_WS_Q6019	6	0	2	4095	0	9	9	0	104732	0	0	0	1	0	0	103517	105205	0	0	0	0
6020	STR_WS_Q6020	6	0	2	4095	0	9	9	0	104734	0	0	0	1	0	0	103517	105206	0	0	0	0
6021	STR_WS_Q6021	6	0	2	4095	0	9	9	0	104736	0	0	0	1	0	0	103517	105207	0	0	0	0
6022	STR_WS_Q6022	6	0	2	4095	0	9	9	0	104738	0	0	0	1	0	0	103517	105208	0	0	0	0
6023	STR_WS_Q6023	6	0	2	4095	0	9	9	0	104740	0	0	0	1	0	0	103517	105209	0	0	0	0
6024	STR_WS_Q6024	6	0	2	4095	0	9	9	0	104742	0	0	0	1	0	0	103517	105210	0	0	0	0
6025	STR_WS_Q6025	6	0	2	4095	0	9	9	0	104744	0	0	0	1	0	0	103517	105211	0	0	0	0
6026	STR_WS_Q6026	6	0	2	4095	0	9	9	0	104746	0	0	0	1	0	0	103517	105212	0	0	0	0
6027	STR_WS_Q6027	6	0	2	4095	0	9	9	0	104748	0	0	0	1	0	0	103517	105213	0	0	0	0
6028	STR_WS_Q6028	6	0	2	4095	0	9	9	0	104750	0	0	0	1	0	0	103517	105214	0	0	0	0
6029	STR_WS_Q6029	6	0	2	4095	0	9	9	0	104752	0	0	0	1	0	0	103517	105215	0	0	0	0
6030	STR_WS_Q6030	6	0	2	4095	0	9	9	0	104754	0	0	0	1	0	0	103517	105216	0	0	0	0
6031	STR_WS_Q6031	6	0	2	4095	0	9	9	0	104756	0	0	0	1	0	0	103517	105217	0	0	0	0
6032	STR_WS_Q6032	6	0	2	4095	0	9	9	0	104758	0	0	0	1	0	0	103517	105218	0	0	0	0
6033	STR_WS_Q6033	6	0	2	4095	0	9	9	0	104760	0	0	0	1	0	0	103517	105219	0	0	0	0
6034	STR_WS_Q6034	6	0	2	4095	0	9	9	0	104762	0	0	0	1	0	0	103517	105220	0	0	0	0
6035	STR_WS_Q6035	6	0	2	4095	0	9	9	0	104764	0	0	0	1	0	0	103517	105221	0	0	0	0
6036	STR_WS_Q6036	6	0	2	4095	0	9	9	0	104766	0	0	0	1	0	0	103517	105222	0	0	0	0
6037	STR_WS_Q6037	6	0	2	4095	0	9	9	0	104768	0	0	0	1	0	0	103517	105223	0	0	0	0
6038	STR_WS_Q6038	6	0	2	4095	0	9	9	0	104770	0	0	0	1	0	0	103517	105224	0	0	0	0
6039	STR_WS_Q6039	6	0	2	4095	0	9	9	0	104772	0	0	0	1	0	0	103517	105225	0	0	0	0
6040	STR_WS_Q6040	6	0	2	4095	0	9	9	0	104774	0	0	0	1	1	0	103517	105226	0	0	0	0
6100	STR_AS_Q6100	6	0	2	4095	0	9	9	0	104776	0	0	0	1	0	0	103519	105227	0	0	0	0
6101	STR_AS_Q6101	6	0	2	4095	0	9	9	0	104778	0	0	0	1	0	0	103519	105228	0	0	0	0
6102	STR_AS_Q6102	6	0	2	4095	0	9	9	0	104780	0	0	0	1	0	0	103519	105229	0	0	0	0
6103	STR_AS_Q6103	6	0	2	4095	0	9	9	0	104782	0	0	0	1	0	0	103519	105230	0	0	0	0
6104	STR_AS_Q6104	6	0	2	4095	0	9	9	0	104784	0	0	0	1	0	0	103519	105231	0	0	0	0
6105	STR_AS_Q6105	6	0	2	4095	0	9	9	0	104786	0	0	0	1	0	0	103519	105232	0	0	0	0
6106	STR_AS_Q6106	6	0	2	4095	0	9	9	0	104788	0	0	0	1	0	0	103519	105233	0	0	0	0
6107	STR_AS_Q6107	6	0	2	4095	0	9	9	0	104790	0	0	0	1	0	0	103519	105234	0	0	0	0
6108	STR_AS_Q6108	6	0	2	4095	0	9	9	0	104792	0	0	0	1	0	0	103519	105235	0	0	0	0
6109	STR_AS_Q6109	6	0	2	4095	0	9	9	0	104794	0	0	0	1	0	0	103519	105236	0	0	0	0
6110	STR_AS_Q6110	6	0	2	4095	0	9	9	0	104796	0	0	0	1	0	0	103519	105237	0	0	0	0
6111	STR_AS_Q6111	6	0	2	4095	0	9	9	0	104798	0	0	0	1	0	0	103519	105238	0	0	0	0
6112	STR_AS_Q6112	6	0	2	4095	0	9	9	0	104800	0	0	0	1	0	0	103519	105239	0	0	0	0
6113	STR_AS_Q6113	6	0	2	4095	0	9	9	0	104802	0	0	0	1	0	0	103519	105240	0	0	0	0
6114	STR_AS_Q6114	6	0	2	4095	0	9	9	0	104804	0	0	0	1	0	0	103519	105241	0	0	0	0
6115	STR_AS_Q6115	6	0	2	4095	0	9	9	0	104806	0	0	0	1	0	0	103519	105242	0	0	0	0
6116	STR_AS_Q6116	6	0	2	4095	0	9	9	0	104808	0	0	0	1	0	0	103519	105243	0	0	0	0
6117	STR_AS_Q6117	6	0	2	4095	0	9	9	0	104810	0	0	0	1	0	0	103519	105244	0	0	0	0
6118	STR_AS_Q6118	6	0	2	4095	0	9	9	0	104812	0	0	0	1	0	0	103519	105245	0	0	0	0
6119	STR_AS_Q6119	6	0	2	4095	0	9	9	0	104814	0	0	0	1	0	0	103519	105246	0	0	0	0
6120	STR_AS_Q6120	6	0	2	4095	0	9	9	0	104816	0	0	0	1	0	0	103519	105247	0	0	0	0
6121	STR_AS_Q6121	6	0	2	4095	0	9	9	0	104818	0	0	0	1	0	0	103519	105248	0	0	0	0
6122	STR_AS_Q6122	6	0	2	4095	0	9	9	0	104820	0	0	0	1	0	0	103519	105249	0	0	0	0
6123	STR_AS_Q6123	6	0	2	4095	0	9	9	0	104822	0	0	0	1	0	0	103519	105250	0	0	0	0
6124	STR_AS_Q6124	6	0	2	4095	0	9	9	0	104824	0	0	0	1	0	0	103519	105251	0	0	0	0
6125	STR_AS_Q6125	6	0	2	4095	0	9	9	0	104826	0	0	0	1	0	0	103519	105252	0	0	0	0
6126	STR_AS_Q6126	6	0	2	4095	0	9	9	0	104828	0	0	0	1	0	0	103519	105253	0	0	0	0
6127	STR_AS_Q6127	6	0	2	4095	0	9	9	0	104830	0	0	0	1	0	0	103519	105254	0	0	0	0
6128	STR_AS_Q6128	6	0	2	4095	0	9	9	0	104832	0	0	0	1	0	0	103519	105255	0	0	0	0
6129	STR_AS_Q6129	6	0	2	4095	0	9	9	0	104834	0	0	0	1	0	0	103519	105256	0	0	0	0
6130	STR_AS_Q6130	6	0	2	4095	0	9	9	0	104836	0	0	0	1	0	0	103519	105257	0	0	0	0
6131	STR_AS_Q6131	6	0	2	4095	0	9	9	0	104838	0	0	0	1	0	0	103519	105258	0	0	0	0
6132	STR_AS_Q6132	6	0	2	4095	0	9	9	0	104840	0	0	0	1	0	0	103519	105259	0	0	0	0
6133	STR_AS_Q6133	6	0	2	4095	0	9	9	0	104842	0	0	0	1	0	0	103519	105260	0	0	0	0
6134	STR_AS_Q6134	6	0	2	4095	0	9	9	0	104844	0	0	0	1	0	0	103519	105261	0	0	0	0
6135	STR_AS_Q6135	6	0	2	4095	0	9	9	0	104846	0	0	0	1	0	0	103519	105262	0	0	0	0
6136	STR_AS_Q6136	6	0	2	4095	0	9	9	0	104848	0	0	0	1	0	0	103519	105263	0	0	0	0
6137	STR_AS_Q6137	6	0	2	4095	0	9	9	0	104850	0	0	0	1	0	0	103519	105264	0	0	0	0
6138	STR_AS_Q6138	6	0	2	4095	0	9	9	0	104852	0	0	0	1	0	0	103519	105265	0	0	0	0
6139	STR_AS_Q6139	6	0	2	4095	0	9	9	0	104854	0	0	0	1	0	0	103519	105266	0	0	0	0
6140	STR_AS_Q6140	6	0	2	4095	0	9	9	0	104856	0	0	0	1	1	0	103519	105267	0	0	0	0
6200	STR_TA_Q6200	6	0	2	4095	0	9	9	0	104858	0	0	0	1	0	0	103526	105268	0	0	0	0
6201	STR_TA_Q6201	6	0	2	4095	0	9	9	0	104860	0	0	0	1	0	0	103526	105269	0	0	0	0
6202	STR_TA_Q6202	6	0	2	4095	0	9	9	0	104862	0	0	0	1	0	0	103526	105270	0	0	0	0
6203	STR_TA_Q6203	6	0	2	4095	0	9	9	0	104864	0	0	0	1	0	0	103526	105271	0	0	0	0
6204	STR_TA_Q6204	6	0	2	4095	0	9	9	0	104866	0	0	0	1	0	0	103526	105272	0	0	0	0
6205	STR_TA_Q6205	6	0	2	4095	0	9	9	0	104868	0	0	0	1	0	0	103526	105273	0	0	0	0
6206	STR_TA_Q6206	6	0	2	4095	0	9	9	0	104870	0	0	0	1	0	0	103526	105274	0	0	0	0
6207	STR_TA_Q6207	6	0	2	4095	0	9	9	0	104872	0	0	0	1	0	0	103526	105275	0	0	0	0
6208	STR_TA_Q6208	6	0	2	4095	0	9	9	0	104874	0	0	0	1	0	0	103526	105276	0	0	0	0
6209	STR_TA_Q6209	6	0	2	4095	0	9	9	0	104876	0	0	0	1	0	0	103526	105277	0	0	0	0
6210	STR_TA_Q6210	6	0	2	4095	0	9	9	0	104878	0	0	0	1	0	0	103526	105278	0	0	0	0
6211	STR_TA_Q6211	6	0	2	4095	0	9	9	0	104880	0	0	0	1	0	0	103526	105279	0	0	0	0
6212	STR_TA_Q6212	6	0	2	4095	0	9	9	0	104882	0	0	0	1	0	0	103526	105280	0	0	0	0
6213	STR_TA_Q6213	6	0	2	4095	0	9	9	0	104884	0	0	0	1	0	0	103526	105281	0	0	0	0
6214	STR_TA_Q6214	6	0	2	4095	0	9	9	0	104886	0	0	0	1	0	0	103526	105282	0	0	0	0
6215	STR_TA_Q6215	6	0	2	4095	0	9	9	0	104888	0	0	0	1	0	0	103526	105283	0	0	0	0
6216	STR_TA_Q6216	6	0	2	4095	0	9	9	0	104890	0	0	0	1	0	0	103526	105284	0	0	0	0
6217	STR_TA_Q6217	6	0	2	4095	0	9	9	0	104892	0	0	0	1	0	0	103526	105285	0	0	0	0
6218	STR_TA_Q6218	6	0	2	4095	0	9	9	0	104894	0	0	0	1	0	0	103526	105286	0	0	0	0
6219	STR_TA_Q6219	6	0	2	4095	0	9	9	0	104896	0	0	0	1	0	0	103526	105287	0	0	0	0
6220	STR_TA_Q6220	6	0	2	4095	0	9	9	0	104898	0	0	0	1	0	0	103526	105288	0	0	0	0
6221	STR_TA_Q6221	6	0	2	4095	0	9	9	0	104900	0	0	0	1	0	0	103526	105289	0	0	0	0
6222	STR_TA_Q6222	6	0	2	4095	0	9	9	0	104902	0	0	0	1	0	0	103526	105290	0	0	0	0
6223	STR_TA_Q6223	6	0	2	4095	0	9	9	0	104904	0	0	0	1	0	0	103526	105291	0	0	0	0
6224	STR_TA_Q6224	6	0	2	4095	0	9	9	0	104906	0	0	0	1	0	0	103526	105292	0	0	0	0
6225	STR_TA_Q6225	6	0	2	4095	0	9	9	0	104908	0	0	0	1	0	0	103526	105293	0	0	0	0
6226	STR_TA_Q6226	6	0	2	4095	0	9	9	0	104910	0	0	0	1	0	0	103526	105294	0	0	0	0
6227	STR_TA_Q6227	6	0	2	4095	0	9	9	0	104912	0	0	0	1	0	0	103526	105295	0	0	0	0
6228	STR_TA_Q6228	6	0	2	4095	0	9	9	0	104914	0	0	0	1	0	0	103526	105296	0	0	0	0
6229	STR_TA_Q6229	6	0	2	4095	0	9	9	0	104916	0	0	0	1	0	0	103526	105297	0	0	0	0
6230	STR_TA_Q6230	6	0	2	4095	0	9	9	0	104918	0	0	0	1	0	0	103526	105298	0	0	0	0
6231	STR_TA_Q6231	6	0	2	4095	0	9	9	0	104920	0	0	0	1	0	0	103526	105299	0	0	0	0
6232	STR_TA_Q6232	6	0	2	4095	0	9	9	0	104922	0	0	0	1	0	0	103526	105300	0	0	0	0
6233	STR_TA_Q6233	6	0	2	4095	0	9	9	0	104924	0	0	0	1	0	0	103526	105301	0	0	0	0
6234	STR_TA_Q6234	6	0	2	4095	0	9	9	0	104926	0	0	0	1	0	0	103526	105302	0	0	0	0
6235	STR_TA_Q6235	6	0	2	4095	0	9	9	0	104928	0	0	0	1	0	0	103526	105303	0	0	0	0
6236	STR_TA_Q6236	6	0	2	4095	0	9	9	0	104930	0	0	0	1	0	0	103526	105304	0	0	0	0
6237	STR_TA_Q6237	6	0	2	4095	0	9	9	0	104932	0	0	0	1	0	0	103526	105305	0	0	0	0
6238	STR_TA_Q6238	6	0	2	4095	0	9	9	0	104934	0	0	0	1	0	0	103526	105306	0	0	0	0
6239	STR_TA_Q6239	6	0	2	4095	0	9	9	0	104936	0	0	0	1	0	0	103526	105307	0	0	0	0
6240	STR_TA_Q6240	6	0	2	4095	0	9	9	0	104938	0	0	0	1	1	0	103526	105308	0	0	0	0
6300	STR_HA_Q6300	6	0	2	4095	0	9	9	0	104940	0	0	0	1	0	0	103523	105309	0	0	0	0
6301	STR_HA_Q6301	6	0	2	4095	0	9	9	0	104942	0	0	0	1	0	0	103523	105310	0	0	0	0
6302	STR_HA_Q6302	6	0	2	4095	0	9	9	0	104944	0	0	0	1	0	0	103523	105311	0	0	0	0
6303	STR_HA_Q6303	6	0	2	4095	0	9	9	0	104946	0	0	0	1	0	0	103523	105312	0	0	0	0
6304	STR_HA_Q6304	6	0	2	4095	0	9	9	0	104948	0	0	0	1	0	0	103523	105313	0	0	0	0
6305	STR_HA_Q6305	6	0	2	4095	0	9	9	0	104950	0	0	0	1	0	0	103523	105314	0	0	0	0
6306	STR_HA_Q6306	6	0	2	4095	0	9	9	0	104952	0	0	0	1	0	0	103523	105315	0	0	0	0
6307	STR_HA_Q6307	6	0	2	4095	0	9	9	0	104954	0	0	0	1	0	0	103523	105316	0	0	0	0
6308	STR_HA_Q6308	6	0	2	4095	0	9	9	0	104956	0	0	0	1	0	0	103523	105317	0	0	0	0
6309	STR_HA_Q6309	6	0	2	4095	0	9	9	0	104958	0	0	0	1	0	0	103523	105318	0	0	0	0
6310	STR_HA_Q6310	6	0	2	4095	0	9	9	0	104960	0	0	0	1	0	0	103523	105319	0	0	0	0
6311	STR_HA_Q6311	6	0	2	4095	0	9	9	0	104962	0	0	0	1	0	0	103523	105320	0	0	0	0
6312	STR_HA_Q6312	6	0	2	4095	0	9	9	0	104964	0	0	0	1	0	0	103523	105321	0	0	0	0
6313	STR_HA_Q6313	6	0	2	4095	0	9	9	0	104966	0	0	0	1	0	0	103523	105322	0	0	0	0
6314	STR_HA_Q6314	6	0	2	4095	0	9	9	0	104968	0	0	0	1	0	0	103523	105323	0	0	0	0
6315	STR_HA_Q6315	6	0	2	4095	0	9	9	0	104970	0	0	0	1	0	0	103523	105324	0	0	0	0
6316	STR_HA_Q6316	6	0	2	4095	0	9	9	0	104972	0	0	0	1	0	0	103523	105325	0	0	0	0
6317	STR_HA_Q6317	6	0	2	4095	0	9	9	0	104974	0	0	0	1	0	0	103523	105326	0	0	0	0
6318	STR_HA_Q6318	6	0	2	4095	0	9	9	0	104976	0	0	0	1	0	0	103523	105327	0	0	0	0
6319	STR_HA_Q6319	6	0	2	4095	0	9	9	0	104978	0	0	0	1	0	0	103523	105328	0	0	0	0
6320	STR_HA_Q6320	6	0	2	4095	0	9	9	0	104980	0	0	0	1	0	0	103523	105329	0	0	0	0
6321	STR_HA_Q6321	6	0	2	4095	0	9	9	0	104982	0	0	0	1	0	0	103523	105330	0	0	0	0
6322	STR_HA_Q6322	6	0	2	4095	0	9	9	0	104984	0	0	0	1	0	0	103523	105331	0	0	0	0
6323	STR_HA_Q6323	6	0	2	4095	0	9	9	0	104986	0	0	0	1	0	0	103523	105332	0	0	0	0
6324	STR_HA_Q6324	6	0	2	4095	0	9	9	0	104988	0	0	0	1	0	0	103523	105333	0	0	0	0
6325	STR_HA_Q6325	6	0	2	4095	0	9	9	0	104990	0	0	0	1	0	0	103523	105334	0	0	0	0
6326	STR_HA_Q6326	6	0	2	4095	0	9	9	0	104992	0	0	0	1	0	0	103523	105335	0	0	0	0
6327	STR_HA_Q6327	6	0	2	4095	0	9	9	0	104994	0	0	0	1	0	0	103523	105336	0	0	0	0
6328	STR_HA_Q6328	6	0	2	4095	0	9	9	0	104996	0	0	0	1	0	0	103523	105337	0	0	0	0
6329	STR_HA_Q6329	6	0	2	4095	0	9	9	0	104998	0	0	0	1	0	0	103523	105338	0	0	0	0
6330	STR_HA_Q6330	6	0	2	4095	0	9	9	0	105000	0	0	0	1	0	0	103523	105339	0	0	0	0
6331	STR_HA_Q6331	6	0	2	4095	0	9	9	0	105002	0	0	0	1	0	0	103523	105340	0	0	0	0
6332	STR_HA_Q6332	6	0	2	4095	0	9	9	0	105004	0	0	0	1	0	0	103523	105341	0	0	0	0
6333	STR_HA_Q6333	6	0	2	4095	0	9	9	0	105006	0	0	0	1	0	0	103523	105342	0	0	0	0
6334	STR_HA_Q6334	6	0	2	4095	0	9	9	0	105008	0	0	0	1	0	0	103523	105343	0	0	0	0
6335	STR_HA_Q6335	6	0	2	4095	0	9	9	0	105010	0	0	0	1	0	0	103523	105344	0	0	0	0
6336	STR_HA_Q6336	6	0	2	4095	0	9	9	0	105012	0	0	0	1	0	0	103523	105345	0	0	0	0
6337	STR_HA_Q6337	6	0	2	4095	0	9	9	0	105014	0	0	0	1	0	0	103523	105346	0	0	0	0
6338	STR_HA_Q6338	6	0	2	4095	0	9	9	0	105016	0	0	0	1	0	0	103523	105347	0	0	0	0
6339	STR_HA_Q6339	6	0	2	4095	0	9	9	0	105018	0	0	0	1	0	0	103523	105348	0	0	0	0
6340	STR_HA_Q6340	6	0	2	4095	0	9	9	0	105020	0	0	0	1	1	0	103523	105349	0	0	0	0
6400	STR_AL_Q6400	6	0	2	4095	0	9	9	0	105022	0	0	0	1	0	0	103030	105350	0	0	0	0
6401	STR_AL_Q6401	6	0	2	4095	0	9	9	0	105024	0	0	0	1	0	0	103030	105351	0	0	0	0
6402	STR_AL_Q6402	6	0	2	4095	0	9	9	0	105026	0	0	0	1	0	0	103030	105352	0	0	0	0
6403	STR_AL_Q6403	6	0	2	4095	0	9	9	0	105028	0	0	0	1	0	0	103030	105353	0	0	0	0
6404	STR_AL_Q6404	6	0	2	4095	0	9	9	0	105030	0	0	0	1	0	0	103030	105354	0	0	0	0
6405	STR_AL_Q6405	6	0	2	4095	0	9	9	0	105032	0	0	0	1	0	0	103030	105355	0	0	0	0
6406	STR_AL_Q6406	6	0	2	4095	0	9	9	0	105034	0	0	0	1	0	0	103030	105356	0	0	0	0
6407	STR_AL_Q6407	6	0	2	4095	0	9	9	0	105036	0	0	0	1	0	0	103030	105357	0	0	0	0
6408	STR_AL_Q6408	6	0	2	4095	0	9	9	0	105038	0	0	0	1	0	0	103030	105358	0	0	0	0
6409	STR_AL_Q6409	6	0	2	4095	0	9	9	0	105040	0	0	0	1	0	0	103030	105359	0	0	0	0
6410	STR_AL_Q6410	6	0	2	4095	0	9	9	0	105042	0	0	0	1	0	0	103030	105360	0	0	0	0
6411	STR_AL_Q6411	6	0	2	4095	0	9	9	0	105044	0	0	0	1	0	0	103030	105361	0	0	0	0
6412	STR_AL_Q6412	6	0	2	4095	0	9	9	0	105046	0	0	0	1	0	0	103030	105362	0	0	0	0
6413	STR_AL_Q6413	6	0	2	4095	0	9	9	0	105048	0	0	0	1	0	0	103030	105363	0	0	0	0
6414	STR_AL_Q6414	6	0	2	4095	0	9	9	0	105050	0	0	0	1	0	0	103030	105364	0	0	0	0
6415	STR_AL_Q6415	6	0	2	4095	0	9	9	0	105052	0	0	0	1	0	0	103030	105365	0	0	0	0
6416	STR_AL_Q6416	6	0	2	4095	0	9	9	0	105054	0	0	0	1	0	0	103030	105366	0	0	0	0
6417	STR_AL_Q6417	6	0	2	4095	0	9	9	0	105056	0	0	0	1	0	0	103030	105367	0	0	0	0
6418	STR_AL_Q6418	6	0	2	4095	0	9	9	0	105058	0	0	0	1	0	0	103030	105368	0	0	0	0
6419	STR_AL_Q6419	6	0	2	4095	0	9	9	0	105060	0	0	0	1	0	0	103030	105369	0	0	0	0
6420	STR_AL_Q6420	6	0	2	4095	0	9	9	0	105062	0	0	0	1	0	0	103030	105370	0	0	0	0
6421	STR_AL_Q6421	6	0	2	4095	0	9	9	0	105064	0	0	0	1	0	0	103030	105371	0	0	0	0
6422	STR_AL_Q6422	6	0	2	4095	0	9	9	0	105066	0	0	0	1	0	0	103030	105372	0	0	0	0
6423	STR_AL_Q6423	6	0	2	4095	0	9	9	0	105068	0	0	0	1	0	0	103030	105373	0	0	0	0
6424	STR_AL_Q6424	6	0	2	4095	0	9	9	0	105070	0	0	0	1	0	0	103030	105374	0	0	0	0
6425	STR_AL_Q6425	6	0	2	4095	0	9	9	0	105072	0	0	0	1	0	0	103030	105375	0	0	0	0
6426	STR_AL_Q6426	6	0	2	4095	0	9	9	0	105074	0	0	0	1	0	0	103030	105376	0	0	0	0
6427	STR_AL_Q6427	6	0	2	4095	0	9	9	0	105076	0	0	0	1	0	0	103030	105377	0	0	0	0
6428	STR_AL_Q6428	6	0	2	4095	0	9	9	0	105078	0	0	0	1	0	0	103030	105378	0	0	0	0
6429	STR_AL_Q6429	6	0	2	4095	0	9	9	0	105080	0	0	0	1	0	0	103030	105379	0	0	0	0
6430	STR_AL_Q6430	6	0	2	4095	0	9	9	0	105082	0	0	0	1	0	0	103030	105380	0	0	0	0
6431	STR_AL_Q6431	6	0	2	4095	0	9	9	0	105084	0	0	0	1	0	0	103030	105381	0	0	0	0
6432	STR_AL_Q6432	6	0	2	4095	0	9	9	0	105086	0	0	0	1	0	0	103030	105382	0	0	0	0
6433	STR_AL_Q6433	6	0	2	4095	0	9	9	0	105088	0	0	0	1	0	0	103030	105383	0	0	0	0
6434	STR_AL_Q6434	6	0	2	4095	0	9	9	0	105090	0	0	0	1	0	0	103030	105384	0	0	0	0
6435	STR_AL_Q6435	6	0	2	4095	0	9	9	0	105092	0	0	0	1	0	0	103030	105385	0	0	0	0
6436	STR_AL_Q6436	6	0	2	4095	0	9	9	0	105094	0	0	0	1	0	0	103030	105386	0	0	0	0
6437	STR_AL_Q6437	6	0	2	4095	0	9	9	0	105096	0	0	0	1	0	0	103030	105387	0	0	0	0
6438	STR_AL_Q6438	6	0	2	4095	0	9	9	0	105098	0	0	0	1	0	0	103030	105388	0	0	0	0
6439	STR_AL_Q6439	6	0	2	4095	0	9	9	0	105100	0	0	0	1	0	0	103030	105389	0	0	0	0
6440	STR_AL_Q6440	6	0	2	4095	0	9	9	0	105102	0	0	0	1	1	0	103030	105390	0	0	0	0
6500	STR_CO_Q6500	6	0	2	4095	0	9	9	0	105104	0	0	0	1	0	0	103521	105391	0	0	0	0
6501	STR_CO_Q6501	6	0	2	4095	0	9	9	0	105106	0	0	0	1	0	0	103521	105392	0	0	0	0
6502	STR_CO_Q6502	6	0	2	4095	0	9	9	0	105108	0	0	0	1	0	0	103521	105393	0	0	0	0
6503	STR_CO_Q6503	6	0	2	4095	0	9	9	0	105110	0	0	0	1	0	0	103521	105394	0	0	0	0
6504	STR_CO_Q6504	6	0	2	4095	0	9	9	0	105112	0	0	0	1	0	0	103521	105395	0	0	0	0
6505	STR_CO_Q6505	6	0	2	4095	0	9	9	0	105114	0	0	0	1	0	0	103521	105396	0	0	0	0
6506	STR_CO_Q6506	6	0	2	4095	0	9	9	0	105116	0	0	0	1	0	0	103521	105397	0	0	0	0
6507	STR_CO_Q6507	6	0	2	4095	0	9	9	0	105118	0	0	0	1	0	0	103521	105398	0	0	0	0
6508	STR_CO_Q6508	6	0	2	4095	0	9	9	0	105120	0	0	0	1	0	0	103521	105399	0	0	0	0
6509	STR_CO_Q6509	6	0	2	4095	0	9	9	0	105122	0	0	0	1	0	0	103521	105400	0	0	0	0
6510	STR_CO_Q6510	6	0	2	4095	0	9	9	0	105124	0	0	0	1	0	0	103521	105401	0	0	0	0
6511	STR_CO_Q6511	6	0	2	4095	0	9	9	0	105126	0	0	0	1	0	0	103521	105402	0	0	0	0
6512	STR_CO_Q6512	6	0	2	4095	0	9	9	0	105128	0	0	0	1	0	0	103521	105403	0	0	0	0
6513	STR_CO_Q6513	6	0	2	4095	0	9	9	0	105130	0	0	0	1	0	0	103521	105404	0	0	0	0
6514	STR_CO_Q6514	6	0	2	4095	0	9	9	0	105132	0	0	0	1	0	0	103521	105405	0	0	0	0
6515	STR_CO_Q6515	6	0	2	4095	0	9	9	0	105134	0	0	0	1	0	0	103521	105406	0	0	0	0
6516	STR_CO_Q6516	6	0	2	4095	0	9	9	0	105136	0	0	0	1	0	0	103521	105407	0	0	0	0
6517	STR_CO_Q6517	6	0	2	4095	0	9	9	0	105138	0	0	0	1	0	0	103521	105408	0	0	0	0
6518	STR_CO_Q6518	6	0	2	4095	0	9	9	0	105140	0	0	0	1	0	0	103521	105409	0	0	0	0
6519	STR_CO_Q6519	6	0	2	4095	0	9	9	0	105142	0	0	0	1	0	0	103521	105410	0	0	0	0
6520	STR_CO_Q6520	6	0	2	4095	0	9	9	0	105144	0	0	0	1	0	0	103521	105411	0	0	0	0
6521	STR_CO_Q6521	6	0	2	4095	0	9	9	0	105146	0	0	0	1	0	0	103521	105412	0	0	0	0
6522	STR_CO_Q6522	6	0	2	4095	0	9	9	0	105148	0	0	0	1	0	0	103521	105413	0	0	0	0
6523	STR_CO_Q6523	6	0	2	4095	0	9	9	0	105150	0	0	0	1	0	0	103521	105414	0	0	0	0
6524	STR_CO_Q6524	6	0	2	4095	0	9	9	0	105152	0	0	0	1	0	0	103521	105415	0	0	0	0
6525	STR_CO_Q6525	6	0	2	4095	0	9	9	0	105154	0	0	0	1	0	0	103521	105416	0	0	0	0
6526	STR_CO_Q6526	6	0	2	4095	0	9	9	0	105156	0	0	0	1	0	0	103521	105417	0	0	0	0
6527	STR_CO_Q6527	6	0	2	4095	0	9	9	0	105158	0	0	0	1	0	0	103521	105418	0	0	0	0
6528	STR_CO_Q6528	6	0	2	4095	0	9	9	0	105160	0	0	0	1	0	0	103521	105419	0	0	0	0
6529	STR_CO_Q6529	6	0	2	4095	0	9	9	0	105162	0	0	0	1	0	0	103521	105420	0	0	0	0
6530	STR_CO_Q6530	6	0	2	4095	0	9	9	0	105164	0	0	0	1	0	0	103521	105421	0	0	0	0
6531	STR_CO_Q6531	6	0	2	4095	0	9	9	0	105166	0	0	0	1	0	0	103521	105422	0	0	0	0
6532	STR_CO_Q6532	6	0	2	4095	0	9	9	0	105168	0	0	0	1	0	0	103521	105423	0	0	0	0
6533	STR_CO_Q6533	6	0	2	4095	0	9	9	0	105170	0	0	0	1	0	0	103521	105424	0	0	0	0
6534	STR_CO_Q6534	6	0	2	4095	0	9	9	0	105172	0	0	0	1	0	0	103521	105425	0	0	0	0
6535	STR_CO_Q6535	6	0	2	4095	0	9	9	0	105174	0	0	0	1	0	0	103521	105426	0	0	0	0
6536	STR_CO_Q6536	6	0	2	4095	0	9	9	0	105176	0	0	0	1	0	0	103521	105427	0	0	0	0
6537	STR_CO_Q6537	6	0	2	4095	0	9	9	0	105178	0	0	0	1	0	0	103521	105428	0	0	0	0
6538	STR_CO_Q6538	6	0	2	4095	0	9	9	0	105180	0	0	0	1	0	0	103521	105429	0	0	0	0
6539	STR_CO_Q6539	6	0	2	4095	0	9	9	0	105182	0	0	0	1	0	0	103521	105430	0	0	0	0
6540	STR_CO_Q6540	6	0	2	4095	0	9	9	0	105184	0	0	0	1	1	0	103521	105431	0	0	0	0
9510	STR_QUEST_NAME_Q9510	5	STR_QUEST_ZONE19	3	4095	0	99	1	0	0	0	0	1	1	1	0	105432	100911	0	0	0	0
9521	STR_QUEST_NAME_Q0001	4	STR_QUEST_ZONE51	3	4095	0	1	1	0	0	0	0	1	1	0	0	105433	100911	0	0	0	0
9522	STR_QUEST_NAME_Q0001	4	STR_QUEST_ZONE51	3	4095	0	1	1	0	0	0	0	1	1	0	0	105433	100911	0	0	0	0
9523	STR_QUEST_NAME_Q0001	4	STR_QUEST_ZONE51	3	4095	0	1	1	0	0	0	0	1	1	0	0	105433	100911	0	0	0	0
9524	STR_QUEST_NAME_Q0001	4	STR_QUEST_ZONE51	3	4095	0	1	1	0	0	0	0	1	1	0	0	105433	100911	0	0	0	0
9525	STR_QUEST_NAME_Q0001	4	STR_QUEST_ZONE51	3	4095	0	1	1	0	0	0	0	1	1	0	0	105433	100911	0	0	0	0
9526	STR_QUEST_NAME_Q0001	4	STR_QUEST_ZONE51	3	4095	0	1	1	0	0	0	0	1	1	0	0	105433	100911	0	0	0	0
9527	STR_QUEST_NAME_Q0001	4	STR_QUEST_ZONE51	3	4095	0	1	1	0	0	0	0	1	1	0	0	105433	100911	0	0	0	0
9528	STR_QUEST_NAME_Q0001	4	STR_QUEST_ZONE51	3	4095	0	1	1	0	0	0	0	1	1	0	0	105433	100911	0	0	0	0
9529	STR_QUEST_NAME_Q0001	4	STR_QUEST_ZONE51	3	4095	0	1	1	0	0	0	0	1	1	0	0	105433	100911	0	0	0	0
9530	STR_QUEST_NAME_Q0001	4	STR_QUEST_ZONE51	3	4095	0	1	1	0	0	0	0	1	1	0	0	105433	100911	0	0	0	0
9540	STR_QUEST_NAME_Q0001	4	STR_QUEST_ZONE51	3	4095	0	1	1	0	0	0	0	1	1	0	0	105433	100911	0	0	0	0
9541	STR_QUEST_NAME_Q0001	4	STR_QUEST_ZONE51	3	4095	0	1	1	0	0	0	0	1	1	0	0	105433	100911	0	0	0	0
9542	STR_QUEST_NAME_Q0001	4	STR_QUEST_ZONE51	3	4095	0	1	1	0	0	0	0	1	1	0	0	105433	100911	0	0	0	0
9543	STR_QUEST_NAME_Q0001	4	STR_QUEST_ZONE51	3	4095	0	1	1	0	0	0	0	1	1	0	0	105433	100911	0	0	0	0
9544	STR_QUEST_NAME_Q0001	4	STR_QUEST_ZONE51	3	4095	0	1	1	0	0	0	0	1	1	0	0	105433	100911	0	0	0	0
9545	STR_QUEST_NAME_Q0001	4	STR_QUEST_ZONE51	3	4095	0	1	1	0	0	0	0	1	1	0	0	105433	100911	0	0	0	0
9548	STR_QUEST_NAME_Q9548	5	STR_QUEST_ZONE19	1	4095	0	10	10	0	0	0	0	0	1	0	0	105434	105435	0	0	0	0
9549	STR_QUEST_NAME_Q9549	5	STR_QUEST_ZONE19	1	4095	0	10	10	0	0	0	0	0	1	0	0	105434	105436	0	0	0	0
9550	STR_QUEST_NAME_Q9550	5	STR_QUEST_ZONE19	1	4095	0	10	10	0	0	0	0	0	1	1	0	105437	105438	0	0	0	0
9551	STR_QUEST_NAME_Q9551	5	STR_QUEST_ZONE20	2	4095	0	10	10	0	0	0	0	0	1	0	0	105439	105440	0	0	0	0
9552	STR_QUEST_NAME_Q9552	5	STR_QUEST_ZONE20	2	4095	0	10	10	0	0	0	0	0	1	0	0	105439	105441	0	0	0	0
9553	STR_QUEST_NAME_Q9553	5	STR_QUEST_ZONE20	2	4095	0	10	10	0	0	0	0	0	1	1	0	105442	105443	0	0	0	0
9554	STR_QUEST_NAME_Q9554	5	STR_QUEST_ZONE02	1	4095	1	10	10	0	0	0	0	0	1	0	0	0	105444	105445	105446	0	0
9555	STR_QUEST_NAME_Q9555	5	STR_QUEST_ZONE02	1	4095	2	10	10	0	0	0	0	0	1	0	0	0	105444	105445	105446	0	0
9556	STR_QUEST_NAME_Q9556	5	STR_QUEST_ZONE06	2	4095	1	10	10	0	0	0	0	0	1	0	0	0	105444	105445	105446	0	0
9557	STR_QUEST_NAME_Q9557	5	STR_QUEST_ZONE06	2	4095	2	10	10	0	0	0	0	0	1	0	0	0	105444	105445	105446	0	0
9558	STR_QUEST_NAME_Q9558	7	STR_QUEST_ZONE19	1	4095	0	10	10	0	0	0	0	0	1	1	0	105447	105448	0	0	0	0
9559	STR_QUEST_NAME_Q9559	7	STR_QUEST_ZONE20	2	4095	0	10	10	0	0	0	0	0	1	1	0	105447	105448	0	0	0	0
9600	STR_QUEST_NAME_Q9600	5	STR_QUEST_ZONE51	1	4095	0	10	10	0	0	0	0	1	1	0	1	105447	105449	0	0	0	0
9601	STR_QUEST_NAME_Q9601	5	STR_QUEST_ZONE51	1	4095	0	10	10	0	0	0	0	1	1	0	2	105447	105450	0	0	0	0
9602	STR_QUEST_NAME_Q9602	5	STR_QUEST_ZONE51	1	4095	0	10	10	0	0	0	0	1	1	0	2	105447	105451	0	0	0	0
9603	STR_QUEST_NAME_Q9603	5	STR_QUEST_ZONE51	1	4095	0	10	10	0	0	0	0	1	1	0	2	105447	105452	0	0	0	0
9604	STR_QUEST_NAME_Q9604	5	STR_QUEST_ZONE51	1	4095	0	10	10	0	0	0	0	1	1	0	2	105447	105453	0	0	0	0
9605	STR_QUEST_NAME_Q9605	5	STR_QUEST_ZONE51	1	4095	0	10	10	0	0	0	0	1	1	0	2	105447	105454	0	0	0	0
9606	STR_QUEST_NAME_Q9606	5	STR_QUEST_ZONE51	1	4095	0	10	10	0	0	0	0	1	1	0	2	105447	105455	0	0	0	0
9607	STR_QUEST_NAME_Q9607	5	STR_QUEST_ZONE51	1	4095	0	10	10	0	0	0	0	1	1	0	2	105447	105456	0	0	0	0
9608	STR_QUEST_NAME_Q9608	5	STR_QUEST_ZONE51	1	4095	0	10	10	0	0	0	0	1	1	0	0	105447	105457	0	0	0	0
9609	STR_QUEST_NAME_Q9609	5	STR_QUEST_ZONE51	1	4095	0	10	10	0	0	0	0	1	1	0	0	105447	105458	0	0	0	0
9610	STR_QUEST_NAME_Q9610	5	STR_QUEST_ZONE51	1	4095	0	10	10	0	0	0	0	1	1	0	0	105447	105459	0	0	0	0
9611	STR_QUEST_NAME_Q9611	5	STR_QUEST_ZONE51	1	4095	0	10	10	0	0	0	0	1	1	0	0	105447	105460	0	0	0	0
9612	STR_QUEST_NAME_Q9612	5	STR_QUEST_ZONE01	1	4095	0	1	1	0	0	0	0	1	1	0	0	0	105461	0	0	0	0
9613	STR_QUEST_NAME_Q9613	5	STR_QUEST_ZONE01	1	4095	0	1	1	0	0	0	0	1	1	0	0	0	105462	0	0	0	0
9614	STR_QUEST_NAME_Q9614	5	STR_QUEST_ZONE01	1	4095	0	1	1	0	0	0	0	1	1	0	0	0	105463	0	0	0	0
9615	STR_QUEST_NAME_Q9615	5	STR_QUEST_ZONE51	3	4095	0	1	1	0	0	0	0	1	1	0	0	0	0	0	0	0	0
9616	STR_QUEST_NAME_Q9616	5	STR_QUEST_ZONE51	3	4095	0	1	1	0	0	0	0	1	1	0	0	105464	105465	0	0	0	0
9617	STR_QUEST_NAME_Q9617	5	STR_QUEST_ZONE51	3	4095	0	1	1	0	0	0	0	1	1	0	0	105464	105466	105467	105467	105467	0
9618	STR_QUEST_NAME_Q9618	5	STR_QUEST_ZONE51	3	4095	0	1	1	0	0	0	0	1	1	5	0	105464	105468	0	0	0	105469
9619	STR_QUEST_NAME_Q9619	5	STR_QUEST_ZONE51	3	4095	0	1	1	0	0	0	0	1	1	5	0	105464	105470	105467	105467	105467	0
9620	STR_QUEST_NAME_Q9620	5	STR_QUEST_ZONE51	3	4095	0	1	1	0	0	0	0	1	1	0	0	105433	105471	0	0	0	0
9621	STR_QUEST_NAME_Q9621	5	STR_QUEST_ZONE51	3	4095	0	1	1	0	0	0	0	1	1	0	0	105433	105472	0	0	0	0
9622	STR_QUEST_NAME_Q9622	5	STR_QUEST_ZONE51	3	4095	0	1	1	0	0	0	0	1	1	0	0	0	105473	0	0	0	0
9623	STR_QUEST_NAME_Q9623	5	STR_QUEST_ZONE51	3	4095	0	1	1	0	0	0	0	1	1	0	0	0	105474	0	0	0	0
10000	STR_QUEST_NAME_Q10000	0	STR_QUEST_ZONE34	1	4095	0	50	50	0	0	0	0	0	0	1	0	100918	105475	0	0	0	0
10001	STR_QUEST_NAME_Q10001	0	STR_QUEST_ZONE34	1	4095	0	50	50	105476	0	0	0	0	0	1	0	100918	105477	0	0	0	0
10020	STR_QUEST_NAME_Q10020	0	STR_QUEST_ZONE35	1	4095	0	50	51	105478	0	0	0	0	0	1	0	0	105479	0	0	0	0
10021	STR_QUEST_NAME_Q10021	0	STR_QUEST_ZONE35	1	4095	0	51	52	105480	0	0	0	0	0	1	0	0	105481	0	0	0	0
10022	STR_QUEST_NAME_Q10022	0	STR_QUEST_ZONE35	1	4095	0	51	53	105480	0	0	0	0	0	1	0	0	105482	0	0	0	0
10023	STR_QUEST_NAME_Q10023	0	STR_QUEST_ZONE35	1	4095	0	52	53	105483	0	0	0	0	0	1	0	0	105484	0	0	0	0
10024	STR_QUEST_NAME_Q10024	0	STR_QUEST_ZONE35	1	4095	0	53	54	105485	0	0	0	0	0	1	0	0	105486	0	0	0	0
10025	STR_QUEST_NAME_Q10025	0	STR_QUEST_ZONE35	1	4095	0	55	55	105487	0	0	0	0	0	1	0	0	105488	0	0	0	0
10026	STR_QUEST_NAME_Q10026	0	STR_QUEST_ZONE35	1	4095	0	50	50	104177	0	0	0	0	0	1	0	0	105475	0	0	0	0
11000	STR_QUEST_NAME_Q11000	5	STR_QUEST_ZONE35	1	4095	0	50	50	104177	0	0	0	0	1	1	0	105489	105490	0	0	0	0
11001	STR_QUEST_NAME_Q11001	5	STR_QUEST_ZONE35	1	4095	0	50	50	104177	0	0	0	0	1	1	0	105491	105492	0	0	0	0
11002	STR_QUEST_NAME_Q11002	5	STR_QUEST_ZONE35	1	4095	0	50	50	104177	0	0	0	0	1	1	0	105493	105494	0	0	0	0
11003	STR_QUEST_NAME_Q11003	5	STR_QUEST_ZONE35	1	4095	0	50	50	104177	0	0	0	0	1	1	0	105495	105496	0	0	0	0
11004	STR_QUEST_NAME_Q11004	5	STR_QUEST_ZONE35	1	4095	0	50	50	105497	0	0	0	0	1	1	0	105495	105498	0	0	0	0
11005	STR_QUEST_NAME_Q11005	5	STR_QUEST_ZONE35	1	4095	0	50	50	105499	0	0	0	0	1	1	0	105500	105501	0	0	0	0
11006	STR_QUEST_NAME_Q11006	5	STR_QUEST_ZONE35	1	4095	0	51	51	104177	0	0	0	0	1	1	0	105502	105503	0	0	0	0
11008	STR_QUEST_NAME_Q11008	5	STR_QUEST_ZONE35	1	4095	0	53	53	104177	0	0	0	0	1	1	0	105489	105504	0	0	0	0
11009	STR_QUEST_NAME_Q11009	5	STR_QUEST_ZONE35	1	4095	0	54	54	104177	0	0	0	0	1	1	0	105491	105505	0	0	0	0
11010	STR_QUEST_NAME_Q11010	5	STR_QUEST_ZONE35	1	4095	0	50	50	104177	0	0	0	0	1	1	0	105506	105507	0	0	0	0
11011	STR_QUEST_NAME_Q11011	5	STR_QUEST_ZONE35	1	4095	0	51	52	105508	0	0	0	0	1	1	0	105509	105510	0	0	0	0
11012	STR_QUEST_NAME_Q11012	5	STR_QUEST_ZONE35	1	4095	0	51	52	105511	0	0	0	0	1	1	0	105509	105512	0	0	0	0
11015	STR_QUEST_NAME_Q11015	5	STR_QUEST_ZONE35	1	4095	0	51	51	104177	0	0	0	0	1	0	0	105513	105514	0	0	0	0
11016	STR_QUEST_NAME_Q11016	5	STR_QUEST_ZONE35	1	4095	0	51	51	104177	0	0	0	0	1	0	0	105513	105515	0	0	0	0
11022	STR_QUEST_NAME_Q11022	5	STR_QUEST_ZONE35	1	4095	0	50	51	104177	0	0	0	0	1	0	1	105516	105517	0	0	0	0
11023	STR_QUEST_NAME_Q11023	5	STR_QUEST_ZONE35	1	4095	0	50	51	0	0	0	0	1	1	1	0	105518	105519	0	0	0	0
11024	STR_QUEST_NAME_Q11024	5	STR_QUEST_ZONE35	1	4095	0	50	52	0	0	0	0	1	1	1	0	105520	105521	0	0	0	0
11025	STR_QUEST_NAME_Q11025	5	STR_QUEST_ZONE35	1	4095	0	50	52	105522	0	0	0	0	1	1	0	105520	105523	0	0	0	0
11026	STR_QUEST_NAME_Q11026	5	STR_QUEST_ZONE35	1	4095	0	50	52	105524	0	0	0	0	1	1	0	105520	105525	0	0	0	0
11027	STR_QUEST_NAME_Q11027	5	STR_QUEST_ZONE35	1	4095	0	50	52	0	0	0	0	1	1	1	0	105518	105526	0	0	0	0
11028	STR_QUEST_NAME_Q11028	5	STR_QUEST_ZONE35	1	4095	0	50	51	105527	0	0	0	0	1	20	0	105518	105528	0	0	0	105529
11029	STR_QUEST_NAME_Q11029	5	STR_QUEST_ZONE35	1	4095	0	50	51	0	0	0	0	1	1	1	0	105530	105531	0	0	0	0
11030	STR_QUEST_NAME_Q11030	5	STR_QUEST_ZONE35	1	4095	0	50	52	105532	0	0	0	0	1	1	0	105530	105533	0	0	0	0
11031	STR_QUEST_NAME_Q11031	5	STR_QUEST_ZONE35	1	4095	0	50	51	0	0	0	0	1	1	1	0	105534	105535	0	0	0	0
11032	STR_QUEST_NAME_Q11032	5	STR_QUEST_ZONE35	1	4095	0	50	51	105536	0	0	0	0	1	1	0	105534	105537	0	0	0	0
11033	STR_QUEST_NAME_Q11033	5	STR_QUEST_ZONE35	1	4095	0	50	52	105538	0	0	0	0	1	1	0	105534	105539	0	0	0	0
11034	STR_QUEST_NAME_Q11034	5	STR_QUEST_ZONE35	1	4095	0	50	51	105540	0	0	0	0	1	1	0	105541	105542	0	0	0	0
11035	STR_QUEST_NAME_Q11035	5	STR_QUEST_ZONE35	1	4095	0	50	51	0	0	0	0	1	1	1	0	105543	105544	0	0	0	0
11036	STR_QUEST_NAME_Q11036	5	STR_QUEST_ZONE35	1	4095	0	50	51	0	0	0	0	0	1	1	0	105545	105546	0	0	0	0
11037	STR_QUEST_NAME_Q11037	5	STR_QUEST_ZONE35	1	4095	0	50	51	105547	0	0	0	0	1	1	0	105548	105549	0	0	0	0
11038	STR_QUEST_NAME_Q11038	5	STR_QUEST_ZONE35	1	4095	0	51	52	0	0	0	0	1	1	1	0	105550	105551	0	0	0	0
11039	STR_QUEST_NAME_Q11039	5	STR_QUEST_ZONE35	1	4095	0	51	52	105552	0	0	0	0	1	1	0	105550	105553	0	0	0	0
11040	STR_QUEST_NAME_Q11040	5	STR_QUEST_ZONE35	1	4095	0	51	52	0	0	0	0	1	1	1	0	105554	105555	0	0	0	0
11042	STR_QUEST_NAME_Q11042	5	STR_QUEST_ZONE35	1	4095	0	51	52	0	0	0	0	1	1	0	1	105541	105556	0	0	0	0
11043	STR_QUEST_NAME_Q11043	5	STR_QUEST_ZONE35	1	4095	0	51	52	0	0	0	0	1	1	1	0	105557	105558	0	0	0	0
11044	STR_QUEST_NAME_Q11044	5	STR_QUEST_ZONE35	1	4095	0	51	52	105559	0	0	0	0	1	1	0	105557	105560	0	0	0	0
11045	STR_QUEST_NAME_Q11045	5	STR_QUEST_ZONE35	1	4095	0	51	52	0	0	0	0	1	1	1	0	105561	105562	0	0	0	0
11046	STR_QUEST_NAME_Q11046	5	STR_QUEST_ZONE35	1	4095	0	51	52	0	0	0	0	0	1	1	0	105563	105564	0	0	0	0
11047	STR_QUEST_NAME_Q11047	5	STR_QUEST_ZONE35	1	4095	0	51	52	0	0	0	0	1	1	0	1	105561	105565	0	0	0	0
11049	STR_QUEST_NAME_Q11049	3	STR_QUEST_ZONE29	1	4095	0	52	52	0	0	0	0	1	1	1	0	105566	105567	0	0	0	0
11051	STR_QUEST_NAME_Q11051	5	STR_QUEST_ZONE42	1	4095	0	53	53	0	0	0	0	1	1	30	0	105568	105569	0	0	0	105570
11052	STR_QUEST_NAME_Q11052	5	STR_QUEST_ZONE42	1	4095	0	53	53	0	0	0	0	1	1	30	0	105571	105569	0	0	0	105572
11053	STR_QUEST_NAME_Q11053	5	STR_QUEST_ZONE42	1	4095	0	53	55	0	0	0	0	1	1	30	0	105573	105574	0	0	0	105575
11054	STR_QUEST_NAME_Q11054	5	STR_QUEST_ZONE42	1	4095	0	53	55	0	0	0	0	1	1	15	0	105576	105577	0	0	0	105578
11055	STR_QUEST_NAME_Q11055	5	STR_QUEST_ZONE42	1	4095	0	53	54	0	0	0	0	1	1	15	0	105579	105580	0	0	0	105581
11056	STR_QUEST_NAME_Q11056	5	STR_QUEST_ZONE35	1	4095	0	54	55	0	0	105582	0	0	1	1	0	105583	105584	0	0	0	0
11057	STR_QUEST_NAME_Q11057	5	STR_QUEST_ZONE35	1	4095	0	54	55	0	0	105585	0	0	1	1	0	105586	105587	0	0	0	0
11058	STR_QUEST_NAME_Q11058	5	STR_QUEST_ZONE35	1	4095	0	54	55	0	0	105588	0	0	1	1	0	105589	105590	0	0	0	0
11059	STR_QUEST_NAME_Q11059	5	STR_QUEST_ZONE35	1	4095	0	55	55	0	0	0	0	0	1	1	0	105591	105592	0	0	0	0
11060	STR_QUEST_NAME_Q11060	5	STR_QUEST_ZONE35	1	4095	0	55	55	105593	0	0	0	0	1	1	0	105594	105595	0	0	0	0
11061	STR_QUEST_NAME_Q11061	5	STR_QUEST_ZONE35	1	4095	0	55	55	105596	0	0	0	0	1	1	0	105597	105598	0	0	0	0
11062	STR_QUEST_NAME_Q11062	5	STR_QUEST_ZONE35	1	4095	0	55	55	105599	0	0	0	0	1	1	0	105600	105601	0	0	0	0
11063	STR_QUEST_NAME_Q11063	5	STR_QUEST_ZONE35	1	4095	0	55	55	105602	0	0	0	0	1	1	0	105603	105604	105605	105605	105605	0
11064	STR_QUEST_NAME_Q11064	5	STR_QUEST_ZONE35	1	4095	0	50	50	0	0	0	0	0	1	20	1	105606	105607	0	0	0	0
11065	STR_QUEST_NAME_Q11065	5	STR_QUEST_ZONE35	1	4095	0	50	50	0	0	0	0	0	1	20	1	105606	105607	0	0	0	0
11066	STR_QUEST_NAME_Q11066	5	STR_QUEST_ZONE35	1	4095	0	50	50	0	0	0	0	0	1	20	1	105608	105607	0	0	0	0
11067	STR_QUEST_NAME_Q11067	5	STR_QUEST_ZONE35	1	4095	0	50	50	0	0	0	0	0	1	20	1	105608	105607	0	0	0	0
11068	STR_QUEST_NAME_Q11068	5	STR_QUEST_ZONE35	1	4095	0	52	53	0	0	0	0	0	1	1	0	105609	105610	0	0	0	0
11069	STR_QUEST_NAME_Q11069	5	STR_QUEST_ZONE35	1	4095	0	51	51	104177	0	0	0	0	1	1	0	105548	105611	0	0	0	0
11070	STR_QUEST_NAME_Q11070	5	STR_QUEST_ZONE35	1	4095	0	50	50	104177	0	0	0	0	1	1	0	105491	105612	0	0	0	0
11071	STR_QUEST_NAME_Q11071	5	STR_QUEST_ZONE35	1	4095	0	50	51	104177	0	0	0	0	1	1	0	105613	105614	0	0	0	0
11072	STR_QUEST_NAME_Q11072	5	STR_QUEST_ZONE35	1	4095	0	50	51	104177	0	0	0	0	1	1	0	105615	105616	0	0	0	0
11073	STR_QUEST_NAME_Q11073	5	STR_QUEST_ZONE35	1	4095	0	50	51	104177	0	0	0	0	1	1	0	105617	105618	0	0	0	0
11074	STR_QUEST_NAME_Q11074	5	STR_QUEST_ZONE35	1	4095	0	50	51	104177	0	0	0	0	1	1	0	105619	105620	0	0	0	0
11075	STR_QUEST_NAME_Q11075	5	STR_QUEST_ZONE35	1	4095	0	51	51	104177	0	0	0	0	1	1	0	105493	105620	0	0	0	0
11076	STR_QUEST_NAME_Q11076	5	STR_QUEST_ZONE35	1	4095	0	50	51	105621	0	0	0	0	1	1	0	105609	105622	0	0	0	0
11077	STR_QUEST_NAME_Q11077	5	STR_QUEST_ZONE35	1	4095	0	50	51	104177	0	0	0	0	1	1	0	105623	105624	105625	105625	105625	0
11100	STR_QUEST_NAME_Q11100	5	STR_QUEST_ZONE35	1	4095	0	52	53	0	0	0	0	1	1	1	0	105626	105627	0	0	0	0
11101	STR_QUEST_NAME_Q11101	5	STR_QUEST_ZONE35	1	4095	0	52	53	0	0	0	0	1	1	1	0	105628	105629	0	0	0	0
11102	STR_QUEST_NAME_Q11102	5	STR_QUEST_ZONE35	1	4095	0	52	54	105630	0	0	0	0	1	1	0	105628	105631	105632	105632	105632	0
11103	STR_QUEST_NAME_Q11103	5	STR_QUEST_ZONE35	1	4095	0	52	53	105633	0	0	0	0	1	1	0	105626	105634	0	0	0	0
11104	STR_QUEST_NAME_Q11104	5	STR_QUEST_ZONE35	1	4095	0	52	52	0	0	0	0	1	1	1	0	105635	105636	0	0	0	0
11105	STR_QUEST_NAME_Q11105	5	STR_QUEST_ZONE35	1	4095	0	52	52	0	0	0	0	0	1	1	0	105637	105638	0	0	0	0
11106	STR_QUEST_NAME_Q11106	5	STR_QUEST_ZONE35	1	4095	0	53	53	105639	0	0	0	0	1	1	0	105640	105641	0	0	0	0
11107	STR_QUEST_NAME_Q11107	5	STR_QUEST_ZONE35	1	4095	0	53	53	0	0	0	0	0	1	1	0	105642	105643	0	0	0	0
11108	STR_QUEST_NAME_Q11108	5	STR_QUEST_ZONE35	1	4095	0	52	53	0	0	0	0	1	1	1	0	105644	105645	0	0	0	0
11109	STR_QUEST_NAME_Q11109	5	STR_QUEST_ZONE35	1	4095	0	53	55	0	0	0	0	1	1	1	0	105646	105647	0	0	0	0
11110	STR_QUEST_NAME_Q11110	5	STR_QUEST_ZONE35	1	4095	0	53	55	105648	0	0	0	0	1	10	0	105649	105650	0	0	0	0
11111	STR_QUEST_NAME_Q11111	5	STR_QUEST_ZONE35	1	4095	0	53	55	105651	0	0	0	0	1	1	0	105649	105652	0	0	0	0
11112	STR_QUEST_NAME_Q11112	5	STR_QUEST_ZONE35	1	4095	0	52	52	0	0	0	0	1	1	10	0	105571	105653	0	0	0	0
11113	STR_QUEST_NAME_Q11113	5	STR_QUEST_ZONE35	1	4095	0	52	53	0	0	0	0	1	1	10	0	105571	105654	0	0	0	0
11114	STR_QUEST_NAME_Q11114	5	STR_QUEST_ZONE35	1	4095	0	52	53	105655	0	0	0	0	1	1	0	105571	105656	0	0	0	0
11115	STR_QUEST_NAME_Q11115	5	STR_QUEST_ZONE35	1	4095	0	53	53	0	0	0	0	1	1	1	0	105657	105658	0	0	0	0
11116	STR_QUEST_NAME_Q11116	5	STR_QUEST_ZONE35	1	4095	0	53	53	105659	0	0	0	0	1	1	0	105660	105661	0	0	0	0
11117	STR_QUEST_NAME_Q11117	5	STR_QUEST_ZONE35	1	4095	0	53	53	105662	0	0	0	0	1	1	0	105657	105663	0	0	0	0
11118	STR_QUEST_NAME_Q11118	5	STR_QUEST_ZONE35	1	4095	0	53	54	105664	0	0	0	0	1	1	0	105657	105665	0	0	0	0
11119	STR_QUEST_NAME_Q11119	5	STR_QUEST_ZONE35	1	4095	0	52	53	0	0	0	0	1	1	1	0	105568	105666	0	0	0	0
11120	STR_QUEST_NAME_Q11120	5	STR_QUEST_ZONE35	1	4095	0	52	53	0	0	0	0	1	1	1	0	105667	105668	0	0	0	0
11121	STR_QUEST_NAME_Q11121	5	STR_QUEST_ZONE35	1	4095	0	52	53	105669	0	0	0	0	1	10	0	105667	105670	0	0	0	105671
11122	STR_QUEST_NAME_Q11122	5	STR_QUEST_ZONE35	1	4095	0	53	54	105669	0	0	0	0	1	1	0	105579	105672	0	0	0	0
11123	STR_QUEST_NAME_Q11123	5	STR_QUEST_ZONE35	1	4095	0	52	53	0	0	0	0	0	1	1	0	105673	105674	0	0	0	0
11124	STR_QUEST_NAME_Q11124	5	STR_QUEST_ZONE35	1	4095	0	52	53	0	0	0	0	1	1	1	0	105675	105676	0	0	0	0
11125	STR_QUEST_NAME_Q11125	5	STR_QUEST_ZONE35	1	4095	0	52	53	0	0	0	0	1	1	1	0	105677	105678	0	0	0	0
11126	STR_QUEST_NAME_Q11126	5	STR_QUEST_ZONE35	1	4095	0	53	53	0	0	0	0	1	1	1	0	105679	105680	0	0	0	0
11127	STR_QUEST_NAME_Q11127	5	STR_QUEST_ZONE35	1	4095	0	53	53	0	0	0	0	1	1	1	0	105679	105681	0	0	0	0
11128	STR_QUEST_NAME_Q11128	5	STR_QUEST_ZONE35	1	4095	0	53	54	105682	0	0	0	0	1	1	0	105679	105683	0	0	0	0
11130	STR_QUEST_NAME_Q11130	5	STR_QUEST_ZONE35	1	4095	0	51	53	0	0	0	0	1	1	0	1	105677	105684	0	0	0	0
11138	STR_QUEST_NAME_Q11138	5	STR_QUEST_ZONE35	1	4095	0	52	53	0	0	0	0	1	1	10	0	105628	105685	0	0	0	105686
11139	STR_QUEST_NAME_Q11139	5	STR_QUEST_ZONE35	1	4095	0	53	55	105687	0	0	0	0	1	1	0	105649	105688	0	0	0	0
11140	STR_QUEST_NAME_Q11140	5	STR_QUEST_ZONE35	1	4095	0	52	53	0	0	0	0	1	1	1	0	105689	105690	0	0	0	0
11141	STR_QUEST_NAME_Q11141	5	STR_QUEST_ZONE35	1	4095	0	53	53	105691	0	0	0	0	1	1	0	105657	105692	0	0	0	0
11142	STR_QUEST_NAME_Q11142	5	STR_QUEST_ZONE35	1	4095	0	53	53	0	0	0	0	1	1	1	0	105660	105693	0	0	0	0
11143	STR_QUEST_NAME_Q11143	5	STR_QUEST_ZONE35	1	4095	0	54	54	0	0	0	0	0	1	1	0	105694	105695	0	0	0	0
11144	STR_QUEST_NAME_Q11144	5	STR_QUEST_ZONE35	1	4095	0	52	53	0	0	0	0	1	1	1	0	105696	105697	0	0	0	0
11145	STR_QUEST_NAME_Q11145	5	STR_QUEST_ZONE35	1	4095	0	52	53	105698	0	0	0	0	1	10	0	105696	105699	0	0	0	105700
11146	STR_QUEST_NAME_Q11146	5	STR_QUEST_ZONE35	1	4095	0	54	54	0	0	0	0	1	1	1	0	105701	105702	0	0	0	0
11147	STR_QUEST_NAME_Q11147	5	STR_QUEST_ZONE35	1	4095	0	54	54	105703	0	0	0	0	1	1	0	105701	105704	0	0	0	0
11148	STR_QUEST_NAME_Q11148	5	STR_QUEST_ZONE35	1	4095	0	53	54	0	0	0	0	1	1	1	0	105705	105706	0	0	0	0
11149	STR_QUEST_NAME_Q11149	5	STR_QUEST_ZONE35	1	4095	0	53	54	0	0	0	0	1	1	1	0	105707	105708	0	0	0	0
11200	STR_QUEST_NAME_Q11200	5	STR_QUEST_ZONE35	1	4095	0	51	55	0	0	0	0	0	1	5	0	105709	105710	0	0	0	0
11201	STR_QUEST_NAME_Q11201	5	STR_QUEST_ZONE35	1	4095	0	51	55	0	0	0	0	0	1	5	0	105709	105711	0	0	0	0
11202	STR_QUEST_NAME_Q11202	5	STR_QUEST_ZONE35	1	4095	0	54	55	0	0	0	0	1	1	10	0	105712	105713	0	0	0	0
11203	STR_QUEST_NAME_Q11203	5	STR_QUEST_ZONE35	1	4095	0	54	55	0	0	0	0	1	1	1	0	105714	105715	0	0	0	0
11204	STR_QUEST_NAME_Q11204	5	STR_QUEST_ZONE35	1	4095	0	54	54	105716	0	0	0	0	1	1	0	105714	105717	0	0	0	0
11205	STR_QUEST_NAME_Q11205	5	STR_QUEST_ZONE35	1	4095	0	50	50	0	0	0	0	1	1	40	1	105718	105719	0	0	0	0
11206	STR_QUEST_NAME_Q11206	5	STR_QUEST_ZONE35	1	4095	0	50	50	0	0	0	0	1	1	40	1	105720	105721	0	0	0	0
11210	STR_QUEST_NAME_Q11210	5	STR_QUEST_ZONE35	1	4095	0	54	55	0	0	0	0	1	1	10	0	105722	105723	0	0	0	105724
11211	STR_QUEST_NAME_Q11211	5	STR_QUEST_ZONE35	1	4095	0	54	55	0	0	0	0	1	1	1	0	105722	105725	0	0	0	0
11212	STR_QUEST_NAME_Q11212	5	STR_QUEST_ZONE35	1	4095	0	54	55	0	0	0	0	0	1	1	0	105726	105727	0	0	0	0
11213	STR_QUEST_NAME_Q11213	5	STR_QUEST_ZONE35	1	4095	0	54	54	0	0	0	0	1	1	1	0	105728	105729	0	0	0	0
11214	STR_QUEST_NAME_Q11214	5	STR_QUEST_ZONE35	1	4095	0	51	55	0	0	0	0	0	1	5	0	105730	105710	0	0	0	0
11215	STR_QUEST_NAME_Q11215	5	STR_QUEST_ZONE35	1	4095	0	51	55	0	0	0	0	0	1	5	0	105730	105711	0	0	0	0
11216	STR_QUEST_NAME_Q11216	5	STR_QUEST_ZONE35	1	4095	0	54	54	0	0	0	0	0	1	1	0	105731	105732	0	0	0	0
11217	STR_QUEST_NAME_Q11217	5	STR_QUEST_ZONE35	1	4095	0	54	54	0	0	0	0	1	1	10	0	105576	105733	0	0	0	0
11218	STR_QUEST_NAME_Q11218	5	STR_QUEST_ZONE35	1	4095	0	55	55	0	0	0	0	1	1	10	0	105576	105734	0	0	0	0
11219	STR_QUEST_NAME_Q11219	5	STR_QUEST_ZONE35	1	4095	0	55	55	105735	0	0	0	0	1	1	0	105576	105736	0	0	0	0
11220	STR_QUEST_NAME_Q11220	5	STR_QUEST_ZONE35	1	4095	0	50	50	0	0	0	0	0	1	40	1	105737	105738	0	0	0	0
11221	STR_QUEST_NAME_Q11221	5	STR_QUEST_ZONE35	1	4095	0	50	50	0	0	0	0	0	1	40	1	105573	105738	0	0	0	0
11222	STR_QUEST_NAME_Q11222	5	STR_QUEST_ZONE35	1	4095	0	54	55	0	0	0	0	0	1	10	0	105739	105740	0	0	0	0
11223	STR_QUEST_NAME_Q11223	5	STR_QUEST_ZONE35	1	4095	0	54	55	0	0	0	0	0	1	1	0	105741	105742	0	0	0	0
11224	STR_QUEST_NAME_Q11224	5	STR_QUEST_ZONE35	1	4095	0	54	55	0	0	0	0	1	1	10	0	105728	105743	0	0	0	0
11225	STR_QUEST_NAME_Q11225	5	STR_QUEST_ZONE35	1	4095	0	55	55	0	0	0	0	1	1	1	0	105744	105745	0	0	0	0
11226	STR_QUEST_NAME_Q11226	5	STR_QUEST_ZONE35	1	4095	0	52	54	0	0	0	0	1	1	20	0	105646	105746	0	0	0	105747
11227	STR_QUEST_NAME_Q11227	5	STR_QUEST_ZONE35	1	4095	0	52	54	0	0	0	0	1	1	20	0	105689	105748	0	0	0	105747
11228	STR_QUEST_NAME_Q11228	5	STR_QUEST_ZONE35	1	4095	0	52	55	0	0	0	0	1	1	1	0	105749	105750	0	0	0	0
11229	STR_QUEST_NAME_Q11229	5	STR_QUEST_ZONE35	1	4095	0	52	54	0	0	0	0	1	1	20	0	105707	105751	0	0	0	105747
11230	STR_QUEST_NAME_Q11230	5	STR_QUEST_ZONE35	1	4095	0	52	53	0	0	0	0	1	1	1	0	105749	105752	0	0	0	0
11231	STR_QUEST_NAME_Q11231	5	STR_QUEST_ZONE35	1	4095	0	52	53	0	0	0	0	1	1	2	0	105749	105753	0	0	0	0
11232	STR_QUEST_NAME_Q11232	5	STR_QUEST_ZONE35	1	4095	0	52	53	0	0	0	0	1	1	2	0	105749	105754	0	0	0	0
11233	STR_QUEST_NAME_Q11233	5	STR_QUEST_ZONE35	1	4095	0	52	53	0	0	0	0	0	1	20	0	105755	105756	0	0	0	105757
11250	STR_QUEST_NAME_Q11250	5	STR_QUEST_ZONE35	1	4095	0	54	55	105758	0	105759	105759	0	1	30	0	105760	105761	0	0	0	105762
11251	STR_QUEST_NAME_Q11251	5	STR_QUEST_ZONE35	1	4095	0	54	55	105763	0	0	0	0	1	1	0	105760	105764	0	0	0	0
11252	STR_QUEST_NAME_Q11252	5	STR_QUEST_ZONE35	1	4095	0	54	55	105765	0	105766	105766	0	1	30	0	105760	105761	0	0	0	105767
11253	STR_QUEST_NAME_Q11253	5	STR_QUEST_ZONE35	1	4095	0	54	55	105768	0	0	0	0	1	1	0	105760	105769	0	0	0	0
11254	STR_QUEST_NAME_Q11254	5	STR_QUEST_ZONE35	1	4095	0	54	55	105770	0	105771	105771	0	1	30	0	105760	105761	0	0	0	105772
11255	STR_QUEST_NAME_Q11255	5	STR_QUEST_ZONE35	1	4095	0	54	55	105773	0	0	0	0	1	1	0	105760	105774	0	0	0	0
11256	STR_QUEST_NAME_Q11256	5	STR_QUEST_ZONE35	1	4095	0	54	55	105775	0	105776	105776	0	1	30	0	105760	105761	0	0	0	105777
11257	STR_QUEST_NAME_Q11257	5	STR_QUEST_ZONE35	1	4095	0	54	55	105778	0	0	0	0	1	1	0	105760	105779	0	0	0	0
11258	STR_QUEST_NAME_Q11258	5	STR_QUEST_ZONE35	1	4095	0	54	55	105780	0	105781	105781	0	1	30	0	105760	105761	0	0	0	105782
11259	STR_QUEST_NAME_Q11259	5	STR_QUEST_ZONE35	1	4095	0	54	55	105783	0	0	0	0	1	1	0	105760	105784	0	0	0	0
11260	STR_QUEST_NAME_Q11260	5	STR_QUEST_ZONE35	1	4095	0	54	55	105765	0	105768	105768	0	1	30	0	105760	105761	0	0	0	105785
11261	STR_QUEST_NAME_Q11261	5	STR_QUEST_ZONE35	1	4095	0	54	55	105766	0	0	0	0	1	1	0	105760	105786	0	0	0	0
11262	STR_QUEST_NAME_Q11262	5	STR_QUEST_ZONE35	1	4095	0	54	55	105787	0	105788	105788	0	1	30	0	105760	105761	0	0	0	105789
11263	STR_QUEST_NAME_Q11263	5	STR_QUEST_ZONE35	1	4095	0	54	55	105790	0	0	0	0	1	1	0	105760	105791	0	0	0	0
11264	STR_QUEST_NAME_Q11264	5	STR_QUEST_ZONE35	1	4095	0	54	55	105792	0	105783	105783	0	1	30	0	105760	105761	0	0	0	105793
11265	STR_QUEST_NAME_Q11265	5	STR_QUEST_ZONE35	1	4095	0	54	55	105794	0	0	0	0	1	1	0	105760	105795	0	0	0	0
11266	STR_QUEST_NAME_Q11266	5	STR_QUEST_ZONE35	1	4095	0	54	55	105796	0	105797	105797	0	1	30	0	105760	105761	0	0	0	105798
11267	STR_QUEST_NAME_Q11267	5	STR_QUEST_ZONE35	1	4095	0	54	55	105799	0	0	0	0	1	1	0	105760	105800	0	0	0	0
11268	STR_QUEST_NAME_Q11268	5	STR_QUEST_ZONE35	1	4095	0	55	55	0	0	0	0	1	1	1	0	105801	105802	0	0	0	0
11269	STR_QUEST_NAME_Q11269	5	STR_QUEST_ZONE35	1	4095	0	55	55	0	0	0	0	1	1	1	0	105801	105803	0	0	0	0
11270	STR_QUEST_NAME_Q11270	5	STR_QUEST_ZONE35	1	4095	0	55	55	0	0	0	0	1	1	1	0	105801	105804	0	0	0	0
11271	STR_QUEST_NAME_Q11271	5	STR_QUEST_ZONE35	1	4095	0	55	55	0	0	0	0	1	1	1	0	105801	105805	0	0	0	0
11272	STR_QUEST_NAME_Q11272	5	STR_QUEST_ZONE35	1	4095	0	55	55	0	0	0	0	1	1	1	0	105801	105806	0	0	0	0
11273	STR_QUEST_NAME_Q11273	5	STR_QUEST_ZONE35	1	4095	0	55	55	0	0	0	0	1	1	1	0	105801	105807	105808	105808	105808	0
11274	STR_QUEST_NAME_Q11274	5	STR_QUEST_ZONE35	1	4095	0	55	55	0	0	0	0	1	1	1	0	105801	105809	0	0	0	0
11275	STR_QUEST_NAME_Q11275	3	STR_QUEST_ZONE29	1	4095	0	55	55	0	0	105810	105810	0	1	5	0	105566	105811	0	0	0	0
11276	STR_QUEST_NAME_Q11276	3	STR_QUEST_ZONE29	1	4095	0	55	55	105812	0	105810	105810	0	1	1	0	105566	105813	0	0	0	0
11277	STR_QUEST_NAME_Q11277	5	STR_QUEST_ZONE35	1	4095	0	51	51	104177	0	0	0	0	1	0	0	105513	105814	0	0	0	0
11278	STR_QUEST_NAME_Q11278	5	STR_QUEST_ZONE35	1	4095	0	51	51	104177	0	0	0	0	1	0	0	105513	105815	0	0	0	0
11279	STR_QUEST_NAME_Q11279	8	STR_QUEST_ZONE35	1	4095	0	99	51	0	0	0	0	1	1	0	0	105816	102072	102073	102074	102075	0
11280	STR_QUEST_NAME_Q11280	8	STR_QUEST_ZONE35	1	4095	0	99	51	0	0	0	0	1	1	0	0	105817	102073	102075	102077	102078	0
11281	STR_QUEST_NAME_Q11281	8	STR_QUEST_ZONE35	1	4095	0	99	51	0	0	0	0	1	1	0	0	105818	102080	102081	102078	102082	0
11282	STR_QUEST_NAME_Q11282	8	STR_QUEST_ZONE35	1	4095	0	99	51	0	0	0	0	1	1	0	0	105819	102081	102082	102084	102085	0
11283	STR_QUEST_NAME_Q11283	8	STR_QUEST_ZONE35	1	4095	0	99	51	0	0	0	0	1	1	0	0	105820	105821	105822	105823	105824	0
11284	STR_QUEST_NAME_Q11284	8	STR_QUEST_ZONE35	1	4095	0	99	51	0	0	0	0	1	1	0	0	105825	105822	105824	105826	105827	0
11285	STR_QUEST_NAME_Q11285	8	STR_QUEST_ZONE35	1	4095	0	99	51	0	0	0	0	1	1	0	0	105828	105829	105830	105827	105831	0
11286	STR_QUEST_NAME_Q11286	8	STR_QUEST_ZONE35	1	4095	0	99	51	0	0	0	0	1	1	0	0	105832	105830	105831	105833	105834	0
11287	STR_QUEST_NAME_Q11287	5	STR_QUEST_ZONE35	1	4095	0	50	55	0	0	0	0	1	1	0	1	105760	105835	0	0	0	0
11288	STR_QUEST_NAME_Q11288	5	STR_QUEST_ZONE35	1	4095	0	50	55	0	0	0	0	0	1	0	1	105760	105836	0	0	0	0
11289	STR_QUEST_NAME_Q11289	5	STR_QUEST_ZONE35	1	4095	0	50	55	0	0	0	0	1	1	0	0	105837	105838	105839	105839	105839	0
11290	STR_QUEST_NAME_Q11290	5	STR_QUEST_ZONE48	1	4095	0	55	55	0	0	0	0	1	1	0	1	105840	105841	0	0	0	0
11291	STR_QUEST_NAME_Q11291	5	STR_QUEST_ZONE35	1	4095	0	55	55	0	0	0	0	1	1	1	0	105623	105842	0	0	0	0
11292	STR_QUEST_NAME_Q11292	5	STR_QUEST_ZONE35	1	4095	0	55	55	0	0	0	0	1	1	0	0	105843	105844	0	0	0	0
11293	STR_QUEST_NAME_Q11293	5	STR_QUEST_ZONE35	1	4095	0	55	55	0	0	0	0	1	1	1	0	105843	105845	0	0	0	0
11294	STR_QUEST_NAME_Q11294	5	STR_QUEST_ZONE35	1	4095	0	55	55	105846	0	0	0	0	1	1	0	105843	105847	0	0	0	0
11295	STR_QUEST_NAME_Q11295	5	STR_QUEST_ZONE35	3	4095	0	50	55	0	0	0	0	0	1	0	0	0	0	0	0	0	0
11451	STR_QUEST_NAME_Q11451	5	STR_QUEST_ZONE35	1	4095	0	51	51	105848	0	0	0	0	1	1	0	105561	105849	0	0	0	0
11452	STR_QUEST_NAME_Q11452	5	STR_QUEST_ZONE35	1	4095	0	51	51	105850	0	0	0	0	1	1	0	105495	105851	0	0	0	0
11453	STR_QUEST_NAME_Q11453	5	STR_QUEST_ZONE35	1	4095	0	51	51	105852	0	0	0	0	1	1	0	105495	105853	0	0	0	0
11454	STR_QUEST_NAME_Q11454	5	STR_QUEST_ZONE35	1	4095	0	51	51	105854	0	0	0	0	1	1	0	105855	105856	0	0	0	0
11455	STR_QUEST_NAME_Q11455	5	STR_QUEST_ZONE35	1	4095	0	51	51	105857	0	0	0	0	1	1	0	105855	105858	0	0	0	0
11456	STR_QUEST_NAME_Q11456	5	STR_QUEST_ZONE35	1	4095	0	51	51	105848	0	0	0	0	1	1	0	105859	105860	0	0	0	0
11457	STR_QUEST_NAME_Q11457	5	STR_QUEST_ZONE35	1	4095	0	51	51	105848	0	0	0	0	1	1	0	105557	105861	0	0	0	0
11458	STR_QUEST_NAME_Q11458	5	STR_QUEST_ZONE35	1	4095	0	51	51	105862	0	0	0	0	1	1	0	105557	105863	0	0	0	0
11459	STR_QUEST_NAME_Q11459	5	STR_QUEST_ZONE35	1	4095	0	51	51	105848	0	0	0	0	1	20	0	105561	105864	0	0	0	0
11460	STR_QUEST_NAME_Q11460	5	STR_QUEST_ZONE35	1	4095	0	51	51	105848	0	0	0	0	1	1	0	105859	105865	0	0	0	0
11461	STR_QUEST_NAME_Q11461	5	STR_QUEST_ZONE35	1	4095	0	51	51	105848	0	0	0	0	1	1	0	105866	105867	0	0	0	0
11464	STR_QUEST_NAME_Q11464	5	STR_QUEST_ZONE47	1	4095	0	51	51	0	0	0	0	0	1	10	0	105868	105869	0	0	0	105870
11465	STR_QUEST_NAME_Q11465	5	STR_QUEST_ZONE47	1	4095	0	51	51	0	0	0	0	0	1	1	0	105871	105872	0	0	0	0
11466	STR_QUEST_NAME_Q11466	5	STR_QUEST_ZONE47	3	4095	0	51	51	0	0	0	0	0	1	1	0	105873	105874	0	0	0	0
11467	STR_QUEST_NAME_Q11467	5	STR_QUEST_ZONE47	1	4095	0	51	51	0	0	0	0	0	1	20	0	105875	105876	105877	105878	105879	0
11468	STR_QUEST_NAME_Q11468	5	STR_QUEST_ZONE47	1	4095	0	51	51	0	0	0	0	0	1	1	0	105868	105880	0	0	0	0
18200	STR_QUEST_NAME_Q18200	2	STR_QUEST_ZONE56	1	4095	0	50	55	0	0	0	0	1	1	1	0	105881	105882	0	0	0	0
18201	STR_QUEST_NAME_Q18201	5	STR_QUEST_ZONE56	1	4095	0	50	55	0	0	0	0	1	1	1	0	105883	105884	0	0	0	0
18202	STR_QUEST_NAME_Q18202	5	STR_QUEST_ZONE56	1	4095	0	50	55	105885	0	0	0	0	1	1	0	105883	105886	0	0	0	0
18203	STR_QUEST_NAME_Q18203	5	STR_QUEST_ZONE56	1	4095	0	50	55	105887	0	0	0	0	1	1	0	105883	105888	0	0	0	0
18204	STR_QUEST_NAME_Q18204	5	STR_QUEST_ZONE56	1	4095	0	50	55	105889	0	0	0	0	1	1	0	105883	105890	0	0	0	0
18205	STR_QUEST_NAME_Q18205	5	STR_QUEST_ZONE56	1	4095	0	50	55	105891	0	0	0	0	1	1	0	105883	105892	0	0	0	0
18206	STR_QUEST_NAME_Q18206	5	STR_QUEST_ZONE56	1	4095	0	50	55	0	0	0	0	1	1	1	0	105883	105893	0	0	0	0
18207	STR_QUEST_NAME_Q18207	5	STR_QUEST_ZONE56	1	4095	0	50	55	105894	0	0	0	0	1	1	0	105883	105895	0	0	0	0
18208	STR_QUEST_NAME_Q18208	5	STR_QUEST_ZONE56	1	4095	0	50	55	105896	0	0	0	0	1	1	0	105897	105898	0	0	0	0
18209	STR_QUEST_NAME_Q18209	5	STR_QUEST_ZONE56	1	4095	0	50	55	105899	0	0	0	0	1	0	0	105883	105900	0	0	0	0
18210	STR_QUEST_NAME_Q18210	3	STR_QUEST_ZONE56	3	4095	0	46	50	0	0	0	0	0	1	1	0	105901	105902	0	0	0	0
18212	STR_QUEST_NAME_Q18212	5	STR_QUEST_ZONE56	3	4095	0	46	50	105903	0	0	0	0	1	1	0	105904	105905	0	0	0	0
18213	STR_QUEST_NAME_Q18213	5	STR_QUEST_ZONE56	3	4095	0	46	50	105906	0	0	0	0	1	1	0	105904	105907	0	0	0	0
18214	STR_QUEST_NAME_Q18214	5	STR_QUEST_ZONE56	3	4095	0	46	50	105906	0	0	0	0	1	0	0	105904	105908	0	0	0	0
18215	STR_QUEST_NAME_Q18215	5	STR_QUEST_ZONE56	3	4095	0	46	50	105903	0	0	0	0	1	0	1	105901	105909	0	0	0	0
18300	STR_QUEST_NAME_Q18300	5	STR_QUEST_ZONE57	1	4095	0	55	58	0	0	0	0	1	1	1	0	105910	105911	0	0	0	0
18301	STR_QUEST_NAME_Q18301	5	STR_QUEST_ZONE57	1	4095	0	55	58	0	0	0	0	1	1	1	0	105912	105913	0	0	0	0
18302	STR_QUEST_NAME_Q18302	5	STR_QUEST_ZONE57	1	4095	0	55	58	105914	0	0	0	0	1	1	0	105912	105915	0	0	0	0
18303	STR_QUEST_NAME_Q18303	5	STR_QUEST_ZONE57	1	4095	0	55	58	105916	0	0	0	0	1	1	0	105912	105917	0	0	0	0
18304	STR_QUEST_NAME_Q18304	5	STR_QUEST_ZONE57	1	4095	0	55	58	0	0	0	0	0	1	0	0	105912	105918	0	0	0	0
18305	STR_QUEST_NAME_Q18305	5	STR_QUEST_ZONE57	1	4095	0	55	58	105919	0	0	0	0	1	0	0	105920	105921	0	0	0	0
18306	STR_QUEST_NAME_Q18306	5	STR_QUEST_ZONE57	1	4095	0	55	58	105919	0	0	0	0	1	0	0	105912	105922	0	0	0	0
18307	STR_QUEST_NAME_Q18307	5	STR_QUEST_ZONE57	1	4095	0	55	58	0	0	0	0	1	1	1	0	105923	105924	0	0	0	0
18308	STR_QUEST_NAME_Q18308	5	STR_QUEST_ZONE57	1	4095	0	55	58	105919	0	0	0	0	1	0	0	105912	105925	0	0	0	0
18309	STR_QUEST_NAME_Q18309	5	STR_QUEST_ZONE57	1	4095	0	55	58	105914	0	0	0	0	1	1	0	105923	105926	0	0	0	0
18310	STR_QUEST_NAME_Q18310	5	STR_QUEST_ZONE57	1	4095	0	55	58	105919	0	0	0	0	1	0	0	105912	105927	0	0	0	0
18311	STR_QUEST_NAME_Q18311	5	STR_QUEST_ZONE57	1	4095	0	55	58	0	0	0	0	1	1	1	0	105928	105929	0	0	0	0
18312	STR_QUEST_NAME_Q18312	5	STR_QUEST_ZONE57	1	4095	0	55	58	105919	0	0	0	0	1	0	0	105920	105930	0	0	0	0
18313	STR_QUEST_NAME_Q18313	5	STR_QUEST_ZONE57	1	4095	0	55	58	105919	0	0	0	0	1	0	0	105920	105931	0	0	0	0
18400	STR_QUEST_NAME_Q18400	2	STR_QUEST_ZONE55	1	4095	0	50	55	0	0	105932	105932	0	1	1	0	105933	105934	0	0	0	0
18401	STR_QUEST_NAME_Q18401	5	STR_QUEST_ZONE55	1	4095	0	50	55	105932	0	0	0	0	1	20	0	105935	105936	0	0	0	105937
18402	STR_QUEST_NAME_Q18402	5	STR_QUEST_ZONE55	1	4095	0	50	55	0	0	0	0	1	1	1	0	105938	105939	0	0	0	0
18403	STR_QUEST_NAME_Q18403	5	STR_QUEST_ZONE55	1	4095	0	50	55	105932	0	0	0	0	1	1	0	105940	105941	0	0	0	0
18404	STR_QUEST_NAME_Q18404	5	STR_QUEST_ZONE55	1	4095	0	50	55	105942	0	0	0	0	1	1	0	105940	105943	0	0	0	0
18405	STR_QUEST_NAME_Q18405	5	STR_QUEST_ZONE55	1	4095	0	50	55	0	0	0	0	0	1	1	0	105944	105945	0	0	0	0
18406	STR_QUEST_NAME_Q18406	5	STR_QUEST_ZONE55	1	4095	0	50	55	0	0	0	0	0	1	1	0	105946	105947	0	0	0	0
18407	STR_QUEST_NAME_Q18407	5	STR_QUEST_ZONE55	1	4095	0	50	55	105948	0	0	0	0	1	1	0	105933	105949	0	0	0	0
18408	STR_QUEST_NAME_Q18408	5	STR_QUEST_ZONE55	1	4095	0	50	55	105950	0	0	0	0	1	5	0	105935	105951	0	0	0	0
18409	STR_QUEST_NAME_Q18409	5	STR_QUEST_ZONE55	1	4095	0	50	55	105952	0	0	0	0	1	1	0	105935	105953	105954	105954	105954	0
18410	STR_QUEST_NAME_Q18410	5	STR_QUEST_ZONE55	1	4095	0	50	55	0	0	0	0	0	1	1	0	105955	105956	0	0	0	0
18411	STR_QUEST_NAME_Q18411	5	STR_QUEST_ZONE55	1	4095	0	50	55	105942	0	0	0	0	1	20	0	105940	105957	0	0	0	105937
18412	STR_QUEST_NAME_Q18412	5	STR_QUEST_ZONE55	1	4095	0	50	55	0	0	0	0	0	1	0	0	0	0	0	0	0	0
18500	STR_QUEST_NAME_Q18500	2	STR_QUEST_ZONE44	1	4095	0	18	18	0	0	0	0	1	1	1	0	105958	105959	0	0	0	0
18501	STR_QUEST_NAME_Q18501	5	STR_QUEST_ZONE44	1	4095	0	18	18	0	0	0	0	0	1	1	0	105960	105961	0	0	0	0
18503	STR_QUEST_NAME_Q18503	5	STR_QUEST_ZONE44	1	4095	0	18	19	0	0	0	0	0	1	1	0	105962	105963	0	0	0	0
18504	STR_QUEST_NAME_Q18504	5	STR_QUEST_ZONE44	1	4095	0	18	20	105964	0	0	0	0	1	10	0	101150	105965	0	0	0	0
18505	STR_QUEST_NAME_Q18505	5	STR_QUEST_ZONE44	1	4095	0	18	19	105966	0	0	0	0	1	1	0	105967	105968	105969	105969	105969	0
18506	STR_QUEST_NAME_Q18506	5	STR_QUEST_ZONE44	1	4095	0	18	18	105970	0	0	0	0	1	1	0	105962	105971	0	0	0	0
18507	STR_QUEST_NAME_Q18507	5	STR_QUEST_ZONE44	1	4095	0	18	19	105972	0	0	0	0	1	1	0	105973	105974	0	0	0	0
18508	STR_QUEST_NAME_Q18508	5	STR_QUEST_ZONE44	1	4095	0	18	19	105975	0	0	0	0	1	1	0	105976	105977	0	0	0	0
18509	STR_QUEST_NAME_Q18509	5	STR_QUEST_ZONE44	1	4095	0	18	18	0	0	0	0	1	1	10	0	105962	105978	0	0	0	0
18510	STR_QUEST_NAME_Q18510	5	STR_QUEST_ZONE44	1	4095	0	18	19	105966	0	0	0	0	1	1	0	101150	105979	0	0	0	0
18511	STR_QUEST_NAME_Q18511	5	STR_QUEST_ZONE44	1	4095	0	18	19	105966	0	0	0	0	1	1	0	105976	105980	0	0	0	0
18600	STR_QUEST_NAME_Q18600	2	STR_QUEST_ZONE04	1	4095	0	37	38	0	0	0	0	1	1	1	0	101540	105981	0	0	0	0
18601	STR_QUEST_NAME_Q18601	2	STR_QUEST_ZONE04	1	4095	0	37	38	105982	0	0	0	0	1	1	0	101540	105981	0	0	0	0
18602	STR_QUEST_NAME_Q18602	2	STR_QUEST_ZONE04	1	4095	0	37	38	105983	0	0	0	0	1	1	0	105984	105985	0	0	0	0
18604	STR_QUEST_NAME_Q18604	8	STR_QUEST_ZONE46	1	4095	0	37	38	0	0	0	0	0	1	1	0	0	105986	0	0	0	0
18605	STR_QUEST_NAME_Q18605	5	STR_QUEST_ZONE04	1	4095	0	37	38	105987	0	0	0	0	1	10	0	105988	105989	0	0	0	0
18606	STR_QUEST_NAME_Q18606	5	STR_QUEST_ZONE04	1	4095	0	37	38	105987	0	0	0	0	1	10	0	105990	105991	0	0	0	105992
18607	STR_QUEST_NAME_Q18607	5	STR_QUEST_ZONE04	1	4095	0	37	38	105987	0	0	0	0	1	10	0	105993	105994	0	0	0	105995
18608	STR_QUEST_NAME_Q18608	5	STR_QUEST_ZONE04	1	831	0	37	38	105987	105996	0	0	0	1	1	0	105993	105997	0	0	0	0
18609	STR_QUEST_NAME_Q18609	5	STR_QUEST_ZONE04	1	255	0	37	38	105987	105996	0	0	0	1	1	0	105993	105998	0	0	0	0
18610	STR_QUEST_NAME_Q18610	5	STR_QUEST_ZONE04	1	799	0	37	38	105987	105996	0	0	0	1	1	0	105993	105999	0	0	0	0
18611	STR_QUEST_NAME_Q18611	5	STR_QUEST_ZONE04	1	3087	0	37	38	105987	105996	0	0	0	1	1	0	105993	106000	0	0	0	0
18612	STR_QUEST_NAME_Q18612	5	STR_QUEST_ZONE04	1	3087	0	37	38	105987	105996	0	0	0	1	1	0	105993	106001	0	0	0	0
18613	STR_QUEST_NAME_Q18613	5	STR_QUEST_ZONE04	1	63	0	37	38	105987	105996	0	0	0	1	1	0	105993	106002	0	0	0	0
18614	STR_QUEST_NAME_Q18614	5	STR_QUEST_ZONE04	1	31	0	37	38	105987	105996	0	0	0	1	1	0	105993	106003	0	0	0	0
18615	STR_QUEST_NAME_Q18615	5	STR_QUEST_ZONE04	1	207	0	37	38	105987	105996	0	0	0	1	1	0	105993	106004	0	0	0	0
18616	STR_QUEST_NAME_Q18616	5	STR_QUEST_ZONE04	1	799	0	37	38	105987	105996	0	0	0	1	1	0	105993	106005	0	0	0	0
18617	STR_QUEST_NAME_Q18617	5	STR_QUEST_ZONE04	1	4095	0	37	38	105987	0	0	0	0	1	0	0	106006	106007	0	0	0	0
18618	STR_QUEST_NAME_Q18618	5	STR_QUEST_ZONE46	1	831	0	37	38	0	106008	0	0	1	1	0	0	106009	106010	0	0	0	0
18619	STR_QUEST_NAME_Q18619	5	STR_QUEST_ZONE46	1	63	0	37	38	0	106008	0	0	1	1	0	0	106011	106012	0	0	0	0
18620	STR_QUEST_NAME_Q18620	5	STR_QUEST_ZONE46	1	799	0	37	38	0	106008	0	0	1	1	0	0	106013	106014	0	0	0	0
18621	STR_QUEST_NAME_Q18621	5	STR_QUEST_ZONE46	1	31	0	37	38	0	106008	0	0	1	1	0	0	106015	106016	0	0	0	0
18622	STR_QUEST_NAME_Q18622	5	STR_QUEST_ZONE46	1	799	0	37	38	0	106008	0	0	1	1	0	0	106017	106018	0	0	0	0
18623	STR_QUEST_NAME_Q18623	5	STR_QUEST_ZONE46	1	255	0	37	38	0	106008	0	0	1	1	0	0	106019	106020	0	0	0	0
18624	STR_QUEST_NAME_Q18624	5	STR_QUEST_ZONE46	1	207	0	37	38	0	106008	0	0	1	1	0	0	106021	106022	0	0	0	0
18625	STR_QUEST_NAME_Q18625	5	STR_QUEST_ZONE46	1	3087	0	37	38	0	106008	0	0	1	1	0	0	106023	106024	0	0	0	0
18626	STR_QUEST_NAME_Q18626	5	STR_QUEST_ZONE46	1	3087	0	37	38	0	106008	0	0	1	1	0	0	106025	106026	0	0	0	0
18627	STR_QUEST_NAME_Q18627	5	STR_QUEST_ZONE46	1	255	0	37	38	0	106008	0	0	1	1	0	0	106027	106028	0	0	0	0
18628	STR_QUEST_NAME_Q18628	5	STR_QUEST_ZONE04	1	831	0	37	38	105987	106029	0	0	0	1	1	0	105993	105997	0	0	0	0
18629	STR_QUEST_NAME_Q18629	5	STR_QUEST_ZONE04	1	255	0	37	38	105987	106029	0	0	0	1	1	0	105993	105998	0	0	0	0
18630	STR_QUEST_NAME_Q18630	5	STR_QUEST_ZONE04	1	799	0	37	38	105987	106029	0	0	0	1	1	0	105993	105999	0	0	0	0
18631	STR_QUEST_NAME_Q18631	5	STR_QUEST_ZONE04	1	3087	0	37	38	105987	106029	0	0	0	1	1	0	105993	106000	0	0	0	0
18632	STR_QUEST_NAME_Q18632	5	STR_QUEST_ZONE04	1	3087	0	37	38	105987	106029	0	0	0	1	1	0	105993	106001	0	0	0	0
18633	STR_QUEST_NAME_Q18633	5	STR_QUEST_ZONE04	1	63	0	37	38	105987	106029	0	0	0	1	1	0	105993	106002	0	0	0	0
18634	STR_QUEST_NAME_Q18634	5	STR_QUEST_ZONE04	1	31	0	37	38	105987	106029	0	0	0	1	1	0	105993	106003	0	0	0	0
18635	STR_QUEST_NAME_Q18635	5	STR_QUEST_ZONE04	1	207	0	37	38	105987	106029	0	0	0	1	1	0	105993	106004	0	0	0	0
18636	STR_QUEST_NAME_Q18636	5	STR_QUEST_ZONE04	1	799	0	37	38	105987	106029	0	0	0	1	1	0	105993	106005	0	0	0	0
19000	STR_QUEST_NAME_Q19000	3	STR_QUEST_ZONE19	1	4095	0	50	50	0	106030	0	0	0	1	1	0	106031	106032	0	0	0	0
19001	STR_QUEST_NAME_Q19001	3	STR_QUEST_ZONE19	1	4095	0	50	50	106033	0	0	0	0	1	1	0	106031	106034	0	0	0	0
19002	STR_QUEST_NAME_Q19002	3	STR_QUEST_ZONE19	1	4095	0	50	50	0	106035	0	0	0	1	1	0	106036	106032	0	0	0	0
19003	STR_QUEST_NAME_Q19003	3	STR_QUEST_ZONE19	1	4095	0	50	50	106037	0	0	0	0	1	1	0	106036	106038	0	0	0	0
19004	STR_QUEST_NAME_Q19004	1	STR_QUEST_ZONE19	1	4095	0	10	10	0	0	0	0	0	1	1	0	102113	106039	0	0	0	0
19008	STR_QUEST_NAME_Q19008	3	STR_QUEST_ZONE19	1	4095	0	29	30	106040	106041	106042	106042	0	1	1	0	102117	102235	0	0	0	0
19009	STR_QUEST_NAME_Q19009	3	STR_QUEST_ZONE19	1	4095	0	29	30	106043	0	0	0	0	1	1	0	102117	106044	0	0	0	0
19014	STR_QUEST_NAME_Q19014	3	STR_QUEST_ZONE19	1	4095	0	29	30	106045	106046	106047	106047	0	1	1	0	102119	102235	0	0	0	0
19015	STR_QUEST_NAME_Q19015	3	STR_QUEST_ZONE19	1	4095	0	29	30	106048	0	0	0	0	1	1	0	102119	106049	0	0	0	0
19020	STR_QUEST_NAME_Q19020	3	STR_QUEST_ZONE19	1	4095	0	29	30	106050	106051	106052	106052	0	1	1	0	102126	102235	0	0	0	0
19021	STR_QUEST_NAME_Q19021	3	STR_QUEST_ZONE19	1	4095	0	29	30	106053	0	0	0	0	1	1	0	102126	106054	0	0	0	0
19026	STR_QUEST_NAME_Q19026	3	STR_QUEST_ZONE19	1	4095	0	29	30	106055	106056	106057	106057	0	1	1	0	102123	102235	0	0	0	0
19027	STR_QUEST_NAME_Q19027	3	STR_QUEST_ZONE19	1	4095	0	29	30	106058	0	0	0	0	1	1	0	102123	106059	0	0	0	0
19032	STR_QUEST_NAME_Q19032	3	STR_QUEST_ZONE19	1	4095	0	29	30	106060	106061	106062	106062	0	1	1	0	101639	102235	0	0	0	0
19033	STR_QUEST_NAME_Q19033	3	STR_QUEST_ZONE19	1	4095	0	29	30	106063	0	0	0	0	1	1	0	101639	106064	0	0	0	0
19038	STR_QUEST_NAME_Q19038	3	STR_QUEST_ZONE19	1	4095	0	29	30	106065	106066	106067	106067	0	1	1	0	102121	102235	0	0	0	0
19039	STR_QUEST_NAME_Q19039	3	STR_QUEST_ZONE19	1	4095	0	29	30	106068	0	0	0	0	1	1	0	102121	106069	0	0	0	0
19040	STR_QUEST_NAME_Q19040	3	STR_QUEST_ZONE19	1	4095	0	10	10	0	0	0	0	0	1	1	0	102250	106070	0	0	0	0
19041	STR_QUEST_NAME_Q19041	5	STR_QUEST_ZONE19	1	4095	0	45	45	0	0	0	0	1	1	1	0	104107	106071	0	0	0	0
19042	STR_QUEST_NAME_Q19042	5	STR_QUEST_ZONE19	1	4095	0	45	45	106072	0	0	0	0	1	1	0	103894	106073	0	0	0	0
19043	STR_QUEST_NAME_Q19043	5	STR_QUEST_ZONE19	1	4095	0	45	45	0	0	0	0	1	1	0	1	106074	106075	0	0	0	0
19044	STR_QUEST_NAME_Q19044	3	STR_QUEST_ZONE19	1	4095	0	10	10	106076	0	0	0	0	1	1	0	106077	106078	0	0	0	0
19045	STR_QUEST_NAME_Q19045	3	STR_QUEST_ZONE19	1	4095	0	10	10	106079	0	0	0	0	1	1	0	106080	106081	0	0	0	0
19047	STR_QUEST_NAME_Q19047	5	STR_QUEST_ZONE19	1	4095	0	50	50	70876	0	0	0	0	1	1	0	102249	106082	0	0	0	0
19048	STR_QUEST_NAME_Q19048	3	STR_QUEST_ZONE19	1	4095	0	9	9	0	0	0	0	0	1	1	0	106083	106084	0	0	0	0
20000	STR_QUEST_NAME_Q20000	0	STR_QUEST_ZONE36	2	4095	0	50	50	0	0	0	0	0	0	1	0	100918	106085	0	0	0	0
20001	STR_QUEST_NAME_Q20001	0	STR_QUEST_ZONE36	2	4095	0	50	50	106086	0	0	0	0	0	1	0	100918	106087	0	0	0	0
20020	STR_QUEST_NAME_Q20020	0	STR_QUEST_ZONE37	2	4095	0	50	51	106088	0	0	0	0	0	1	0	0	106089	0	0	0	0
20021	STR_QUEST_NAME_Q20021	0	STR_QUEST_ZONE37	2	4095	0	51	52	106090	0	0	0	0	0	1	0	0	106091	0	0	0	0
20022	STR_QUEST_NAME_Q20022	0	STR_QUEST_ZONE37	2	4095	0	51	53	106092	0	0	0	0	0	1	0	0	106093	0	0	0	0
20023	STR_QUEST_NAME_Q20023	0	STR_QUEST_ZONE37	2	4095	0	52	53	106094	0	0	0	0	0	1	0	0	106095	0	0	0	0
20024	STR_QUEST_NAME_Q20024	0	STR_QUEST_ZONE37	2	4095	0	53	54	106096	0	0	0	0	0	1	0	0	106097	0	0	0	0
20025	STR_QUEST_NAME_Q20025	0	STR_QUEST_ZONE37	2	4095	0	55	55	106098	0	0	0	0	0	1	0	0	106099	0	0	0	0
20026	STR_QUEST_NAME_Q20026	0	STR_QUEST_ZONE37	2	4095	0	50	50	106100	0	0	0	0	0	1	0	0	105475	0	0	0	0
21000	STR_QUEST_NAME_Q21000	5	STR_QUEST_ZONE37	2	4095	0	50	51	106100	0	0	0	0	1	1	0	106101	106102	0	0	0	0
21001	STR_QUEST_NAME_Q21001	5	STR_QUEST_ZONE37	2	4095	0	50	51	106100	0	0	0	0	1	1	0	106103	106104	0	0	0	0
21002	STR_QUEST_NAME_Q21002	5	STR_QUEST_ZONE37	2	4095	0	50	51	106100	0	0	0	0	1	1	0	106105	106106	0	0	0	0
21004	STR_QUEST_NAME_Q21004	5	STR_QUEST_ZONE37	2	4095	0	52	53	106107	0	0	0	0	1	1	0	106103	106108	0	0	0	0
21005	STR_QUEST_NAME_Q21005	5	STR_QUEST_ZONE37	2	4095	0	50	51	106109	0	0	0	0	1	50	0	106105	106110	0	0	0	0
21009	STR_QUEST_NAME_Q21009	5	STR_QUEST_ZONE37	2	4095	0	50	51	106090	0	0	0	0	1	1	0	106111	106112	0	0	0	0
21015	STR_QUEST_NAME_Q21015	5	STR_QUEST_ZONE37	2	4095	0	50	51	106100	0	0	0	0	1	1	0	106113	106114	0	0	0	0
21016	STR_QUEST_NAME_Q21016	5	STR_QUEST_ZONE37	2	4095	0	50	51	106100	0	0	0	0	1	1	0	106115	106116	0	0	0	0
21017	STR_QUEST_NAME_Q21017	5	STR_QUEST_ZONE37	2	4095	0	50	51	106117	0	0	0	0	1	1	0	106115	106118	0	0	0	0
21018	STR_QUEST_NAME_Q21018	5	STR_QUEST_ZONE37	2	4095	0	50	51	106119	0	0	0	0	1	1	0	106115	106120	0	0	0	0
21019	STR_QUEST_NAME_Q21019	5	STR_QUEST_ZONE37	2	4095	0	50	51	106121	0	0	0	0	1	1	0	106113	106122	0	0	0	0
21020	STR_QUEST_NAME_Q21020	5	STR_QUEST_ZONE37	2	4095	0	50	51	106100	0	0	0	0	1	1	0	106123	106124	0	0	0	0
21021	STR_QUEST_NAME_Q21021	5	STR_QUEST_ZONE37	2	4095	0	50	51	106125	0	0	0	0	1	1	0	106123	106126	0	0	0	0
21022	STR_QUEST_NAME_Q21022	5	STR_QUEST_ZONE37	2	4095	0	50	51	106100	0	0	0	0	1	1	0	106127	106128	0	0	0	0
21025	STR_QUEST_NAME_Q21025	5	STR_QUEST_ZONE37	2	4095	0	51	52	0	0	0	0	1	1	1	0	106129	106130	0	0	0	0
21026	STR_QUEST_NAME_Q21026	5	STR_QUEST_ZONE37	2	4095	0	51	52	0	0	0	0	1	1	1	0	106131	106132	0	0	0	0
21027	STR_QUEST_NAME_Q21027	5	STR_QUEST_ZONE37	2	4095	0	51	52	0	0	0	0	1	1	1	0	106133	106134	0	0	0	0
21028	STR_QUEST_NAME_Q21028	5	STR_QUEST_ZONE37	2	4095	0	51	52	106135	0	0	0	0	1	10	0	106133	106136	0	0	0	106137
21029	STR_QUEST_NAME_Q21029	5	STR_QUEST_ZONE37	2	4095	0	51	52	106138	0	0	0	0	1	1	0	106131	106139	0	0	0	0
21030	STR_QUEST_NAME_Q21030	5	STR_QUEST_ZONE37	2	4095	0	51	52	0	0	0	0	0	1	1	0	106140	106141	0	0	0	0
21031	STR_QUEST_NAME_Q21031	5	STR_QUEST_ZONE37	2	4095	0	50	51	106100	0	0	0	0	1	1	0	106142	106143	0	0	0	0
21032	STR_QUEST_NAME_Q21032	5	STR_QUEST_ZONE37	2	4095	0	50	51	106144	0	0	0	0	1	1	0	106142	106145	0	0	0	0
21033	STR_QUEST_NAME_Q21033	5	STR_QUEST_ZONE37	2	4095	0	50	51	106146	0	0	0	0	1	1	0	106142	106147	0	0	0	0
21034	STR_QUEST_NAME_Q21034	5	STR_QUEST_ZONE37	2	4095	0	50	51	106100	0	0	0	0	1	1	0	106142	106148	0	0	0	0
21035	STR_QUEST_NAME_Q21035	5	STR_QUEST_ZONE37	2	4095	0	51	52	106092	0	0	0	0	1	1	0	106149	106150	0	0	0	0
21036	STR_QUEST_NAME_Q21036	5	STR_QUEST_ZONE37	2	4095	0	51	52	106151	0	0	0	0	1	1	0	106149	106152	0	0	0	0
21037	STR_QUEST_NAME_Q21037	5	STR_QUEST_ZONE37	2	4095	0	51	51	106100	0	0	0	0	1	0	0	106153	106154	0	0	0	0
21038	STR_QUEST_NAME_Q21038	5	STR_QUEST_ZONE37	2	4095	0	51	51	106100	0	0	0	0	1	0	0	106153	106155	0	0	0	0
21039	STR_QUEST_NAME_Q21039	5	STR_QUEST_ZONE37	2	4095	0	51	52	106100	0	0	0	0	1	0	1	106156	106157	0	0	0	0
21041	STR_QUEST_NAME_Q21041	5	STR_QUEST_ZONE37	2	4095	0	50	51	106100	0	0	0	0	1	0	1	106158	106159	0	0	0	0
21042	STR_QUEST_NAME_Q21042	5	STR_QUEST_ZONE37	2	4095	0	51	53	106100	0	0	0	0	1	0	1	106160	106161	0	0	0	0
21043	STR_QUEST_NAME_Q21043	5	STR_QUEST_ZONE37	2	4095	0	51	53	106100	0	0	0	0	1	0	1	106160	106157	0	0	0	0
21049	STR_QUEST_NAME_Q21049	3	STR_QUEST_ZONE29	2	4095	0	52	52	106100	0	0	0	0	1	1	0	106162	105567	0	0	0	0
21051	STR_QUEST_NAME_Q21051	5	STR_QUEST_ZONE43	2	4095	0	53	53	0	0	0	0	1	1	30	0	106163	106164	0	0	0	106165
21052	STR_QUEST_NAME_Q21052	5	STR_QUEST_ZONE43	2	4095	0	53	53	0	0	0	0	1	1	30	0	106166	106167	0	0	0	106168
21053	STR_QUEST_NAME_Q21053	5	STR_QUEST_ZONE43	2	4095	0	53	55	0	0	0	0	1	1	30	0	106169	106170	0	0	0	106171
21054	STR_QUEST_NAME_Q21054	5	STR_QUEST_ZONE43	2	4095	0	53	55	0	0	0	0	1	1	15	0	106172	106173	0	0	0	106174
21055	STR_QUEST_NAME_Q21055	5	STR_QUEST_ZONE43	2	4095	0	53	54	0	0	0	0	1	1	15	0	106175	106176	0	0	0	106177
21056	STR_QUEST_NAME_Q21056	5	STR_QUEST_ZONE37	2	4095	0	54	55	0	0	106178	0	0	1	1	0	106179	106180	0	0	0	0
21057	STR_QUEST_NAME_Q21057	5	STR_QUEST_ZONE37	2	4095	0	54	55	0	0	106181	0	0	1	1	0	106182	106183	0	0	0	0
21058	STR_QUEST_NAME_Q21058	5	STR_QUEST_ZONE37	2	4095	0	54	55	0	0	106184	0	0	1	1	0	106185	106186	0	0	0	0
21059	STR_QUEST_NAME_Q21059	5	STR_QUEST_ZONE37	2	4095	0	55	55	0	0	0	0	0	1	1	0	106187	106188	0	0	0	0
21060	STR_QUEST_NAME_Q21060	5	STR_QUEST_ZONE37	2	4095	0	55	55	106189	0	0	0	0	1	1	0	106190	106191	0	0	0	0
21061	STR_QUEST_NAME_Q21061	5	STR_QUEST_ZONE37	2	4095	0	55	55	106192	0	0	0	0	1	1	0	106193	106194	0	0	0	0
21062	STR_QUEST_NAME_Q21062	5	STR_QUEST_ZONE37	2	4095	0	55	55	106195	0	0	0	0	1	1	0	106196	106197	0	0	0	0
21063	STR_QUEST_NAME_Q21063	5	STR_QUEST_ZONE37	2	4095	0	55	55	106198	0	0	0	0	1	1	0	106199	106200	106201	106201	106201	0
21064	STR_QUEST_NAME_Q21064	5	STR_QUEST_ZONE37	2	4095	0	51	52	106202	0	0	0	0	1	1	0	106127	106203	0	0	0	0
21065	STR_QUEST_NAME_Q21065	5	STR_QUEST_ZONE37	2	4095	0	50	51	106100	0	0	0	0	1	1	0	106204	106205	0	0	0	0
21066	STR_QUEST_NAME_Q21066	5	STR_QUEST_ZONE37	2	4095	0	50	51	106100	0	0	0	0	1	1	0	106206	106205	0	0	0	0
21067	STR_QUEST_NAME_Q21067	5	STR_QUEST_ZONE37	2	4095	0	50	51	106100	0	0	0	0	1	1	0	106207	106208	0	0	0	0
21068	STR_QUEST_NAME_Q21068	5	STR_QUEST_ZONE37	2	4095	0	50	51	106100	0	0	0	0	1	1	0	106209	106210	0	0	0	0
21069	STR_QUEST_NAME_Q21069	5	STR_QUEST_ZONE37	2	4095	0	50	51	106211	0	0	0	0	1	1	0	106212	106213	0	0	0	0
21070	STR_QUEST_NAME_Q21070	5	STR_QUEST_ZONE37	2	4095	0	50	51	106214	0	0	0	0	1	1	0	106212	106215	0	0	0	0
21071	STR_QUEST_NAME_Q21071	5	STR_QUEST_ZONE37	2	4095	0	50	51	106100	0	0	0	0	1	1	0	106216	106217	0	0	0	0
21072	STR_QUEST_NAME_Q21072	5	STR_QUEST_ZONE37	2	4095	0	50	51	106218	0	0	0	0	1	1	0	106216	106219	0	0	0	0
21073	STR_QUEST_NAME_Q21073	5	STR_QUEST_ZONE37	2	4095	0	51	52	106220	0	0	0	0	1	1	0	106216	106221	0	0	0	0
21074	STR_QUEST_NAME_Q21074	5	STR_QUEST_ZONE37	2	4095	0	51	52	106100	0	0	0	0	1	1	0	106222	106223	0	0	0	0
21075	STR_QUEST_NAME_Q21075	5	STR_QUEST_ZONE37	2	4095	0	51	52	106224	0	0	0	0	1	1	0	106222	106225	106225	0	0	0
21076	STR_QUEST_NAME_Q21076	5	STR_QUEST_ZONE37	2	4095	0	50	51	106226	0	0	0	0	1	10	0	106115	106227	0	0	0	106228
21077	STR_QUEST_NAME_Q21077	5	STR_QUEST_ZONE37	2	4095	0	50	51	106229	0	0	0	0	1	10	0	106142	106230	0	0	0	0
21078	STR_QUEST_NAME_Q21078	5	STR_QUEST_ZONE37	2	4095	0	50	51	106100	0	0	0	0	1	10	0	106127	106231	0	0	0	0
21079	STR_QUEST_NAME_Q21079	5	STR_QUEST_ZONE37	2	4095	0	52	54	106100	0	0	0	0	1	20	0	106111	105746	0	0	0	105747
21080	STR_QUEST_NAME_Q21080	5	STR_QUEST_ZONE37	2	4095	0	50	51	106232	0	0	0	0	1	1	0	106204	105622	0	0	0	0
21081	STR_QUEST_NAME_Q21081	5	STR_QUEST_ZONE37	2	4095	0	50	51	106100	0	0	0	0	1	1	0	106233	106234	106235	106235	106235	0
21100	STR_QUEST_NAME_Q21100	5	STR_QUEST_ZONE37	2	4095	0	52	53	0	0	0	0	1	1	1	0	106236	106237	0	0	0	0
21101	STR_QUEST_NAME_Q21101	5	STR_QUEST_ZONE37	2	4095	0	52	53	106238	0	0	0	0	1	1	0	106236	106239	0	0	0	0
21102	STR_QUEST_NAME_Q21102	5	STR_QUEST_ZONE37	2	4095	0	52	53	0	0	0	0	1	1	50	0	106240	106241	0	0	0	0
21103	STR_QUEST_NAME_Q21103	5	STR_QUEST_ZONE37	2	4095	0	52	53	0	0	0	0	1	1	1	0	106236	106242	0	0	0	0
21104	STR_QUEST_NAME_Q21104	5	STR_QUEST_ZONE37	2	4095	0	52	53	0	0	0	0	1	1	1	0	106243	106244	0	0	0	0
21105	STR_QUEST_NAME_Q21105	5	STR_QUEST_ZONE37	2	4095	0	52	53	106245	0	0	0	0	1	10	0	106246	106247	0	0	0	0
21106	STR_QUEST_NAME_Q21106	5	STR_QUEST_ZONE37	2	4095	0	52	53	0	0	0	0	1	1	1	0	106248	106242	0	0	0	0
21107	STR_QUEST_NAME_Q21107	5	STR_QUEST_ZONE37	2	4095	0	52	53	0	0	0	0	1	1	1	0	106249	106250	0	0	0	0
21108	STR_QUEST_NAME_Q21108	5	STR_QUEST_ZONE37	2	4095	0	52	53	0	0	0	0	1	1	10	0	106246	106251	0	0	0	106252
21109	STR_QUEST_NAME_Q21109	5	STR_QUEST_ZONE37	2	4095	0	52	53	106253	0	0	0	0	1	1	0	106246	106254	0	0	0	0
21110	STR_QUEST_NAME_Q21110	5	STR_QUEST_ZONE37	2	4095	0	52	53	106255	0	0	0	0	1	1	0	106248	106256	0	0	0	0
21111	STR_QUEST_NAME_Q21111	5	STR_QUEST_ZONE37	2	4095	0	52	53	0	0	0	0	1	1	1	0	106257	106258	0	0	0	0
21112	STR_QUEST_NAME_Q21112	5	STR_QUEST_ZONE37	2	4095	0	53	54	0	0	0	0	1	1	5	0	106259	106260	0	0	0	0
21113	STR_QUEST_NAME_Q21113	5	STR_QUEST_ZONE37	2	4095	0	53	54	0	0	0	0	1	1	1	0	106261	106262	0	0	0	0
21114	STR_QUEST_NAME_Q21114	5	STR_QUEST_ZONE37	2	4095	0	53	54	0	0	0	0	1	1	1	0	106259	106263	0	0	0	0
21115	STR_QUEST_NAME_Q21115	5	STR_QUEST_ZONE37	2	4095	0	53	54	0	0	0	0	1	1	20	0	106264	106265	0	0	0	0
21116	STR_QUEST_NAME_Q21116	5	STR_QUEST_ZONE37	2	4095	0	53	54	0	0	0	0	1	1	10	0	106266	106267	0	0	0	0
21117	STR_QUEST_NAME_Q21117	5	STR_QUEST_ZONE37	2	4095	0	53	54	0	0	0	0	1	1	20	0	106268	106269	0	0	0	0
21118	STR_QUEST_NAME_Q21118	5	STR_QUEST_ZONE37	2	4095	0	53	54	106270	0	0	0	0	1	1	0	106268	106271	0	0	0	0
21120	STR_QUEST_NAME_Q21120	5	STR_QUEST_ZONE37	2	4095	0	53	54	0	0	0	0	1	1	50	0	106163	106272	0	0	0	0
21121	STR_QUEST_NAME_Q21121	5	STR_QUEST_ZONE37	2	4095	0	53	54	0	0	0	0	1	1	1	0	106268	106273	0	0	0	0
21122	STR_QUEST_NAME_Q21122	5	STR_QUEST_ZONE37	2	4095	0	53	54	106274	0	0	0	0	1	1	0	106175	106275	0	0	0	0
21123	STR_QUEST_NAME_Q21123	5	STR_QUEST_ZONE37	2	4095	0	53	54	0	0	0	0	1	1	1	0	106276	106277	106278	106278	106278	0
21124	STR_QUEST_NAME_Q21124	5	STR_QUEST_ZONE37	2	4095	0	53	54	106279	0	0	0	0	1	1	0	106175	106280	0	0	0	0
21125	STR_QUEST_NAME_Q21125	5	STR_QUEST_ZONE37	2	4095	0	53	54	0	0	0	0	0	1	1	0	106281	106282	0	0	0	0
21126	STR_QUEST_NAME_Q21126	5	STR_QUEST_ZONE37	2	4095	0	53	54	0	0	0	0	1	1	1	0	106283	106284	0	0	0	0
21135	STR_QUEST_NAME_Q21135	5	STR_QUEST_ZONE37	2	4095	0	52	53	0	0	0	0	1	1	1	0	106285	106286	0	0	0	0
21136	STR_QUEST_NAME_Q21136	5	STR_QUEST_ZONE37	2	4095	0	52	53	106287	0	0	0	0	1	1	0	106248	106288	0	0	0	0
21137	STR_QUEST_NAME_Q21137	5	STR_QUEST_ZONE37	2	4095	0	52	53	106289	0	0	0	0	1	1	0	106290	106291	0	0	0	0
21138	STR_QUEST_NAME_Q21138	5	STR_QUEST_ZONE37	2	4095	0	52	53	0	0	0	0	1	1	1	0	106292	106293	0	0	0	0
21139	STR_QUEST_NAME_Q21139	5	STR_QUEST_ZONE37	2	4095	0	52	53	106294	0	0	0	0	1	1	0	106292	106295	0	0	0	0
21200	STR_QUEST_NAME_Q21200	5	STR_QUEST_ZONE37	2	4095	0	54	55	0	0	0	0	1	1	1	0	106296	106297	0	0	0	0
21201	STR_QUEST_NAME_Q21201	5	STR_QUEST_ZONE37	2	4095	0	54	55	106298	0	0	0	0	1	1	0	106296	106299	0	0	0	0
21202	STR_QUEST_NAME_Q21202	5	STR_QUEST_ZONE37	2	4095	0	54	55	106300	0	0	0	0	1	1	0	0	0	0	0	0	0
21203	STR_QUEST_NAME_Q21203	5	STR_QUEST_ZONE37	2	4095	0	54	55	0	0	0	0	1	1	1	0	106301	106302	0	0	0	0
21204	STR_QUEST_NAME_Q21204	5	STR_QUEST_ZONE37	2	4095	0	54	55	106303	0	0	0	0	1	50	0	106301	106304	0	0	0	0
21205	STR_QUEST_NAME_Q21205	5	STR_QUEST_ZONE37	2	4095	0	54	55	0	0	0	0	1	1	1	0	106305	106306	0	0	0	0
21206	STR_QUEST_NAME_Q21206	5	STR_QUEST_ZONE37	2	4095	0	54	55	0	0	0	0	1	1	1	0	106307	106308	0	0	0	0
21207	STR_QUEST_NAME_Q21207	5	STR_QUEST_ZONE37	2	4095	0	54	55	0	0	0	0	1	1	1	0	106305	106309	0	0	0	0
21208	STR_QUEST_NAME_Q21208	5	STR_QUEST_ZONE37	2	4095	0	54	55	0	0	0	0	1	1	1	0	106307	106310	0	0	0	0
21212	STR_QUEST_NAME_Q21212	5	STR_QUEST_ZONE37	2	4095	0	54	55	0	0	0	0	1	1	1	0	106311	106312	0	0	0	0
21213	STR_QUEST_NAME_Q21213	5	STR_QUEST_ZONE37	2	4095	0	54	55	0	0	0	0	1	1	1	0	106313	106314	0	0	0	0
21214	STR_QUEST_NAME_Q21214	5	STR_QUEST_ZONE37	2	4095	0	54	55	0	0	0	0	1	1	1	0	106311	106315	0	0	0	0
21215	STR_QUEST_NAME_Q21215	5	STR_QUEST_ZONE37	2	4095	0	54	55	0	0	0	0	1	1	1	0	106313	106316	0	0	0	0
21216	STR_QUEST_NAME_Q21216	5	STR_QUEST_ZONE37	2	4095	0	54	55	0	0	0	0	1	1	1	0	106313	106317	0	0	0	0
21217	STR_QUEST_NAME_Q21217	5	STR_QUEST_ZONE37	2	4095	0	54	55	106318	0	0	0	0	1	1	0	106313	106319	0	0	0	0
21220	STR_QUEST_NAME_Q21220	5	STR_QUEST_ZONE37	2	4095	0	54	55	106320	0	0	0	0	1	1	0	106169	106321	0	0	0	0
21221	STR_QUEST_NAME_Q21221	5	STR_QUEST_ZONE37	2	4095	0	54	55	0	0	0	0	0	1	1	0	106322	106323	0	0	0	0
21222	STR_QUEST_NAME_Q21222	5	STR_QUEST_ZONE37	2	4095	0	54	55	0	0	0	0	1	1	50	0	106324	106325	0	0	0	0
21224	STR_QUEST_NAME_Q21224	5	STR_QUEST_ZONE37	2	4095	0	55	55	0	0	0	0	1	1	10	0	106172	106326	0	0	0	106327
21225	STR_QUEST_NAME_Q21225	5	STR_QUEST_ZONE37	2	4095	0	50	50	0	0	0	0	0	1	40	1	106328	105738	0	0	0	0
21226	STR_QUEST_NAME_Q21226	5	STR_QUEST_ZONE37	2	4095	0	50	50	0	0	0	0	0	1	40	1	106329	105738	0	0	0	0
21227	STR_QUEST_NAME_Q21227	5	STR_QUEST_ZONE37	2	4095	0	51	55	0	0	0	0	0	1	5	0	106330	105710	0	0	0	0
21228	STR_QUEST_NAME_Q21228	5	STR_QUEST_ZONE37	2	4095	0	51	55	0	0	0	0	0	1	5	0	106330	106331	0	0	0	0
21229	STR_QUEST_NAME_Q21229	5	STR_QUEST_ZONE37	2	4095	0	50	50	0	0	0	0	0	1	40	1	106332	106333	0	0	0	0
21230	STR_QUEST_NAME_Q21230	5	STR_QUEST_ZONE37	2	4095	0	50	55	0	0	0	0	0	1	40	1	106334	105738	0	0	0	0
21231	STR_QUEST_NAME_Q21231	5	STR_QUEST_ZONE37	2	4095	0	51	55	0	0	0	0	0	1	5	0	106335	105710	0	0	0	0
21232	STR_QUEST_NAME_Q21232	5	STR_QUEST_ZONE37	2	4095	0	51	55	0	0	0	0	0	1	5	0	106335	106336	0	0	0	0
21233	STR_QUEST_NAME_Q21233	5	STR_QUEST_ZONE35	2	4095	0	50	50	0	0	0	0	0	1	20	1	106337	106338	0	0	0	0
21234	STR_QUEST_NAME_Q21234	5	STR_QUEST_ZONE35	2	4095	0	50	50	0	0	0	0	0	1	20	1	106337	106339	0	0	0	0
21235	STR_QUEST_NAME_Q21235	5	STR_QUEST_ZONE35	2	4095	0	50	50	0	0	0	0	0	1	20	1	106340	106338	0	0	0	0
21236	STR_QUEST_NAME_Q21236	5	STR_QUEST_ZONE35	2	4095	0	50	50	0	0	0	0	0	1	20	1	106340	106339	0	0	0	0
21237	STR_QUEST_NAME_Q21237	5	STR_QUEST_ZONE37	2	4095	0	52	54	0	0	0	0	1	1	20	0	106341	106342	0	0	0	105747
21238	STR_QUEST_NAME_Q21238	5	STR_QUEST_ZONE37	2	4095	0	52	54	0	0	0	0	1	1	20	0	106343	106344	0	0	0	105747
21239	STR_QUEST_NAME_Q21239	5	STR_QUEST_ZONE37	2	4095	0	52	54	0	0	0	0	1	1	1	0	106345	106346	0	0	0	0
21240	STR_QUEST_NAME_Q21240	5	STR_QUEST_ZONE37	2	4095	0	52	54	106347	0	0	0	1	1	20	0	106341	106348	0	0	0	106349
21241	STR_QUEST_NAME_Q21241	5	STR_QUEST_ZONE37	2	4095	0	54	55	0	0	0	0	1	1	1	0	106350	106351	0	0	0	0
21242	STR_QUEST_NAME_Q21242	5	STR_QUEST_ZONE37	2	4095	0	52	53	0	0	0	0	1	1	1	0	106343	106352	0	0	0	0
21243	STR_QUEST_NAME_Q21243	5	STR_QUEST_ZONE37	2	4095	0	52	54	0	0	0	0	0	1	1	0	106353	106354	0	0	0	0
21244	STR_QUEST_NAME_Q21244	5	STR_QUEST_ZONE37	2	4095	0	54	55	0	0	0	0	1	1	1	0	106311	106355	0	0	0	0
21245	STR_QUEST_NAME_Q21245	5	STR_QUEST_ZONE37	2	4095	0	54	55	106356	0	0	0	0	1	1	0	106311	106357	0	0	0	0
21246	STR_QUEST_NAME_Q21246	5	STR_QUEST_ZONE37	2	4095	0	54	55	0	0	0	0	1	1	10	0	106169	106358	0	0	0	106359
21247	STR_QUEST_NAME_Q21247	5	STR_QUEST_ZONE37	2	4095	0	54	55	0	0	0	0	1	1	1	0	106360	106361	0	0	0	0
21248	STR_QUEST_NAME_Q21248	5	STR_QUEST_ZONE37	2	4095	0	54	55	106362	0	0	0	0	1	1	0	106360	106363	0	0	0	0
21249	STR_QUEST_NAME_Q21249	5	STR_QUEST_ZONE37	2	4095	0	54	55	106364	0	0	0	0	1	1	0	106360	106365	0	0	0	0
21250	STR_QUEST_NAME_Q21250	5	STR_QUEST_ZONE37	2	4095	0	54	55	106366	0	106367	106367	0	1	30	0	106368	105761	0	0	0	106369
21251	STR_QUEST_NAME_Q21251	5	STR_QUEST_ZONE37	2	4095	0	54	55	106370	0	0	0	0	1	1	0	106368	106371	0	0	0	0
21252	STR_QUEST_NAME_Q21252	5	STR_QUEST_ZONE37	2	4095	0	54	55	106372	0	106373	106373	0	1	30	0	106368	105761	0	0	0	106374
21253	STR_QUEST_NAME_Q21253	5	STR_QUEST_ZONE37	2	4095	0	54	55	106375	0	0	0	0	1	1	0	106368	106376	0	0	0	0
21254	STR_QUEST_NAME_Q21254	5	STR_QUEST_ZONE37	2	4095	0	54	55	106377	0	106378	106378	0	1	30	0	106368	105761	0	0	0	106379
21255	STR_QUEST_NAME_Q21255	5	STR_QUEST_ZONE37	2	4095	0	54	55	106380	0	0	0	0	1	1	0	106368	106381	0	0	0	0
21256	STR_QUEST_NAME_Q21256	5	STR_QUEST_ZONE37	2	4095	0	54	55	106382	0	106383	106383	0	1	30	0	106368	105761	0	0	0	106384
21257	STR_QUEST_NAME_Q21257	5	STR_QUEST_ZONE37	2	4095	0	54	55	106385	0	0	0	0	1	1	0	106368	106386	0	0	0	0
21258	STR_QUEST_NAME_Q21258	5	STR_QUEST_ZONE37	2	4095	0	54	55	106387	0	106388	106388	0	1	30	0	106368	105761	0	0	0	106389
21259	STR_QUEST_NAME_Q21259	5	STR_QUEST_ZONE37	2	4095	0	54	55	106390	0	0	0	0	1	1	0	106368	106391	0	0	0	0
21260	STR_QUEST_NAME_Q21260	5	STR_QUEST_ZONE37	2	4095	0	54	55	106372	0	106375	106375	0	1	30	0	106368	105761	0	0	0	106392
21261	STR_QUEST_NAME_Q21261	5	STR_QUEST_ZONE37	2	4095	0	54	55	106373	0	0	0	0	1	1	0	106368	106393	0	0	0	0
21262	STR_QUEST_NAME_Q21262	5	STR_QUEST_ZONE37	2	4095	0	54	55	106394	0	106395	106395	0	1	30	0	106368	105761	0	0	0	106396
21263	STR_QUEST_NAME_Q21263	5	STR_QUEST_ZONE37	2	4095	0	54	55	106397	0	0	0	0	1	1	0	106368	106398	0	0	0	0
21264	STR_QUEST_NAME_Q21264	5	STR_QUEST_ZONE37	2	4095	0	54	55	106399	0	106390	106390	0	1	30	0	106368	105761	0	0	0	106400
21265	STR_QUEST_NAME_Q21265	5	STR_QUEST_ZONE37	2	4095	0	54	55	106401	0	0	0	0	1	1	0	106368	106402	0	0	0	0
21266	STR_QUEST_NAME_Q21266	5	STR_QUEST_ZONE37	2	4095	0	54	55	106403	0	106404	106404	0	1	30	0	106368	105761	0	0	0	106405
21267	STR_QUEST_NAME_Q21267	5	STR_QUEST_ZONE37	2	4095	0	54	55	106406	0	0	0	0	1	1	0	106368	106407	0	0	0	0
21268	STR_QUEST_NAME_Q21268	5	STR_QUEST_ZONE37	2	4095	0	55	55	0	0	0	0	1	1	1	0	106408	106409	0	0	0	0
21269	STR_QUEST_NAME_Q21269	5	STR_QUEST_ZONE37	2	4095	0	55	55	0	0	0	0	1	1	1	0	106408	106410	0	0	0	0
21270	STR_QUEST_NAME_Q21270	5	STR_QUEST_ZONE37	2	4095	0	55	55	0	0	0	0	1	1	1	0	106408	106411	0	0	0	0
21271	STR_QUEST_NAME_Q21271	5	STR_QUEST_ZONE37	2	4095	0	55	55	0	0	0	0	1	1	1	0	106408	106412	0	0	0	0
21272	STR_QUEST_NAME_Q21272	5	STR_QUEST_ZONE37	2	4095	0	55	55	0	0	0	0	1	1	1	0	106408	106413	0	0	0	0
21273	STR_QUEST_NAME_Q21273	5	STR_QUEST_ZONE37	2	4095	0	52	53	0	0	0	0	1	1	2	0	106343	106414	0	0	0	0
21274	STR_QUEST_NAME_Q21274	5	STR_QUEST_ZONE37	2	4095	0	52	53	0	0	0	0	1	1	2	0	106343	106415	0	0	0	0
21275	STR_QUEST_NAME_Q21275	5	STR_QUEST_ZONE37	2	4095	0	55	55	0	0	0	0	1	1	1	0	106408	106416	106417	106417	106417	0
21276	STR_QUEST_NAME_Q21276	5	STR_QUEST_ZONE37	2	4095	0	55	55	0	0	0	0	1	1	1	0	106408	106418	0	0	0	0
21277	STR_QUEST_NAME_Q21277	3	STR_QUEST_ZONE29	2	4095	0	55	55	0	0	106419	106419	0	1	5	0	106162	105811	0	0	0	0
21278	STR_QUEST_NAME_Q21278	3	STR_QUEST_ZONE29	2	4095	0	55	55	106420	0	106419	106419	0	1	1	0	106162	105813	0	0	0	0
21279	STR_QUEST_NAME_Q21279	5	STR_QUEST_ZONE37	2	4095	0	51	51	106100	0	0	0	0	1	0	0	106153	106421	0	0	0	0
21280	STR_QUEST_NAME_Q21280	5	STR_QUEST_ZONE37	2	4095	0	51	51	106100	0	0	0	0	1	0	0	106153	106422	0	0	0	0
21281	STR_QUEST_NAME_Q21281	8	STR_QUEST_ZONE37	2	4095	0	99	51	0	0	0	0	1	1	0	0	106423	102072	102073	102074	102075	0
21282	STR_QUEST_NAME_Q21282	8	STR_QUEST_ZONE37	2	4095	0	99	51	0	0	0	0	1	1	0	0	106424	102073	102075	102077	102078	0
21283	STR_QUEST_NAME_Q21283	8	STR_QUEST_ZONE37	2	4095	0	99	51	0	0	0	0	1	1	0	0	106425	102080	102081	102078	102082	0
21284	STR_QUEST_NAME_Q21284	8	STR_QUEST_ZONE37	2	4095	0	99	51	0	0	0	0	1	1	0	0	106426	102081	102082	102084	102085	0
21285	STR_QUEST_NAME_Q21285	8	STR_QUEST_ZONE37	2	4095	0	99	51	0	0	0	0	1	1	0	0	106427	105821	105822	105823	105824	0
21286	STR_QUEST_NAME_Q21286	8	STR_QUEST_ZONE37	2	4095	0	99	51	0	0	0	0	1	1	0	0	106428	105822	105824	105826	105827	0
21287	STR_QUEST_NAME_Q21287	8	STR_QUEST_ZONE37	2	4095	0	99	51	0	0	0	0	1	1	0	0	106429	105829	105830	105827	105831	0
21288	STR_QUEST_NAME_Q21288	8	STR_QUEST_ZONE37	2	4095	0	99	51	0	0	0	0	1	1	0	0	106430	105830	105831	105833	105834	0
21289	STR_QUEST_NAME_Q21289	5	STR_QUEST_ZONE37	2	4095	0	50	55	0	0	0	0	1	1	0	1	106368	106431	0	0	0	0
21290	STR_QUEST_NAME_Q21290	5	STR_QUEST_ZONE37	2	4095	0	50	55	0	0	0	0	0	1	0	1	106368	106432	0	0	0	0
21291	STR_QUEST_NAME_Q21291	5	STR_QUEST_ZONE37	2	4095	0	50	55	0	0	0	0	1	1	0	0	106433	106434	106435	106435	106435	0
21292	STR_QUEST_NAME_Q21292	5	STR_QUEST_ZONE48	2	4095	0	55	55	0	0	0	0	1	1	0	1	105840	105841	0	0	0	0
21293	STR_QUEST_NAME_Q21293	5	STR_QUEST_ZONE37	2	4095	0	55	55	0	0	0	0	1	1	1	0	106233	106436	0	0	0	0
21294	STR_QUEST_NAME_Q21294	5	STR_QUEST_ZONE37	2	4095	0	55	55	0	0	0	0	1	1	0	0	106437	106438	0	0	0	0
21295	STR_QUEST_NAME_Q21295	5	STR_QUEST_ZONE37	2	4095	0	55	55	0	0	0	0	1	1	1	0	106437	105845	0	0	0	0
21296	STR_QUEST_NAME_Q21296	5	STR_QUEST_ZONE37	2	4095	0	55	55	106439	0	0	0	0	1	1	0	106437	106440	0	0	0	0
21451	STR_QUEST_NAME_Q21451	5	STR_QUEST_ZONE37	2	4095	0	51	51	106092	0	0	0	0	1	1	0	106123	105849	0	0	0	0
21452	STR_QUEST_NAME_Q21452	5	STR_QUEST_ZONE37	2	4095	0	51	51	106441	0	0	0	0	1	1	0	106442	105851	0	0	0	0
21453	STR_QUEST_NAME_Q21453	5	STR_QUEST_ZONE37	2	4095	0	51	51	106443	0	0	0	0	1	1	0	106442	105853	0	0	0	0
21454	STR_QUEST_NAME_Q21454	5	STR_QUEST_ZONE37	2	4095	0	51	51	106444	0	0	0	0	1	1	0	106445	105856	0	0	0	0
21455	STR_QUEST_NAME_Q21455	5	STR_QUEST_ZONE37	2	4095	0	51	51	106446	0	0	0	0	1	1	0	106445	106447	0	0	0	0
21456	STR_QUEST_NAME_Q21456	5	STR_QUEST_ZONE37	2	4095	0	51	51	106092	0	0	0	0	1	1	0	106448	105860	0	0	0	0
21457	STR_QUEST_NAME_Q21457	5	STR_QUEST_ZONE37	2	4095	0	51	51	106092	0	0	0	0	1	1	0	106127	105861	0	0	0	0
21458	STR_QUEST_NAME_Q21458	5	STR_QUEST_ZONE37	2	4095	0	51	51	106449	0	0	0	0	1	1	0	106127	106450	0	0	0	0
21459	STR_QUEST_NAME_Q21459	5	STR_QUEST_ZONE37	2	4095	0	51	51	106092	0	0	0	0	1	20	0	106451	105864	0	0	0	0
21460	STR_QUEST_NAME_Q21460	5	STR_QUEST_ZONE37	2	4095	0	51	51	106092	0	0	0	0	1	1	0	106149	106452	0	0	0	0
21461	STR_QUEST_NAME_Q21461	5	STR_QUEST_ZONE47	2	4095	0	51	51	106092	0	0	0	0	1	1	0	105866	105867	0	0	0	0
21464	STR_QUEST_NAME_Q21464	5	STR_QUEST_ZONE47	2	4095	0	51	51	0	0	0	0	0	1	10	0	105868	106453	0	0	0	106454
21465	STR_QUEST_NAME_Q21465	5	STR_QUEST_ZONE47	2	4095	0	51	51	0	0	0	0	0	1	1	0	106455	106456	0	0	0	0
21467	STR_QUEST_NAME_Q21467	5	STR_QUEST_ZONE47	2	4095	0	51	51	0	0	0	0	0	1	20	0	105875	106457	106458	106459	106460	0
21468	STR_QUEST_NAME_Q21468	5	STR_QUEST_ZONE47	2	4095	0	51	51	0	0	0	0	0	1	1	0	105868	106461	0	0	0	0
28200	STR_QUEST_NAME_Q28200	2	STR_QUEST_ZONE56	2	4095	0	50	55	0	0	0	0	1	1	1	0	106462	105882	0	0	0	0
28201	STR_QUEST_NAME_Q28201	5	STR_QUEST_ZONE56	2	4095	0	50	55	0	0	0	0	1	1	1	0	106463	106464	0	0	0	0
28202	STR_QUEST_NAME_Q28202	5	STR_QUEST_ZONE56	2	4095	0	50	55	106465	0	0	0	0	1	1	0	106463	106466	0	0	0	0
28203	STR_QUEST_NAME_Q28203	5	STR_QUEST_ZONE56	2	4095	0	50	55	106467	0	0	0	0	1	1	0	106463	106468	0	0	0	0
28204	STR_QUEST_NAME_Q28204	5	STR_QUEST_ZONE56	2	4095	0	50	55	106469	0	0	0	0	1	1	0	106463	106470	0	0	0	0
28205	STR_QUEST_NAME_Q28205	5	STR_QUEST_ZONE56	2	4095	0	50	55	106471	0	0	0	0	1	1	0	106463	106472	0	0	0	0
28206	STR_QUEST_NAME_Q28206	5	STR_QUEST_ZONE56	2	4095	0	50	55	0	0	0	0	1	1	1	0	106463	106473	0	0	0	0
28207	STR_QUEST_NAME_Q28207	5	STR_QUEST_ZONE56	2	4095	0	50	55	106474	0	0	0	0	1	1	0	106463	105895	0	0	0	0
28208	STR_QUEST_NAME_Q28208	5	STR_QUEST_ZONE56	2	4095	0	50	55	106475	0	0	0	0	1	1	0	106476	105898	0	0	0	0
28209	STR_QUEST_NAME_Q28209	5	STR_QUEST_ZONE56	2	4095	0	50	55	106477	0	0	0	0	1	0	0	106463	105900	0	0	0	0
28210	STR_QUEST_NAME_Q28210	3	STR_QUEST_ZONE56	3	4095	0	46	50	0	0	0	0	0	1	1	0	106478	105902	0	0	0	0
28212	STR_QUEST_NAME_Q28212	5	STR_QUEST_ZONE56	3	4095	0	46	50	106479	0	0	0	0	1	1	0	106480	105905	0	0	0	0
28213	STR_QUEST_NAME_Q28213	5	STR_QUEST_ZONE56	3	4095	0	46	50	106481	0	0	0	0	1	1	0	106480	105907	0	0	0	0
28214	STR_QUEST_NAME_Q28214	5	STR_QUEST_ZONE56	3	4095	0	46	50	106481	0	0	0	0	1	0	0	106480	106482	0	0	0	0
28215	STR_QUEST_NAME_Q28215	5	STR_QUEST_ZONE56	3	4095	0	46	50	106479	0	0	0	0	1	0	1	106478	105909	0	0	0	0
28300	STR_QUEST_NAME_Q28300	5	STR_QUEST_ZONE57	2	4095	0	55	58	0	0	0	0	1	1	1	0	106483	106484	0	0	0	0
28301	STR_QUEST_NAME_Q28301	5	STR_QUEST_ZONE57	2	4095	0	55	58	0	0	0	0	1	1	1	0	105912	106485	0	0	0	0
28302	STR_QUEST_NAME_Q28302	5	STR_QUEST_ZONE57	2	4095	0	55	58	106486	0	0	0	0	1	1	0	105912	106487	0	0	0	0
28303	STR_QUEST_NAME_Q28303	5	STR_QUEST_ZONE57	2	4095	0	55	58	106488	0	0	0	0	1	1	0	105912	106489	0	0	0	0
28304	STR_QUEST_NAME_Q28304	5	STR_QUEST_ZONE57	2	4095	0	55	58	0	0	0	0	0	1	0	0	105912	106490	0	0	0	0
28305	STR_QUEST_NAME_Q28305	5	STR_QUEST_ZONE57	2	4095	0	55	58	106491	0	0	0	0	1	0	0	105920	106492	0	0	0	0
28306	STR_QUEST_NAME_Q28306	5	STR_QUEST_ZONE57	2	4095	0	55	58	106491	0	0	0	0	1	0	0	105912	106493	0	0	0	0
28307	STR_QUEST_NAME_Q28307	5	STR_QUEST_ZONE57	2	4095	0	55	58	0	0	0	0	1	1	1	0	105923	106494	0	0	0	0
28308	STR_QUEST_NAME_Q28308	5	STR_QUEST_ZONE57	2	4095	0	55	58	106491	0	0	0	0	1	0	0	105912	106495	0	0	0	0
28309	STR_QUEST_NAME_Q28309	5	STR_QUEST_ZONE57	2	4095	0	55	58	106486	0	0	0	0	1	1	0	105923	106496	0	0	0	0
28310	STR_QUEST_NAME_Q28310	5	STR_QUEST_ZONE57	2	4095	0	55	58	106491	0	0	0	0	1	0	0	105912	106497	0	0	0	0
28311	STR_QUEST_NAME_Q28311	5	STR_QUEST_ZONE57	2	4095	0	55	58	0	0	0	0	1	1	1	0	106498	106499	0	0	0	0
28312	STR_QUEST_NAME_Q28312	5	STR_QUEST_ZONE57	2	4095	0	55	58	106491	0	0	0	0	1	0	0	105920	106500	0	0	0	0
28313	STR_QUEST_NAME_Q28313	5	STR_QUEST_ZONE57	2	4095	0	55	58	106491	0	0	0	0	1	0	0	105920	106501	0	0	0	0
28400	STR_QUEST_NAME_Q28400	2	STR_QUEST_ZONE55	2	4095	0	50	55	0	0	106502	106502	0	1	1	0	106503	105934	0	0	0	0
28401	STR_QUEST_NAME_Q28401	5	STR_QUEST_ZONE55	2	4095	0	50	55	106502	0	0	0	0	1	20	0	106504	105936	0	0	0	105937
28402	STR_QUEST_NAME_Q28402	5	STR_QUEST_ZONE55	2	4095	0	50	55	0	0	0	0	1	1	1	0	105938	105939	0	0	0	0
28403	STR_QUEST_NAME_Q28403	5	STR_QUEST_ZONE55	2	4095	0	50	55	106502	0	0	0	0	1	1	0	106505	105941	0	0	0	0
28404	STR_QUEST_NAME_Q28404	5	STR_QUEST_ZONE55	2	4095	0	50	55	106506	0	0	0	0	1	1	0	106505	105943	0	0	0	0
28405	STR_QUEST_NAME_Q28405	5	STR_QUEST_ZONE55	2	4095	0	50	55	0	0	0	0	0	1	1	0	106507	106508	0	0	0	0
28406	STR_QUEST_NAME_Q28406	5	STR_QUEST_ZONE55	2	4095	0	50	55	0	0	0	0	0	1	1	0	106509	105947	0	0	0	0
28407	STR_QUEST_NAME_Q28407	5	STR_QUEST_ZONE55	2	4095	0	50	55	106510	0	0	0	0	1	1	0	106503	105949	0	0	0	0
28408	STR_QUEST_NAME_Q28408	5	STR_QUEST_ZONE55	2	4095	0	50	55	106511	0	0	0	0	1	5	0	106504	105951	0	0	0	0
28409	STR_QUEST_NAME_Q28409	5	STR_QUEST_ZONE55	2	4095	0	50	55	106512	0	0	0	0	1	1	0	106504	106513	106514	106514	106514	0
28410	STR_QUEST_NAME_Q28410	5	STR_QUEST_ZONE55	2	4095	0	50	55	0	0	0	0	0	1	1	0	106515	105956	0	0	0	0
28411	STR_QUEST_NAME_Q28411	5	STR_QUEST_ZONE55	2	4095	0	50	55	106506	0	0	0	0	1	20	0	106505	106516	0	0	0	105937
28412	STR_QUEST_NAME_Q28412	5	STR_QUEST_ZONE55	2	4095	0	50	55	0	0	0	0	0	1	0	0	0	0	0	0	0	0
28500	STR_QUEST_NAME_Q28500	2	STR_QUEST_ZONE44	2	4095	0	18	18	0	0	0	0	1	1	1	0	102435	105959	0	0	0	0
28501	STR_QUEST_NAME_Q28501	5	STR_QUEST_ZONE44	2	4095	0	18	18	0	0	0	0	0	1	1	0	105960	105961	0	0	0	0
28503	STR_QUEST_NAME_Q28503	5	STR_QUEST_ZONE44	2	4095	0	18	19	0	0	0	0	0	1	1	0	105962	105963	0	0	0	0
28504	STR_QUEST_NAME_Q28504	5	STR_QUEST_ZONE44	2	4095	0	18	20	106517	0	0	0	0	1	10	0	102548	106518	0	0	0	0
28505	STR_QUEST_NAME_Q28505	5	STR_QUEST_ZONE44	2	4095	0	18	19	106519	0	0	0	0	1	1	0	102429	106520	106521	106521	106521	0
28506	STR_QUEST_NAME_Q28506	5	STR_QUEST_ZONE44	2	4095	0	18	18	106522	0	0	0	0	1	1	0	105962	105971	0	0	0	0
28507	STR_QUEST_NAME_Q28507	5	STR_QUEST_ZONE44	2	4095	0	18	19	106523	0	0	0	0	1	1	0	105973	106524	0	0	0	0
28508	STR_QUEST_NAME_Q28508	5	STR_QUEST_ZONE44	2	4095	0	18	19	106525	0	0	0	0	1	1	0	105976	105977	0	0	0	0
28509	STR_QUEST_NAME_Q28509	5	STR_QUEST_ZONE44	2	4095	0	18	18	0	0	0	0	1	1	10	0	105962	105978	0	0	0	0
28510	STR_QUEST_NAME_Q28510	5	STR_QUEST_ZONE44	2	4095	0	18	19	106519	0	0	0	0	1	1	0	106526	106527	0	0	0	0
28511	STR_QUEST_NAME_Q28511	5	STR_QUEST_ZONE44	2	4095	0	18	19	106519	0	0	0	0	1	1	0	105976	105980	0	0	0	0
28600	STR_QUEST_NAME_Q28600	2	STR_QUEST_ZONE08	2	4095	0	37	38	0	0	0	0	1	1	1	0	102981	106528	0	0	0	0
28601	STR_QUEST_NAME_Q28601	2	STR_QUEST_ZONE08	2	4095	0	37	38	106529	0	0	0	0	1	1	0	102981	105981	0	0	0	0
28602	STR_QUEST_NAME_Q28602	2	STR_QUEST_ZONE08	2	4095	0	37	38	106530	0	0	0	0	1	1	0	106531	105985	0	0	0	0
28604	STR_QUEST_NAME_Q28604	8	STR_QUEST_ZONE46	2	4095	0	37	38	0	0	0	0	0	1	1	0	0	105986	0	0	0	0
28605	STR_QUEST_NAME_Q28605	5	STR_QUEST_ZONE08	2	4095	0	37	38	106532	0	0	0	0	1	10	0	106533	105989	0	0	0	0
28606	STR_QUEST_NAME_Q28606	5	STR_QUEST_ZONE08	2	4095	0	37	38	106532	0	0	0	0	1	10	0	106534	105991	0	0	0	105992
28607	STR_QUEST_NAME_Q28607	5	STR_QUEST_ZONE08	2	4095	0	37	38	106532	0	0	0	0	1	10	0	106535	105994	0	0	0	106536
28608	STR_QUEST_NAME_Q28608	5	STR_QUEST_ZONE08	2	831	0	37	38	106532	105996	0	0	0	1	1	0	106535	105997	0	0	0	0
28609	STR_QUEST_NAME_Q28609	5	STR_QUEST_ZONE08	2	255	0	37	38	106532	105996	0	0	0	1	1	0	106535	105998	0	0	0	0
28610	STR_QUEST_NAME_Q28610	5	STR_QUEST_ZONE08	2	799	0	37	38	106532	105996	0	0	0	1	1	0	106535	105999	0	0	0	0
28611	STR_QUEST_NAME_Q28611	5	STR_QUEST_ZONE08	2	3087	0	37	38	106532	105996	0	0	0	1	1	0	106535	106000	0	0	0	0
28612	STR_QUEST_NAME_Q28612	5	STR_QUEST_ZONE08	2	3087	0	37	38	106532	105996	0	0	0	1	1	0	106535	106001	0	0	0	0
28613	STR_QUEST_NAME_Q28613	5	STR_QUEST_ZONE08	2	63	0	37	38	106532	105996	0	0	0	1	1	0	106535	106002	0	0	0	0
28614	STR_QUEST_NAME_Q28614	5	STR_QUEST_ZONE08	2	31	0	37	38	106532	105996	0	0	0	1	1	0	106535	106003	0	0	0	0
28615	STR_QUEST_NAME_Q28615	5	STR_QUEST_ZONE08	2	207	0	37	38	106532	105996	0	0	0	1	1	0	106535	106004	0	0	0	0
28616	STR_QUEST_NAME_Q28616	5	STR_QUEST_ZONE08	2	799	0	37	38	106532	105996	0	0	0	1	1	0	106535	106005	0	0	0	0
28617	STR_QUEST_NAME_Q28617	5	STR_QUEST_ZONE08	2	4095	0	37	38	106532	0	0	0	0	1	0	0	106537	106538	0	0	0	0
28618	STR_QUEST_NAME_Q28618	5	STR_QUEST_ZONE46	2	831	0	37	38	0	106008	0	0	1	1	0	0	106009	106010	0	0	0	0
28619	STR_QUEST_NAME_Q28619	5	STR_QUEST_ZONE46	2	63	0	37	38	0	106008	0	0	1	1	0	0	106011	106012	0	0	0	0
28620	STR_QUEST_NAME_Q28620	5	STR_QUEST_ZONE46	2	799	0	37	38	0	106008	0	0	1	1	0	0	106013	106014	0	0	0	0
28621	STR_QUEST_NAME_Q28621	5	STR_QUEST_ZONE46	2	31	0	37	38	0	106008	0	0	1	1	0	0	106015	106016	0	0	0	0
28622	STR_QUEST_NAME_Q28622	5	STR_QUEST_ZONE46	2	799	0	37	38	0	106008	0	0	1	1	0	0	106017	106018	0	0	0	0
28623	STR_QUEST_NAME_Q28623	5	STR_QUEST_ZONE46	2	255	0	37	38	0	106008	0	0	1	1	0	0	106019	106020	0	0	0	0
28624	STR_QUEST_NAME_Q28624	5	STR_QUEST_ZONE46	2	207	0	37	38	0	106008	0	0	1	1	0	0	106021	106022	0	0	0	0
28625	STR_QUEST_NAME_Q28625	5	STR_QUEST_ZONE46	2	3087	0	37	38	0	106008	0	0	1	1	0	0	106023	106024	0	0	0	0
28626	STR_QUEST_NAME_Q28626	5	STR_QUEST_ZONE46	2	3087	0	37	38	0	106008	0	0	1	1	0	0	106025	106026	0	0	0	0
28627	STR_QUEST_NAME_Q28627	5	STR_QUEST_ZONE46	2	255	0	37	38	0	106008	0	0	1	1	0	0	106027	106028	0	0	0	0
28628	STR_QUEST_NAME_Q28628	5	STR_QUEST_ZONE08	2	831	0	37	38	106532	106029	0	0	0	1	1	0	106535	105997	0	0	0	0
28629	STR_QUEST_NAME_Q28629	5	STR_QUEST_ZONE08	2	255	0	37	38	106532	106029	0	0	0	1	1	0	106535	105998	0	0	0	0
28630	STR_QUEST_NAME_Q28630	5	STR_QUEST_ZONE08	2	799	0	37	38	106532	106029	0	0	0	1	1	0	106535	105999	0	0	0	0
28631	STR_QUEST_NAME_Q28631	5	STR_QUEST_ZONE08	2	3087	0	37	38	106532	106029	0	0	0	1	1	0	106535	106000	0	0	0	0
28632	STR_QUEST_NAME_Q28632	5	STR_QUEST_ZONE08	2	3087	0	37	38	106532	106029	0	0	0	1	1	0	106535	106001	0	0	0	0
28633	STR_QUEST_NAME_Q28633	5	STR_QUEST_ZONE08	2	63	0	37	38	106532	106029	0	0	0	1	1	0	106535	106002	0	0	0	0
28634	STR_QUEST_NAME_Q28634	5	STR_QUEST_ZONE08	2	31	0	37	38	106532	106029	0	0	0	1	1	0	106535	106003	0	0	0	0
28635	STR_QUEST_NAME_Q28635	5	STR_QUEST_ZONE08	2	207	0	37	38	106532	106029	0	0	0	1	1	0	106535	106004	0	0	0	0
28636	STR_QUEST_NAME_Q28636	5	STR_QUEST_ZONE08	2	799	0	37	38	106532	106029	0	0	0	1	1	0	106535	106005	0	0	0	0
29000	STR_QUEST_NAME_Q29000	3	STR_QUEST_ZONE20	2	4095	0	50	50	0	106030	0	0	0	1	1	0	106539	106032	0	0	0	0
29001	STR_QUEST_NAME_Q29001	3	STR_QUEST_ZONE20	2	4095	0	50	50	106540	0	0	0	0	1	1	0	106539	106541	0	0	0	0
29002	STR_QUEST_NAME_Q29002	3	STR_QUEST_ZONE20	2	4095	0	50	50	0	106035	0	0	0	1	1	0	106542	106032	0	0	0	0
29003	STR_QUEST_NAME_Q29003	3	STR_QUEST_ZONE20	2	4095	0	50	50	106543	0	0	0	0	1	1	0	106542	106544	0	0	0	0
29004	STR_QUEST_NAME_Q29004	1	STR_QUEST_ZONE20	2	4095	0	10	10	0	0	0	0	0	1	1	0	106545	106546	0	0	0	0
29008	STR_QUEST_NAME_Q29008	3	STR_QUEST_ZONE20	2	4095	0	29	30	106547	106041	106548	106548	0	1	1	0	103517	102235	0	0	0	0
29009	STR_QUEST_NAME_Q29009	3	STR_QUEST_ZONE20	2	4095	0	29	30	106549	0	0	0	0	1	1	0	103517	106550	0	0	0	0
29014	STR_QUEST_NAME_Q29014	3	STR_QUEST_ZONE20	2	4095	0	29	30	106551	106046	106552	106552	0	1	1	0	103519	102235	0	0	0	0
29015	STR_QUEST_NAME_Q29015	3	STR_QUEST_ZONE20	2	4095	0	29	30	106553	0	0	0	0	1	1	0	103519	106554	0	0	0	0
29020	STR_QUEST_NAME_Q29020	3	STR_QUEST_ZONE20	2	4095	0	29	30	106555	106051	106556	106556	0	1	1	0	103526	102235	0	0	0	0
29021	STR_QUEST_NAME_Q29021	3	STR_QUEST_ZONE20	2	4095	0	29	30	106557	0	0	0	0	1	1	0	103526	106558	0	0	0	0
29026	STR_QUEST_NAME_Q29026	3	STR_QUEST_ZONE20	2	4095	0	29	30	106559	106056	106560	106560	0	1	1	0	103523	102235	0	0	0	0
29027	STR_QUEST_NAME_Q29027	3	STR_QUEST_ZONE20	2	4095	0	29	30	106561	0	0	0	0	1	1	0	103523	106562	0	0	0	0
29032	STR_QUEST_NAME_Q29032	3	STR_QUEST_ZONE20	2	4095	0	29	30	106563	106061	106564	106564	0	1	1	0	103030	102235	0	0	0	0
29033	STR_QUEST_NAME_Q29033	3	STR_QUEST_ZONE20	2	4095	0	29	30	106565	0	0	0	0	1	1	0	103030	106566	0	0	0	0
29038	STR_QUEST_NAME_Q29038	3	STR_QUEST_ZONE20	2	4095	0	29	30	106567	106066	106568	106568	0	1	1	0	103521	102235	0	0	0	0
29039	STR_QUEST_NAME_Q29039	3	STR_QUEST_ZONE20	2	4095	0	29	30	106569	0	0	0	0	1	1	0	103521	106570	0	0	0	0
29040	STR_QUEST_NAME_Q29040	3	STR_QUEST_ZONE20	2	4095	0	10	10	0	0	0	0	0	1	1	0	104678	106571	0	0	0	0
29041	STR_QUEST_NAME_Q29041	5	STR_QUEST_ZONE20	2	4095	0	45	45	0	0	0	0	1	1	1	0	104625	106572	0	0	0	0
29042	STR_QUEST_NAME_Q29042	5	STR_QUEST_ZONE20	2	4095	0	45	45	106573	0	0	0	0	1	1	0	104415	106574	0	0	0	0
29043	STR_QUEST_NAME_Q29043	5	STR_QUEST_ZONE20	2	4095	0	45	45	0	0	0	0	1	1	0	1	106575	106576	0	0	0	0
29044	STR_QUEST_NAME_Q29044	3	STR_QUEST_ZONE20	2	4095	0	10	10	106577	0	0	0	0	1	1	0	106578	106579	0	0	0	0
29045	STR_QUEST_NAME_Q29045	3	STR_QUEST_ZONE20	2	4095	0	10	10	106580	0	0	0	0	1	1	0	106581	106582	0	0	0	0
29047	STR_QUEST_NAME_Q29047	5	STR_QUEST_ZONE20	2	4095	0	50	50	104674	0	0	0	0	1	1	0	103654	106082	0	0	0	0
29048	STR_QUEST_NAME_Q29048	3	STR_QUEST_ZONE20	2	4095	0	9	9	0	0	0	0	0	1	1	0	106583	106084	0	0	0	0
30001	STR_QUEST_NAME_Q30001	2	STR_QUEST_ZONE35	1	4095	0	52	52	0	0	0	0	1	1	1	0	105489	106584	0	0	0	0
30002	STR_QUEST_NAME_Q30002	2	STR_QUEST_ZONE38	1	4095	0	52	52	0	0	0	0	1	1	1	0	106585	106586	0	0	0	0
30003	STR_QUEST_NAME_Q30003	2	STR_QUEST_ZONE38	1	4095	0	52	53	106587	0	0	0	0	1	1	0	106588	106589	0	0	0	0
30005	STR_QUEST_NAME_Q30005	5	STR_QUEST_ZONE38	1	4095	0	52	53	106587	0	0	0	0	1	0	0	106585	106590	0	0	0	0
30007	STR_QUEST_NAME_Q30007	5	STR_QUEST_ZONE39	1	4095	0	52	55	106587	0	0	0	0	1	1	0	106591	106592	0	0	0	0
30008	STR_QUEST_NAME_Q30008	5	STR_QUEST_ZONE39	1	4095	0	52	55	106593	0	0	0	0	1	1	0	106585	106594	0	0	0	0
30009	STR_QUEST_NAME_Q30009	5	STR_QUEST_ZONE39	1	4095	0	52	55	106595	0	0	0	0	1	1	0	106585	106596	0	0	0	0
30010	STR_QUEST_NAME_Q30010	5	STR_QUEST_ZONE38	1	4095	0	52	52	106597	0	0	0	0	1	1	0	106598	106599	0	0	0	0
30011	STR_QUEST_NAME_Q30011	5	STR_QUEST_ZONE39	1	4095	0	52	53	106600	0	0	0	0	1	1	0	106598	106601	0	0	0	0
30012	STR_QUEST_NAME_Q30012	5	STR_QUEST_ZONE35	1	4095	0	52	52	0	0	0	0	1	1	1	0	106602	106584	0	0	0	0
30013	STR_QUEST_NAME_Q30013	5	STR_QUEST_ZONE39	1	4095	0	52	53	106603	0	0	0	0	1	1	0	105696	106604	0	0	0	0
30014	STR_QUEST_NAME_Q30014	5	STR_QUEST_ZONE39	1	4095	0	52	53	106605	0	0	0	0	1	0	0	105696	106606	0	0	0	0
30015	STR_QUEST_NAME_Q30015	5	STR_QUEST_ZONE35	1	4095	0	52	52	0	106607	0	0	0	1	1	0	106608	106584	0	0	0	0
30016	STR_QUEST_NAME_Q30016	5	STR_QUEST_ZONE35	1	4095	0	52	55	0	106607	0	0	0	1	1	0	106602	106609	0	0	0	0
30017	STR_QUEST_NAME_Q30017	5	STR_QUEST_ZONE35	1	4095	0	52	52	0	106610	0	0	0	1	1	0	106608	106584	0	0	0	0
30018	STR_QUEST_NAME_Q30018	5	STR_QUEST_ZONE35	1	4095	0	52	55	0	106610	0	0	0	1	1	0	106602	106611	0	0	0	0
30019	STR_QUEST_NAME_Q30019	5	STR_QUEST_ZONE35	1	4095	0	52	52	0	106612	0	0	0	1	1	0	106608	106584	0	0	0	0
30020	STR_QUEST_NAME_Q30020	5	STR_QUEST_ZONE35	1	4095	0	52	55	0	106612	0	0	0	1	1	0	106602	106613	0	0	0	0
30021	STR_QUEST_NAME_Q30021	5	STR_QUEST_ZONE35	1	4095	0	52	52	0	106614	0	0	0	1	1	0	106608	106584	0	0	0	0
30022	STR_QUEST_NAME_Q30022	5	STR_QUEST_ZONE35	1	4095	0	52	55	0	106614	0	0	0	1	1	0	106602	106615	0	0	0	0
30023	STR_QUEST_NAME_Q30023	5	STR_QUEST_ZONE35	1	4095	0	52	52	0	106616	0	0	0	1	1	0	106608	106584	0	0	0	0
30024	STR_QUEST_NAME_Q30024	5	STR_QUEST_ZONE35	1	4095	0	52	55	0	106616	0	0	0	1	1	0	106602	106617	0	0	0	0
30025	STR_QUEST_NAME_Q30025	5	STR_QUEST_ZONE35	1	4095	0	52	52	0	106618	0	0	0	1	1	0	106608	106584	0	0	0	0
30026	STR_QUEST_NAME_Q30026	5	STR_QUEST_ZONE35	1	4095	0	52	55	0	106618	0	0	0	1	1	0	106602	106619	0	0	0	0
30027	STR_QUEST_NAME_Q30027	5	STR_QUEST_ZONE35	1	4095	0	52	52	0	106620	0	0	0	1	1	0	106608	106584	0	0	0	0
30028	STR_QUEST_NAME_Q30028	5	STR_QUEST_ZONE35	1	4095	0	52	55	0	106620	0	0	0	1	1	0	106602	106621	0	0	0	0
30029	STR_QUEST_NAME_Q30029	5	STR_QUEST_ZONE35	1	4095	0	52	52	0	106622	0	0	0	1	1	0	106608	106584	0	0	0	0
30030	STR_QUEST_NAME_Q30030	5	STR_QUEST_ZONE35	1	4095	0	52	55	0	106622	0	0	0	1	1	0	106602	106623	0	0	0	0
30031	STR_QUEST_NAME_Q30031	5	STR_QUEST_ZONE35	1	4095	0	52	52	0	106624	0	0	0	1	1	0	106608	106584	0	0	0	0
30032	STR_QUEST_NAME_Q30032	5	STR_QUEST_ZONE35	1	4095	0	52	55	0	106624	0	0	0	1	1	0	106602	106625	0	0	0	0
30033	STR_QUEST_NAME_Q30033	5	STR_QUEST_ZONE39	1	4095	0	52	54	106593	0	0	0	0	1	0	0	106598	106626	0	0	0	0
30051	STR_QUEST_NAME_Q30051	5	STR_QUEST_ZONE40	1	4095	0	50	55	0	0	0	0	1	1	0	1	106627	106628	0	0	0	0
30052	STR_QUEST_NAME_Q30052	5	STR_QUEST_ZONE40	1	4095	0	53	54	0	0	0	0	1	1	0	0	106629	106630	0	0	0	0
30053	STR_QUEST_NAME_Q30053	5	STR_QUEST_ZONE40	1	4095	0	52	53	106631	0	0	0	0	1	1	0	106598	106632	0	0	0	0
30054	STR_QUEST_NAME_Q30054	5	STR_QUEST_ZONE40	1	4095	0	53	53	0	0	0	0	1	1	1	0	106633	106634	0	0	0	0
30055	STR_QUEST_NAME_Q30055	5	STR_QUEST_ZONE40	1	4095	0	53	53	106635	0	0	0	0	1	1	0	106633	106634	0	0	0	0
30056	STR_QUEST_NAME_Q30056	5	STR_QUEST_ZONE40	1	4095	0	53	53	106636	0	0	0	0	1	1	0	106633	106637	0	0	0	0
30057	STR_QUEST_NAME_Q30057	5	STR_QUEST_ZONE40	1	4095	0	53	53	0	0	0	0	1	1	1	0	106627	106638	0	0	0	0
30101	STR_QUEST_NAME_Q30101	2	STR_QUEST_ZONE37	2	4095	0	52	52	0	0	0	0	1	1	1	0	104582	106584	0	0	0	0
30102	STR_QUEST_NAME_Q30102	2	STR_QUEST_ZONE38	2	4095	0	52	52	0	0	0	0	1	1	1	0	106639	106586	0	0	0	0
30103	STR_QUEST_NAME_Q30103	2	STR_QUEST_ZONE38	2	4095	0	52	53	106640	0	0	0	0	1	1	0	106639	106589	0	0	0	0
30105	STR_QUEST_NAME_Q30105	5	STR_QUEST_ZONE38	2	4095	0	52	53	106640	0	0	0	0	1	0	0	106639	106590	0	0	0	0
30107	STR_QUEST_NAME_Q30107	5	STR_QUEST_ZONE39	2	4095	0	52	55	106640	0	0	0	0	1	1	0	106641	106642	0	0	0	0
30108	STR_QUEST_NAME_Q30108	5	STR_QUEST_ZONE39	2	4095	0	52	55	106643	0	0	0	0	1	1	0	106639	106644	0	0	0	0
30109	STR_QUEST_NAME_Q30109	5	STR_QUEST_ZONE39	2	4095	0	52	55	106645	0	0	0	0	1	1	0	106639	106646	0	0	0	0
30110	STR_QUEST_NAME_Q30110	5	STR_QUEST_ZONE38	2	4095	0	52	52	106647	0	0	0	0	1	1	0	106648	106599	0	0	0	0
30111	STR_QUEST_NAME_Q30111	5	STR_QUEST_ZONE39	2	4095	0	52	53	106649	0	0	0	0	1	1	0	106648	106650	0	0	0	0
30112	STR_QUEST_NAME_Q30112	5	STR_QUEST_ZONE37	2	4095	0	52	52	0	0	0	0	1	1	1	0	106651	106584	0	0	0	0
30113	STR_QUEST_NAME_Q30113	5	STR_QUEST_ZONE39	2	4095	0	52	53	106647	0	0	0	0	1	1	0	106652	106604	0	0	0	0
30114	STR_QUEST_NAME_Q30114	5	STR_QUEST_ZONE39	2	4095	0	52	54	106653	0	0	0	0	1	1	0	106652	106654	0	0	0	0
30115	STR_QUEST_NAME_Q30115	5	STR_QUEST_ZONE37	2	4095	0	52	52	0	106607	0	0	0	1	1	0	106101	106584	0	0	0	0
30116	STR_QUEST_NAME_Q30116	5	STR_QUEST_ZONE37	2	4095	0	52	55	0	106607	0	0	0	1	1	0	106655	106656	0	0	0	0
30117	STR_QUEST_NAME_Q30117	5	STR_QUEST_ZONE37	2	4095	0	52	52	0	106610	0	0	0	1	1	0	106101	106584	0	0	0	0
30118	STR_QUEST_NAME_Q30118	5	STR_QUEST_ZONE37	2	4095	0	52	55	0	106610	0	0	0	1	1	0	106655	106657	0	0	0	0
30119	STR_QUEST_NAME_Q30119	5	STR_QUEST_ZONE37	2	4095	0	52	52	0	106612	0	0	0	1	1	0	106101	106584	0	0	0	0
30120	STR_QUEST_NAME_Q30120	5	STR_QUEST_ZONE37	2	4095	0	52	55	0	106612	0	0	0	1	1	0	106655	106658	0	0	0	0
30121	STR_QUEST_NAME_Q30121	5	STR_QUEST_ZONE37	2	4095	0	52	52	0	106614	0	0	0	1	1	0	106101	106584	0	0	0	0
30122	STR_QUEST_NAME_Q30122	5	STR_QUEST_ZONE37	2	4095	0	52	55	0	106614	0	0	0	1	1	0	106655	106659	0	0	0	0
30123	STR_QUEST_NAME_Q30123	5	STR_QUEST_ZONE37	2	4095	0	52	52	0	106616	0	0	0	1	1	0	106101	106584	0	0	0	0
30124	STR_QUEST_NAME_Q30124	5	STR_QUEST_ZONE37	2	4095	0	52	55	0	106616	0	0	0	1	1	0	106655	106660	0	0	0	0
30125	STR_QUEST_NAME_Q30125	5	STR_QUEST_ZONE37	2	4095	0	52	52	0	106618	0	0	0	1	1	0	106101	106584	0	0	0	0
30126	STR_QUEST_NAME_Q30126	5	STR_QUEST_ZONE37	2	4095	0	52	55	0	106618	0	0	0	1	1	0	106655	106661	0	0	0	0
30127	STR_QUEST_NAME_Q30127	5	STR_QUEST_ZONE37	2	4095	0	52	52	0	106620	0	0	0	1	1	0	106101	106584	0	0	0	0
30128	STR_QUEST_NAME_Q30128	5	STR_QUEST_ZONE37	2	4095	0	52	55	0	106620	0	0	0	1	1	0	106655	106662	0	0	0	0
30129	STR_QUEST_NAME_Q30129	5	STR_QUEST_ZONE37	2	4095	0	52	52	0	106622	0	0	0	1	1	0	106101	106584	0	0	0	0
30130	STR_QUEST_NAME_Q30130	5	STR_QUEST_ZONE37	2	4095	0	52	55	0	106622	0	0	0	1	1	0	106655	106663	0	0	0	0
30131	STR_QUEST_NAME_Q30131	5	STR_QUEST_ZONE37	2	4095	0	52	52	0	106624	0	0	0	1	1	0	106101	106584	0	0	0	0
30132	STR_QUEST_NAME_Q30132	5	STR_QUEST_ZONE37	2	4095	0	52	55	0	106624	0	0	0	1	1	0	106655	106664	0	0	0	0
30133	STR_QUEST_NAME_Q30133	5	STR_QUEST_ZONE39	2	4095	0	52	54	106643	0	0	0	0	1	0	0	106648	106665	0	0	0	0
30151	STR_QUEST_NAME_Q30151	5	STR_QUEST_ZONE40	2	4095	0	50	55	0	0	0	0	1	1	0	1	106666	106667	0	0	0	0
30152	STR_QUEST_NAME_Q30152	5	STR_QUEST_ZONE40	2	4095	0	53	54	0	0	0	0	1	1	0	0	106668	106669	0	0	0	0
30153	STR_QUEST_NAME_Q30153	5	STR_QUEST_ZONE40	2	4095	0	52	53	106670	0	0	0	0	1	1	0	106648	106632	0	0	0	0
30154	STR_QUEST_NAME_Q30154	5	STR_QUEST_ZONE40	2	4095	0	53	53	0	0	0	0	1	1	1	0	106671	106672	0	0	0	0
30155	STR_QUEST_NAME_Q30155	5	STR_QUEST_ZONE40	2	4095	0	53	53	106673	0	0	0	0	1	1	0	106671	106674	106675	0	0	0
30156	STR_QUEST_NAME_Q30156	5	STR_QUEST_ZONE40	2	4095	0	53	53	106676	0	0	0	0	1	1	0	106671	106677	0	0	0	0
30157	STR_QUEST_NAME_Q30157	5	STR_QUEST_ZONE40	2	4095	0	53	53	106678	0	0	0	0	1	1	0	106679	106680	0	0	0	0
30158	STR_QUEST_NAME_Q30158	5	STR_QUEST_ZONE40	2	4095	0	53	53	0	0	0	0	1	1	1	0	106666	106638	0	0	0	0
30201	STR_QUEST_NAME_Q30201	2	STR_QUEST_ZONE41	1	4095	0	55	55	0	0	0	0	1	1	1	0	105623	106681	0	0	0	0
30202	STR_QUEST_NAME_Q30202	2	STR_QUEST_ZONE41	1	4095	0	55	55	106682	0	0	0	0	1	1	0	105623	106683	0	0	0	0
30203	STR_QUEST_NAME_Q30203	2	STR_QUEST_ZONE41	1	4095	0	55	55	106684	0	0	0	0	1	1	0	105623	106685	0	0	0	0
30204	STR_QUEST_NAME_Q30204	5	STR_QUEST_ZONE41	1	4095	0	55	55	106686	0	0	0	0	1	1	0	105623	106683	0	0	0	0
30205	STR_QUEST_NAME_Q30205	5	STR_QUEST_ZONE41	1	4095	0	55	55	106687	0	0	0	0	1	1	0	106688	106689	0	0	0	0
30206	STR_QUEST_NAME_Q30206	5	STR_QUEST_ZONE41	1	4095	0	55	55	106690	0	0	0	0	1	1	0	106688	106691	0	0	0	0
30207	STR_QUEST_NAME_Q30207	5	STR_QUEST_ZONE41	1	4095	0	55	55	106692	0	0	0	0	1	1	0	106688	106693	0	0	0	0
30208	STR_QUEST_NAME_Q30208	5	STR_QUEST_ZONE41	1	4095	0	55	55	106694	0	0	0	0	1	1	0	106688	106695	0	0	0	0
30209	STR_QUEST_NAME_Q30209	5	STR_QUEST_ZONE41	1	4095	0	55	55	106696	0	0	0	0	1	1	0	106688	106697	0	0	0	0
30210	STR_QUEST_NAME_Q30210	5	STR_QUEST_ZONE41	1	4095	0	55	55	106698	0	0	0	0	1	1	0	102175	106699	0	0	0	0
30211	STR_QUEST_NAME_Q30211	5	STR_QUEST_ZONE41	1	4095	0	55	55	106700	0	0	0	0	1	1	0	106688	106701	0	0	0	0
30212	STR_QUEST_NAME_Q30212	5	STR_QUEST_ZONE41	1	4095	0	55	55	106702	0	0	0	0	1	1	0	106688	106703	0	0	0	0
30213	STR_QUEST_NAME_Q30213	5	STR_QUEST_ZONE41	1	4095	0	55	55	106704	0	0	0	0	1	1	0	106688	106705	0	0	0	0
30214	STR_QUEST_NAME_Q30214	5	STR_QUEST_ZONE41	1	4095	0	52	55	0	0	0	0	1	1	1	0	105489	106706	0	0	0	0
30215	STR_QUEST_NAME_Q30215	5	STR_QUEST_ZONE41	1	4095	0	52	55	0	0	0	0	1	1	1	0	104065	106707	0	0	0	0
30216	STR_QUEST_NAME_Q30216	5	STR_QUEST_ZONE29	1	4095	0	55	55	106696	0	0	0	0	1	1	0	106688	106683	0	0	0	0
30217	STR_QUEST_NAME_Q30217	3	STR_QUEST_ZONE29	1	4095	0	55	55	106708	0	106709	106709	0	1	1	0	105566	106710	0	0	0	0
30218	STR_QUEST_NAME_Q30218	5	STR_QUEST_ZONE29	1	4095	0	55	55	106708	0	0	0	0	1	1	0	106711	106712	0	0	0	0
30219	STR_QUEST_NAME_Q30219	5	STR_QUEST_ZONE29	1	4095	0	55	55	106713	0	0	0	0	1	1	0	106711	106714	0	0	0	0
30220	STR_QUEST_NAME_Q30220	5	STR_QUEST_ZONE29	1	4095	0	55	55	106708	0	0	0	0	1	1	0	106715	106712	0	0	0	0
30221	STR_QUEST_NAME_Q30221	5	STR_QUEST_ZONE29	1	4095	0	55	55	106716	0	0	0	0	1	1	0	106715	106717	0	0	0	0
30222	STR_QUEST_NAME_Q30222	5	STR_QUEST_ZONE41	1	4095	0	55	55	0	0	0	0	1	1	1	0	106718	106719	0	0	0	0
30223	STR_QUEST_NAME_Q30223	5	STR_QUEST_ZONE41	1	4095	0	52	55	106720	0	0	0	0	1	1	0	106598	106721	0	0	0	0
30224	STR_QUEST_NAME_Q30224	5	STR_QUEST_ZONE41	1	4095	0	55	55	0	0	0	0	1	1	1	0	106722	106723	0	0	0	0
30225	STR_QUEST_NAME_Q30225	5	STR_QUEST_ZONE41	1	4095	0	55	55	0	0	0	0	1	1	0	0	106724	106725	0	0	0	0
30226	STR_QUEST_NAME_Q30226	5	STR_QUEST_ZONE41	1	4095	0	55	55	0	0	0	0	1	1	1	0	106726	106727	0	0	0	0
30227	STR_QUEST_NAME_Q30227	5	STR_QUEST_ZONE41	1	4095	0	55	55	106728	0	0	0	0	1	1	0	106726	106729	0	0	0	0
30228	STR_QUEST_NAME_Q30228	5	STR_QUEST_ZONE41	1	4095	0	54	55	0	0	0	0	1	1	1	0	106730	106731	0	0	0	0
30229	STR_QUEST_NAME_Q30229	5	STR_QUEST_ZONE41	1	4095	0	54	55	106732	0	0	0	0	1	1	0	106730	106733	0	0	0	0
30230	STR_QUEST_NAME_Q30230	5	STR_QUEST_ZONE41	1	4095	0	54	55	106734	0	0	0	0	1	1	0	106730	106733	0	0	0	0
30231	STR_QUEST_NAME_Q30231	5	STR_QUEST_ZONE41	1	4095	0	54	55	106735	0	0	0	0	1	1	0	106730	106736	0	0	0	0
30232	STR_QUEST_NAME_Q30232	5	STR_QUEST_ZONE41	1	4095	0	54	55	106737	0	0	0	0	1	1	0	106730	106738	0	0	0	0
30233	STR_QUEST_NAME_Q30233	5	STR_QUEST_ZONE41	1	4095	0	54	55	106739	0	0	0	0	1	0	0	106730	106740	0	0	0	0
30234	STR_QUEST_NAME_Q30234	5	STR_QUEST_ZONE41	1	4095	0	55	55	0	0	0	0	1	1	1	0	106718	106741	0	0	0	0
30235	STR_QUEST_NAME_Q30235	5	STR_QUEST_ZONE41	1	4095	0	52	55	106742	0	0	0	0	1	1	0	106602	106743	0	0	0	0
30236	STR_QUEST_NAME_Q30236	5	STR_QUEST_ZONE41	1	4095	0	52	55	106744	0	0	0	0	1	1	0	106602	106745	0	0	0	0
30237	STR_QUEST_NAME_Q30237	5	STR_QUEST_ZONE41	1	4095	0	52	55	106746	0	0	0	0	1	1	0	106602	106747	0	0	0	0
30238	STR_QUEST_NAME_Q30238	5	STR_QUEST_ZONE41	1	4095	0	52	55	106748	0	0	0	0	1	1	0	106602	106749	0	0	0	0
30239	STR_QUEST_NAME_Q30239	5	STR_QUEST_ZONE41	1	4095	0	52	55	106750	0	0	0	0	1	1	0	106602	106751	0	0	0	0
30240	STR_QUEST_NAME_Q30240	5	STR_QUEST_ZONE41	1	4095	0	52	55	106752	0	0	0	0	1	1	0	106602	106753	0	0	0	0
30241	STR_QUEST_NAME_Q30241	5	STR_QUEST_ZONE41	1	4095	0	52	55	106754	0	0	0	0	1	1	0	106602	106755	0	0	0	0
30242	STR_QUEST_NAME_Q30242	5	STR_QUEST_ZONE41	1	4095	0	52	55	106756	0	0	0	0	1	1	0	106602	106757	0	0	0	0
30243	STR_QUEST_NAME_Q30243	5	STR_QUEST_ZONE41	1	4095	0	52	55	106758	0	0	0	0	1	1	0	106602	106759	0	0	0	0
30244	STR_QUEST_NAME_Q30244	5	STR_QUEST_ZONE41	1	4095	0	55	55	106686	0	0	0	0	1	0	0	105623	106760	0	0	0	0
30245	STR_QUEST_NAME_Q30245	5	STR_QUEST_ZONE41	1	4095	0	55	55	106686	0	0	0	0	1	0	0	105623	106761	0	0	0	0
30246	STR_QUEST_NAME_Q30246	5	STR_QUEST_ZONE41	1	4095	0	55	55	106762	0	0	0	0	1	1	0	105623	106763	0	0	0	0
30251	STR_QUEST_NAME_Q30251	2	STR_QUEST_ZONE52	1	4095	0	50	51	104177	0	0	0	0	1	1	0	106764	106765	0	0	0	0
30252	STR_QUEST_NAME_Q30252	2	STR_QUEST_ZONE52	1	4095	0	50	51	0	0	0	0	1	1	1	0	106766	106767	0	0	0	0
30253	STR_QUEST_NAME_Q30253	5	STR_QUEST_ZONE52	1	4095	0	50	52	0	0	0	0	1	1	1	0	106768	106769	0	0	0	0
30254	STR_QUEST_NAME_Q30254	5	STR_QUEST_ZONE52	1	4095	0	53	54	106770	0	0	0	0	1	1	0	106768	106771	0	0	0	0
30255	STR_QUEST_NAME_Q30255	5	STR_QUEST_ZONE52	1	4095	0	54	55	106772	0	0	0	0	1	1	0	106768	106773	0	0	0	0
30256	STR_QUEST_NAME_Q30256	5	STR_QUEST_ZONE52	1	4095	0	50	52	0	0	106774	0	0	1	8	0	106775	106776	0	0	0	106777
30257	STR_QUEST_NAME_Q30257	5	STR_QUEST_ZONE52	1	4095	0	50	52	0	0	106778	0	0	1	8	0	106775	106776	0	0	0	106779
30258	STR_QUEST_NAME_Q30258	5	STR_QUEST_ZONE52	1	4095	0	50	52	0	0	106780	0	0	1	8	0	106775	106776	0	0	0	106781
30259	STR_QUEST_NAME_Q30259	5	STR_QUEST_ZONE52	1	4095	0	50	55	0	0	106782	0	0	1	12	0	106775	106783	0	0	0	106784
30260	STR_QUEST_NAME_Q30260	5	STR_QUEST_ZONE52	1	4095	0	50	55	106785	0	106785	0	0	1	12	0	106775	106786	0	0	0	106787
30261	STR_QUEST_NAME_Q30261	5	STR_QUEST_ZONE52	1	4095	0	50	51	0	0	0	0	0	1	1	0	106788	106789	0	0	0	0
30262	STR_QUEST_NAME_Q30262	5	STR_QUEST_ZONE52	1	4095	0	50	51	106790	0	0	0	0	1	0	0	106768	106791	0	0	0	0
30263	STR_QUEST_NAME_Q30263	5	STR_QUEST_ZONE52	1	4095	0	50	51	0	0	0	0	1	1	0	0	106792	106793	0	0	0	0
30264	STR_QUEST_NAME_Q30264	5	STR_QUEST_ZONE52	1	4095	0	50	52	0	0	0	0	0	1	1	0	106794	106795	0	0	0	0
30265	STR_QUEST_NAME_Q30265	5	STR_QUEST_ZONE52	1	4095	0	50	51	0	0	0	0	0	1	1	0	106796	106797	0	0	0	0
30266	STR_QUEST_NAME_Q30266	5	STR_QUEST_ZONE52	1	4095	0	50	51	0	0	0	0	1	1	10	0	106768	106798	0	0	0	0
30267	STR_QUEST_NAME_Q30267	5	STR_QUEST_ZONE52	1	4095	0	53	54	106772	0	0	0	0	1	1	0	106768	106771	0	0	0	0
30301	STR_QUEST_NAME_Q30301	2	STR_QUEST_ZONE41	2	4095	0	55	55	0	0	0	0	1	1	1	0	106233	106681	0	0	0	0
30302	STR_QUEST_NAME_Q30302	2	STR_QUEST_ZONE41	2	4095	0	55	55	106799	0	0	0	0	1	1	0	106233	106683	0	0	0	0
30303	STR_QUEST_NAME_Q30303	2	STR_QUEST_ZONE41	2	4095	0	55	55	106800	0	0	0	0	1	1	0	106233	106801	0	0	0	0
30304	STR_QUEST_NAME_Q30304	5	STR_QUEST_ZONE41	2	4095	0	55	55	106802	0	0	0	0	1	1	0	106233	106683	0	0	0	0
30305	STR_QUEST_NAME_Q30305	5	STR_QUEST_ZONE41	2	4095	0	55	55	106803	0	0	0	0	1	1	0	106804	106689	0	0	0	0
30306	STR_QUEST_NAME_Q30306	5	STR_QUEST_ZONE41	2	4095	0	55	55	106805	0	0	0	0	1	1	0	106804	106691	0	0	0	0
30307	STR_QUEST_NAME_Q30307	5	STR_QUEST_ZONE41	2	4095	0	55	55	106806	0	0	0	0	1	1	0	106804	106693	0	0	0	0
30308	STR_QUEST_NAME_Q30308	5	STR_QUEST_ZONE41	2	4095	0	55	55	106807	0	0	0	0	1	1	0	106804	106695	0	0	0	0
30309	STR_QUEST_NAME_Q30309	5	STR_QUEST_ZONE41	2	4095	0	55	55	106808	0	0	0	0	1	1	0	106804	106697	0	0	0	0
30310	STR_QUEST_NAME_Q30310	5	STR_QUEST_ZONE41	2	4095	0	55	55	106809	0	0	0	0	1	1	0	106810	106811	0	0	0	0
30311	STR_QUEST_NAME_Q30311	5	STR_QUEST_ZONE41	2	4095	0	55	55	106812	0	0	0	0	1	1	0	106804	106813	0	0	0	0
30312	STR_QUEST_NAME_Q30312	5	STR_QUEST_ZONE41	2	4095	0	55	55	106814	0	0	0	0	1	1	0	106804	106815	0	0	0	0
30313	STR_QUEST_NAME_Q30313	5	STR_QUEST_ZONE41	2	4095	0	55	55	106816	0	0	0	0	1	1	0	106804	106817	0	0	0	0
30314	STR_QUEST_NAME_Q30314	5	STR_QUEST_ZONE41	2	4095	0	52	55	0	0	0	0	1	1	1	0	104582	106818	0	0	0	0
30315	STR_QUEST_NAME_Q30315	5	STR_QUEST_ZONE41	2	4095	0	52	55	0	0	0	0	1	1	1	0	104582	106819	0	0	0	0
30316	STR_QUEST_NAME_Q30316	5	STR_QUEST_ZONE29	2	4095	0	55	55	106808	0	0	0	0	1	1	0	106804	106683	0	0	0	0
30317	STR_QUEST_NAME_Q30317	3	STR_QUEST_ZONE29	2	4095	0	55	55	106820	0	106821	106821	0	1	1	0	106162	106710	0	0	0	0
30318	STR_QUEST_NAME_Q30318	5	STR_QUEST_ZONE29	2	4095	0	55	55	106820	0	0	0	0	1	1	0	106711	106712	0	0	0	0
30319	STR_QUEST_NAME_Q30319	5	STR_QUEST_ZONE29	2	4095	0	55	55	106822	0	0	0	0	1	1	0	106711	106823	0	0	0	0
30320	STR_QUEST_NAME_Q30320	5	STR_QUEST_ZONE29	2	4095	0	55	55	106820	0	0	0	0	1	1	0	106715	106712	0	0	0	0
30321	STR_QUEST_NAME_Q30321	5	STR_QUEST_ZONE29	2	4095	0	55	55	106824	0	0	0	0	1	1	0	106715	106825	0	0	0	0
30322	STR_QUEST_NAME_Q30322	5	STR_QUEST_ZONE41	2	4095	0	55	55	0	0	0	0	1	1	1	0	106826	106827	0	0	0	0
30323	STR_QUEST_NAME_Q30323	5	STR_QUEST_ZONE41	2	4095	0	52	55	106828	0	0	0	0	1	1	0	106648	106829	0	0	0	0
30324	STR_QUEST_NAME_Q30324	5	STR_QUEST_ZONE41	2	4095	0	55	55	0	0	0	0	1	1	1	0	106249	106830	0	0	0	0
30325	STR_QUEST_NAME_Q30325	5	STR_QUEST_ZONE41	2	4095	0	55	55	0	0	0	0	1	1	0	0	106724	106725	0	0	0	0
30326	STR_QUEST_NAME_Q30326	5	STR_QUEST_ZONE41	2	4095	0	55	55	0	0	0	0	1	1	1	0	106831	106727	0	0	0	0
30327	STR_QUEST_NAME_Q30327	5	STR_QUEST_ZONE41	2	4095	0	55	55	106832	0	0	0	0	1	1	0	106831	106833	0	0	0	0
30328	STR_QUEST_NAME_Q30328	5	STR_QUEST_ZONE41	2	4095	0	54	55	0	0	0	0	1	1	1	0	106834	106731	0	0	0	0
30329	STR_QUEST_NAME_Q30329	5	STR_QUEST_ZONE41	2	4095	0	54	55	106835	0	0	0	0	1	1	0	106834	106733	0	0	0	0
30330	STR_QUEST_NAME_Q30330	5	STR_QUEST_ZONE41	2	4095	0	54	55	106836	0	0	0	0	1	1	0	106834	106733	0	0	0	0
30331	STR_QUEST_NAME_Q30331	5	STR_QUEST_ZONE41	2	4095	0	54	55	106837	0	0	0	0	1	1	0	106834	106736	0	0	0	0
30332	STR_QUEST_NAME_Q30332	5	STR_QUEST_ZONE41	2	4095	0	54	55	106838	0	0	0	0	1	1	0	106834	106839	0	0	0	0
30333	STR_QUEST_NAME_Q30333	5	STR_QUEST_ZONE41	2	4095	0	54	55	106840	0	0	0	0	1	0	0	106834	106841	0	0	0	0
30334	STR_QUEST_NAME_Q30334	5	STR_QUEST_ZONE41	2	4095	0	55	55	0	0	0	0	1	1	1	0	106826	106842	0	0	0	0
30335	STR_QUEST_NAME_Q30335	5	STR_QUEST_ZONE41	2	4095	0	52	55	106843	0	0	0	0	1	1	0	106655	106844	0	0	0	0
30336	STR_QUEST_NAME_Q30336	5	STR_QUEST_ZONE41	2	4095	0	52	55	106845	0	0	0	0	1	1	0	106655	106846	0	0	0	0
30337	STR_QUEST_NAME_Q30337	5	STR_QUEST_ZONE41	2	4095	0	52	55	106847	0	0	0	0	1	1	0	106655	106848	0	0	0	0
30338	STR_QUEST_NAME_Q30338	5	STR_QUEST_ZONE41	2	4095	0	52	55	106849	0	0	0	0	1	1	0	106655	106850	0	0	0	0
30339	STR_QUEST_NAME_Q30339	5	STR_QUEST_ZONE41	2	4095	0	52	55	106851	0	0	0	0	1	1	0	106655	106852	0	0	0	0
30340	STR_QUEST_NAME_Q30340	5	STR_QUEST_ZONE41	2	4095	0	52	55	106853	0	0	0	0	1	1	0	106655	106854	0	0	0	0
30341	STR_QUEST_NAME_Q30341	5	STR_QUEST_ZONE41	2	4095	0	52	55	106855	0	0	0	0	1	1	0	106655	106856	0	0	0	0
30342	STR_QUEST_NAME_Q30342	5	STR_QUEST_ZONE41	2	4095	0	52	55	106857	0	0	0	0	1	1	0	106655	106858	0	0	0	0
30343	STR_QUEST_NAME_Q30343	5	STR_QUEST_ZONE41	2	4095	0	52	55	106859	0	0	0	0	1	1	0	106655	106860	0	0	0	0
30344	STR_QUEST_NAME_Q30344	5	STR_QUEST_ZONE41	2	4095	0	55	55	106802	0	0	0	0	1	0	0	106233	106861	0	0	0	0
30345	STR_QUEST_NAME_Q30345	5	STR_QUEST_ZONE41	2	4095	0	55	55	106802	0	0	0	1	1	0	0	106233	106862	0	0	0	0
30346	STR_QUEST_NAME_Q30346	5	STR_QUEST_ZONE41	2	4095	0	55	55	106863	0	0	0	0	1	1	0	106233	106864	0	0	0	0
30351	STR_QUEST_NAME_Q30351	2	STR_QUEST_ZONE52	2	4095	0	50	51	106100	0	0	0	0	1	1	0	106865	106866	0	0	0	0
30352	STR_QUEST_NAME_Q30352	2	STR_QUEST_ZONE52	2	4095	0	50	51	0	0	0	0	1	1	1	0	106867	106868	0	0	0	0
30353	STR_QUEST_NAME_Q30353	5	STR_QUEST_ZONE52	2	4095	0	50	52	0	0	0	0	1	1	1	0	106869	106769	0	0	0	0
30354	STR_QUEST_NAME_Q30354	5	STR_QUEST_ZONE52	2	4095	0	53	54	106870	0	0	0	0	1	1	0	106869	106771	0	0	0	0
30355	STR_QUEST_NAME_Q30355	5	STR_QUEST_ZONE52	2	4095	0	54	55	106871	0	0	0	0	1	1	0	106869	106773	0	0	0	0
30356	STR_QUEST_NAME_Q30356	5	STR_QUEST_ZONE52	2	4095	0	50	52	0	0	106872	0	0	1	8	0	106873	106776	0	0	0	106874
30357	STR_QUEST_NAME_Q30357	5	STR_QUEST_ZONE52	2	4095	0	50	52	0	0	106875	0	0	1	8	0	106873	106776	0	0	0	106876
30358	STR_QUEST_NAME_Q30358	5	STR_QUEST_ZONE52	2	4095	0	50	52	0	0	106877	0	0	1	8	0	106873	106776	0	0	0	106878
30359	STR_QUEST_NAME_Q30359	5	STR_QUEST_ZONE52	2	4095	0	50	55	0	0	106879	0	0	1	12	0	106873	106783	0	0	0	106880
30360	STR_QUEST_NAME_Q30360	5	STR_QUEST_ZONE52	2	4095	0	50	55	106881	0	106881	0	0	1	12	0	106873	106786	0	0	0	106882
30361	STR_QUEST_NAME_Q30361	5	STR_QUEST_ZONE52	2	4095	0	50	51	0	0	0	0	0	1	1	0	106883	106789	0	0	0	0
30362	STR_QUEST_NAME_Q30362	5	STR_QUEST_ZONE52	2	4095	0	50	51	106884	0	0	0	0	1	0	0	106869	106791	0	0	0	0
30363	STR_QUEST_NAME_Q30363	5	STR_QUEST_ZONE52	2	4095	0	50	51	0	0	0	0	1	1	0	0	106885	106886	0	0	0	0
30364	STR_QUEST_NAME_Q30364	5	STR_QUEST_ZONE52	2	4095	0	50	52	0	0	0	0	0	1	1	0	106887	106888	0	0	0	0
30365	STR_QUEST_NAME_Q30365	5	STR_QUEST_ZONE52	2	4095	0	50	51	0	0	0	0	0	1	1	0	106889	106890	0	0	0	0
30366	STR_QUEST_NAME_Q30366	5	STR_QUEST_ZONE52	2	4095	0	50	51	0	0	0	0	1	1	10	0	106869	106798	0	0	0	0
30367	STR_QUEST_NAME_Q30367	5	STR_QUEST_ZONE52	2	4095	0	53	54	106871	0	0	0	0	1	1	0	106869	106771	0	0	0	0
35007	STR_QUEST_NAME_Q35007	4	STR_FACTION_GUARDIANOFDIVINE	1	4095	0	30	30	0	0	0	0	0	1	0	1	0	106891	0	0	0	0
35008	STR_QUEST_NAME_Q35008	4	STR_FACTION_GUARDIANOFDIVINE	1	4095	0	30	30	0	0	0	0	0	1	0	1	0	106891	0	0	0	0
35009	STR_QUEST_NAME_Q35009	4	STR_FACTION_GUARDIANOFDIVINE	1	4095	0	30	30	0	0	0	0	0	1	0	1	0	106891	0	0	0	0
35010	STR_QUEST_NAME_Q35010	4	STR_FACTION_GUARDIANOFDIVINE	1	4095	0	30	30	0	0	0	0	0	1	0	1	0	106892	0	0	0	0
35011	STR_QUEST_NAME_Q35011	4	STR_FACTION_GUARDIANOFDIVINE	1	4095	0	30	30	0	0	0	0	0	1	0	1	0	106892	0	0	0	0
35014	STR_QUEST_NAME_Q35014	4	STR_FACTION_GUARDIANOFDIVINE	1	4095	0	40	40	0	0	0	0	0	1	0	1	0	106893	0	0	0	0
35015	STR_QUEST_NAME_Q35015	4	STR_FACTION_GUARDIANOFDIVINE	1	4095	0	40	40	0	0	0	0	0	1	0	1	0	106893	0	0	0	0
35016	STR_QUEST_NAME_Q35016	4	STR_FACTION_GUARDIANOFDIVINE	1	4095	0	40	40	0	0	0	0	0	1	0	1	0	106893	0	0	0	0
35017	STR_QUEST_NAME_Q35017	4	STR_FACTION_GUARDIANOFDIVINE	1	4095	0	40	40	0	0	0	0	0	1	0	1	0	106894	0	0	0	0
35018	STR_QUEST_NAME_Q35018	4	STR_FACTION_GUARDIANOFDIVINE	1	4095	0	40	40	0	0	0	0	0	1	0	1	0	106894	0	0	0	0
35021	STR_QUEST_NAME_Q35021	4	STR_FACTION_GUARDIANOFDIVINE	1	4095	0	50	50	0	0	0	0	0	1	0	1	0	106895	0	0	0	0
35022	STR_QUEST_NAME_Q35022	4	STR_FACTION_GUARDIANOFDIVINE	1	4095	0	50	50	0	0	0	0	0	1	0	1	0	106895	0	0	0	0
35023	STR_QUEST_NAME_Q35023	4	STR_FACTION_GUARDIANOFDIVINE	1	4095	0	50	50	0	0	0	0	0	1	0	1	0	106895	0	0	0	0
35024	STR_QUEST_NAME_Q35024	4	STR_FACTION_GUARDIANOFDIVINE	1	4095	0	50	50	0	0	0	0	0	1	0	1	0	106896	0	0	0	0
35025	STR_QUEST_NAME_Q35025	4	STR_FACTION_GUARDIANOFDIVINE	1	4095	0	50	50	0	0	0	0	0	1	0	1	0	106896	0	0	0	0
35026	STR_QUEST_NAME_Q35026	4	STR_FACTION_GUARDIANOFDIVINE	1	4095	0	50	50	0	0	0	0	0	1	0	1	0	106896	0	0	0	0
35027	STR_QUEST_NAME_Q35027	4	STR_FACTION_GUARDIANOFDIVINE	1	4095	0	50	50	0	0	0	0	0	1	0	1	0	106896	0	0	0	0
35028	STR_QUEST_NAME_Q35028	4	STR_FACTION_GUARDIANOFDIVINE	1	4095	0	50	50	0	0	0	0	0	1	0	1	0	106896	0	0	0	0
35029	STR_QUEST_NAME_Q35029	4	STR_FACTION_GUARDIANOFDIVINE	1	4095	0	50	50	0	0	0	0	0	1	0	1	0	106897	0	0	0	0
35030	STR_QUEST_NAME_Q35030	4	STR_FACTION_GUARDIANOFDIVINE	1	4095	0	50	50	0	0	0	0	0	1	0	1	0	106897	0	0	0	0
35031	STR_QUEST_NAME_Q35031	4	STR_FACTION_GUARDIANOFDIVINE	1	4095	0	30	30	0	0	0	0	0	1	0	1	0	106891	0	0	0	0
35032	STR_QUEST_NAME_Q35032	4	STR_FACTION_GUARDIANOFDIVINE	1	4095	0	30	30	0	0	0	0	0	1	0	1	0	106891	0	0	0	0
35033	STR_QUEST_NAME_Q35033	4	STR_FACTION_GUARDIANOFDIVINE	1	4095	0	30	30	0	0	0	0	0	1	0	1	0	106891	0	0	0	0
35034	STR_QUEST_NAME_Q35034	4	STR_FACTION_GUARDIANOFDIVINE	1	4095	0	30	30	0	0	0	0	0	1	0	1	0	106891	0	0	0	0
35035	STR_QUEST_NAME_Q35035	4	STR_FACTION_GUARDIANOFDIVINE	1	4095	0	30	30	0	0	0	0	0	1	0	1	0	106898	0	0	0	0
35036	STR_QUEST_NAME_Q35036	4	STR_FACTION_GUARDIANOFDIVINE	1	4095	0	34	34	0	0	0	0	0	1	0	1	0	106899	0	0	0	0
35037	STR_QUEST_NAME_Q35037	4	STR_FACTION_GUARDIANOFDIVINE	1	4095	0	37	37	0	0	0	0	0	1	0	1	0	106900	0	0	0	0
35038	STR_QUEST_NAME_Q35038	4	STR_FACTION_GUARDIANOFDIVINE	1	4095	0	40	40	0	0	0	0	0	1	0	1	0	106901	0	0	0	0
35039	STR_QUEST_NAME_Q35039	4	STR_FACTION_GUARDIANOFDIVINE	1	4095	0	40	40	0	0	0	0	0	1	0	1	0	106893	0	0	0	0
35040	STR_QUEST_NAME_Q35040	4	STR_FACTION_GUARDIANOFDIVINE	1	4095	0	40	40	0	0	0	0	0	1	0	1	0	106893	0	0	0	0
35041	STR_QUEST_NAME_Q35041	4	STR_FACTION_GUARDIANOFDIVINE	1	4095	0	40	40	0	0	0	0	0	1	0	1	0	106893	0	0	0	0
35042	STR_QUEST_NAME_Q35042	4	STR_FACTION_GUARDIANOFDIVINE	1	4095	0	40	40	0	0	0	0	0	1	0	1	0	106893	0	0	0	0
35043	STR_QUEST_NAME_Q35043	4	STR_FACTION_GUARDIANOFDIVINE	1	4095	0	44	44	0	0	0	0	0	1	0	1	0	106902	0	0	0	0
35044	STR_QUEST_NAME_Q35044	4	STR_FACTION_GUARDIANOFDIVINE	1	4095	0	47	47	0	0	0	0	0	1	0	1	0	106903	0	0	0	0
35045	STR_QUEST_NAME_Q35045	4	STR_FACTION_GUARDIANOFDIVINE	1	4095	0	50	50	0	0	0	0	0	1	0	1	0	106895	0	0	0	0
35046	STR_QUEST_NAME_Q35046	4	STR_FACTION_GUARDIANOFDIVINE	1	4095	0	50	50	0	0	0	0	0	1	0	1	0	106895	0	0	0	0
35047	STR_QUEST_NAME_Q35047	4	STR_FACTION_GUARDIANOFDIVINE	1	4095	0	50	50	0	0	0	0	0	1	0	1	0	106895	0	0	0	0
35048	STR_QUEST_NAME_Q35048	4	STR_FACTION_GUARDIANOFDIVINE	1	4095	0	50	50	0	0	0	0	0	1	0	1	0	106895	0	0	0	0
35049	STR_QUEST_NAME_Q35049	4	STR_FACTION_GUARDIANOFDIVINE	1	4095	0	50	50	0	0	0	0	0	1	0	1	0	106904	0	0	0	0
35050	STR_QUEST_NAME_Q35050	4	STR_FACTION_GUARDIANOFDIVINE	1	4095	0	53	53	0	0	0	0	0	1	0	1	0	106905	0	0	0	0
35051	STR_QUEST_NAME_Q35051	4	STR_FACTION_GUARDIANOFDIVINE	1	4095	0	55	55	0	0	0	0	0	1	0	1	0	106906	0	0	0	0
35502	STR_QUEST_NAME_Q35502	4	STR_FACTION_ARMY_LI	1	4095	0	40	40	0	0	0	0	0	1	0	1	0	106907	0	0	0	0
35503	STR_QUEST_NAME_Q35503	5	STR_FACTION_ARMY_LI	1	4095	0	50	50	0	0	0	0	0	1	0	2	106908	106909	0	0	0	0
35504	STR_QUEST_NAME_Q35504	4	STR_FACTION_ARMY_LI	1	4095	0	50	50	0	0	0	0	0	1	0	1	0	106910	0	0	0	0
35505	STR_QUEST_NAME_Q35505	4	STR_FACTION_ARMY_LI	1	4095	0	50	50	0	0	0	0	0	1	0	1	0	106911	0	0	0	0
35506	STR_QUEST_NAME_Q35506	5	STR_FACTION_ARMY_LI	1	4095	0	40	40	0	0	0	0	0	1	0	2	106912	106913	0	0	0	0
35507	STR_QUEST_NAME_Q35507	5	STR_FACTION_ARMY_LI	1	4095	0	40	40	0	0	0	0	0	1	0	2	106912	106914	0	0	0	0
35508	STR_QUEST_NAME_Q35508	4	STR_FACTION_ARMY_LI	1	4095	0	40	40	0	0	0	0	0	1	0	1	0	106915	0	0	0	0
35509	STR_QUEST_NAME_Q35509	4	STR_FACTION_ARMY_LI	1	4095	0	50	50	0	0	0	0	0	1	0	1	0	106916	0	0	0	0
36015	STR_QUEST_NAME_Q36015	4	STR_FACTION_BOUNTYHUNTER_LI	1	4095	0	50	50	0	0	0	0	0	1	0	1	0	106917	0	0	0	0
36016	STR_QUEST_NAME_Q36016	4	STR_FACTION_BOUNTYHUNTER_LI	1	4095	0	50	50	0	0	0	0	0	1	0	1	0	106917	0	0	0	0
36017	STR_QUEST_NAME_Q36017	5	STR_FACTION_BOUNTYHUNTER_LI	1	4095	0	50	50	0	0	0	0	0	1	0	2	106918	106919	0	0	0	0
36500	STR_QUEST_NAME_Q36500	4	STR_FACTION_BOUNTYHUNTER_LI	1	4095	0	99	50	0	0	0	0	0	1	0	1	0	106920	0	0	0	0
36502	STR_QUEST_NAME_Q36502	4	STR_FACTION_BOUNTYHUNTER_LI	1	4095	0	50	50	0	0	0	0	0	1	0	1	0	106920	0	0	0	0
36503	STR_QUEST_NAME_Q36503	4	STR_FACTION_BOUNTYHUNTER_LI	1	4095	0	50	50	0	0	0	0	0	1	0	1	0	106920	0	0	0	0
36504	STR_QUEST_NAME_Q36504	4	STR_FACTION_BOUNTYHUNTER_LI	1	4095	0	50	50	0	0	0	0	0	1	0	1	0	106920	0	0	0	0
36505	STR_QUEST_NAME_Q36505	4	STR_FACTION_BOUNTYHUNTER_LI	1	4095	0	50	50	0	0	0	0	0	1	0	1	0	106920	0	0	0	0
36506	STR_QUEST_NAME_Q36506	4	STR_FACTION_BOUNTYHUNTER_LI	1	4095	0	99	53	0	0	0	0	0	1	0	1	0	106921	0	0	0	0
36508	STR_QUEST_NAME_Q36508	4	STR_FACTION_BOUNTYHUNTER_LI	1	4095	0	53	53	0	0	0	0	0	1	0	1	0	106921	0	0	0	0
36509	STR_QUEST_NAME_Q36509	4	STR_FACTION_BOUNTYHUNTER_LI	1	4095	0	53	53	0	0	0	0	0	1	0	1	0	106921	0	0	0	0
36510	STR_QUEST_NAME_Q36510	4	STR_FACTION_BOUNTYHUNTER_LI	1	4095	0	53	53	0	0	0	0	0	1	0	1	0	106921	0	0	0	0
36511	STR_QUEST_NAME_Q36511	4	STR_FACTION_BOUNTYHUNTER_LI	1	4095	0	53	53	0	0	0	0	0	1	0	1	0	106921	0	0	0	0
36512	STR_QUEST_NAME_Q36512	4	STR_FACTION_BOUNTYHUNTER_LI	1	4095	0	99	55	0	0	0	0	0	1	0	1	0	106922	0	0	0	0
36514	STR_QUEST_NAME_Q36514	4	STR_FACTION_BOUNTYHUNTER_LI	1	4095	0	55	55	0	0	0	0	0	1	0	1	0	106922	0	0	0	0
36515	STR_QUEST_NAME_Q36515	4	STR_FACTION_BOUNTYHUNTER_LI	1	4095	0	55	55	0	0	0	0	0	1	0	1	0	106922	0	0	0	0
36516	STR_QUEST_NAME_Q36516	4	STR_FACTION_BOUNTYHUNTER_LI	1	4095	0	55	55	0	0	0	0	0	1	0	1	0	106922	0	0	0	0
36517	STR_QUEST_NAME_Q36517	4	STR_FACTION_BOUNTYHUNTER_LI	1	4095	0	55	55	0	0	0	0	0	1	0	1	0	106922	0	0	0	0
36518	STR_QUEST_NAME_Q36518	5	STR_FACTION_BOUNTYHUNTER_LI	1	4095	0	50	50	0	0	0	0	0	1	0	2	106918	106923	0	0	0	0
36519	STR_QUEST_NAME_Q36519	5	STR_FACTION_BOUNTYHUNTER_LI	1	4095	0	50	50	0	0	0	0	0	1	0	2	106918	106923	0	0	0	0
36520	STR_QUEST_NAME_Q36520	4	STR_FACTION_BOUNTYHUNTER_LI	1	4095	0	50	50	0	0	0	0	0	1	0	1	0	106920	0	0	0	0
36521	STR_QUEST_NAME_Q36521	4	STR_FACTION_BOUNTYHUNTER_LI	1	4095	0	50	50	0	0	0	0	0	1	0	1	0	106920	0	0	0	0
36522	STR_QUEST_NAME_Q36522	4	STR_FACTION_BOUNTYHUNTER_LI	1	4095	0	50	50	0	0	0	0	0	1	0	1	0	106920	0	0	0	0
36523	STR_QUEST_NAME_Q36523	4	STR_FACTION_BOUNTYHUNTER_LI	1	4095	0	53	53	0	0	0	0	0	1	0	1	0	106921	0	0	0	0
36524	STR_QUEST_NAME_Q36524	4	STR_FACTION_BOUNTYHUNTER_LI	1	4095	0	53	53	0	0	0	0	0	1	0	1	0	106921	0	0	0	0
36525	STR_QUEST_NAME_Q36525	4	STR_FACTION_BOUNTYHUNTER_LI	1	4095	0	53	53	0	0	0	0	0	1	0	1	0	106921	0	0	0	0
36526	STR_QUEST_NAME_Q36526	4	STR_FACTION_BOUNTYHUNTER_LI	1	4095	0	55	55	0	0	0	0	0	1	0	1	0	106922	0	0	0	0
36527	STR_QUEST_NAME_Q36527	4	STR_FACTION_BOUNTYHUNTER_LI	1	4095	0	55	55	0	0	0	0	0	1	0	1	0	106922	0	0	0	0
36528	STR_QUEST_NAME_Q36528	4	STR_FACTION_BOUNTYHUNTER_LI	1	4095	0	55	55	0	0	0	0	0	1	0	1	0	106922	0	0	0	0
37000	STR_QUEST_NAME_Q37000	4	STR_FACTION_MENTEE_LI	1	4095	0	10	10	0	0	0	0	0	1	0	1	0	106924	0	0	0	0
37001	STR_QUEST_NAME_Q37001	4	STR_FACTION_MENTEE_LI	1	4095	0	13	13	0	0	0	0	0	1	0	1	0	106925	0	0	0	0
37002	STR_QUEST_NAME_Q37002	4	STR_FACTION_MENTEE_LI	1	4095	0	13	13	0	0	0	0	0	1	0	1	0	106925	0	0	0	0
37003	STR_QUEST_NAME_Q37003	4	STR_FACTION_MENTEE_LI	1	4095	0	20	20	0	0	0	0	0	1	0	1	0	106926	0	0	0	0
37004	STR_QUEST_NAME_Q37004	4	STR_FACTION_MENTEE_LI	1	4095	0	28	28	71100	0	0	0	0	1	0	1	0	106927	0	0	0	0
37005	STR_QUEST_NAME_Q37005	4	STR_FACTION_MENTEE_LI	1	4095	0	25	25	0	0	0	0	0	1	0	1	0	106927	0	0	0	0
37006	STR_QUEST_NAME_Q37006	4	STR_FACTION_MENTEE_LI	1	4095	0	30	30	0	0	0	0	0	1	0	1	0	106928	0	0	0	0
37007	STR_QUEST_NAME_Q37007	4	STR_FACTION_MENTEE_LI	1	4095	0	35	35	0	0	0	0	0	1	0	1	0	106929	0	0	0	0
37008	STR_QUEST_NAME_Q37008	4	STR_FACTION_MENTEE_LI	1	4095	0	35	35	0	0	0	0	0	1	0	1	0	106929	0	0	0	0
37100	STR_QUEST_NAME_Q37100	4	STR_FACTION_MENTOR_LI	1	4095	0	40	40	0	0	0	0	0	1	0	1	0	106930	0	0	0	0
37101	STR_QUEST_NAME_Q37101	4	STR_FACTION_MENTOR_LI	1	4095	0	40	40	0	0	0	0	0	1	0	1	0	106930	0	0	0	0
37102	STR_QUEST_NAME_Q37102	4	STR_FACTION_MENTOR_LI	1	4095	0	40	40	0	0	0	0	0	1	0	1	0	106930	0	0	0	0
37103	STR_QUEST_NAME_Q37103	4	STR_FACTION_MENTOR_LI	1	4095	0	40	40	0	0	0	0	0	1	0	1	0	106930	0	0	0	0
37104	STR_QUEST_NAME_Q37104	4	STR_FACTION_MENTOR_LI	1	4095	0	40	40	0	0	0	0	0	1	0	1	0	106930	0	0	0	0
37105	STR_QUEST_NAME_Q37105	4	STR_FACTION_MENTOR_LI	1	4095	0	40	40	0	0	0	0	0	1	0	1	0	106930	0	0	0	0
37107	STR_QUEST_NAME_Q37107	4	STR_FACTION_MENTOR_LI	1	4095	0	50	50	0	0	0	0	0	1	0	1	0	106931	0	0	0	0
37108	STR_QUEST_NAME_Q37108	4	STR_FACTION_MENTOR_LI	1	4095	0	50	50	0	0	0	0	0	1	0	1	0	106931	0	0	0	0
37109	STR_QUEST_NAME_Q37109	4	STR_FACTION_MENTOR_LI	1	4095	0	50	50	0	0	0	0	0	1	0	1	0	106931	0	0	0	0
37110	STR_QUEST_NAME_Q37110	4	STR_FACTION_MENTOR_LI	1	4095	0	50	50	0	0	0	0	0	1	0	1	0	106931	0	0	0	0
37111	STR_QUEST_NAME_Q37111	4	STR_FACTION_MENTOR_LI	1	4095	0	50	50	0	0	0	0	0	1	0	1	0	106931	0	0	0	0
37112	STR_QUEST_NAME_Q37112	4	STR_FACTION_MENTOR_LI	1	4095	0	50	50	0	0	0	0	0	1	0	1	0	106931	0	0	0	0
37113	STR_QUEST_NAME_Q37113	4	STR_FACTION_MENTOR_LI	1	4095	0	50	50	0	0	0	0	0	1	0	1	0	106931	0	0	0	0
37114	STR_QUEST_NAME_Q37114	5	STR_FACTION_MENTOR_LI	1	4095	0	50	50	0	0	0	0	0	1	0	2	106932	106931	0	0	0	0
37115	STR_QUEST_NAME_Q37115	5	STR_FACTION_MENTOR_LI	1	4095	0	50	50	0	0	0	0	0	1	0	2	106932	106931	0	0	0	0
37116	STR_QUEST_NAME_Q37116	5	STR_FACTION_MENTOR_LI	1	4095	0	55	55	0	0	0	0	0	1	0	2	106932	106933	0	0	0	0
37117	STR_QUEST_NAME_Q37117	5	STR_FACTION_MENTOR_LI	1	4095	0	55	55	0	0	0	0	0	1	0	2	106934	106933	0	0	0	0
37118	STR_QUEST_NAME_Q37118	5	STR_FACTION_MENTOR_LI	1	4095	0	55	55	0	0	0	0	0	1	0	2	106934	106933	0	0	0	0
37119	STR_QUEST_NAME_Q37119	5	STR_FACTION_MENTOR_LI	1	4095	0	55	55	0	0	0	0	0	1	0	2	106934	106933	0	0	0	0
37120	STR_QUEST_NAME_Q37120	5	STR_FACTION_MENTOR_LI	1	4095	0	55	55	0	0	0	0	0	1	0	2	106935	106933	0	0	0	0
38000	STR_QUEST_NAME_Q38000	3	STR_FACTION_GUARDIANOFDIVINE	1	4095	0	30	30	0	0	106936	106936	0	1	1	0	100918	106937	0	0	0	0
38001	STR_QUEST_NAME_Q38001	3	STR_FACTION_ARMY_LI	1	4095	0	40	40	0	0	106938	106938	0	1	1	0	100918	106939	0	0	0	0
38002	STR_QUEST_NAME_Q38002	3	STR_FACTION_BOUNTYHUNTER_LI	1	4095	0	50	50	0	0	106940	106940	0	1	1	0	100918	106941	0	0	0	0
38003	STR_QUEST_NAME_Q38003	3	STR_FACTION_GUARDIANOFDIVINE	1	4095	0	30	30	0	0	106942	106942	0	1	1	0	102222	106937	0	0	0	0
38004	STR_QUEST_NAME_Q38004	3	STR_FACTION_ARMY_LI	1	4095	0	40	40	0	0	106943	106943	0	1	1	0	102222	106939	0	0	0	0
38005	STR_QUEST_NAME_Q38005	3	STR_FACTION_BOUNTYHUNTER_LI	1	4095	0	50	50	0	0	106944	106944	0	1	1	0	102222	106941	0	0	0	0
38006	STR_QUEST_NAME_Q38006	3	STR_FACTION_MENTEE_LI	1	4095	0	10	10	0	0	0	0	0	1	1	0	102222	104083	0	0	0	0
38007	STR_QUEST_NAME_Q38007	3	STR_FACTION_MENTOR_LI	1	4095	0	40	40	0	0	0	0	0	1	1	0	102222	106945	0	0	0	0
38500	STR_QUEST_NAME_Q38500	5	STR_QUEST_ZONE09	1	4095	0	40	41	0	0	0	0	1	1	0	0	106946	106947	0	0	0	0
38501	STR_QUEST_NAME_Q38501	5	STR_QUEST_ZONE09	1	4095	0	40	41	0	0	0	0	1	1	0	0	106948	106947	0	0	0	0
38502	STR_QUEST_NAME_Q38502	5	STR_QUEST_ZONE35	1	4095	0	50	51	0	0	0	0	1	1	0	0	106949	106950	0	0	0	0
38503	STR_QUEST_NAME_Q38503	5	STR_QUEST_ZONE35	1	4095	0	50	51	0	0	0	0	1	1	0	0	106951	106950	0	0	0	0
38504	STR_QUEST_NAME_Q38504	5	STR_QUEST_ZONE40	1	4095	0	50	51	0	0	0	0	1	1	0	0	106952	106950	0	0	0	0
38505	STR_QUEST_NAME_Q38505	5	STR_QUEST_ZONE35	1	4095	0	50	51	0	0	0	0	1	1	0	0	106949	106953	0	0	0	0
38506	STR_QUEST_NAME_Q38506	5	STR_QUEST_ZONE35	1	4095	0	50	51	0	0	0	0	1	1	0	0	106951	106953	0	0	0	0
38507	STR_QUEST_NAME_Q38507	5	STR_QUEST_ZONE40	1	4095	0	50	51	0	0	0	0	1	1	0	0	106952	106953	0	0	0	0
45007	STR_QUEST_NAME_Q45007	4	STR_FACTION_GUARDIANOFTOWER	2	4095	0	30	30	0	0	0	0	0	1	0	1	0	106954	0	0	0	0
45008	STR_QUEST_NAME_Q45008	4	STR_FACTION_GUARDIANOFTOWER	2	4095	0	30	30	0	0	0	0	0	1	0	1	0	106954	0	0	0	0
45009	STR_QUEST_NAME_Q45009	4	STR_FACTION_GUARDIANOFTOWER	2	4095	0	30	30	0	0	0	0	0	1	0	1	0	106954	0	0	0	0
45010	STR_QUEST_NAME_Q45010	4	STR_FACTION_GUARDIANOFTOWER	2	4095	0	30	30	0	0	0	0	0	1	0	1	0	106955	0	0	0	0
45011	STR_QUEST_NAME_Q45011	4	STR_FACTION_GUARDIANOFTOWER	2	4095	0	30	30	0	0	0	0	0	1	0	1	0	106955	0	0	0	0
45014	STR_QUEST_NAME_Q45014	4	STR_FACTION_GUARDIANOFTOWER	2	4095	0	40	40	0	0	0	0	0	1	0	1	0	106956	0	0	0	0
45015	STR_QUEST_NAME_Q45015	4	STR_FACTION_GUARDIANOFTOWER	2	4095	0	40	40	0	0	0	0	0	1	0	1	0	106956	0	0	0	0
45016	STR_QUEST_NAME_Q45016	4	STR_FACTION_GUARDIANOFTOWER	2	4095	0	40	40	0	0	0	0	0	1	0	1	0	106956	0	0	0	0
45017	STR_QUEST_NAME_Q45017	4	STR_FACTION_GUARDIANOFTOWER	2	4095	0	40	40	0	0	0	0	0	1	0	1	0	106957	0	0	0	0
45018	STR_QUEST_NAME_Q45018	4	STR_FACTION_GUARDIANOFTOWER	2	4095	0	40	40	0	0	0	0	0	1	0	1	0	106957	0	0	0	0
45021	STR_QUEST_NAME_Q45021	4	STR_FACTION_GUARDIANOFTOWER	2	4095	0	50	50	0	0	0	0	0	1	0	1	0	106958	0	0	0	0
45022	STR_QUEST_NAME_Q45022	4	STR_FACTION_GUARDIANOFTOWER	2	4095	0	50	50	0	0	0	0	0	1	0	1	0	106958	0	0	0	0
45023	STR_QUEST_NAME_Q45023	4	STR_FACTION_GUARDIANOFTOWER	2	4095	0	50	50	0	0	0	0	0	1	0	1	0	106958	0	0	0	0
45024	STR_QUEST_NAME_Q45024	4	STR_FACTION_GUARDIANOFTOWER	2	4095	0	50	50	0	0	0	0	0	1	0	1	0	106959	0	0	0	0
45025	STR_QUEST_NAME_Q45025	4	STR_FACTION_GUARDIANOFTOWER	2	4095	0	50	50	0	0	0	0	0	1	0	1	0	106959	0	0	0	0
45026	STR_QUEST_NAME_Q45026	4	STR_FACTION_GUARDIANOFTOWER	2	4095	0	50	50	0	0	0	0	0	1	0	1	0	106959	0	0	0	0
45027	STR_QUEST_NAME_Q45027	4	STR_FACTION_GUARDIANOFTOWER	2	4095	0	50	50	0	0	0	0	0	1	0	1	0	106959	0	0	0	0
45028	STR_QUEST_NAME_Q45028	4	STR_FACTION_GUARDIANOFTOWER	2	4095	0	50	50	0	0	0	0	0	1	0	1	0	106959	0	0	0	0
45029	STR_QUEST_NAME_Q45029	4	STR_FACTION_GUARDIANOFTOWER	2	4095	0	50	50	0	0	0	0	0	1	0	1	0	106960	0	0	0	0
45030	STR_QUEST_NAME_Q45030	4	STR_FACTION_GUARDIANOFTOWER	2	4095	0	50	50	0	0	0	0	0	1	0	1	0	106960	0	0	0	0
45031	STR_QUEST_NAME_Q45031	4	STR_FACTION_GUARDIANOFTOWER	2	4095	0	30	30	0	0	0	0	0	1	0	1	0	106954	0	0	0	0
45032	STR_QUEST_NAME_Q45032	4	STR_FACTION_GUARDIANOFTOWER	2	4095	0	30	30	0	0	0	0	0	1	0	1	0	106954	0	0	0	0
45033	STR_QUEST_NAME_Q45033	4	STR_FACTION_GUARDIANOFTOWER	2	4095	0	30	30	0	0	0	0	0	1	0	1	0	106954	0	0	0	0
45034	STR_QUEST_NAME_Q45034	4	STR_FACTION_GUARDIANOFTOWER	2	4095	0	30	30	0	0	0	0	0	1	0	1	0	106954	0	0	0	0
45035	STR_QUEST_NAME_Q45035	4	STR_FACTION_GUARDIANOFTOWER	2	4095	0	30	30	0	0	0	0	0	1	0	1	0	106961	0	0	0	0
45036	STR_QUEST_NAME_Q45036	4	STR_FACTION_GUARDIANOFTOWER	2	4095	0	34	34	0	0	0	0	0	1	0	1	0	106962	0	0	0	0
45037	STR_QUEST_NAME_Q45037	4	STR_FACTION_GUARDIANOFTOWER	2	4095	0	37	37	0	0	0	0	0	1	0	1	0	106963	0	0	0	0
45038	STR_QUEST_NAME_Q45038	4	STR_FACTION_GUARDIANOFTOWER	2	4095	0	40	40	0	0	0	0	0	1	0	1	0	106964	0	0	0	0
45039	STR_QUEST_NAME_Q45039	4	STR_FACTION_GUARDIANOFTOWER	2	4095	0	40	40	0	0	0	0	0	1	0	1	0	106956	0	0	0	0
45040	STR_QUEST_NAME_Q45040	4	STR_FACTION_GUARDIANOFTOWER	2	4095	0	40	40	0	0	0	0	0	1	0	1	0	106956	0	0	0	0
45041	STR_QUEST_NAME_Q45041	4	STR_FACTION_GUARDIANOFTOWER	2	4095	0	40	40	0	0	0	0	0	1	0	1	0	106956	0	0	0	0
45042	STR_QUEST_NAME_Q45042	4	STR_FACTION_GUARDIANOFTOWER	2	4095	0	40	40	0	0	0	0	0	1	0	1	0	106956	0	0	0	0
45043	STR_QUEST_NAME_Q45043	4	STR_FACTION_GUARDIANOFTOWER	2	4095	0	44	44	0	0	0	0	0	1	0	1	0	106965	0	0	0	0
45044	STR_QUEST_NAME_Q45044	4	STR_FACTION_GUARDIANOFTOWER	2	4095	0	47	47	0	0	0	0	0	1	0	1	0	106966	0	0	0	0
45045	STR_QUEST_NAME_Q45045	4	STR_FACTION_GUARDIANOFTOWER	2	4095	0	50	50	0	0	0	0	0	1	0	1	0	106958	0	0	0	0
45046	STR_QUEST_NAME_Q45046	4	STR_FACTION_GUARDIANOFTOWER	2	4095	0	50	50	0	0	0	0	0	1	0	1	0	106958	0	0	0	0
45047	STR_QUEST_NAME_Q45047	4	STR_FACTION_GUARDIANOFTOWER	2	4095	0	50	50	0	0	0	0	0	1	0	1	0	106958	0	0	0	0
45048	STR_QUEST_NAME_Q45048	4	STR_FACTION_GUARDIANOFTOWER	2	4095	0	50	50	0	0	0	0	0	1	0	1	0	106958	0	0	0	0
45049	STR_QUEST_NAME_Q45049	4	STR_FACTION_GUARDIANOFTOWER	2	4095	0	50	50	0	0	0	0	0	1	0	1	0	106967	0	0	0	0
45050	STR_QUEST_NAME_Q45050	4	STR_FACTION_GUARDIANOFTOWER	2	4095	0	53	53	0	0	0	0	0	1	0	1	0	106968	0	0	0	0
45051	STR_QUEST_NAME_Q45051	4	STR_FACTION_GUARDIANOFTOWER	2	4095	0	55	55	0	0	0	0	0	1	0	1	0	106969	0	0	0	0
45502	STR_QUEST_NAME_Q45502	4	STR_FACTION_ARMY_DA	2	4095	0	40	40	0	0	0	0	0	1	0	1	0	106970	0	0	0	0
45503	STR_QUEST_NAME_Q45503	5	STR_FACTION_ARMY_DA	2	4095	0	50	50	0	0	0	0	0	1	0	2	106971	106972	0	0	0	0
45504	STR_QUEST_NAME_Q45504	4	STR_FACTION_ARMY_DA	2	4095	0	50	50	0	0	0	0	0	1	0	1	0	106973	0	0	0	0
45505	STR_QUEST_NAME_Q45505	4	STR_FACTION_ARMY_DA	2	4095	0	50	50	0	0	0	0	0	1	0	1	0	106974	0	0	0	0
45506	STR_QUEST_NAME_Q45506	5	STR_FACTION_ARMY_DA	2	4095	0	40	40	0	0	0	0	0	1	0	2	106975	106976	0	0	0	0
45507	STR_QUEST_NAME_Q45507	5	STR_FACTION_ARMY_DA	2	4095	0	40	40	0	0	0	0	0	1	0	2	106975	106977	0	0	0	0
45508	STR_QUEST_NAME_Q45508	4	STR_FACTION_ARMY_DA	2	4095	0	40	40	0	0	0	0	0	1	0	1	0	106978	0	0	0	0
45509	STR_QUEST_NAME_Q45509	4	STR_FACTION_ARMY_DA	2	4095	0	50	50	0	0	0	0	0	1	0	1	0	106979	0	0	0	0
46015	STR_QUEST_NAME_Q46015	4	STR_FACTION_BOUNTYHUNTER_DA	2	4095	0	50	50	0	0	0	0	0	1	0	1	0	106980	0	0	0	0
46016	STR_QUEST_NAME_Q46016	4	STR_FACTION_BOUNTYHUNTER_DA	2	4095	0	50	50	0	0	0	0	0	1	0	1	0	106980	0	0	0	0
46017	STR_QUEST_NAME_Q46017	5	STR_FACTION_BOUNTYHUNTER_DA	2	4095	0	50	50	0	0	0	0	0	1	0	2	106981	106982	0	0	0	0
46500	STR_QUEST_NAME_Q46500	4	STR_FACTION_BOUNTYHUNTER_DA	2	4095	0	99	50	0	0	0	0	0	1	0	1	0	106983	0	0	0	0
46502	STR_QUEST_NAME_Q46502	4	STR_FACTION_BOUNTYHUNTER_DA	2	4095	0	50	50	0	0	0	0	0	1	0	1	0	106983	0	0	0	0
46503	STR_QUEST_NAME_Q46503	4	STR_FACTION_BOUNTYHUNTER_DA	2	4095	0	50	50	0	0	0	0	0	1	0	1	0	106983	0	0	0	0
46504	STR_QUEST_NAME_Q46504	4	STR_FACTION_BOUNTYHUNTER_DA	2	4095	0	50	50	0	0	0	0	0	1	0	1	0	106983	0	0	0	0
46505	STR_QUEST_NAME_Q46505	4	STR_FACTION_BOUNTYHUNTER_DA	2	4095	0	50	50	0	0	0	0	0	1	0	1	0	106983	0	0	0	0
46506	STR_QUEST_NAME_Q46506	4	STR_FACTION_BOUNTYHUNTER_DA	2	4095	0	99	53	0	0	0	0	0	1	0	1	0	106984	0	0	0	0
46508	STR_QUEST_NAME_Q46508	4	STR_FACTION_BOUNTYHUNTER_DA	2	4095	0	53	53	0	0	0	0	0	1	0	1	0	106984	0	0	0	0
46509	STR_QUEST_NAME_Q46509	4	STR_FACTION_BOUNTYHUNTER_DA	2	4095	0	53	53	0	0	0	0	0	1	0	1	0	106984	0	0	0	0
46510	STR_QUEST_NAME_Q46510	4	STR_FACTION_BOUNTYHUNTER_DA	2	4095	0	53	53	0	0	0	0	0	1	0	1	0	106984	0	0	0	0
46511	STR_QUEST_NAME_Q46511	4	STR_FACTION_BOUNTYHUNTER_DA	2	4095	0	53	53	0	0	0	0	0	1	0	1	0	106984	0	0	0	0
46512	STR_QUEST_NAME_Q46512	4	STR_FACTION_BOUNTYHUNTER_DA	2	4095	0	99	55	0	0	0	0	0	1	0	1	0	106985	0	0	0	0
46514	STR_QUEST_NAME_Q46514	4	STR_FACTION_BOUNTYHUNTER_DA	2	4095	0	55	55	0	0	0	0	0	1	0	1	0	106985	0	0	0	0
46515	STR_QUEST_NAME_Q46515	4	STR_FACTION_BOUNTYHUNTER_DA	2	4095	0	55	55	0	0	0	0	0	1	0	1	0	106985	0	0	0	0
46516	STR_QUEST_NAME_Q46516	4	STR_FACTION_BOUNTYHUNTER_DA	2	4095	0	55	55	0	0	0	0	0	1	0	1	0	106985	0	0	0	0
46517	STR_QUEST_NAME_Q46517	4	STR_FACTION_BOUNTYHUNTER_DA	2	4095	0	55	55	0	0	0	0	0	1	0	1	0	106985	0	0	0	0
46518	STR_QUEST_NAME_Q46518	5	STR_FACTION_BOUNTYHUNTER_DA	2	4095	0	50	50	0	0	0	0	0	1	0	2	106981	106986	0	0	0	0
46519	STR_QUEST_NAME_Q46519	5	STR_FACTION_BOUNTYHUNTER_DA	2	4095	0	50	50	0	0	0	0	0	1	0	2	106981	106986	0	0	0	0
46520	STR_QUEST_NAME_Q46520	4	STR_FACTION_BOUNTYHUNTER_DA	2	4095	0	50	50	0	0	0	0	0	1	0	1	0	106983	0	0	0	0
46521	STR_QUEST_NAME_Q46521	4	STR_FACTION_BOUNTYHUNTER_DA	2	4095	0	50	50	0	0	0	0	0	1	0	1	0	106983	0	0	0	0
46522	STR_QUEST_NAME_Q46522	4	STR_FACTION_BOUNTYHUNTER_DA	2	4095	0	50	50	0	0	0	0	0	1	0	1	0	106983	0	0	0	0
46523	STR_QUEST_NAME_Q46523	4	STR_FACTION_BOUNTYHUNTER_DA	2	4095	0	53	53	0	0	0	0	0	1	0	1	0	106984	0	0	0	0
46524	STR_QUEST_NAME_Q46524	4	STR_FACTION_BOUNTYHUNTER_DA	2	4095	0	53	53	0	0	0	0	0	1	0	1	0	106984	0	0	0	0
46525	STR_QUEST_NAME_Q46525	4	STR_FACTION_BOUNTYHUNTER_DA	2	4095	0	53	53	0	0	0	0	0	1	0	1	0	106984	0	0	0	0
46526	STR_QUEST_NAME_Q46526	4	STR_FACTION_BOUNTYHUNTER_DA	2	4095	0	55	55	0	0	0	0	0	1	0	1	0	106985	0	0	0	0
46527	STR_QUEST_NAME_Q46527	4	STR_FACTION_BOUNTYHUNTER_DA	2	4095	0	55	55	0	0	0	0	0	1	0	1	0	106985	0	0	0	0
46528	STR_QUEST_NAME_Q46528	4	STR_FACTION_BOUNTYHUNTER_DA	2	4095	0	55	55	0	0	0	0	0	1	0	1	0	106985	0	0	0	0
47000	STR_QUEST_NAME_Q47000	4	STR_FACTION_MENTEE_DA	2	4095	0	10	10	0	0	0	0	0	1	0	1	0	106987	0	0	0	0
47001	STR_QUEST_NAME_Q47001	4	STR_FACTION_MENTEE_DA	2	4095	0	13	13	0	0	0	0	0	1	0	1	0	106988	0	0	0	0
47002	STR_QUEST_NAME_Q47002	4	STR_FACTION_MENTEE_DA	2	4095	0	13	13	0	0	0	0	0	1	0	1	0	106988	0	0	0	0
47003	STR_QUEST_NAME_Q47003	4	STR_FACTION_MENTEE_DA	2	4095	0	20	20	0	0	0	0	0	1	0	1	0	106989	0	0	0	0
47004	STR_QUEST_NAME_Q47004	4	STR_FACTION_MENTEE_DA	2	4095	0	27	27	102305	0	0	0	0	1	0	1	0	106990	0	0	0	0
47005	STR_QUEST_NAME_Q47005	4	STR_FACTION_MENTEE_DA	2	4095	0	25	25	0	0	0	0	0	1	0	1	0	106990	0	0	0	0
47006	STR_QUEST_NAME_Q47006	4	STR_FACTION_MENTEE_DA	2	4095	0	30	30	0	0	0	0	0	1	0	1	0	106991	0	0	0	0
47007	STR_QUEST_NAME_Q47007	4	STR_FACTION_MENTEE_DA	2	4095	0	35	35	0	0	0	0	0	1	0	1	0	106992	0	0	0	0
47008	STR_QUEST_NAME_Q47008	4	STR_FACTION_MENTEE_DA	2	4095	0	35	35	0	0	0	0	0	1	0	1	0	106992	0	0	0	0
47100	STR_QUEST_NAME_Q47100	4	STR_FACTION_MENTOR_DA	2	4095	0	40	40	0	0	0	0	0	1	0	1	0	106993	0	0	0	0
47101	STR_QUEST_NAME_Q47101	4	STR_FACTION_MENTOR_DA	2	4095	0	40	40	0	0	0	0	0	1	0	1	0	106993	0	0	0	0
47102	STR_QUEST_NAME_Q47102	4	STR_FACTION_MENTOR_DA	2	4095	0	40	40	0	0	0	0	0	1	0	1	0	106993	0	0	0	0
47103	STR_QUEST_NAME_Q47103	4	STR_FACTION_MENTOR_DA	2	4095	0	40	40	0	0	0	0	0	1	0	1	0	106993	0	0	0	0
47104	STR_QUEST_NAME_Q47104	4	STR_FACTION_MENTOR_DA	2	4095	0	40	40	0	0	0	0	0	1	0	1	0	106993	0	0	0	0
47105	STR_QUEST_NAME_Q47105	4	STR_FACTION_MENTOR_DA	2	4095	0	40	40	0	0	0	0	0	1	0	1	0	106993	0	0	0	0
47107	STR_QUEST_NAME_Q47107	4	STR_FACTION_MENTOR_DA	2	4095	0	50	50	0	0	0	0	0	1	0	1	0	106994	0	0	0	0
47108	STR_QUEST_NAME_Q47108	4	STR_FACTION_MENTOR_DA	2	4095	0	50	50	0	0	0	0	0	1	0	1	0	106994	0	0	0	0
47109	STR_QUEST_NAME_Q47109	4	STR_FACTION_MENTOR_DA	2	4095	0	50	50	0	0	0	0	0	1	0	1	0	106994	0	0	0	0
47110	STR_QUEST_NAME_Q47110	4	STR_FACTION_MENTOR_DA	2	4095	0	50	50	0	0	0	0	0	1	0	1	0	106994	0	0	0	0
47111	STR_QUEST_NAME_Q47111	4	STR_FACTION_MENTOR_DA	2	4095	0	50	50	0	0	0	0	0	1	0	1	0	106994	0	0	0	0
47112	STR_QUEST_NAME_Q47112	4	STR_FACTION_MENTOR_DA	2	4095	0	50	50	0	0	0	0	0	1	0	1	0	106994	0	0	0	0
47113	STR_QUEST_NAME_Q47113	4	STR_FACTION_MENTOR_DA	2	4095	0	50	50	0	0	0	0	0	1	0	1	0	106994	0	0	0	0
47114	STR_QUEST_NAME_Q47114	5	STR_FACTION_MENTOR_DA	2	4095	0	50	50	0	0	0	0	0	1	0	2	106995	106994	0	0	0	0
47115	STR_QUEST_NAME_Q47115	5	STR_FACTION_MENTOR_DA	2	4095	0	50	50	0	0	0	0	0	1	0	2	106995	106994	0	0	0	0
47116	STR_QUEST_NAME_Q47116	5	STR_FACTION_MENTOR_DA	2	4095	0	55	55	0	0	0	0	0	1	0	2	106996	106997	0	0	0	0
47117	STR_QUEST_NAME_Q47117	5	STR_FACTION_MENTOR_DA	2	4095	0	55	55	0	0	0	0	0	1	0	2	106996	106997	0	0	0	0
47118	STR_QUEST_NAME_Q47118	5	STR_FACTION_MENTOR_DA	2	4095	0	55	55	0	0	0	0	0	1	0	2	106996	106997	0	0	0	0
47119	STR_QUEST_NAME_Q47119	5	STR_FACTION_MENTOR_DA	2	4095	0	55	55	0	0	0	0	0	1	0	2	106996	106997	0	0	0	0
47120	STR_QUEST_NAME_Q47120	5	STR_FACTION_MENTOR_DA	2	4095	0	55	55	0	0	0	0	0	1	0	2	106998	106997	0	0	0	0
48000	STR_QUEST_NAME_Q48000	3	STR_FACTION_GUARDIANOFTOWER	2	4095	0	30	30	0	0	106999	106999	0	1	1	0	100918	106937	0	0	0	0
48001	STR_QUEST_NAME_Q48001	3	STR_FACTION_ARMY_DA	2	4095	0	40	40	0	0	107000	107000	0	1	1	0	100918	106939	0	0	0	0
48002	STR_QUEST_NAME_Q48002	3	STR_FACTION_BOUNTYHUNTER_DA	2	4095	0	50	50	0	0	107001	107001	0	1	1	0	100918	106941	0	0	0	0
48003	STR_QUEST_NAME_Q48003	3	STR_FACTION_GUARDIANOFTOWER	2	4095	0	30	30	0	0	107002	107002	0	1	1	0	103609	106937	0	0	0	0
48004	STR_QUEST_NAME_Q48004	3	STR_FACTION_ARMY_DA	2	4095	0	40	40	0	0	107003	107003	0	1	1	0	103609	106939	0	0	0	0
48005	STR_QUEST_NAME_Q48005	3	STR_FACTION_BOUNTYHUNTER_DA	2	4095	0	50	50	0	0	107004	107004	0	1	1	0	103609	106941	0	0	0	0
48006	STR_QUEST_NAME_Q48006	3	STR_FACTION_MENTEE_DA	2	4095	0	10	10	0	0	0	0	0	1	1	0	103609	104083	0	0	0	0
48007	STR_QUEST_NAME_Q48007	3	STR_FACTION_MENTOR_DA	2	4095	0	40	40	0	0	0	0	0	1	1	0	103609	106945	0	0	0	0
48500	STR_QUEST_NAME_Q48500	5	STR_QUEST_ZONE09	2	4095	0	40	41	0	0	0	0	1	1	0	0	107005	107006	0	0	0	0
48501	STR_QUEST_NAME_Q48501	5	STR_QUEST_ZONE09	2	4095	0	40	41	0	0	0	0	1	1	0	0	106948	107006	0	0	0	0
48502	STR_QUEST_NAME_Q48502	5	STR_QUEST_ZONE37	2	4095	0	50	51	0	0	0	0	1	1	0	0	107007	107008	0	0	0	0
48503	STR_QUEST_NAME_Q48503	5	STR_QUEST_ZONE37	2	4095	0	50	51	0	0	0	0	1	1	0	0	107009	107008	0	0	0	0
48504	STR_QUEST_NAME_Q48504	5	STR_QUEST_ZONE40	2	4095	0	50	51	0	0	0	0	1	1	0	0	107010	107008	0	0	0	0
48505	STR_QUEST_NAME_Q48505	5	STR_QUEST_ZONE37	2	4095	0	50	51	0	0	0	0	1	1	0	0	107007	107011	0	0	0	0
48506	STR_QUEST_NAME_Q48506	5	STR_QUEST_ZONE37	2	4095	0	50	51	0	0	0	0	1	1	0	0	107009	107011	0	0	0	0
48507	STR_QUEST_NAME_Q48507	5	STR_QUEST_ZONE40	2	4095	0	50	51	0	0	0	0	1	1	0	0	107010	107011	0	0	0	0
80000	STR_QUEST_NAME_Q80000	7	STR_QUEST_ZONE19	1	4095	0	10	10	0	0	0	0	0	1	1	0	107012	107013	0	0	0	0
80001	STR_QUEST_NAME_Q80001	7	STR_QUEST_ZONE20	2	4095	0	10	10	0	0	0	0	0	1	1	0	107014	107013	0	0	0	0
80002	STR_QUEST_NAME_Q80002	7	STR_QUEST_ZONE02	1	4095	0	10	10	0	0	0	0	0	1	1	0	107015	107016	0	0	0	0
80003	STR_QUEST_NAME_Q80003	7	STR_QUEST_ZONE03	1	4095	0	21	21	0	0	0	0	0	1	1	0	107017	107018	0	0	0	0
80004	STR_QUEST_NAME_Q80004	7	STR_QUEST_ZONE04	1	4095	0	41	41	0	0	0	0	0	1	1	0	107019	107020	0	0	0	0
80005	STR_QUEST_NAME_Q80005	7	STR_QUEST_ZONE06	2	4095	0	10	10	0	0	0	0	0	1	1	0	107021	107016	0	0	0	0
80006	STR_QUEST_NAME_Q80006	7	STR_QUEST_ZONE07	2	4095	0	21	21	0	0	0	0	0	1	1	0	107022	107018	0	0	0	0
80007	STR_QUEST_NAME_Q80007	7	STR_QUEST_ZONE08	2	4095	0	41	41	0	0	0	0	0	1	1	0	107023	107020	0	0	0	0
80008	STR_QUEST_NAME_Q80008	7	STR_QUEST_ZONE19	1	4095	0	10	10	0	0	0	0	0	1	10	0	107024	107025	0	0	0	0
80009	STR_QUEST_NAME_Q80009	7	STR_QUEST_ZONE20	2	4095	0	10	10	0	0	0	0	0	1	10	0	107026	107025	0	0	0	0
80010	STR_QUEST_NAME_Q80010	7	STR_QUEST_ZONE19	1	4095	0	10	10	0	0	0	0	0	1	1	0	107027	107028	0	0	0	0
80011	STR_QUEST_NAME_Q80011	7	STR_QUEST_ZONE19	1	4095	0	10	10	107029	0	0	0	0	1	10	0	107027	107030	0	0	0	107031
80012	STR_QUEST_NAME_Q80012	7	STR_QUEST_ZONE19	1	4095	0	10	10	0	0	0	0	0	1	0	0	107027	107032	0	0	0	0
80013	STR_QUEST_NAME_Q80013	7	STR_QUEST_ZONE20	2	4095	0	10	10	0	0	0	0	0	1	1	0	107033	107028	0	0	0	0
80014	STR_QUEST_NAME_Q80014	7	STR_QUEST_ZONE20	2	4095	0	10	10	107034	0	0	0	0	1	10	0	107033	107030	0	0	0	107031
80015	STR_QUEST_NAME_Q80015	7	STR_QUEST_ZONE20	2	4095	0	10	10	0	0	0	0	0	1	0	0	107033	107032	0	0	0	0
80016	STR_QUEST_NAME_Q80016	7	STR_QUEST_ZONE19	1	4095	0	10	10	0	0	0	0	0	1	1	0	107035	107036	0	0	0	0
80017	STR_QUEST_NAME_Q80017	7	STR_QUEST_ZONE19	1	4095	0	10	10	107037	0	0	0	0	1	10	0	107035	107038	0	0	0	107039
80018	STR_QUEST_NAME_Q80018	7	STR_QUEST_ZONE20	2	4095	0	10	10	0	0	0	0	0	1	1	0	107040	107036	0	0	0	0
80019	STR_QUEST_NAME_Q80019	7	STR_QUEST_ZONE20	2	4095	0	10	10	107041	0	0	0	0	1	10	0	107040	107038	0	0	0	107039
80020	STR_QUEST_NAME_Q80020	7	STR_QUEST_ZONE19	1	4095	0	10	10	0	0	0	0	0	1	5	0	107042	107043	0	0	0	107044
80021	STR_QUEST_NAME_Q80021	7	STR_QUEST_ZONE20	2	4095	0	10	10	0	0	0	0	0	1	5	0	107045	107046	0	0	0	107044
80022	STR_QUEST_NAME_Q80022	7	STR_QUEST_ZONE19	1	4095	0	10	10	0	0	0	0	0	1	10	0	107047	107048	0	0	0	0
80023	STR_QUEST_NAME_Q80023	7	STR_QUEST_ZONE19	1	4095	0	10	10	0	0	0	0	0	1	10	0	107047	107049	0	0	0	0
80024	STR_QUEST_NAME_Q80024	7	STR_QUEST_ZONE19	1	4095	0	10	10	0	0	0	0	0	1	10	0	107047	107050	0	0	0	0
80025	STR_QUEST_NAME_Q80025	7	STR_QUEST_ZONE20	2	4095	0	10	10	0	0	0	0	0	1	10	0	107051	107048	0	0	0	0
80026	STR_QUEST_NAME_Q80026	7	STR_QUEST_ZONE20	2	4095	0	10	10	0	0	0	0	0	1	10	0	107051	107049	0	0	0	0
80027	STR_QUEST_NAME_Q80027	7	STR_QUEST_ZONE20	2	4095	0	10	10	0	0	0	0	0	1	10	0	107051	107050	0	0	0	0
80028	STR_QUEST_NAME_Q80028	7	STR_QUEST_ZONE19	1	4095	0	10	10	0	0	0	0	0	1	1	0	107052	107053	0	0	0	0
80029	STR_QUEST_NAME_Q80029	7	STR_QUEST_ZONE19	1	4095	0	15	15	0	0	0	0	0	1	1	0	107052	107054	0	0	0	0
80030	STR_QUEST_NAME_Q80030	7	STR_QUEST_ZONE19	1	4095	0	10	10	0	107055	0	0	0	1	1	0	107052	107056	0	0	0	0
80031	STR_QUEST_NAME_Q80031	7	STR_QUEST_ZONE20	2	4095	0	10	10	0	0	0	0	0	1	1	0	107057	107053	0	0	0	0
80032	STR_QUEST_NAME_Q80032	7	STR_QUEST_ZONE20	2	4095	0	15	15	0	0	0	0	0	1	1	0	107057	107054	0	0	0	0
80033	STR_QUEST_NAME_Q80033	7	STR_QUEST_ZONE20	2	4095	0	10	10	0	107055	0	0	0	1	1	0	107057	107056	0	0	0	0
80034	STR_QUEST_NAME_Q80034	7	STR_QUEST_ZONE19	1	4095	0	10	10	107058	0	0	0	0	1	0	0	107059	107060	0	0	0	0
80035	STR_QUEST_NAME_Q80035	7	STR_QUEST_ZONE19	1	4095	0	10	10	107058	0	0	0	0	1	0	0	107059	107061	0	0	0	0
80036	STR_QUEST_NAME_Q80036	7	STR_QUEST_ZONE19	1	4095	0	10	10	107058	0	0	0	0	1	0	0	107059	107062	0	0	0	0
80037	STR_QUEST_NAME_Q80037	7	STR_QUEST_ZONE20	2	4095	0	10	10	107063	0	0	0	0	1	0	0	107064	107060	0	0	0	0
80038	STR_QUEST_NAME_Q80038	7	STR_QUEST_ZONE20	2	4095	0	10	10	107063	0	0	0	0	1	0	0	107064	107061	0	0	0	0
80039	STR_QUEST_NAME_Q80039	7	STR_QUEST_ZONE20	2	4095	0	10	10	107063	0	0	0	0	1	0	0	107064	107062	0	0	0	0
80040	STR_QUEST_NAME_Q80040	7	STR_QUEST_ZONE19	1	4095	0	18	18	0	0	0	0	0	1	4	0	107065	107066	0	0	0	107067
80041	STR_QUEST_NAME_Q80041	7	STR_QUEST_ZONE20	2	4095	0	18	18	0	0	0	0	0	1	4	0	107068	107069	0	0	0	107067
80042	STR_QUEST_NAME_Q80042	7	STR_QUEST_ZONE19	1	4095	0	10	10	0	0	0	0	0	1	10	0	107070	107071	0	0	0	107072
80043	STR_QUEST_NAME_Q80043	7	STR_QUEST_ZONE19	1	4095	0	20	20	0	0	0	0	0	1	10	0	107070	107073	0	0	0	107074
80044	STR_QUEST_NAME_Q80044	7	STR_QUEST_ZONE19	1	4095	0	30	30	0	0	0	0	0	1	10	0	107070	107075	0	0	0	107076
80045	STR_QUEST_NAME_Q80045	7	STR_QUEST_ZONE19	1	4095	0	40	40	0	0	0	0	0	1	10	0	107070	107077	0	0	0	107078
80046	STR_QUEST_NAME_Q80046	7	STR_QUEST_ZONE20	2	4095	0	10	10	0	0	0	0	0	1	10	0	107079	107080	0	0	0	107072
80047	STR_QUEST_NAME_Q80047	7	STR_QUEST_ZONE20	2	4095	0	20	20	0	0	0	0	0	1	10	0	107079	107081	0	0	0	107074
80048	STR_QUEST_NAME_Q80048	7	STR_QUEST_ZONE20	2	4095	0	30	30	0	0	0	0	0	1	10	0	107079	107082	0	0	0	107076
80049	STR_QUEST_NAME_Q80049	7	STR_QUEST_ZONE20	2	4095	0	40	40	0	0	0	0	0	1	10	0	107079	107083	0	0	0	107078
80050	STR_QUEST_NAME_Q80050	7	STR_QUEST_ZONE19	1	4095	0	10	10	0	0	0	0	0	1	1	0	107084	107085	0	0	0	0
80051	STR_QUEST_NAME_Q80051	7	STR_QUEST_ZONE19	1	4095	0	10	10	107086	0	0	0	0	1	10	0	107084	107087	0	0	0	107088
80052	STR_QUEST_NAME_Q80052	7	STR_QUEST_ZONE20	2	4095	0	10	10	0	0	0	0	0	1	1	0	107089	107085	0	0	0	0
80053	STR_QUEST_NAME_Q80053	7	STR_QUEST_ZONE20	2	4095	0	10	10	107090	0	0	0	0	1	10	0	107089	107091	0	0	0	107088
80054	STR_QUEST_NAME_Q80054	7	STR_QUEST_ZONE19	1	4095	0	10	10	0	0	0	0	0	1	1	0	107092	107093	0	0	0	0
80055	STR_QUEST_NAME_Q80055	7	STR_QUEST_ZONE19	1	4095	0	10	10	107094	0	0	0	0	1	10	0	107092	107095	0	0	0	107096
80056	STR_QUEST_NAME_Q80056	7	STR_QUEST_ZONE20	2	4095	0	10	10	0	0	0	0	0	1	1	0	107097	107093	0	0	0	0
80057	STR_QUEST_NAME_Q80057	7	STR_QUEST_ZONE20	2	4095	0	10	10	107098	0	0	0	0	1	10	0	107097	107099	0	0	0	107096
80058	STR_QUEST_NAME_Q80058	7	STR_QUEST_ZONE19	1	4095	0	10	10	0	0	107100	107100	0	1	1	0	107101	107102	0	0	0	0
80059	STR_QUEST_NAME_Q80059	7	STR_QUEST_ZONE19	1	4095	0	10	10	107103	0	0	0	0	1	1	0	107101	107104	0	0	0	0
80060	STR_QUEST_NAME_Q80060	7	STR_QUEST_ZONE19	1	4095	0	10	10	107105	0	0	107106	0	1	1	0	107107	107108	0	0	0	0
80061	STR_QUEST_NAME_Q80061	7	STR_QUEST_ZONE19	1	4095	0	20	20	107105	0	0	107106	0	1	1	0	107107	107109	0	0	0	0
80062	STR_QUEST_NAME_Q80062	7	STR_QUEST_ZONE19	1	4095	0	30	30	107105	0	0	107106	0	1	1	0	107107	107110	0	0	0	0
80063	STR_QUEST_NAME_Q80063	7	STR_QUEST_ZONE19	1	4095	0	40	40	107105	0	0	107106	0	1	1	0	107107	107111	0	0	0	0
80064	STR_QUEST_NAME_Q80064	7	STR_QUEST_ZONE19	1	4095	0	10	10	0	0	107103	107103	0	1	1	0	107112	107113	0	0	0	0
80065	STR_QUEST_NAME_Q80065	7	STR_QUEST_ZONE19	1	4095	0	10	10	107100	0	0	0	0	1	1	0	107112	107104	0	0	0	0
80066	STR_QUEST_NAME_Q80066	7	STR_QUEST_ZONE20	2	4095	0	10	10	107114	0	0	107115	0	1	1	0	107116	107117	0	0	0	0
80067	STR_QUEST_NAME_Q80067	7	STR_QUEST_ZONE20	2	4095	0	20	20	107114	0	0	107115	0	1	1	0	107116	107118	0	0	0	0
80068	STR_QUEST_NAME_Q80068	7	STR_QUEST_ZONE20	2	4095	0	30	30	107114	0	0	107115	0	1	1	0	107116	107119	0	0	0	0
80069	STR_QUEST_NAME_Q80069	7	STR_QUEST_ZONE20	2	4095	0	40	40	107114	0	0	107115	0	1	1	0	107116	107120	0	0	0	0
80072	STR_QUEST_NAME_Q80072	7	STR_QUEST_ZONE19	1	4095	0	15	15	0	107121	0	0	0	1	1	0	107122	107123	0	0	0	0
80073	STR_QUEST_NAME_Q80073	7	STR_QUEST_ZONE19	1	4095	0	15	15	0	107124	0	0	0	1	1	0	107122	107125	0	0	0	0
80074	STR_QUEST_NAME_Q80074	7	STR_QUEST_ZONE20	2	4095	0	15	15	0	107121	0	0	0	1	1	0	107126	107123	0	0	0	0
80075	STR_QUEST_NAME_Q80075	7	STR_QUEST_ZONE20	2	4095	0	15	15	0	107124	0	0	0	1	1	0	107126	107125	0	0	0	0
80076	STR_QUEST_NAME_Q80076	7	STR_QUEST_ZONE19	1	4095	0	15	15	0	0	0	0	0	1	10	0	107127	107128	0	0	0	107129
80077	STR_QUEST_NAME_Q80077	7	STR_QUEST_ZONE20	2	4095	0	15	15	0	0	0	0	0	1	10	0	107130	107128	0	0	0	107129
80078	STR_QUEST_NAME_Q80078	7	STR_QUEST_ZONE19	1	4095	0	10	10	0	0	0	0	0	1	4	0	107127	107131	0	0	0	0
80079	STR_QUEST_NAME_Q80079	7	STR_QUEST_ZONE19	1	4095	0	20	20	0	0	0	0	0	1	4	0	107127	107132	0	0	0	0
80080	STR_QUEST_NAME_Q80080	7	STR_QUEST_ZONE19	1	4095	0	30	30	0	0	0	0	0	1	4	0	107127	107133	0	0	0	0
80081	STR_QUEST_NAME_Q80081	7	STR_QUEST_ZONE19	1	4095	0	40	40	0	0	0	0	0	1	4	0	107127	107134	0	0	0	0
80082	STR_QUEST_NAME_Q80082	7	STR_QUEST_ZONE20	2	4095	0	10	10	0	0	0	0	0	1	4	0	107130	107135	0	0	0	0
80083	STR_QUEST_NAME_Q80083	7	STR_QUEST_ZONE20	2	4095	0	20	20	0	0	0	0	0	1	4	0	107130	107136	0	0	0	0
80084	STR_QUEST_NAME_Q80084	7	STR_QUEST_ZONE20	2	4095	0	30	30	0	0	0	0	0	1	4	0	107130	107137	0	0	0	0
80085	STR_QUEST_NAME_Q80085	7	STR_QUEST_ZONE20	2	4095	0	40	40	0	0	0	0	0	1	4	0	107130	107138	0	0	0	0
80086	STR_QUEST_NAME_Q80086	7	STR_QUEST_ZONE19	1	4095	0	10	10	0	0	0	0	0	1	1	0	107139	107140	0	0	0	0
80087	STR_QUEST_NAME_Q80087	7	STR_QUEST_ZONE19	1	4095	0	20	20	0	0	0	0	0	1	1	0	107139	107141	0	0	0	0
80088	STR_QUEST_NAME_Q80088	7	STR_QUEST_ZONE19	1	4095	0	30	30	0	0	0	0	0	1	1	0	107139	107142	0	0	0	0
80089	STR_QUEST_NAME_Q80089	7	STR_QUEST_ZONE19	1	4095	0	40	40	0	0	0	0	0	1	1	0	107139	107143	0	0	0	0
80090	STR_QUEST_NAME_Q80090	7	STR_QUEST_ZONE19	1	4095	0	10	10	107144	0	0	0	0	1	1	0	107139	107145	0	0	0	0
80091	STR_QUEST_NAME_Q80091	7	STR_QUEST_ZONE19	1	4095	0	20	20	107146	0	0	0	0	1	1	0	107139	107147	0	0	0	0
80092	STR_QUEST_NAME_Q80092	7	STR_QUEST_ZONE19	1	4095	0	30	30	107148	0	0	0	0	1	1	0	107139	107149	0	0	0	0
80093	STR_QUEST_NAME_Q80093	7	STR_QUEST_ZONE19	1	4095	0	40	40	107150	0	0	0	0	1	1	0	107139	107151	0	0	0	0
80094	STR_QUEST_NAME_Q80094	7	STR_QUEST_ZONE19	1	4095	0	10	10	107152	0	0	0	0	1	10	0	107139	107153	0	0	0	107154
80095	STR_QUEST_NAME_Q80095	7	STR_QUEST_ZONE19	1	4095	0	20	20	107155	0	0	0	0	1	10	0	107139	107156	0	0	0	107154
80096	STR_QUEST_NAME_Q80096	7	STR_QUEST_ZONE19	1	4095	0	30	30	107157	0	0	0	0	1	10	0	107139	107158	0	0	0	107154
80097	STR_QUEST_NAME_Q80097	7	STR_QUEST_ZONE19	1	4095	0	40	40	107159	0	0	0	0	1	10	0	107139	107160	0	0	0	107154
80098	STR_QUEST_NAME_Q80098	7	STR_QUEST_ZONE20	2	4095	0	10	10	0	0	0	0	0	1	1	0	107161	107162	0	0	0	0
80099	STR_QUEST_NAME_Q80099	7	STR_QUEST_ZONE20	2	4095	0	20	20	0	0	0	0	0	1	1	0	107161	107163	0	0	0	0
80100	STR_QUEST_NAME_Q80100	7	STR_QUEST_ZONE20	2	4095	0	30	30	0	0	0	0	0	1	1	0	107161	107164	0	0	0	0
80101	STR_QUEST_NAME_Q80101	7	STR_QUEST_ZONE20	2	4095	0	40	40	0	0	0	0	1	1	1	0	107161	107165	0	0	0	0
80102	STR_QUEST_NAME_Q80102	7	STR_QUEST_ZONE20	2	4095	0	10	10	107166	0	0	0	1	1	1	0	107161	107167	0	0	0	0
80103	STR_QUEST_NAME_Q80103	7	STR_QUEST_ZONE20	2	4095	0	20	20	107168	0	0	0	1	1	1	0	107161	107169	0	0	0	0
80104	STR_QUEST_NAME_Q80104	7	STR_QUEST_ZONE20	2	4095	0	30	30	107170	0	0	0	1	1	1	0	107161	107171	0	0	0	0
80105	STR_QUEST_NAME_Q80105	7	STR_QUEST_ZONE20	2	4095	0	40	40	107172	0	0	0	1	1	1	0	107161	107173	0	0	0	0
80106	STR_QUEST_NAME_Q80106	7	STR_QUEST_ZONE20	2	4095	0	10	10	107174	0	0	0	1	1	10	0	107161	107175	0	0	0	107154
80107	STR_QUEST_NAME_Q80107	7	STR_QUEST_ZONE20	2	4095	0	20	20	107176	0	0	0	1	1	10	0	107161	107177	0	0	0	107154
80108	STR_QUEST_NAME_Q80108	7	STR_QUEST_ZONE20	2	4095	0	30	30	107178	0	0	0	1	1	10	0	107161	107179	0	0	0	107154
80109	STR_QUEST_NAME_Q80109	7	STR_QUEST_ZONE20	2	4095	0	40	40	107180	0	0	0	1	1	10	0	107161	107181	0	0	0	107154
80110	STR_QUEST_NAME_Q80110	7	STR_QUEST_ZONE19	1	4095	0	10	10	0	0	0	0	1	1	10	0	107139	107182	0	0	0	0
80111	STR_QUEST_NAME_Q80111	7	STR_QUEST_ZONE20	2	4095	0	10	10	0	0	0	0	1	1	10	0	107161	107182	0	0	0	0
80112	STR_QUEST_NAME_Q80112	7	STR_QUEST_ZONE19	1	4095	0	15	15	0	0	0	0	1	1	4	0	107183	107184	0	0	0	107185
80113	STR_QUEST_NAME_Q80113	7	STR_QUEST_ZONE19	1	4095	0	25	25	0	0	0	0	1	1	4	0	107183	107186	0	0	0	107185
80114	STR_QUEST_NAME_Q80114	7	STR_QUEST_ZONE19	1	4095	0	35	35	0	0	0	0	1	1	4	0	107183	107187	0	0	0	107185
80115	STR_QUEST_NAME_Q80115	7	STR_QUEST_ZONE19	1	4095	0	45	45	0	0	0	0	1	1	4	0	107183	107188	0	0	0	107185
80116	STR_QUEST_NAME_Q80116	7	STR_QUEST_ZONE19	1	4095	0	15	15	0	0	0	0	1	1	4	0	107183	107189	0	0	0	107190
80117	STR_QUEST_NAME_Q80117	7	STR_QUEST_ZONE19	1	4095	0	25	25	0	0	0	0	1	1	4	0	107183	107191	0	0	0	107190
80118	STR_QUEST_NAME_Q80118	7	STR_QUEST_ZONE19	1	4095	0	35	35	0	0	0	0	1	1	4	0	107183	107192	0	0	0	107190
80119	STR_QUEST_NAME_Q80119	7	STR_QUEST_ZONE19	1	4095	0	45	45	0	0	0	0	1	1	4	0	107183	107193	0	0	0	107190
80120	STR_QUEST_NAME_Q80120	7	STR_QUEST_ZONE20	2	4095	0	15	15	0	0	0	0	1	1	4	0	107194	107195	0	0	0	107185
80121	STR_QUEST_NAME_Q80121	7	STR_QUEST_ZONE20	2	4095	0	25	25	0	0	0	0	1	1	4	0	107194	107196	0	0	0	107185
80122	STR_QUEST_NAME_Q80122	7	STR_QUEST_ZONE20	2	4095	0	35	35	0	0	0	0	1	1	4	0	107194	107197	0	0	0	107185
80123	STR_QUEST_NAME_Q80123	7	STR_QUEST_ZONE20	2	4095	0	45	45	0	0	0	0	1	1	4	0	107194	107198	0	0	0	107185
80124	STR_QUEST_NAME_Q80124	7	STR_QUEST_ZONE20	2	4095	0	15	15	0	0	0	0	1	1	4	0	107194	107199	0	0	0	107200
80125	STR_QUEST_NAME_Q80125	7	STR_QUEST_ZONE20	2	4095	0	25	25	0	0	0	0	1	1	4	0	107194	107201	0	0	0	107200
80126	STR_QUEST_NAME_Q80126	7	STR_QUEST_ZONE20	2	4095	0	35	35	0	0	0	0	1	1	4	0	107194	107202	0	0	0	107200
80127	STR_QUEST_NAME_Q80127	7	STR_QUEST_ZONE20	2	4095	0	45	45	0	0	0	0	1	1	4	0	107194	107203	0	0	0	107200
80128	STR_QUEST_NAME_Q80128	7	STR_QUEST_ZONE19	1	4095	0	15	15	0	0	0	0	1	1	10	0	107183	107204	0	0	0	107205
80129	STR_QUEST_NAME_Q80129	7	STR_QUEST_ZONE20	2	4095	0	15	15	0	0	0	0	1	1	10	0	107194	107206	0	0	0	107205
80130	STR_QUEST_NAME_Q80130	7	STR_QUEST_ZONE20	2	4095	0	10	10	0	0	107207	107207	1	1	1	0	107208	107209	0	0	0	0
80131	STR_QUEST_NAME_Q80131	7	STR_QUEST_ZONE20	2	4095	0	10	10	107210	0	0	0	1	1	1	0	107208	107104	0	0	0	0
80132	STR_QUEST_NAME_Q80132	7	STR_QUEST_ZONE20	2	4095	0	10	10	0	0	107210	107210	1	1	1	0	107211	107212	0	0	0	0
80133	STR_QUEST_NAME_Q80133	7	STR_QUEST_ZONE20	2	4095	0	10	10	107207	0	0	0	1	1	1	0	107211	107104	0	0	0	0
80134	STR_QUEST_NAME_Q80134	7	STR_QUEST_ZONE02	1	4095	0	10	10	0	0	0	0	1	1	0	1	107213	107214	0	0	0	0
80135	STR_QUEST_NAME_Q80135	7	STR_QUEST_ZONE02	1	4095	0	10	10	107215	0	0	0	1	1	0	1	107216	107217	0	0	0	0
80136	STR_QUEST_NAME_Q80136	7	STR_QUEST_ZONE03	1	4095	0	20	20	0	0	0	0	1	1	0	1	107213	107218	0	0	0	0
80137	STR_QUEST_NAME_Q80137	7	STR_QUEST_ZONE03	1	4095	0	20	20	107219	0	0	0	1	1	0	1	107220	107221	0	0	0	0
80138	STR_QUEST_NAME_Q80138	7	STR_QUEST_ZONE04	1	4095	0	30	30	0	0	0	0	1	1	0	1	107213	107222	0	0	0	0
80139	STR_QUEST_NAME_Q80139	7	STR_QUEST_ZONE04	1	4095	0	30	30	107223	0	0	0	1	1	0	1	107224	107225	0	0	0	0
80140	STR_QUEST_NAME_Q80140	7	STR_QUEST_ZONE25	1	4095	0	40	40	0	0	0	0	1	1	0	1	107213	107226	0	0	0	0
80141	STR_QUEST_NAME_Q80141	7	STR_QUEST_ZONE25	1	4095	0	40	40	107227	0	0	0	1	1	0	1	107228	107229	0	0	0	0
80142	STR_QUEST_NAME_Q80142	7	STR_QUEST_ZONE06	2	4095	0	10	10	0	0	0	0	1	1	0	1	107230	107231	0	0	0	0
80143	STR_QUEST_NAME_Q80143	7	STR_QUEST_ZONE06	2	4095	0	10	10	107232	0	0	0	1	1	0	1	107233	107234	0	0	0	0
80144	STR_QUEST_NAME_Q80144	7	STR_QUEST_ZONE07	2	4095	0	20	20	0	0	0	0	1	1	0	1	107230	107235	0	0	0	0
80145	STR_QUEST_NAME_Q80145	7	STR_QUEST_ZONE07	2	4095	0	20	20	107236	0	0	0	1	1	0	1	107237	107238	0	0	0	0
80146	STR_QUEST_NAME_Q80146	7	STR_QUEST_ZONE08	2	4095	0	30	30	0	0	0	0	1	1	0	1	107230	107239	0	0	0	0
80147	STR_QUEST_NAME_Q80147	7	STR_QUEST_ZONE08	2	4095	0	30	30	107240	0	0	0	1	1	0	1	107241	107242	0	0	0	0
80148	STR_QUEST_NAME_Q80148	7	STR_QUEST_ZONE26	2	4095	0	40	40	0	0	0	0	1	1	0	1	107230	107243	0	0	0	0
80149	STR_QUEST_NAME_Q80149	7	STR_QUEST_ZONE26	2	4095	0	40	40	107244	0	0	0	1	1	0	1	107245	107246	0	0	0	0
80150	STR_QUEST_NAME_Q80150	7	STR_QUEST_ZONE34	1	4095	0	50	50	0	0	0	0	1	1	0	1	107247	107248	0	0	0	0
80151	STR_QUEST_NAME_Q80151	7	STR_QUEST_ZONE34	1	4095	0	50	50	0	0	0	0	1	1	0	1	107247	107249	0	0	0	0
80152	STR_QUEST_NAME_Q80152	7	STR_QUEST_ZONE34	1	4095	0	50	50	0	0	0	0	1	1	0	1	107247	107250	0	0	0	0
80153	STR_QUEST_NAME_Q80153	7	STR_QUEST_ZONE34	1	4095	0	50	50	0	0	0	0	1	1	0	1	107247	107251	0	0	0	0
80154	STR_QUEST_NAME_Q80154	7	STR_QUEST_ZONE34	2	4095	0	50	50	0	0	0	0	1	1	0	1	107252	107253	0	0	0	0
80155	STR_QUEST_NAME_Q80155	7	STR_QUEST_ZONE34	2	4095	0	50	50	0	0	0	0	1	1	0	1	107252	107254	0	0	0	0
80156	STR_QUEST_NAME_Q80156	7	STR_QUEST_ZONE34	2	4095	0	50	50	0	0	0	0	1	1	0	1	107252	107255	0	0	0	0
80157	STR_QUEST_NAME_Q80157	7	STR_QUEST_ZONE34	2	4095	0	50	50	0	0	0	0	1	1	0	1	107252	107256	0	0	0	0
80158	STR_QUEST_NAME_Q80158	7	STR_QUEST_ZONE01	1	4095	0	1	1	0	0	0	0	1	1	1	0	107257	107258	0	0	0	0
80159	STR_QUEST_NAME_Q80159	7	STR_QUEST_ZONE19	1	4095	0	11	11	0	0	0	0	1	1	1	0	107259	107260	0	0	0	0
80160	STR_QUEST_NAME_Q80160	7	STR_QUEST_ZONE05	2	4095	0	1	1	0	0	0	0	1	1	1	0	107261	107258	0	0	0	0
80161	STR_QUEST_NAME_Q80161	7	STR_QUEST_ZONE20	2	4095	0	11	11	0	0	0	0	1	1	1	0	107262	107260	0	0	0	0

 