5	6253	
note2	id	trace	additive	lambda
string	int	string	string	string
107263	1000	0	0	0
107264	1001	0	0	107265
107266	1001	0	0	107267
107268	1001	0	0	107269
107270	1001	0	107271	107272
107273	1001	0	0	107274
107275	1002	0	0	107276
107277	1002	0	0	107278
107279	1002	0	107280	107281
107282	1002	0	0	107283
107284	1002	0	107285	107286
107287	1002	0	0	107288
107289	1002	0	0	107290
107291	1002	0	107292	107293
107294	1002	0	0	107295
107296	1002	0	0	107297
107298	1003	0	0	107299
107300	1003	0	0	107301
107302	1003	0	0	107303
107304	1003	0	0	107305
107302	1003	0	0	107306
107307	1004	0	0	107308
107309	1004	0	0	107310
107311	1004	0	107312	107313
107314	1004	0	107315	107316
107317	1004	0	107318	107310
107319	1004	0	0	107320
107321	1004	0	0	107274
107322	1005	0	0	107323
107324	1005	0	0	107303
107325	1005	0	0	107326
107327	1005	0	0	107328
107329	1005	0	0	107330
107331	1005	0	0	107332
107333	1005	0	0	107334
107335	1005	0	0	107336
107337	1005	0	0	107338
107339	1005	0	0	107340
107341	1006	0	0	107342
107343	1006	0	107344	107345
107346	1006	0	107347	107348
107341	1006	0	107349	107350
107351	1006	0	107352	107353
107354	1006	0	107355	107356
107357	1006	0	107358	107359
107360	1006	0	107361	107362
107363	1006	0	107364	107365
107366	1007	0	107367	107368
107369	1007	0	0	107370
107371	1007	0	0	107372
107373	1007	0	107374	107375
107376	1007	0	107377	107378
107379	1007	0	107380	107381
107382	1007	0	107383	107384
107385	1011	0	0	107386
107387	1011	0	0	107388
107389	1011	0	0	107390
107385	1011	0	0	107391
107392	1012	0	0	107393
107394	1012	0	0	107395
107396	1012	0	0	107397
107398	1012	0	107399	107400
107401	1013	0	0	107402
107403	1013	0	0	107404
107401	1013	0	0	107405
107406	1013	0	0	107407
107401	1013	0	0	107408
107409	1014	0	0	107410
107411	1014	0	0	107412
107409	1014	0	0	107413
107414	1014	0	107415	107416
107409	1014	0	0	107417
107418	1014	0	0	107419
107409	1015	0	0	107420
107421	1015	0	0	107422
107409	1015	0	0	107423
107424	1015	0	0	107425
107409	1015	0	0	107417
107426	1016	0	0	107427
107428	1016	0	0	107429
107430	1016	0	107431	107432
107433	1016	0	0	107434
107435	1016	0	107431	107436
107437	1016	0	107438	107439
107440	1016	0	107441	107384
107426	1016	0	0	107442
107443	1016	0	107444	107445
107446	1016	0	107447	107448
107449	1016	0	0	107450
107451	1017	0	0	107452
107453	1017	0	107454	107455
107456	1018	0	107457	107458
107459	1019	0	0	107460
107461	1019	0	107462	107463
107464	1019	0	0	107465
107466	1019	0	0	107467
107468	1019	0	0	107469
107470	1019	0	0	107471
107472	1019	0	107473	107474
107475	1019	0	107473	107476
107477	1019	0	0	107478
107479	1019	0	107480	107419
107481	1019	0	107482	107483
107484	1020	0	0	107485
107486	1020	0	0	107487
107488	1020	0	107489	107490
107491	1020	0	0	107465
107492	1021	0	0	107410
107493	1021	0	0	107494
107492	1021	0	0	107423
107495	1022	0	0	107452
107496	1022	0	0	107497
107495	1022	0	0	107498
107449	1023	0	0	107499
107500	1023	0	0	107501
107502	1023	0	107503	107504
107505	1023	0	0	107506
107507	1023	0	107508	107509
107510	1023	0	0	107511
107512	1031	0	0	107513
107514	1031	0	0	107515
107516	1031	0	0	107517
107518	1031	0	0	107519
107520	1031	0	0	107521
107522	1031	0	0	107523
107524	1031	0	107503	107525
107526	1031	0	0	107527
107516	1031	0	0	107528
107529	1032	0	0	107530
107531	1032	0	0	107532
107533	1032	0	0	107534
107535	1032	0	107536	107537
107538	1032	0	0	107539
107531	1032	0	0	107540
107529	1032	0	0	107541
107542	1033	0	0	107543
107544	1033	0	0	107545
107546	1033	0	107547	107548
107549	1033	0	0	107550
107551	1033	0	0	107552
107553	1034	0	0	107554
107555	1034	0	0	107556
107557	1034	0	0	107558
107559	1034	0	0	107560
107561	1034	0	107562	107563
107553	1034	0	0	107564
107565	1035	0	0	107566
107567	1035	0	0	107568
107569	1035	0	107570	107571
107567	1035	0	0	107572
107573	1035	0	0	107574
107575	1035	0	0	107576
107577	1035	0	0	107578
107579	1035	0	107580	107581
107577	1035	0	0	107582
107583	1035	0	0	107584
107585	1035	0	107586	107587
107583	1035	0	0	107588
107565	1035	0	0	107589
107590	1036	0	0	107591
107592	1036	0	0	107593
107594	1036	0	0	107595
107596	1036	0	107597	107598
107599	1036	0	0	107600
107601	1036	0	107602	107603
107604	1036	0	107605	107606
107607	1037	0	0	107608
107609	1037	0	0	107610
107611	1037	0	107612	107613
107614	1037	0	107615	107616
107617	1037	0	107615	107618
107619	1037	0	107615	107620
107621	1037	0	107615	107622
107623	1037	0	107615	107624
107625	1037	0	0	107574
107626	1038	0	0	107627
107628	1038	0	0	107629
107630	1038	0	0	107631
107632	1038	0	107633	107634
107635	1038	0	107636	107637
107638	1038	0	0	107639
107640	1038	0	107503	107641
107642	1038	0	0	107643
107644	1039	0	0	107645
107646	1039	0	107647	107648
107649	1039	0	0	107650
107651	1039	0	0	107652
107649	1039	0	0	107653
107654	1040	0	0	107655
107656	1040	0	0	107657
107654	1040	0	0	107658
107659	1040	0	0	107660
107601	1040	0	0	107661
107662	1040	0	107663	107664
107665	1040	0	107663	107666
107667	1040	0	107663	107668
107601	1040	0	0	107669
107670	1040	0	0	107671
107672	1041	0	0	107673
107674	1041	0	0	107675
107676	1041	0	107677	107678
107659	1041	0	0	107679
107680	1041	0	0	107681
107682	1041	0	0	107683
107659	1041	0	0	107684
107685	1041	0	0	107686
107687	1041	0	107688	107689
107685	1041	0	0	107690
107659	1041	0	0	107691
107654	1042	0	0	107692
107693	1042	0	107694	107695
107696	1042	0	107697	107698
107604	1043	0	0	107673
107601	1043	0	107699	107700
107701	1043	0	107702	107703
107704	1043	0	107705	107706
107707	1043	0	107708	107709
107659	1043	0	0	107710
107604	1044	0	0	107673
107711	1044	0	0	107712
107713	1044	0	107503	107706
107711	1044	0	0	107714
107659	1044	0	0	107715
107716	1051	0	0	107717
107718	1051	0	0	107719
107720	1051	0	0	107721
107722	1051	0	107723	107724
107716	1051	0	0	107725
107726	1051	0	0	107727
107728	1051	0	0	107729
107730	1051	0	107731	107732
107733	1051	0	0	107734
107735	1052	0	0	107736
107737	1052	0	107738	107739
107740	1052	0	0	107741
107742	1052	0	0	107743
107744	1053	0	0	107745
107746	1053	0	107747	107748
107749	1053	0	107750	107751
107752	1053	0	0	107753
107742	1054	0	0	107754
107755	1054	0	0	107756
107757	1054	0	0	107758
107759	1054	0	107760	107761
107762	1054	0	107763	107764
107765	1054	0	107766	107767
107768	1055	0	0	107769
107770	1055	0	0	107771
107772	1055	0	107773	107774
107775	1055	0	107776	107777
107778	1055	0	0	107779
107780	1055	0	0	107781
107782	1056	0	0	107783
107784	1056	0	0	107785
107786	1056	0	107787	107788
107789	1056	0	0	107790
107791	1056	0	0	107792
107793	1056	0	0	107794
107752	1057	0	0	107795
107796	1057	0	0	107797
107798	1057	0	0	107799
107800	1057	0	107801	107802
107803	1057	0	0	107804
107805	1057	0	0	107806
107807	1057	0	0	107808
107809	1057	0	0	107810
107811	1057	0	0	107812
107601	1058	0	0	107813
107716	1058	0	0	107814
107815	1058	0	107816	107817
107818	1059	0	0	107819
107820	1059	0	0	107821
107822	1059	0	0	107823
107820	1059	0	0	107824
107825	1059	0	0	107826
107827	1059	0	107828	107829
107830	1059	0	0	107831
107832	1062	0	0	107833
107834	1062	0	0	107835
107836	1062	0	0	107837
107838	1062	0	0	107839
107840	1062	0	0	107841
107842	1062	0	0	107812
107832	1063	0	0	107843
107844	1063	0	0	107845
107846	1063	0	0	107847
107848	1063	0	0	107849
107850	1071	0	0	107851
107852	1071	0	0	107853
107854	1071	0	0	107855
107856	1071	0	0	107857
107852	1071	0	107858	107859
107860	1071	0	107861	107862
107852	1071	0	0	107863
107850	1071	0	0	107864
107865	1072	0	0	107866
107867	1072	0	0	107868
107869	1072	0	0	107870
107871	1072	0	0	107872
107873	1072	0	0	107874
107875	1072	0	0	107876
107877	1072	0	0	107878
107879	1072	0	0	107880
107881	1073	0	0	107882
107883	1073	0	0	107884
107885	1073	0	0	107886
107887	1073	0	0	107888
107889	1073	0	0	107890
107891	1073	0	0	107892
107893	1074	0	0	107894
107895	1074	0	0	107313
107896	1074	0	0	107897
107898	1074	0	0	107899
107900	1074	0	0	107901
107902	1075	0	0	107903
107904	1075	0	0	107905
107906	1075	0	0	107907
107908	1075	0	0	107909
107910	1075	0	0	107911
107912	1075	0	0	107913
107914	1076	0	0	107915
107916	1076	0	0	107917
107918	1076	0	107919	107920
107916	1076	0	107921	107922
107923	1076	0	0	107924
107925	1076	0	0	107926
107927	1076	0	0	107928
107929	1076	0	0	107930
107931	1077	0	0	107932
107933	1077	0	0	107934
107935	1077	0	0	107936
107937	1077	0	0	107938
107939	1077	0	107940	107941
107942	1077	0	107943	107944
107945	1077	0	0	107946
107947	1077	0	0	107948
107949	1091	0	0	107950
107951	1092	0	0	107952
107953	1092	0	0	107954
107955	1092	0	107956	107957
107951	1092	0	0	107958
107959	1092	0	107960	107961
107962	1092	0	0	107963
107951	1093	0	0	107952
107964	1093	0	0	107965
107966	1093	0	0	107967
107968	1093	0	107969	107970
107971	1093	0	107972	107973
107974	1093	0	107975	107976
107977	1093	0	107978	107979
107980	1093	0	107981	107982
107983	1093	0	0	107984
107985	1093	0	0	107950
107986	1094	0	0	107987
107988	1094	0	0	107989
107990	1094	0	107991	107992
107993	1094	0	107994	107995
107996	1094	0	107997	107998
107999	1096	0	0	108000
108001	1096	0	0	108002
107895	1096	0	0	107326
108003	1097	0	0	107342
108004	1097	0	0	108005
108006	1097	0	108007	108008
107895	1097	0	0	108009
108003	1098	0	0	107342
108010	1098	0	108011	108012
108013	1098	0	108011	107534
108014	1098	0	108011	108015
108016	1098	0	108011	108017
108018	1098	0	108011	108019
108020	1098	0	108011	108021
108022	1098	0	108011	108023
108024	1098	0	108011	108025
108026	1098	0	108011	108027
108028	1098	0	108011	108029
108030	1098	0	108011	108031
108032	1098	0	108011	108033
108034	1098	0	108011	108035
108036	1098	0	108011	108037
108038	1098	0	108039	108009
108003	1099	0	0	108040
108041	1099	0	108042	108043
108044	1099	0	108045	108046
108047	1099	0	108048	108049
108050	1099	0	108051	108052
108053	1099	0	108054	108055
107848	1099	0	0	108056
108057	1100	0	0	107323
108058	1101	0	0	108059
108060	1102	0	0	108061
108062	1102	0	0	108063
108064	1103	0	108065	108066
108067	1104	0	0	108068
108069	1105	0	108070	108071
108072	1106	0	108073	108074
108075	1107	0	0	108076
108077	1108	0	108078	108079
108080	1109	0	108081	108082
108083	1110	0	108084	108076
108085	1111	0	108086	108087
108088	1111	0	0	108089
108090	1112	0	0	108091
108092	1112	0	0	108093
108094	1113	0	0	108095
108096	1113	0	0	108097
108098	1114	0	0	108099
108100	1114	0	0	108101
108102	1114	0	0	108103
108104	1114	0	108105	108106
108107	1114	0	107374	108108
108109	1114	0	107377	108076
108110	1115	0	0	108093
108111	1115	0	0	108112
108113	1116	0	108114	108115
108116	1117	0	108117	108118
108119	1118	0	108120	108121
108122	1119	0	108123	108124
108125	1120	0	0	108126
108127	1120	0	0	108128
108129	1121	0	108130	108131
108132	1122	0	108133	108134
108135	1122	0	0	108136
108137	1123	0	0	108138
108139	1123	0	0	107313
108140	1124	0	108141	108142
108143	1125	0	108144	108145
108146	1126	0	108147	108148
108149	1127	0	108150	108151
108152	1127	0	0	108153
108154	1129	0	108155	108156
108157	1130	0	0	107499
108158	1131	0	108159	108160
108161	1131	0	108162	108163
108164	1132	0	108165	108166
108167	1133	0	0	108168
108169	1133	0	0	108170
108171	1134	0	0	108172
108173	1134	0	0	108174
108175	1135	0	0	108176
108177	1135	0	0	108178
108179	1136	0	108180	108181
108182	1137	0	108183	108184
108185	1138	0	0	108186
108187	1139	0	0	108188
108189	1139	0	0	108190
108191	1140	0	0	108192
108193	1141	0	0	108194
108195	1142	0	108196	108197
108198	1143	0	0	108199
108200	1143	0	0	108201
108202	1144	0	108203	108204
108205	1145	0	0	108206
108207	1146	0	108208	108209
108210	1147	0	108211	108212
108213	1148	0	108214	108215
108216	1149	0	0	108217
108218	1149	0	0	108219
108220	1149	0	0	108221
108222	1150	0	108223	108224
108225	1151	0	108226	108227
108228	1152	0	108229	108230
108231	1152	0	108229	108232
108233	1153	0	108234	108235
108236	1154	0	108237	108238
108239	1155	0	108240	108241
108242	1156	0	0	108243
108244	1156	0	0	108245
108246	1157	0	0	108247
108248	1157	0	0	108245
108249	1158	0	0	108243
108250	1158	0	108251	108252
108253	1159	0	108254	108255
108256	1160	0	108257	108258
108259	1161	0	0	108260
108261	1162	0	108262	108263
108264	1162	0	0	108265
108266	1162	0	107374	108267
108268	1162	0	107377	108269
108270	1162	0	108271	108272
108273	1163	0	108274	108275
108276	1163	0	108274	108277
108278	1164	0	108279	108280
108281	1165	0	108282	108283
108284	1166	0	108285	108286
108287	1167	0	108288	108289
108290	1168	0	108291	108292
108293	1169	0	0	108294
108295	1169	0	0	107405
108296	1170	0	0	108297
108298	1170	0	108299	108300
108301	1171	0	108302	108277
108303	1172	0	108304	108305
108306	1173	0	0	108307
108308	1173	0	0	108309
108310	1174	0	108311	108312
108313	1175	0	0	108314
108315	1175	0	0	108316
108317	1176	0	108318	108319
108320	1177	0	108321	108322
108323	1178	0	108324	108325
108326	1179	0	0	108327
108328	1179	0	0	108329
108330	1180	0	108331	108332
108333	1181	0	0	108334
108335	1181	0	0	108336
108337	1182	0	0	108338
108339	1183	0	0	108340
108341	1183	0	108342	108343
108344	1183	0	108345	108346
108347	1184	0	108348	108349
108350	1185	0	0	108351
108352	1185	0	0	107498
108353	1186	0	108354	108355
108259	1187	0	0	108356
108357	1188	0	0	108358
108359	1189	0	108360	108361
108362	1190	0	108363	108364
108365	1191	0	108366	108017
108367	1192	0	108368	108369
108370	1192	0	0	108371
108372	1192	0	0	107511
108373	1193	0	108374	108375
108376	1194	0	0	108377
108378	1194	0	0	108379
108380	1194	0	0	107465
108381	1195	0	0	108382
108383	1195	0	0	107465
108384	1196	0	0	108385
108386	1196	0	0	108387
108388	1197	0	108389	108390
108391	1198	0	108392	107511
108393	1199	0	108394	108395
108396	1200	0	0	108397
108398	1200	0	0	108399
108400	1201	0	0	108176
108401	1201	0	0	108178
108402	1202	0	0	108334
108403	1202	0	0	108336
108404	1203	0	108405	108406
108407	1204	0	108408	108409
108410	1205	0	107374	108411
108412	1205	0	107377	108413
108414	1205	0	107380	108415
108416	1205	0	107383	108417
108418	1206	0	0	108419
108420	1207	0	0	108421
108422	1208	0	0	108423
108424	1210	0	0	108425
108426	1213	0	0	108427
108428	1214	0	0	108429
108430	1215	0	0	108431
108432	1216	0	0	108433
108434	1216	0	0	108435
108436	1217	0	0	108437
108438	1217	0	0	108439
108440	1218	0	0	108441
108442	1218	0	108443	108444
108445	1219	0	108446	108447
108448	1220	0	108449	108441
108450	1220	0	108451	108452
108453	1221	0	0	108454
108455	1221	0	0	108456
108457	1222	0	0	108458
108457	1223	0	0	108459
108460	1224	0	0	108461
108462	1225	0	0	108463
108464	1300	0	0	107673
108465	1301	0	0	108466
108467	1302	0	0	108468
108469	1303	0	108470	108471
108472	1304	0	0	108473
108474	1304	0	0	108475
108476	1305	0	0	108477
108478	1305	0	0	108479
108480	1306	0	0	108481
108478	1306	0	0	108479
108482	1307	0	108483	108484
108485	1308	0	0	108486
108487	1308	0	0	108488
107529	1309	0	0	108489
108490	1309	0	0	108491
108492	1310	0	0	108493
108494	1311	0	108495	108496
108497	1311	0	0	108493
108498	1312	0	108499	108468
108500	1313	0	0	108501
108502	1313	0	0	108503
108504	1314	0	0	108505
108506	1314	0	0	108507
108508	1315	0	0	108509
108510	1315	0	0	108505
108511	1316	0	0	108512
108510	1316	0	0	108505
108513	1317	0	108514	108515
108516	1318	0	108517	108518
108519	1319	0	108520	108521
108522	1319	0	108520	108523
108524	1319	0	108520	108525
108526	1319	0	108520	108527
108528	1319	0	108520	108529
108530	1319	0	108520	108531
108532	1319	0	108520	108533
108534	1319	0	108520	108535
108536	1319	0	108520	108537
108538	1320	0	0	108539
107533	1320	0	0	108540
108541	1321	0	0	108542
107533	1321	0	0	108540
108543	1322	0	108544	108012
108545	1322	0	108546	108547
108548	1323	0	108549	108540
108550	1323	0	108549	108551
108552	1324	0	108553	108554
108555	1324	0	108553	108556
108557	1325	0	108558	108559
108560	1326	0	0	108561
108562	1326	0	0	108563
108564	1327	0	0	108565
108566	1327	0	0	108567
108568	1328	0	0	108569
108566	1328	0	0	108567
108570	1329	0	108571	108572
108573	1330	0	0	108574
108575	1330	0	0	108576
108577	1333	0	108578	108579
108580	1334	0	108581	108582
108583	1335	0	0	108584
108585	1336	0	0	108586
108587	1336	0	0	108588
108589	1337	0	108590	108591
108592	1338	0	0	108593
108594	1339	0	0	108595
108596	1339	0	0	108597
108598	1340	0	0	108599
108596	1340	0	0	108597
108600	1341	0	108601	108602
108603	1342	0	108604	108605
108606	1343	0	0	108607
108608	1343	0	0	108609
108610	1344	0	108611	108612
108613	1345	0	108614	108615
108616	1345	0	108614	108617
108618	1345	0	0	108619
108620	1346	0	0	108621
107573	1346	0	0	108622
108623	1347	0	0	108624
108625	1347	0	0	108626
108627	1348	0	0	108628
108625	1348	0	0	108626
108629	1349	0	0	108630
108625	1349	0	0	108626
108631	1350	0	0	108632
108633	1350	0	0	108634
108635	1351	0	108636	108637
108638	1352	0	0	108639
107625	1352	0	0	108622
108640	1353	0	108641	108642
108643	1354	0	0	0
108644	1354	0	107503	107706
108645	1354	0	0	108646
108647	1355	0	0	108648
108649	1356	0	108650	108648
108651	1357	0	0	108652
107628	1357	0	0	107629
108653	1358	0	108654	108655
108656	1359	0	108657	108658
108659	1360	0	108660	108661
108662	1361	0	108663	108664
108665	1361	0	108666	108667
108668	1361	0	0	108669
108670	1362	0	108671	108672
108673	1363	0	108674	107700
108668	1363	0	108674	108675
108676	1364	0	0	108677
108678	1364	0	0	108679
108680	1365	0	0	108681
107601	1365	0	0	107700
108682	1366	0	108683	108684
108685	1367	0	108686	108687
108688	1368	0	0	108689
108690	1369	0	0	108691
108692	1370	0	0	108693
108694	1370	0	0	108695
108696	1371	0	0	108697
108698	1371	0	108699	108700
108701	1371	0	0	108702
108703	1372	0	108704	108705
108706	1373	0	108707	108708
108709	1373	0	108710	108711
107567	1374	0	0	108712
108713	1375	0	108714	108715
108716	1376	0	0	108717
108718	1376	0	0	108719
108720	1377	0	0	108721
108718	1377	0	0	108719
108722	1378	0	108723	108724
108725	1379	0	0	108726
108727	1379	0	0	108728
108729	1380	0	0	108730
108727	1380	0	0	108728
108731	1381	0	108732	108733
108668	1382	0	0	108675
108734	1383	0	0	108735
108736	1383	0	0	108737
108738	1384	0	108739	108740
108741	1385	0	0	108742
108743	1385	0	0	108744
108745	1385	0	0	108746
108747	1386	0	108748	108749
108750	1387	0	0	108751
108752	1387	0	0	108753
108754	1388	0	108755	108756
108757	1389	0	108758	108759
108760	1390	0	108761	108762
108763	1391	0	0	108764
108765	1392	0	108766	108767
108768	1393	0	0	108769
108770	1393	0	0	108771
108736	1394	0	0	108737
107644	1394	0	0	107650
108772	1394	0	0	108773
108774	1395	0	0	108775
108776	1395	0	0	108777
108778	1396	0	0	108779
108776	1396	0	0	108777
108780	1397	0	0	108781
108782	1397	0	0	108771
108783	1400	0	0	108784
108785	1401	0	0	108786
108772	1401	0	0	108787
108788	1402	0	108789	108790
108791	1403	0	108792	108793
108794	1404	0	0	108795
108796	1404	0	0	108797
108798	1405	0	108799	108800
108801	1406	0	0	108802
108803	1406	0	0	108804
108805	1407	0	0	108806
108807	1407	0	0	108804
108808	1408	0	108809	108810
108811	1409	0	0	108812
108813	1409	0	0	108804
108814	1410	0	0	108815
108816	1411	0	108817	108818
108819	1412	0	108820	108821
108822	1413	0	0	108815
108823	1414	0	0	108824
107670	1414	0	108825	108815
108826	1415	0	108827	108828
108829	1417	0	0	107710
108830	1418	0	0	108831
108832	1418	0	0	108833
108834	1419	0	108835	108836
108837	1420	0	108838	108839
108840	1421	0	0	108841
108478	1421	0	0	108479
108842	1422	0	108843	108844
108845	1422	0	108846	108847
108848	1423	0	0	0
108849	1423	0	0	108646
108850	1424	0	108851	108852
108853	1425	0	108854	108855
108856	1426	0	108857	108858
108859	1427	0	0	108860
108478	1427	0	0	108479
108861	1430	0	0	108862
108863	1430	0	0	108864
108865	1431	0	0	108866
108867	1432	0	0	108868
108869	1433	0	0	108870
108871	1434	0	0	108872
108873	1435	0	0	108874
108875	1436	0	0	108876
108877	1437	0	0	108878
108879	1438	0	0	108880
108881	1439	0	0	108882
108883	1440	0	0	108884
108885	1441	0	0	108886
108879	1442	0	0	108887
108888	1443	0	0	108889
108890	1444	0	0	108891
108892	1445	0	108893	108894
108895	1446	0	0	108896
108897	1447	0	0	108898
108899	1448	0	108900	108901
108902	1449	0	108903	108712
108904	1450	0	0	108905
108906	1451	0	108907	108908
108909	1452	0	108910	108911
108912	1452	0	108910	108913
108914	1454	0	0	108915
108916	1455	0	0	108917
108918	1456	0	0	108919
108920	1457	0	0	108921
108922	1458	0	0	108923
108924	1459	0	0	108925
108926	1460	0	108927	108928
108929	1461	0	108930	108931
108932	1462	0	108933	108934
107553	1463	0	0	108935
108936	1463	0	108937	108938
108939	1463	0	108940	107564
108941	1464	0	0	108942
108943	1464	0	108944	108945
108946	1465	0	0	108947
108948	1466	0	108949	108950
108951	1466	0	0	108952
108953	1467	0	0	108954
108955	1467	0	108956	108957
108958	1467	0	107482	108959
108960	1467	0	108271	108961
108962	1467	0	108963	108964
108965	1467	0	0	108966
108967	1468	0	0	108439
108968	1468	0	0	108969
108970	1468	0	0	108971
108972	1468	0	0	108908
108973	1469	0	0	108974
108972	1469	0	108975	108908
108976	1470	0	0	108977
108972	1470	0	0	108978
108979	1471	0	0	108980
108981	1471	0	0	108982
108983	1471	0	0	108984
108979	1471	0	0	108985
108986	1472	0	0	108987
108951	1472	0	0	108952
108988	1473	0	108989	108990
108991	1474	0	0	108992
108993	1474	0	0	108994
108995	1475	0	108996	108997
108998	1476	0	0	108999
109000	1476	0	0	109001
109002	1477	0	0	109003
109000	1477	0	0	109001
109004	1478	0	109005	109006
109007	1479	0	0	109008
109009	1479	0	0	109010
109007	1479	0	0	108847
109011	1480	0	109012	109013
109014	1481	0	109015	109016
108861	1482	0	0	108862
109017	1482	0	109018	109019
109020	1482	0	0	109021
109022	1482	0	0	108864
109023	1483	0	0	108563
109024	1483	0	109025	109026
109027	1483	0	109028	109029
107592	1484	0	0	109030
109031	1484	0	109032	109033
109034	1484	0	109035	109036
109037	1484	0	109038	109039
109040	1485	0	0	109041
108502	1485	0	0	108503
109042	1486	0	109043	109044
109045	1487	0	109046	109047
109048	1488	0	0	109049
107533	1488	0	0	108540
109050	1489	0	0	0
109051	1489	0	0	0
109051	1489	0	0	0
109051	1489	0	0	0
109052	1490	0	109053	109054
109055	1491	0	109056	109057
109058	1492	0	109059	109060
109061	1493	0	109062	109063
109064	1494	0	109065	109066
109067	1495	0	109068	109069
109070	1496	0	109071	109072
109073	1497	0	0	109074
108965	1497	0	0	109030
109075	1498	0	109076	109077
109078	1500	0	0	107812
109079	1501	0	0	109080
109081	1501	0	0	109082
109083	1502	0	109084	109085
109086	1503	0	109087	109088
109089	1504	0	109090	109091
109092	1505	0	0	109093
109094	1506	0	109095	109096
109097	1507	0	0	109098
109099	1507	0	0	109082
109100	1510	0	109101	109102
109103	1511	0	109104	109105
109106	1512	0	109107	109108
109109	1513	0	109110	109111
109112	1514	0	0	107719
109113	1514	0	0	109114
109115	1514	0	0	109116
109117	1515	0	0	109111
109118	1516	0	0	109119
109120	1517	0	0	109121
109122	1517	0	0	109123
109124	1518	0	109125	109126
109127	1519	0	0	109128
109127	1520	0	0	109129
109130	1521	0	0	109131
109132	1521	0	0	109133
109134	1522	0	0	109135
109136	1522	0	0	109133
109137	1523	0	109138	109139
109140	1524	0	109141	109142
109143	1525	0	0	109144
109145	1525	0	0	109146
109147	1526	0	109148	109149
109150	1527	0	109151	109152
109153	1527	0	0	109154
109117	1528	0	0	109155
109156	1528	0	109157	109158
109159	1529	0	0	109160
109161	1529	0	0	109162
109163	1530	0	109164	109165
109166	1531	0	0	109167
109168	1531	0	0	109169
109170	1532	0	109171	109172
109173	1533	0	109174	108395
109175	1534	0	109176	109177
109178	1535	0	109179	109180
109181	1536	0	0	109182
109183	1536	0	0	109184
109185	1537	0	0	109186
109187	1537	0	0	109188
109189	1537	0	0	109190
109191	1537	0	0	109192
109193	1538	0	0	109194
109195	1539	0	109196	109197
109198	1540	0	109199	109186
109200	1540	0	109199	109188
109201	1540	0	109199	109190
109191	1540	0	0	109192
109202	1541	0	109203	109204
109205	1542	0	0	109206
109207	1542	0	0	109208
109209	1543	0	109210	109211
109212	1544	0	109213	109214
109215	1545	0	109216	109217
109218	1546	0	0	109219
109220	1546	0	0	109221
109222	1547	0	109223	109224
109225	1548	0	0	109226
109227	1548	0	0	109228
109229	1549	0	109230	109231
109232	1550	0	109233	109234
109235	1551	0	0	109236
109237	1551	0	0	109238
109239	1552	0	109240	109241
109242	1553	0	109243	109244
109245	1553	0	109246	107847
109247	1553	0	109248	109249
109250	1554	0	109251	109252
109253	1555	0	109254	109255
109256	1556	0	109257	109258
109259	1557	0	0	109260
109227	1557	0	0	109228
109261	1558	0	0	109262
109263	1558	0	0	109208
109264	1559	0	0	109265
109266	1559	0	0	109267
109268	1559	0	0	109269
109264	1559	0	109270	109271
107852	1560	0	0	107853
109272	1560	0	0	109273
109274	1560	0	0	109275
109276	1561	0	0	109277
109278	1562	0	109279	109280
109281	1562	0	109282	109283
109284	1562	0	109279	109285
109286	1562	0	109279	109287
109288	1563	0	109289	109290
109291	1563	0	0	109292
109293	1564	0	109294	109295
109296	1565	0	0	109297
109298	1565	0	0	109299
109300	1566	0	109301	109302
109303	1567	0	0	109304
109305	1567	0	0	109306
109307	1570	0	0	109308
109309	1570	0	0	109310
109311	1571	0	0	109312
109309	1571	0	0	109310
109313	1572	0	0	109314
109315	1572	0	0	109316
109317	1573	0	109318	109319
109320	1573	0	109321	109322
109323	1573	0	109324	109325
109326	1574	0	109327	109328
109329	1574	0	109327	109330
109331	1574	0	109327	109332
109333	1574	0	0	109334
109335	1575	0	0	109336
109337	1575	0	0	109338
109339	1576	0	109340	109341
109342	1577	0	0	109343
109344	1577	0	0	109328
109345	1578	0	0	109346
109344	1578	0	0	109347
109348	1578	0	0	109349
109350	1579	0	109351	109352
109353	1580	0	109354	109355
109356	1581	0	0	109357
109358	1581	0	0	109359
109360	1582	0	0	109361
109362	1582	0	0	109328
109363	1582	0	0	109364
109365	1582	0	109366	109367
109368	1583	0	0	109369
109370	1583	0	0	107771
109371	1584	0	0	109372
109373	1584	0	0	109359
109374	1585	0	109375	109376
109377	1586	0	0	109378
109379	1587	0	0	109380
109381	1587	0	0	109359
109382	1588	0	0	109154
109383	1589	0	109384	109385
109386	1590	0	0	109387
109388	1590	0	0	109389
109390	1591	0	109391	109392
109393	1592	0	109394	109395
109396	1593	0	0	109397
109398	1593	0	0	109399
109400	1594	0	109401	109402
109403	1595	0	109404	109405
109406	1596	0	109407	109408
109409	1597	0	0	109410
109411	1597	0	0	109412
109413	1598	0	0	109414
107778	1598	0	0	107771
109415	1599	0	109416	109417
109418	1600	0	0	109419
109420	1600	0	0	109399
109421	1601	0	0	109422
109423	1601	0	0	109424
109425	1602	0	109426	109427
109428	1603	0	109429	109430
109431	1604	0	0	109432
109433	1604	0	0	109434
109435	1605	0	0	109436
107716	1605	0	0	109437
109420	1605	0	0	109438
109439	1607	0	0	109440
109441	1607	0	0	109442
109443	1607	0	0	109444
109445	1608	0	0	109446
107784	1608	0	0	107785
109309	1609	0	0	109310
107742	1609	0	0	109154
109447	1610	0	109448	109449
109450	1611	0	109451	109452
109453	1612	0	0	109454
109455	1612	0	0	109456
109457	1613	0	0	109458
109459	1613	0	0	109424
109460	1614	0	0	109461
109462	1614	0	0	109463
109464	1614	0	0	109465
109466	1614	0	0	109467
109468	1615	0	0	109469
109470	1616	0	109471	109472
109473	1617	0	109474	109475
109476	1618	0	109477	109478
109479	1619	0	109480	109481
109482	1620	0	0	109483
109484	1620	0	0	109485
109486	1620	0	0	109487
109488	1621	0	0	109489
109490	1621	0	0	109491
109492	1622	0	109493	109494
109495	1623	0	109496	109497
109498	1624	0	109499	109500
109501	1625	0	109502	109503
109504	1626	0	109505	109506
109507	1626	0	109505	109508
109509	1626	0	109505	109510
109511	1626	0	109505	109512
109513	1626	0	109505	109514
109515	1626	0	109505	109516
109517	1626	0	109505	109518
109519	1626	0	109505	109520
109521	1627	0	0	109522
109523	1627	0	0	109524
109525	1628	0	0	109526
109527	1628	0	0	109528
109529	1629	0	109530	109531
109532	1630	0	109533	109534
109535	1631	0	0	109536
109537	1631	0	0	109491
109538	1632	0	109539	109540
109541	1633	0	0	109542
109543	1634	0	109544	109545
109546	1634	0	0	109547
109548	1634	0	109549	109550
109551	1634	0	109552	109553
109554	1634	0	109555	109556
109557	1635	0	109558	109559
109560	1636	0	109561	109562
109563	1636	0	109564	109565
109566	1636	0	109561	109567
109568	1636	0	109561	109569
109570	1636	0	0	109571
109572	1637	0	0	109573
109574	1637	0	0	109575
109576	1640	0	109577	109578
109579	1641	0	109580	109581
109582	1642	0	109583	109584
109585	1643	0	109586	109587
109588	1643	0	0	0
109589	1643	0	0	109590
109585	1643	0	0	109591
109592	1643	0	0	109593
109594	1644	0	0	109595
109596	1644	0	0	109597
109598	1644	0	0	109599
109600	1644	0	0	109601
109602	1645	0	109603	109604
109605	1646	0	109606	109607
109608	1647	0	109609	109610
109611	1647	0	0	109612
109613	1648	0	0	109359
109614	1648	0	0	107847
109615	1648	0	0	109616
109617	1651	0	0	109618
109439	1651	0	0	109619
109620	1652	0	0	109621
107820	1652	0	0	107821
109622	1653	0	109623	109624
109625	1654	0	0	109626
109627	1654	0	0	109628
109629	1661	0	0	109630
109631	1661	0	0	109628
109632	1662	0	0	109633
109634	1662	0	0	109635
109636	1663	0	109637	109638
109639	1664	0	109640	109641
109642	1665	0	0	109643
109644	1665	0	0	109645
109646	1666	0	0	109647
109648	1666	0	0	109184
109649	1667	0	0	109650
109651	1667	0	0	109652
109653	1668	0	0	109654
109183	1668	0	0	109184
109655	1669	0	109656	109657
109658	1670	0	0	109659
109660	1670	0	0	109661
109662	1671	0	109663	109664
109665	1672	0	109666	109667
109668	1673	0	0	109669
109670	1674	0	0	109671
109672	1675	0	0	109673
109674	1676	0	0	109675
109676	1677	0	0	109677
109678	1678	0	0	109679
109680	1679	0	0	109681
109682	1680	0	0	109683
109684	1681	0	0	109685
109686	1682	0	0	109687
109688	1683	0	109689	109690
109691	1684	0	109692	109693
109694	1685	0	109695	109696
109697	1686	0	109698	109699
109700	1687	0	0	109701
109702	1687	0	0	109703
109704	1688	0	0	109705
109706	1689	0	0	109707
109708	1690	0	0	109709
109710	1691	0	0	109711
109712	1691	0	0	109713
109714	1691	0	0	109715
109712	1691	0	109716	109717
109718	1692	0	0	109719
109720	1693	0	0	109721
109722	1693	0	107503	109723
109724	1693	0	107503	109725
109726	1701	0	0	109727
109728	1702	0	0	109729
109730	1702	0	0	109731
109732	1703	0	0	109733
109730	1703	0	0	109731
109734	1704	0	0	109735
109730	1704	0	0	109731
109736	1705	0	0	109737
109730	1705	0	0	109731
109738	1706	0	0	109739
109730	1706	0	0	109731
109740	1707	0	0	109741
109742	1707	0	0	109743
109744	1708	0	0	109745
109742	1708	0	0	109743
109746	1709	0	0	109747
109742	1709	0	0	109743
109748	1710	0	0	109749
109742	1710	0	0	109743
109750	1715	0	0	109751
109752	1715	0	0	109753
109754	1716	0	0	109755
109756	1716	0	0	109757
109758	1718	0	101910	108178
108745	1718	0	109759	108746
109760	1718	0	109761	109762
107900	1718	0	109763	109764
109765	1719	0	0	109766
109767	1719	0	0	109768
109769	1720	0	0	109770
109767	1720	0	0	109768
109771	1721	0	0	109731
109772	1721	0	109773	109774
109775	1721	0	0	109776
109777	1722	0	109778	109779
109780	1722	0	109778	107884
109781	1722	0	109778	109782
109783	1722	0	109778	109784
109785	1722	0	109778	109786
109787	1722	0	109778	109788
109789	1722	0	109778	109790
109791	1722	0	109778	109792
109793	1722	0	109778	109794
109795	1724	0	0	109796
109797	1724	0	0	109798
109799	1724	0	109800	109801
109802	1725	0	109803	109757
109804	1725	0	109803	109805
109806	1726	0	0	109807
109808	1726	0	0	109809
109810	1726	0	0	109811
109812	1727	0	0	109813
109814	1727	0	0	109815
109816	1727	0	0	109817
109818	1728	0	0	109819
109820	1728	0	0	109743
109821	1729	0	109822	109823
109824	1730	0	109825	109826
109827	1731	0	109828	109829
109830	1732	0	109831	109832
109833	1734	0	0	109834
109835	1735	0	0	109836
109837	1736	0	0	109838
109839	1736	0	0	109768
109840	1737	0	0	109841
109842	1737	0	0	109768
109843	1738	0	0	109844
109839	1738	0	0	109768
109845	1739	0	0	109846
109842	1739	0	0	109768
109847	1741	0	0	109848
109849	1741	0	0	109796
109850	1742	0	0	109851
109849	1742	0	0	109796
109852	1743	0	109853	109854
109855	1744	0	109856	109857
109858	1745	0	0	109859
109860	1745	0	0	109861
109862	1746	0	109863	109864
109865	1747	0	0	109866
109867	1747	0	0	109868
109869	1748	0	109870	109871
109872	1749	0	109873	109874
109875	1751	0	109876	109877
109878	1752	0	0	109879
109880	1752	0	0	109881
109882	1753	0	0	109883
109884	1753	0	0	109885
109886	1754	0	0	109887
109884	1754	0	0	109885
109888	1755	0	0	109889
109890	1755	0	0	109891
109892	1756	0	0	109893
109894	1756	0	0	109891
109895	1758	0	109896	109897
109898	1759	0	109899	109900
109901	1761	0	0	109902
109903	1761	0	107377	109904
109905	1761	0	107374	109906
109907	1762	0	109908	109909
109910	1763	0	109911	109912
109913	1764	0	109914	109915
109916	1765	0	0	109917
109918	1765	0	0	109919
109920	1766	0	0	109921
109922	1766	0	0	109919
109923	1767	0	0	109924
109925	1767	0	0	109926
109927	1768	0	109928	109929
109930	1769	0	0	109931
109932	1769	0	0	109926
109933	1771	0	109934	109935
109936	1772	0	109937	109938
109939	1773	0	0	109940
109941	1773	0	0	109942
109943	1774	0	0	109944
109945	1774	0	0	109946
109947	1775	0	0	109948
109945	1775	0	0	109946
109949	1776	0	109950	109951
109952	1777	0	0	109768
109953	1777	0	0	108764
109954	1778	0	109955	109956
109957	1779	0	0	109958
109941	1779	0	0	109942
109959	1781	0	109960	109961
109962	1782	0	0	109963
109964	1782	0	0	109965
109966	1784	0	109967	109968
109969	1785	0	0	109970
109971	1785	0	0	109972
109973	1786	0	109974	109975
109976	1787	0	0	109977
109978	1787	0	0	109979
109980	1789	0	109981	109982
109983	1790	0	0	109984
109985	1790	0	0	109986
109987	1791	0	0	109988
109989	1791	0	0	109990
109991	1792	0	0	109992
109993	1792	0	0	109994
109995	1793	0	109996	109997
109998	1794	0	109999	110000
110001	1795	0	0	110002
110003	1795	0	0	110004
110005	1796	0	110006	110007
110008	1797	0	110009	109295
110010	1798	0	110011	110012
109860	1798	0	110011	109861
110013	1798	0	110011	110014
110015	1798	0	110011	110016
110017	1798	0	110011	110018
110019	1798	0	110011	110020
110021	1798	0	110011	110022
110023	1798	0	110011	110024
110025	1798	0	110011	110026
110027	1798	0	110011	110028
109903	1799	0	110029	109904
109905	1799	0	110029	109906
110030	1799	0	110029	110031
110032	1800	0	110033	110034
110035	1800	0	110033	110031
110036	1801	0	110037	110038
110039	1802	0	110040	110041
110042	1803	0	110043	110044
110045	1804	0	110046	110047
110048	1805	0	110049	110050
110051	1806	0	110052	110053
110054	1808	0	110055	110056
110057	1809	0	110058	110059
110060	1810	0	110061	110062
110063	1811	0	110064	110065
110066	1812	0	110067	110068
110069	1813	0	110070	110071
110072	1814	0	110073	110074
110075	1815	0	110076	110077
110078	1816	0	110079	110080
110081	1818	0	0	110082
110010	1818	0	0	110083
110084	1819	0	110085	110086
110087	1820	0	110088	110089
110090	1821	0	110091	110092
110093	1822	0	110094	110095
110096	1823	0	110097	110098
110099	1824	0	110100	110101
110102	1825	0	110103	110104
110105	1826	0	110106	110107
110108	1837	0	0	110109
110110	1837	0	0	110111
110112	1838	0	0	110113
110114	1838	0	0	110115
110116	1839	0	0	110117
110118	1839	0	0	110119
110120	1840	0	0	110121
110122	1840	0	0	110123
110124	1841	0	0	110125
110126	1841	0	0	110127
110128	1842	0	0	110129
110130	1842	0	0	110131
110132	1843	0	0	110133
110134	1843	0	0	110135
110136	1844	0	0	110137
110138	1844	0	0	110139
109795	1845	0	0	109796
110140	1845	0	0	110141
110142	1845	0	0	110143
110144	1846	0	0	110145
110146	1846	0	0	110147
110148	1846	0	0	110149
110150	1847	0	0	110151
107628	1847	0	0	110152
110153	1847	0	0	107639
110154	1848	0	110155	110156
107912	1851	0	0	107905
110157	1851	0	0	110158
110159	1851	0	0	110160
110161	1900	0	110162	110163
110164	1900	0	110162	110165
110166	1900	0	110162	110167
110168	1900	0	110162	110169
108490	1900	0	110162	110170
110171	1901	0	0	107853
110172	1901	0	0	107855
110173	1901	0	0	110174
110175	1901	0	0	108245
110176	1901	0	110177	110178
110179	1901	0	0	107863
110180	1901	0	0	110181
110182	1902	0	0	110183
110184	1903	0	0	110185
110186	1904	0	0	110187
110188	1905	0	0	110189
110190	1906	0	0	110191
110192	1907	0	0	110193
110194	1908	0	0	110195
110196	1908	0	0	110197
110198	1909	0	110199	110200
110201	1909	0	110199	108338
110202	1910	0	0	110203
110204	1911	0	0	110205
110206	1912	0	0	110207
110208	1913	0	0	110200
110209	1913	0	0	108349
110208	1914	0	0	110200
110209	1914	0	0	108349
110208	1915	0	0	110200
110209	1915	0	0	108349
110208	1916	0	0	110200
110209	1916	0	0	108349
110210	1917	0	0	110211
110212	1917	0	0	110213
110214	1917	0	0	110215
110216	1918	0	0	110217
110218	1918	0	110219	110220
110221	1920	0	0	110222
110223	1920	0	0	110224
110221	1920	0	0	110225
110226	1921	0	0	110222
110227	1921	0	0	110228
110229	1921	0	0	110230
110231	1921	0	0	107681
110232	1921	0	0	110233
110234	1922	0	0	110235
110236	1922	0	107482	110237
110238	1922	0	0	110239
110240	1922	0	110241	110242
110243	1922	0	107482	110244
107659	1922	0	107482	107673
110245	1922	0	110246	110247
110248	1922	0	107503	110249
110250	1922	0	107482	110251
107604	1922	0	0	107691
110252	1926	0	0	107499
110253	1926	0	110254	110255
110256	1928	0	0	110257
110258	1928	0	0	110259
110260	1928	0	0	108591
110261	1929	0	0	110222
108001	1929	0	0	108002
110262	1929	0	0	110263
110264	1929	0	110265	110266
110267	1929	0	110268	110269
110270	1929	0	110271	110272
110273	1929	0	110274	110275
110276	1929	0	110277	110278
110279	1929	0	0	110280
110281	1929	0	0	110282
110283	1929	0	0	110284
110285	1930	0	110286	110287
110288	1931	0	110289	110290
110291	1932	0	0	110292
110293	1932	0	110294	110295
110296	1933	0	110297	110298
110299	1934	0	110300	110301
110302	1935	0	0	109661
110303	1935	0	0	110304
107680	1935	0	0	110305
110306	1936	0	0	110307
110308	1937	0	110309	109661
110303	1937	0	110309	110304
107680	1937	0	110309	107681
109363	1937	0	110309	110307
110310	1938	0	0	110311
110312	1938	0	0	110313
110314	1938	0	0	108985
110315	1939	0	0	110316
110314	1939	0	0	108980
110317	1940	0	0	110318
110319	1941	0	110320	110321
110319	1942	0	110322	110323
110319	1943	0	110324	110325
110319	1944	0	110326	110327
110319	1945	0	110328	110329
110319	1946	0	110330	110331
110332	1947	0	0	109295
110333	1948	0	0	108441
110334	1948	0	0	110335
110336	1948	0	0	110337
110338	1949	0	110339	110340
110341	1950	0	110342	110343
110344	1951	0	110345	110346
110347	1952	0	110348	110349
110350	1953	0	110351	110346
110352	1954	0	110353	110354
110355	1955	0	110356	110346
110357	1956	0	110358	110349
110359	1963	0	110360	110361
110362	1963	0	110360	110363
110364	1964	0	110365	110366
110362	1964	0	110365	110363
110367	1965	0	0	110368
110369	1966	0	0	110368
110370	1967	0	0	110368
110371	1968	0	0	110372
110373	1969	0	0	110372
110374	1970	0	0	110372
110375	1971	0	110376	110377
110378	1972	0	0	110379
110380	1973	0	0	110381
110382	1974	0	0	110383
110384	1975	0	0	110385
110386	1976	0	0	110387
110388	1977	0	0	110389
110390	1978	0	0	110391
110392	1979	0	0	110393
110394	1980	0	0	110395
110396	1981	0	0	110397
110398	1982	0	0	110399
110400	1983	0	0	110401
110402	1986	0	0	110403
110404	1987	0	0	110405
110406	1988	0	0	107658
110407	1988	0	0	110408
110409	1988	0	0	110410
110411	1988	0	0	110412
110413	1989	0	0	110414
110415	1989	0	0	110416
110417	1989	0	0	110418
110419	1989	0	0	110420
110421	1989	0	0	110422
110423	1990	0	110424	110425
110411	1990	0	0	110426
110427	1990	0	0	110428
110429	1990	0	0	110430
110431	1990	0	0	110432
110433	1990	0	0	110412
107263	2000	0	0	0
110434	2001	0	0	110435
110436	2001	0	110437	110438
110439	2001	0	0	110440
110441	2001	0	0	110442
110443	2002	0	0	110444
110445	2002	0	0	110446
110447	2002	0	0	110448
110449	2002	0	0	110450
110451	2002	0	0	110452
110453	2002	0	110454	110455
110456	2002	0	110457	110458
110447	2002	0	0	110459
110460	2002	0	0	110461
110462	2002	0	110463	110464
110465	2002	0	0	110466
110467	2003	0	0	110468
110469	2003	0	110470	110471
110467	2004	0	0	110472
110473	2004	0	110474	110475
110476	2004	0	110477	110478
110479	2004	0	110477	110480
110481	2004	0	110477	110482
110467	2004	0	110477	110483
110484	2005	0	0	110485
110486	2005	0	110487	110488
110489	2006	0	0	110490
110491	2006	0	110492	110493
110465	2006	0	0	110494
110465	2007	0	0	110495
110443	2007	0	0	110496
110497	2007	0	0	110498
110499	2007	0	0	110500
110462	2007	0	0	110501
107331	2007	0	0	110502
110503	2007	0	0	110504
110505	2007	0	0	110506
110462	2007	0	0	110507
110465	2007	0	0	110508
110481	2008	0	0	110509
110510	2008	0	0	110511
110512	2008	0	0	110448
110513	2008	0	0	110514
110481	2008	0	0	110515
110516	2008	0	110517	110518
110519	2008	0	110520	110521
110522	2008	0	110523	110524
110525	2008	0	110526	110527
110528	2008	0	110529	110530
110531	2009	0	110532	110533
110534	2009	0	0	110535
110536	2009	0	0	110537
110538	2009	0	107374	110539
110540	2009	0	107377	110541
110542	2009	0	107380	110543
110544	2009	0	107383	110545
110546	2011	0	0	110547
110548	2011	0	0	110549
110550	2011	0	0	110551
110546	2011	0	0	110552
110553	2012	0	0	110554
110555	2012	0	0	110556
110557	2012	0	0	110558
110559	2013	0	0	110560
110561	2013	0	0	110562
110563	2013	0	0	110564
110565	2013	0	0	110566
110567	2013	0	0	110568
110569	2013	0	110570	110571
110572	2014	0	0	110573
110574	2014	0	110575	110576
110577	2014	0	0	110578
110579	2014	0	0	110580
110581	2014	0	0	110582
110583	2014	0	0	110584
110585	2015	0	0	110586
110587	2015	0	0	110588
110589	2015	0	0	110590
110585	2016	0	0	110591
110592	2016	0	0	110593
110594	2016	0	0	110590
110595	2016	0	0	110596
110597	2016	0	110598	110599
110600	2016	0	110601	110602
110603	2016	0	0	110604
110605	2017	0	0	110606
110607	2017	0	0	110608
110609	2017	0	0	110610
110611	2017	0	110612	110613
110614	2017	0	0	110615
110616	2018	0	0	110617
110618	2018	0	0	110619
110620	2018	0	0	110621
110622	2018	0	110623	110624
110625	2018	0	0	110626
110627	2019	0	0	110628
110629	2019	0	0	110630
110631	2019	0	0	110632
110633	2019	0	110634	110635
110636	2020	0	0	110637
110638	2020	0	0	110639
110640	2020	0	0	110641
110642	2020	0	0	110643
110644	2020	0	110645	110646
110647	2021	0	0	110648
110649	2021	0	0	110650
110651	2021	0	0	110652
110653	2021	0	0	110654
110655	2021	0	0	110656
110657	2021	0	107480	110658
110659	2021	0	107482	110660
110661	2021	0	107482	110660
110662	2022	0	0	110663
110664	2022	0	0	110665
110666	2022	0	110667	110668
110669	2022	0	110670	110671
110672	2022	0	110673	110674
110675	2022	0	0	110676
110677	2031	0	0	110678
110679	2031	0	0	110680
110681	2031	0	110682	110683
110684	2031	0	0	110685
110686	2031	0	110687	110688
110689	2031	0	0	110690
110691	2032	0	0	110692
110693	2032	0	0	110694
110695	2032	0	110696	110697
110698	2032	0	0	110699
110700	2032	0	110701	110702
110703	2032	0	0	110704
110705	2033	0	0	110706
110707	2033	0	0	110708
110709	2033	0	110710	110711
110712	2033	0	0	110713
110714	2033	0	0	110715
110716	2033	0	0	110717
110718	2033	0	110719	110720
110721	2033	0	0	110722
110723	2034	0	0	110724
110725	2034	0	0	110726
110727	2034	0	110728	110729
110730	2034	0	0	110731
110732	2034	0	0	110733
110734	2034	0	0	110735
110736	2034	0	0	110737
110738	2035	0	0	110739
110740	2035	0	0	110741
110742	2035	0	110743	110744
110745	2035	0	110746	110747
110748	2035	0	0	110749
110750	2036	0	0	110751
110752	2036	0	0	110753
110754	2036	0	0	110755
110756	2036	0	110757	110758
110759	2036	0	0	110760
110761	2037	0	0	110762
110763	2037	0	0	110764
110765	2037	0	0	110766
110763	2037	0	0	110767
110768	2037	0	0	110769
110770	2037	0	0	110771
110772	2037	0	0	110773
110774	2037	0	0	110775
110776	2037	0	0	110777
110778	2038	0	0	110779
110780	2038	0	0	110781
110782	2038	0	0	110783
110784	2038	0	0	110785
110786	2038	0	0	110787
110788	2039	0	0	110789
110790	2039	0	0	110791
110792	2039	0	0	110793
110790	2039	0	0	110794
110795	2039	0	0	110796
110795	2040	0	0	110797
110798	2040	0	0	110799
110800	2040	0	110801	110802
110803	2040	0	0	110804
110805	2040	0	0	110806
110807	2040	0	0	110808
110809	2041	0	0	110810
110811	2041	0	0	110812
110813	2041	0	0	110814
110815	2041	0	110816	107706
110817	2041	0	110818	110819
110736	2041	0	0	110820
110809	2042	0	0	110810
110821	2042	0	0	110822
110823	2042	0	107503	107706
110821	2042	0	0	110824
110736	2042	0	0	110737
110825	2051	0	0	110826
110827	2051	0	0	110828
110829	2051	0	0	110830
110831	2051	0	0	110832
110833	2051	0	0	110834
110835	2051	0	0	110836
110837	2051	0	110838	110839
110840	2051	0	0	110841
110842	2051	0	110843	110844
110845	2051	0	0	110846
110847	2052	0	0	110848
110849	2052	0	0	110850
110851	2052	0	0	110852
110853	2052	0	0	110854
110855	2052	0	0	110856
110857	2052	0	110858	110859
110860	2052	0	110861	110862
110863	2052	0	0	110864
110865	2053	0	0	110866
110867	2053	0	0	110868
110869	2053	0	110870	110871
110872	2053	0	0	110873
110874	2053	0	0	110875
110876	2053	0	0	110877
110878	2053	0	0	110879
110880	2053	0	110881	110882
110883	2053	0	0	110884
110885	2054	0	0	110886
110887	2054	0	0	110888
110889	2054	0	110890	110891
110892	2054	0	0	110893
110894	2054	0	110895	110896
110897	2054	0	0	110898
110885	2055	0	0	110899
110900	2055	0	0	110901
110885	2055	0	0	110902
110903	2055	0	0	110904
110905	2055	0	110906	110907
110908	2055	0	0	110909
110897	2055	0	110910	110911
110912	2056	0	0	110913
110914	2056	0	110915	110916
110917	2056	0	110918	110919
110920	2056	0	110921	110922
110923	2056	0	110924	110925
110912	2056	0	0	110926
110927	2057	0	0	110928
110929	2057	0	0	110930
110931	2057	0	110932	110933
110934	2057	0	0	110935
110927	2057	0	0	110936
110937	2058	0	0	110938
110939	2058	0	0	110940
110941	2058	0	0	110942
110943	2058	0	0	110944
110945	2058	0	110946	110947
110948	2058	0	0	110949
110927	2059	0	0	110950
110951	2059	0	0	110952
110953	2059	0	0	110954
110955	2059	0	0	110956
110927	2059	0	0	110957
110845	2059	0	107480	110846
110958	2059	0	107482	110959
110960	2060	0	0	110961
110962	2060	0	0	110963
110964	2060	0	0	110965
110966	2060	0	0	110967
110968	2060	0	110969	110970
110971	2060	0	0	110972
110973	2060	0	0	110974
110975	2060	0	0	110976
110825	2061	0	0	110826
110977	2061	0	0	110978
110825	2061	0	0	110979
110980	2061	0	0	110981
110982	2061	0	0	110983
110984	2061	0	0	110985
110845	2061	0	0	110986
110987	2061	0	0	110988
110964	2071	0	0	110989
110990	2071	0	0	110991
110992	2071	0	0	110993
110994	2071	0	0	110995
110996	2071	0	0	110997
110998	2071	0	0	110999
111000	2071	0	111001	111002
111003	2071	0	0	111004
111005	2072	0	0	111006
111007	2072	0	0	111008
111009	2072	0	0	111010
111011	2072	0	0	111012
111013	2072	0	0	111014
111015	2072	0	0	111016
111017	2072	0	0	111018
111019	2072	0	0	111020
111021	2073	0	0	111022
111023	2073	0	0	111024
110966	2073	0	0	111025
111026	2073	0	0	111027
111028	2073	0	0	111029
111030	2073	0	0	111031
111032	2074	0	0	111033
111034	2074	0	0	111035
111036	2074	0	0	111037
111038	2074	0	0	111039
111040	2074	0	0	109764
111041	2074	0	0	111042
111043	2074	0	0	111044
111045	2074	0	0	111046
111047	2075	0	0	111048
111049	2075	0	0	111050
111051	2075	0	0	111052
111053	2075	0	0	111054
111055	2075	0	0	111056
111057	2075	0	0	111058
111059	2076	0	0	111060
111061	2076	0	0	0
111062	2076	0	111063	111064
111065	2076	0	0	111066
111067	2076	0	0	111068
111069	2076	0	111070	111071
111072	2076	0	0	111073
111034	2076	0	0	111074
111075	2091	0	0	111076
111077	2092	0	0	111078
111079	2092	0	0	111080
111081	2092	0	0	111082
111083	2092	0	0	111084
111085	2092	0	111086	111087
111088	2092	0	111089	111090
111091	2092	0	0	111092
111093	2092	0	0	111076
111077	2093	0	0	111094
111095	2093	0	0	111096
111097	2093	0	0	111098
111099	2093	0	0	111100
111101	2093	0	111102	111103
111104	2093	0	0	111105
111106	2093	0	0	111107
111104	2093	0	0	111108
111109	2093	0	0	111110
111093	2093	0	0	111076
111077	2094	0	0	111111
111112	2094	0	0	111113
111114	2094	0	111115	111116
111117	2094	0	0	111118
111119	2094	0	0	111120
111121	2094	0	0	111122
111123	2094	0	107482	111124
111125	2094	0	0	111126
111127	2096	0	0	111128
111129	2096	0	0	111130
111034	2096	0	0	110478
110531	2097	0	0	110509
111131	2097	0	0	111132
111133	2097	0	111134	111135
110531	2097	0	111136	111074
110531	2098	0	0	110509
111137	2098	0	111138	110764
111139	2098	0	111138	111140
111141	2098	0	111138	111142
111143	2098	0	111138	111144
111145	2098	0	111138	110909
111146	2098	0	111147	111148
111149	2098	0	111150	111151
111152	2098	0	111150	111153
111154	2098	0	111150	111155
111156	2098	0	111157	111158
111159	2098	0	111157	111160
111161	2098	0	111157	111162
111163	2098	0	111157	111164
111165	2098	0	111157	111166
111167	2098	0	111157	111074
110531	2099	0	0	111168
111169	2099	0	111170	111171
111172	2099	0	111173	111174
111175	2099	0	111176	111177
108053	2099	0	111178	111179
110987	2099	0	0	111180
111181	2100	0	0	110495
111182	2101	0	0	111183
111184	2102	0	0	111185
111186	2102	0	0	111187
111188	2103	0	0	111189
111190	2104	0	111191	111192
111193	2105	0	111194	111195
111196	2106	0	111197	111198
111199	2107	0	0	111200
111201	2107	0	0	111202
111203	2108	0	111204	111205
111206	2109	0	111207	111208
111209	2110	0	111210	111211
111212	2112	0	111213	111214
111215	2113	0	111216	111217
111218	2114	0	108956	111219
111220	2114	0	107482	111221
111222	2114	0	0	111223
111224	2115	0	111225	111226
111227	2116	0	111228	111229
111230	2117	0	0	111231
111232	2117	0	0	111233
111234	2118	0	111235	111236
111237	2119	0	111238	111239
111240	2120	0	111241	111242
111243	2121	0	111244	111245
111246	2122	0	102395	111247
111248	2122	0	111249	111250
111251	2122	0	0	111252
111253	2123	0	111254	111255
111256	2124	0	111257	111258
111259	2125	0	0	111260
111261	2125	0	0	111262
111263	2126	0	111264	111265
111266	2127	0	111267	111268
111269	2128	0	111270	111271
111272	2129	0	0	111273
111274	2129	0	0	111275
111276	2131	0	111277	111278
111279	2132	0	107374	111280
111281	2132	0	107377	111282
111283	2132	0	107380	111284
111285	2132	0	107383	111286
111287	2133	0	0	111288
111289	2134	0	0	111290
111291	2135	0	111292	111293
111294	2135	0	111292	111295
111296	2136	0	0	111297
111298	2136	0	107503	111299
111300	2136	0	0	111301
111302	2137	0	111303	111304
111305	2144	0	0	111306
111305	2145	0	0	111307
111308	2146	0	0	111309
111310	2147	0	0	111311
111312	2200	0	0	111313
111314	2201	0	0	111315
111316	2201	0	0	111317
111318	2202	0	0	111319
111320	2202	0	0	111321
111322	2203	0	111323	111324
111325	2204	0	111326	111327
111328	2205	0	111329	111330
111331	2206	0	111332	111333
111334	2207	0	0	111335
111336	2207	0	111337	111338
111339	2207	0	0	111340
111341	2208	0	111342	111343
111344	2208	0	0	111345
111346	2208	0	0	111340
111347	2209	0	111348	111349
111350	2209	0	111348	111351
111352	2209	0	111348	111353
111354	2209	0	111348	111355
111356	2210	0	0	111357
111358	2211	0	0	111359
111360	2211	0	0	111361
111362	2212	0	111363	111364
111365	2213	0	0	111366
111367	2213	0	111368	111369
111370	2214	0	111371	111372
111373	2215	0	0	111374
111375	2216	0	0	111376
111377	2217	0	111378	111379
111380	2218	0	111381	111382
111383	2219	0	111384	111385
111386	2220	0	0	111387
111388	2220	0	0	111389
111390	2221	0	0	111391
111392	2221	0	0	111393
111394	2221	0	111395	111396
111397	2222	0	0	111398
111399	2222	0	0	110604
111400	2223	0	0	111401
111402	2223	111403	111404	111405
111406	2223	0	107482	111407
111408	2223	0	0	111409
111410	2224	0	111411	111412
111413	2225	0	0	111414
111415	2225	0	0	111416
111417	2226	0	111418	111419
111420	2227	0	111421	111422
111423	2228	0	0	111424
111425	2230	0	111426	111427
111397	2231	0	0	111398
111428	2231	0	0	111429
111430	2231	0	0	111431
111432	2232	0	0	111433
111434	2232	0	111435	111436
111437	2233	0	0	111438
111439	2233	0	0	111440
111441	2234	0	0	111442
111439	2234	0	0	111440
111443	2235	0	0	111444
111445	2235	0	0	111446
111447	2236	0	111448	111449
111450	2237	0	111451	111452
111453	2238	0	111454	111455
111456	2239	0	0	111457
111458	2239	0	111459	111460
111461	2239	0	111462	111463
111464	2241	0	111465	111466
111467	2242	0	111468	111469
111470	2243	0	0	111471
111472	2244	0	0	111473
111474	2244	0	0	111475
111476	2245	0	0	111477
111478	2245	0	0	111479
111480	2246	0	111481	111482
111483	2247	0	0	111484
111485	2247	0	111486	111487
111488	2248	0	111489	111490
111491	2249	0	111492	111493
111494	2250	0	0	111495
111496	2251	0	111497	111498
111499	2252	0	111500	111501
111502	2252	0	0	111503
111504	2253	0	111505	111506
111507	2254	0	111508	111509
111510	2255	0	0	111511
111512	2255	0	0	111513
111514	2256	0	0	111515
111512	2256	0	0	111513
111516	2257	0	111517	111518
111519	2258	0	111520	111521
111522	2259	0	111523	111524
111525	2260	0	0	111526
111527	2261	0	0	111528
111529	2262	0	111530	111531
111532	2263	0	111533	111534
111535	2264	0	0	111536
111537	2264	0	0	111538
111539	2265	0	111540	111541
111542	2266	0	111543	111544
111545	2266	0	111543	111546
111547	2267	0	0	111548
111549	2267	0	0	111550
111551	2268	0	0	111552
111553	2268	0	0	111550
111554	2269	0	111555	111556
111557	2270	0	111558	111559
111560	2271	0	111561	110610
111562	2271	0	111561	111526
111563	2272	0	111564	111565
111566	2273	0	111567	111568
110638	2274	0	0	110639
111569	2274	0	0	111570
111571	2275	0	0	111572
111573	2276	0	0	111574
111575	2277	0	111576	111577
111578	2278	0	111579	110676
111580	2278	0	111579	111581
111582	2278	0	111579	111583
111584	2278	0	111579	111526
111585	2279	0	111586	111587
111588	2279	0	111586	111589
111590	2279	0	111586	111526
111591	2280	0	0	111592
111593	2280	0	0	111321
111594	2281	0	0	111595
111596	2281	0	0	111597
111598	2282	0	0	111599
110675	2282	0	0	110676
111600	2283	0	111601	111602
111603	2284	0	0	111604
111605	2284	0	0	111606
111607	2284	0	0	111608
111609	2284	0	0	111610
111611	2285	0	0	111487
111612	2286	0	111613	111570
111614	2287	0	111615	111616
111617	2288	0	0	111618
111619	2288	0	0	111620
111621	2289	0	0	111622
111623	2289	0	0	111624
111625	2289	0	0	111626
111627	2289	0	111628	111629
111630	2290	0	0	111631
111632	2290	0	0	111633
111634	2291	0	0	111635
111636	2292	0	111637	111638
111639	2293	0	0	111640
111641	2293	0	0	111642
111643	2296	0	0	111550
111644	2296	0	0	111531
111645	2297	0	0	111646
111647	2298	0	0	111648
111647	2299	0	0	111649
111650	2300	0	0	110810
111651	2301	0	0	111652
111653	2302	0	111654	111655
111656	2303	0	0	111657
111658	2303	0	108956	111659
111660	2303	0	107482	111661
111662	2303	0	0	111663
111664	2304	0	0	111665
111666	2304	0	0	111667
111668	2305	0	111669	111670
111671	2306	0	0	111672
111673	2307	0	111674	111675
111676	2307	0	0	111677
111678	2307	0	0	111679
111680	2308	0	0	111681
111682	2308	0	0	111683
111684	2309	0	0	111685
111686	2309	0	0	111687
111688	2310	0	111689	111690
111691	2311	0	111692	111693
111694	2312	0	111695	111696
111697	2313	0	0	111698
111699	2313	0	0	111700
111701	2314	0	111702	111703
111704	2316	0	0	111705
111706	2317	0	0	111707
110721	2317	0	0	110708
111708	2318	0	0	111709
111710	2318	0	0	111711
111712	2319	0	0	111713
111714	2320	0	111715	111716
111717	2321	0	0	111718
111719	2321	0	111720	111721
111722	2322	0	0	111723
111724	2322	0	0	111725
111726	2323	0	111727	111728
111729	2324	0	0	111730
111731	2325	0	111732	111733
111734	2326	0	0	111735
111736	2326	0	0	111737
111738	2327	0	0	111739
111740	2327	0	0	111741
111742	2328	0	111743	111744
111745	2329	0	111746	111747
111748	2330	0	111749	111750
111751	2331	0	0	111752
110730	2331	0	0	110726
111753	2332	0	111754	111755
111756	2333	0	111757	111758
111759	2333	0	0	111760
111761	2333	0	0	111762
111763	2333	0	0	111764
111765	2334	0	0	111766
111767	2338	0	0	111768
111767	2339	0	0	111769
111770	2340	0	111771	111772
111773	2341	0	0	111774
111775	2341	0	0	111776
111777	2342	0	0	111778
111775	2342	0	0	111776
111779	2343	0	0	111780
111781	2344	0	0	111782
110703	2344	0	0	111737
111783	2345	0	111784	111785
111786	2345	0	0	111760
111787	2345	0	111788	111789
111790	2345	0	111791	111792
111793	2346	0	111794	111795
111796	2351	0	0	111797
111798	2351	0	0	111799
111800	2352	0	0	111801
111798	2352	0	0	111799
111802	2353	0	111803	111804
111805	2354	0	0	111806
111807	2354	0	0	111808
111809	2355	0	0	111810
111811	2355	0	0	111808
111812	2356	0	111813	111814
111815	2357	0	0	111816
111817	2357	0	0	111818
111819	2358	0	0	111820
111821	2358	0	0	111822
111823	2359	0	111824	111825
111826	2360	0	0	111827
111828	2360	0	0	111829
111830	2361	0	111831	111832
111833	2362	0	111834	111835
111836	2363	0	0	111837
111838	2363	0	0	111839
111840	2364	0	111841	110785
111842	2365	0	0	111843
111838	2365	0	0	111839
111844	2366	0	0	111845
111838	2366	0	0	111839
111846	2367	0	0	111847
111848	2367	0	111849	111850
111851	2367	0	111852	111853
111854	2368	0	0	111855
111856	2368	0	0	111818
111857	2369	0	111858	111859
111860	2370	0	0	111861
111848	2370	0	0	111850
111862	2371	0	111863	111864
111865	2372	0	0	111866
111867	2372	0	0	111868
111869	2372	0	111870	111871
111872	2372	0	111873	111874
111875	2372	0	0	111876
111851	2372	0	0	111877
111878	2373	0	111879	111880
111881	2374	0	0	111882
110752	2374	0	0	111883
111884	2375	0	0	111885
111848	2375	0	0	111850
111886	2376	0	0	111887
111851	2376	0	0	111888
111889	2377	0	0	111890
111848	2377	0	0	111850
111891	2378	0	111892	111893
111894	2379	0	111895	111896
111897	2380	0	111898	111899
111900	2381	0	111901	111902
111903	2382	0	0	111904
111905	2382	0	0	111906
111907	2383	0	0	111908
111909	2383	0	0	111910
111911	2383	0	0	111912
111913	2384	0	111914	111915
111916	2385	0	0	111917
111918	2385	0	0	111919
111920	2386	0	111921	111922
111923	2387	0	111924	111925
111926	2388	0	0	111927
110784	2388	0	0	111928
111929	2389	0	111930	111931
111932	2390	0	0	111933
110778	2390	0	0	111928
111934	2391	0	111935	111936
111937	2392	0	111938	111939
111940	2393	0	111941	111942
111943	2394	0	0	111944
111945	2394	0	0	111946
111947	2394	0	0	111948
111949	2395	0	111950	111951
111952	2398	0	0	111953
111954	2398	0	0	111955
111956	2400	0	111957	111958
111959	2401	0	111960	111961
111962	2402	0	111963	111964
111965	2403	0	0	111966
111967	2403	0	0	111968
111969	2404	0	0	111970
111971	2404	0	0	111972
111973	2405	0	0	111974
111975	2405	0	0	111976
111977	2406	0	0	111978
110784	2406	0	0	111928
111979	2407	0	111980	111981
111982	2408	0	0	111983
111984	2408	0	0	111985
111986	2409	0	0	111987
111988	2409	0	0	111989
111990	2410	0	0	111991
111984	2410	0	0	111985
111992	2411	0	0	111993
111994	2411	0	107374	111995
111996	2411	0	107377	111997
111998	2412	0	111999	112000
112001	2413	0	112002	112003
110763	2414	0	0	110764
110761	2414	0	0	111951
112004	2415	0	0	112005
111994	2415	0	0	111995
112006	2416	0	112007	112008
112009	2417	0	112010	112011
112012	2418	0	112013	112014
112015	2419	0	112016	112017
112018	2421	0	112019	112020
112021	2421	0	112019	112022
112023	2422	0	0	112024
112025	2422	0	0	112026
112027	2422	0	0	112028
112025	2423	0	0	112029
112030	2423	0	112031	112032
112033	2423	0	0	112034
112035	2423	0	0	112036
112037	2424	0	0	112038
112039	2425	0	112040	112041
112042	2426	0	0	112043
112037	2426	0	0	112044
112045	2427	0	112046	112047
112048	2428	0	112049	112050
112051	2428	0	112049	112052
112053	2428	0	112049	112038
112054	2429	0	112055	112056
112057	2430	0	0	112024
112058	2430	0	112059	112060
112061	2430	0	107482	112062
112063	2430	0	107377	112064
111662	2430	0	108271	112065
112066	2430	0	112067	112068
112069	2431	0	112070	112071
112072	2432	0	0	112073
110790	2432	0	0	112074
112075	2433	0	0	112076
110795	2433	0	0	112077
112078	2434	0	0	112079
110795	2434	0	0	112080
112081	2435	0	0	112074
112082	2435	0	0	112011
112083	2436	0	0	112084
112085	2436	0	0	112086
112087	2436	0	0	112088
112089	2437	0	0	112090
112087	2437	0	0	112091
112092	2438	0	0	112093
112094	2438	0	0	112095
112096	2439	0	0	112097
112094	2439	0	0	112095
112098	2440	0	112099	112100
112101	2442	0	112102	112103
112104	2443	0	0	112105
112106	2443	0	0	112107
112108	2444	0	0	112109
112110	2444	0	0	112111
112112	2445	0	0	112113
112114	2446	0	112115	112116
112117	2447	0	0	112118
112119	2447	0	0	112120
112121	2448	0	0	112122
111848	2448	0	112123	111850
111851	2448	0	112124	111853
112125	2449	0	0	112126
111848	2449	0	0	112127
112128	2451	0	0	112129
112130	2452	0	112131	112132
112133	2453	0	0	112134
112135	2454	0	0	112136
112137	2455	0	0	112138
112139	2456	0	0	112140
112141	2457	0	0	112142
112143	2458	0	112144	112145
112146	2458	0	112147	112148
112149	2459	0	0	112150
112151	2460	0	0	112152
112153	2461	0	0	112154
112155	2462	0	0	112156
112157	2463	0	112158	112159
112160	2464	0	112161	112162
112163	2465	0	0	112164
112165	2466	0	0	112166
112167	2467	0	0	112168
112169	2468	0	0	112170
112171	2469	0	0	112172
112173	2470	0	0	112174
112175	2471	0	112176	112177
112178	2472	0	0	112179
112180	2473	0	0	112181
112182	2474	0	0	112183
112184	2475	0	0	112185
112186	2476	0	112187	112188
112189	2477	0	112190	112191
112192	2477	0	112193	112194
112195	2477	0	112196	112197
112198	2478	0	112199	112200
110679	2479	0	0	112201
108510	2480	0	0	108505
107533	2480	0	0	107534
110679	2480	0	112202	112201
112203	2481	0	112204	112205
110998	2482	0	0	112206
112207	2482	0	0	112208
112209	2482	0	0	112210
112211	2483	0	112212	112213
112214	2484	0	112215	112216
112217	2484	0	112218	112219
112220	2485	0	0	112221
110750	2485	0	0	112222
112223	2486	0	0	112224
112225	2486	0	0	112226
112227	2486	0	0	112228
110778	2486	0	0	110785
112229	2487	0	112230	112231
112223	2488	0	0	112224
110825	2488	0	0	110986
112232	2489	0	0	112233
112234	2489	0	0	112235
112236	2490	0	112237	112238
112239	2491	0	112240	112241
112242	2492	0	112243	112244
112245	2493	0	0	112246
112247	2493	0	0	112248
112249	2494	0	112250	112251
112252	2495	0	112253	112254
112255	2496	0	112256	112257
112258	2497	0	112259	112260
112261	2498	0	0	112262
112263	2499	0	112264	112265
112266	2500	0	0	110846
112267	2501	0	0	112268
112269	2501	0	0	112270
110827	2501	0	0	112271
110975	2501	0	0	112272
112273	2502	0	112274	112275
112276	2503	0	112277	112278
112279	2504	0	112280	112281
112282	2505	0	112283	112284
112285	2505	0	112286	112287
112288	2506	0	0	112289
110845	2506	0	0	112290
112291	2507	0	112292	112293
112294	2508	0	0	112295
112296	2509	0	0	112297
110853	2509	0	0	110850
112298	2511	0	112299	112300
112301	2512	0	112302	110850
112303	2512	0	112304	112305
112306	2513	0	0	112307
112308	2513	0	0	112309
112310	2514	0	0	112311
112312	2514	0	0	112313
110845	2514	0	0	110986
112314	2515	0	112315	112316
112317	2515	0	0	112318
112319	2515	0	112320	112321
112322	2515	0	112323	112324
112325	2516	0	0	112326
112327	2516	0	0	112328
112329	2519	0	0	112330
112329	2520	0	0	112331
112332	2521	0	0	112333
110853	2521	0	0	110850
112334	2522	0	0	112335
110853	2522	0	0	110850
112336	2523	0	112337	112338
112339	2523	0	112340	112341
112342	2523	0	112343	112344
112345	2523	0	0	112346
112347	2524	0	0	112348
112349	2524	0	0	112350
112351	2525	0	112352	112353
112354	2526	0	0	112355
112356	2527	0	112357	112358
112359	2528	0	0	112360
112361	2528	0	0	112362
112363	2529	0	112364	112365
112366	2530	0	0	112367
112368	2530	0	0	110850
112369	2531	0	112370	112371
112372	2532	0	112373	112293
112374	2533	0	112375	112376
112377	2533	0	112378	110850
112379	2534	0	112380	112381
112382	2535	0	0	112383
112361	2535	0	0	112362
112384	2537	0	0	112385
112386	2537	0	0	112387
112388	2538	0	0	112389
112390	2538	0	0	112391
112388	2538	0	112392	110452
112393	2538	0	112394	112395
112396	2539	0	0	112044
112397	2539	0	0	112398
112399	2539	0	0	112400
112401	2539	0	0	112402
112403	2540	0	112404	112405
112406	2541	0	112407	112408
112409	2542	0	112410	112411
112412	2542	0	0	112413
112414	2543	0	112415	112416
112417	2544	0	0	112418
112419	2544	0	0	112420
112421	2545	0	112422	112423
112424	2546	0	112425	112426
112427	2547	0	112428	112429
112430	2548	0	112431	112432
112433	2549	0	0	112434
112435	2549	0	0	112287
112436	2550	0	0	112437
112438	2550	0	0	112439
112440	2551	0	0	112441
112433	2551	0	0	112434
112442	2552	0	0	112443
112444	2552	0	0	112338
112445	2553	0	0	112290
112433	2553	0	0	112446
112447	2554	0	112448	112449
112450	2555	0	0	112451
112342	2555	0	0	112434
110939	2556	0	0	112452
112453	2557	0	112454	112455
112456	2558	0	112457	112458
112459	2559	0	112460	112461
112462	2560	0	0	112463
112464	2560	0	0	110940
112465	2561	0	0	112466
112467	2561	0	0	112468
112469	2562	0	112470	112471
112472	2563	0	112473	112474
112475	2564	0	112476	112477
112478	2564	0	112476	112479
112480	2564	0	112476	112481
112482	2564	0	0	110926
112483	2565	0	112484	112485
112486	2566	0	0	112487
112488	2566	0	0	112489
112490	2567	0	0	112491
112488	2567	0	0	112489
112492	2568	0	112493	112494
110960	2569	0	112495	112496
112497	2569	0	112495	112381
112498	2570	0	112499	112500
112501	2571	0	112502	112503
112504	2572	0	112505	112506
112507	2573	0	0	112508
112509	2573	0	0	112510
112511	2574	0	112512	112513
112514	2575	0	0	112515
112516	2575	0	0	112517
112518	2576	0	0	112519
112520	2576	0	0	112521
112522	2577	0	0	112523
112524	2577	0	0	112525
112526	2578	0	0	112527
112528	2578	0	0	112529
112530	2578	0	0	112531
112532	2579	0	112533	112534
112535	2580	0	0	112536
112537	2581	0	112538	112539
112540	2582	0	0	112541
112520	2582	0	0	112521
112390	2583	0	0	112542
110763	2583	0	0	112543
110847	2583	0	0	112544
112545	2585	0	112546	112547
112548	2586	0	112549	112550
112551	2587	0	0	112552
110900	2587	0	0	110901
112553	2588	0	112554	112555
112556	2589	0	0	112557
112558	2589	0	0	112559
112560	2590	0	0	0
112561	2593	0	0	112562
112563	2593	0	0	112564
112565	2594	0	0	112566
112567	2594	0	0	112568
112569	2595	0	112570	112571
112572	2596	0	112573	112574
112575	2597	0	112576	112577
112578	2599	0	112579	112580
112342	2600	0	0	112434
112581	2600	0	112582	112583
112584	2600	0	107482	112446
112585	2601	0	0	112586
112587	2601	0	0	112588
112589	2602	0	112590	112591
112386	2605	0	0	112592
112593	2606	0	0	112395
112594	2607	0	0	112402
112595	2608	0	0	112596
112597	2608	0	0	112362
112598	2611	0	0	112599
112600	2611	0	0	112601
112602	2611	0	0	112603
112604	2611	0	0	112494
112605	2612	0	112606	112607
112608	2613	0	112609	110957
112610	2614	0	112611	112612
112613	2615	0	0	112614
112615	2615	0	0	112616
112617	2616	0	0	112618
112619	2616	0	0	112616
112620	2617	0	112621	112622
112623	2618	0	0	112624
112604	2618	0	0	112625
112626	2619	0	112627	112628
112629	2620	0	112630	112631
112632	2620	0	0	112633
112634	2620	0	0	110936
112635	2621	0	112636	112637
112638	2622	0	0	112639
112640	2622	0	0	112641
112642	2623	0	112643	112644
112645	2624	0	112646	112647
112648	2625	0	112649	112650
112651	2626	0	112652	112653
112654	2627	0	112655	112656
112657	2628	0	0	112658
112659	2628	0	0	112660
112661	2629	0	0	112662
112659	2629	0	0	112660
112663	2630	0	0	112664
112665	2630	0	0	112666
112667	2631	0	112668	112669
112670	2632	0	0	112671
112672	2632	0	0	112673
112674	2633	0	0	112675
112676	2633	0	112677	112678
112679	2633	0	0	112680
112681	2633	0	0	112682
112683	2634	0	0	112684
112685	2634	0	0	112686
112687	2634	0	0	112688
112689	2635	0	0	112690
112691	2635	0	0	112692
112693	2638	0	0	112694
110953	2638	0	0	112695
112696	2639	0	0	112697
110951	2639	0	0	110952
112698	2640	0	112699	112700
112701	2641	0	0	110952
112702	2641	0	0	112703
112704	2641	0	0	112705
112706	2641	0	0	112707
112708	2642	0	112709	112710
112711	2643	0	112712	112713
112714	2644	0	0	112715
112716	2644	0	0	110952
112717	2645	0	112718	112719
112663	2646	0	0	112664
112720	2646	0	112721	112722
112723	2646	0	112724	112725
112726	2646	0	0	112628
112727	2647	0	0	112728
112729	2648	0	0	112730
112716	2648	0	0	110952
112731	2649	0	112732	112733
112734	2650	0	0	112735
112736	2650	0	0	112737
112738	2651	0	0	112739
112740	2651	0	0	112741
112742	2652	0	112743	112744
112745	2653	0	0	112746
112736	2653	0	0	112747
112745	2654	0	0	112748
112749	2655	0	0	112750
112751	2655	0	0	112746
112752	2656	0	112753	112747
112754	2657	0	0	112755
112756	2658	0	112757	112758
112759	2659	0	0	109121
109122	2659	0	0	109123
109124	2660	0	112760	112761
112762	2661	0	0	112763
112764	2661	0	0	112664
112765	2662	0	0	112766
112764	2662	0	0	112664
112767	2663	0	0	112768
112769	2663	0	112770	112771
112772	2664	0	112773	112774
112764	2664	0	0	112775
112776	2665	0	0	112777
112764	2665	0	0	112664
112778	2667	0	112779	112780
112781	2668	0	0	112782
112783	2668	0	0	112784
112785	2669	0	0	112786
112787	2669	0	0	112788
112789	2669	0	0	112775
112445	2670	0	0	112290
112790	2670	0	0	111989
112791	2671	0	0	112792
112793	2671	0	0	110963
112794	2673	0	112795	112796
112797	2674	0	0	112798
112793	2674	0	0	110963
112799	2675	0	112800	112801
112802	2676	0	0	112803
112793	2676	0	0	110963
112804	2677	0	0	112805
112806	2677	0	0	112807
112808	2678	0	0	112809
112808	2679	0	0	112810
112811	2680	0	0	112812
112813	2681	0	0	112814
112815	2682	0	0	112816
112817	2683	0	0	112818
112819	2684	0	0	112820
112821	2685	0	0	112822
112823	2686	0	0	112824
112825	2687	0	0	112826
112827	2688	0	0	112828
112829	2689	0	0	112830
112663	2690	0	0	112771
112831	2691	0	112832	112833
112834	2692	0	112835	112836
112837	2692	0	112835	112838
112839	2692	0	112835	112840
112841	2692	0	112842	112843
112445	2693	0	0	112290
112844	2693	0	0	112845
112846	2694	0	112847	112848
112849	2695	0	0	111989
112850	2696	0	0	112851
107945	2696	0	0	112852
112853	2697	0	0	112854
112855	2698	0	112856	112857
112858	2699	0	112859	112860
112861	2701	0	0	112862
112863	2702	0	0	109729
112864	2702	0	0	112865
112866	2703	0	0	109733
112867	2703	0	0	112865
112868	2704	0	0	109735
112864	2704	0	0	112865
112869	2705	0	0	109737
112864	2705	0	0	112865
112870	2706	0	0	109739
112864	2706	0	0	112865
112871	2707	0	0	109741
112872	2707	0	0	112873
112874	2708	0	0	109745
112872	2708	0	0	112873
112875	2709	0	0	109747
112872	2709	0	0	112873
112876	2710	0	0	109749
112877	2710	0	0	112873
112878	2715	0	0	112879
112880	2715	0	0	112881
112882	2716	0	0	112883
112884	2716	0	0	112885
112886	2718	0	103335	112887
112888	2718	0	112889	112890
112438	2718	0	112891	112892
107900	2718	0	112893	109764
112894	2719	0	0	109766
112895	2719	0	0	110978
112896	2720	0	0	109770
112895	2720	0	0	110978
111021	2721	0	0	112897
110964	2721	0	0	110965
111019	2721	0	0	112898
112899	2722	0	0	112900
111005	2722	0	0	112901
112902	2722	0	0	112903
112904	2722	0	0	112905
112906	2722	0	0	112907
112908	2722	0	0	112909
112910	2722	0	0	112911
112912	2722	0	0	112913
112914	2722	0	112915	112916
112917	2724	0	0	112918
112919	2724	0	0	112920
112921	2724	0	0	112922
112923	2725	0	0	112924
110990	2725	0	0	112925
112926	2726	0	0	112927
112928	2726	0	0	112929
112930	2726	0	0	112931
112932	2727	0	112933	112934
112880	2727	0	112933	112935
112936	2727	0	112933	112937
112938	2728	0	112939	112940
112941	2729	0	112942	112943
112944	2730	0	0	112945
112946	2730	0	0	112924
112947	2731	0	112948	112949
112950	2733	0	0	112951
112952	2734	0	0	112953
112954	2736	0	0	112955
112956	2736	0	0	110978
109840	2737	0	0	112957
110977	2737	0	0	110978
112958	2738	0	0	112959
112956	2738	0	0	110978
112960	2739	0	0	112961
110977	2739	0	0	110978
112962	2741	0	112963	112964
112965	2742	0	0	112966
112967	2742	0	0	112968
112969	2743	0	0	112970
112967	2743	0	0	112968
112971	2744	0	112972	112973
112974	2745	0	0	112975
112976	2745	0	0	112977
112978	2746	0	112979	112980
112981	2747	0	0	112982
112983	2747	0	0	112984
112985	2748	0	0	112986
112987	2748	0	0	112988
112989	2749	0	0	112990
112991	2749	0	0	112992
109865	2750	0	0	109866
112993	2750	0	0	112994
112995	2751	0	112996	112997
112998	2752	0	112999	113000
113001	2753	0	0	113002
113003	2753	0	0	110991
113004	2754	0	113005	113006
113007	2755	0	0	113008
113009	2755	0	0	113010
113011	2756	0	0	113012
113009	2756	0	0	113010
113013	2757	0	0	113014
113015	2758	0	0	113016
113017	2758	0	113018	112489
113019	2759	0	0	113020
113021	2759	0	0	113022
113023	2760	0	113024	113025
113026	2761	0	113027	113028
113029	2762	0	113030	113031
113032	2763	0	113033	113034
113035	2764	0	0	113036
113037	2764	0	0	113038
113039	2765	0	113040	113041
113042	2766	0	113043	113044
113045	2767	0	113046	113047
110157	2767	0	113046	110158
111049	2767	0	113046	113048
113049	2769	0	0	113050
113051	2769	0	0	113052
113053	2770	0	0	113054
113055	2770	0	0	113038
113056	2771	0	0	113057
113058	2771	0	0	113059
113060	2772	0	113061	113062
113063	2773	0	113064	113065
113066	2773	0	113064	112346
113067	2774	0	113068	113069
113070	2775	0	113071	113072
113073	2776	0	0	113074
113075	2779	0	113076	113077
113078	2780	0	0	113079
113080	2780	0	0	113081
113082	2781	0	113083	113084
113085	2782	0	0	109963
113086	2782	0	0	113087
113088	2783	0	113089	113090
113091	2784	0	113092	113093
113094	2785	0	0	113095
113096	2785	0	0	113097
113098	2786	0	0	113099
113100	2786	0	0	113101
113102	2787	0	0	113103
113104	2787	0	0	113105
113106	2788	0	113107	113108
113109	2789	0	113110	113111
113112	2790	0	0	113113
113114	2790	0	0	113115
113116	2791	0	113117	113118
113119	2792	0	0	113120
113121	2792	0	0	113122
113123	2793	0	113124	113125
113126	2794	0	113127	113128
113129	2795	0	0	113130
113131	2795	0	0	113132
113133	2796	0	113134	113135
113136	2797	0	113137	113138
113139	2798	0	113140	113141
113142	2798	0	113140	112977
113021	2798	0	113140	113143
113144	2798	0	113140	113145
113146	2798	0	113140	113147
113148	2798	0	113140	113149
113150	2798	0	113140	113151
113152	2798	0	113140	113153
113154	2798	0	113140	113155
113156	2798	0	113140	110028
113157	2801	0	113158	113159
113160	2802	0	113161	113162
113163	2803	0	113164	113165
113166	2804	0	113167	113168
113169	2805	0	113170	113171
113172	2806	0	113173	113174
113175	2808	0	113176	113177
113178	2809	0	113179	113180
113181	2810	0	113182	113183
113184	2811	0	113185	113186
113187	2812	0	113188	113189
113190	2813	0	113191	113192
113193	2814	0	113194	113195
113196	2815	0	113197	113198
113199	2816	0	113200	113201
113202	2819	0	113203	113204
113205	2820	0	113206	113207
113208	2821	0	113209	113210
113211	2822	0	113212	113213
113214	2823	0	113215	113216
113217	2824	0	113218	113219
113220	2825	0	113221	113222
113223	2826	0	113224	113225
113226	2833	0	113227	113228
113229	2838	0	0	110109
113230	2838	0	0	113231
113232	2839	0	0	110113
113233	2839	0	0	113234
113235	2840	0	0	110117
113236	2840	0	0	113237
113238	2841	0	0	113239
113240	2841	0	0	113241
113242	2842	0	0	110125
113243	2842	0	0	113244
113245	2843	0	0	110129
113246	2843	0	0	113247
113248	2844	0	0	110133
113249	2844	0	0	113250
113251	2845	0	0	110137
113252	2845	0	0	113253
110994	2846	0	0	113254
110996	2846	0	0	112838
113255	2846	0	0	113256
112209	2847	0	0	113257
110146	2847	0	0	110147
112227	2847	0	0	113258
113259	2848	0	0	113260
112919	2848	0	0	112920
113261	2848	0	0	112666
113262	2849	0	113263	113264
113265	2900	0	0	113266
110531	2900	0	0	111035
113267	2900	0	0	113268
112388	2900	0	0	110452
113269	2900	0	0	113270
113271	2900	0	113272	113273
113274	2900	0	113275	113276
113277	2900	0	113278	113279
113280	2900	0	113281	113282
113269	2900	0	113283	113284
110531	2900	0	0	113285
113286	2900	0	0	113287
113288	2901	0	113289	113290
113291	2901	0	113289	113292
113293	2902	0	113294	113290
113295	2902	0	113294	113292
113293	2903	0	113296	113290
113295	2903	0	113296	113292
113297	2904	0	113298	113290
113299	2904	0	113298	113292
113300	2905	0	0	113301
113302	2906	0	0	113303
113304	2907	0	0	113305
113306	2908	0	0	113307
113308	2909	0	0	113309
113310	2910	0	0	113311
113312	2911	0	0	113313
113314	2912	0	113315	113316
113317	2912	0	113315	113318
113319	2912	0	113315	113320
113321	2912	0	113315	113322
113323	2913	0	113324	113325
113326	2913	0	113324	113327
113328	2913	0	113324	113329
113321	2914	0	113330	113331
113332	2914	0	113330	113333
113334	2915	0	0	113335
113336	2916	0	0	113337
113338	2916	0	0	113339
113340	2916	0	0	113341
113342	2916	0	0	111490
113343	2916	0	0	113344
113345	2916	0	0	113346
113347	2916	0	113348	113349
113350	2917	0	113351	113352
113353	2917	0	113351	113354
113355	2917	0	113351	113356
113357	2918	0	0	113358
113359	2919	0	0	113360
113361	2919	0	0	113362
113363	2919	0	0	113364
110833	2919	0	0	113365
113366	2919	0	113367	113368
113369	2919	0	0	113370
113371	2919	0	113372	113373
113374	2920	0	0	113375
113376	2920	0	0	113377
113378	2921	0	0	113379
113380	2921	0	0	113362
113381	2921	0	0	113382
113383	2921	0	0	113384
113385	2922	0	0	113386
113387	2922	0	107374	113388
113389	2922	0	107377	113354
113390	2923	0	113391	113392
113393	2924	0	113394	113395
113396	2925	0	0	113397
113398	2925	0	0	113399
113400	2925	0	0	113401
113402	2925	0	0	113403
113404	2925	0	0	113405
113406	2925	0	107482	113407
113408	2925	0	0	113409
113410	2926	0	113411	113412
113413	2927	0	113414	113415
113416	2928	0	113417	113418
113383	2928	0	113417	113384
113419	2931	0	113420	113421
113419	2932	0	113422	113423
113419	2933	0	113424	113425
113419	2934	0	113426	113427
113419	2935	0	113428	113429
113419	2936	0	113430	113431
113432	2937	0	0	113433
113434	2938	0	0	111313
113435	2938	0	113436	113437
113438	2939	0	113439	113440
113441	2940	0	113442	113443
113444	2941	0	113445	113440
113446	2942	0	113447	113448
113449	2943	0	113450	113440
113451	2944	0	113452	113443
113453	2945	0	0	113454
113455	2945	0	0	113456
113453	2945	0	0	113457
113458	2946	0	0	113454
113459	2946	0	0	112206
113460	2946	0	0	112052
113461	2946	0	0	113462
113463	2946	0	0	110787
113464	2947	0	0	113465
110809	2947	0	107482	111987
113466	2947	0	0	113467
113468	2947	0	113469	113470
113471	2947	0	107482	113472
110736	2947	0	107482	110820
113473	2947	0	113474	113475
113476	2947	0	107503	111066
113477	2947	0	107482	113478
110809	2947	0	0	113479
113480	2948	0	0	113481
113482	2949	0	113483	113484
113485	2950	0	113486	113487
113488	2951	0	0	110337
113489	2952	0	113490	113491
113492	2953	0	113493	113494
113495	2953	0	0	113496
113497	2954	0	0	113498
113499	2954	0	113500	113496
113501	2955	0	0	113502
113503	2956	0	113504	113505
113506	2957	0	0	113507
113508	2957	0	0	113327
113506	2957	0	0	113509
113501	2958	0	0	113510
113511	2958	0	0	113512
113513	2959	0	0	113514
113515	2960	0	0	113516
111072	2961	0	0	113517
113518	2962	0	0	113519
113520	2962	0	0	113260
113521	2962	0	0	111064
113259	2963	0	0	113260
113521	2963	0	0	113517
113259	2964	0	0	113260
111072	2964	0	113522	113517
113523	2965	0	0	113524
111021	2965	0	0	113525
113526	2965	0	0	113527
113528	2966	0	0	113529
113530	2967	0	0	113529
113531	2968	0	0	113529
113532	2969	0	0	113533
113534	2970	0	0	113533
113535	2971	0	0	113533
113536	2972	0	0	113537
113538	2973	0	0	113539
113540	2974	0	0	113541
113542	2975	0	0	113543
113544	2976	0	0	113545
113546	2977	0	0	113547
113548	2978	0	0	113549
113550	2979	0	0	113551
113552	2980	0	0	113553
113554	2981	0	0	113555
113556	2982	0	0	113557
113558	2983	0	0	113559
113560	2984	0	113561	113562
113563	2985	0	0	113564
111817	2988	0	0	111818
113565	2988	0	0	113566
113567	2988	0	0	113568
113569	2988	0	0	113570
113571	2989	0	0	113572
113573	2989	0	0	113574
113575	2989	0	0	113576
113577	2989	0	0	113578
113579	2989	0	0	113580
113581	2990	0	113582	113583
113569	2990	0	0	113584
113585	2990	0	0	110428
113573	2990	0	0	113586
113587	2990	0	0	113588
113579	2990	0	0	113589
113590	3001	0	0	113591
113592	3001	0	0	113593
113594	3001	0	0	113595
113596	3001	0	0	113597
113598	3002	0	0	113599
113596	3002	0	0	113600
113601	3003	0	113602	113603
113604	3004	0	113605	113606
113607	3005	0	0	113608
113609	3005	0	0	113610
113611	3006	0	0	113612
113613	3006	0	0	113614
113596	3006	0	113615	113597
113616	3007	0	113617	113618
113609	3008	0	0	113610
113619	3008	0	0	113620
113621	3008	0	0	108591
113622	3009	0	113623	113624
113625	3010	0	113626	113627
113628	3011	0	0	113629
113630	3011	0	0	113631
113632	3012	0	113633	113634
113635	3013	0	113636	113637
113638	3013	0	0	113612
113639	3013	0	0	113640
113641	3014	0	0	113642
113643	3014	0	0	113644
113645	3015	0	0	113646
113647	3015	0	0	113648
113649	3016	0	0	113650
113596	3016	0	0	113600
113651	3017	0	0	113652
113653	3018	0	113654	113655
113656	3019	0	113657	113658
113659	3020	0	113660	113631
113661	3020	0	0	113662
113663	3021	0	0	113664
113590	3021	0	0	113591
113665	3022	0	113666	113667
113668	3023	0	0	113669
113670	3023	0	113671	113672
113673	3023	0	113674	113675
113676	3023	0	0	113677
113678	3031	0	0	113679
113680	3031	0	0	113681
113682	3032	0	113683	113684
113685	3033	0	0	113686
107951	3033	0	0	113687
113688	3034	0	113689	113690
113691	3035	0	113692	113693
113694	3035	0	113692	107897
107951	3035	0	113695	113696
113697	3036	0	113698	113699
107985	3036	0	0	107950
113700	3037	0	0	113701
113702	3037	0	113703	113704
113705	3038	0	113706	113707
113708	3039	0	113709	113710
113711	3040	0	113712	113713
113714	3041	0	0	113715
113716	3041	0	113717	113718
113719	3042	0	0	113720
113721	3042	0	0	113722
113723	3043	0	0	113724
113721	3043	0	0	113722
113725	3044	0	0	113726
113727	3045	0	0	113728
107953	3045	0	0	113729
113730	3046	0	0	113731
113732	3046	0	0	113733
113734	3047	0	113735	113736
113737	3048	0	0	113733
113738	3048	0	0	113739
113740	3049	0	0	113741
113742	3050	0	113743	113744
113745	3050	0	0	113746
113747	3050	0	0	113748
113732	3050	0	0	113749
113750	3050	0	0	113751
113752	3051	0	0	113753
113754	3051	0	0	113755
113756	3052	0	0	113757
113758	3052	0	0	113759
113760	3053	0	113761	113762
113763	3054	0	113764	113765
113766	3055	0	113767	113768
113769	3056	0	0	113770
113771	3056	0	0	113772
113773	3056	0	0	113774
113775	3057	0	0	113776
113777	3057	0	0	113774
113778	3058	0	103773	113759
113779	3058	0	103773	113780
113781	3058	0	0	113782
113783	3059	0	113784	113785
113786	3060	0	0	113787
113788	3060	0	0	113789
113790	3060	0	0	113791
113792	3060	0	0	113793
113794	3061	0	113795	113796
113797	3062	0	113798	113799
113800	3063	0	113801	113802
113803	3072	0	0	113804
113805	3073	0	0	113806
113807	3075	0	0	113808
113809	3075	0	0	113810
113811	3076	0	0	109731
113812	3076	0	0	113813
113814	3076	0	113815	113696
113816	3077	0	113817	113818
113819	3078	0	113820	113821
113822	3079	0	0	113823
113824	3079	0	0	113687
113825	3080	0	0	113826
113827	3080	0	0	113828
108490	3081	0	0	113693
113829	3081	0	0	113830
113831	3082	0	113832	113833
113834	3082	0	0	108503
113835	3082	0	113836	113837
113838	3082	0	0	107950
113839	3083	0	0	109346
113840	3083	0	0	113841
113842	3083	0	0	113843
113844	3084	0	113845	113846
113847	3085	0	113848	113693
113849	3085	0	113848	113597
113850	3086	0	0	113851
113852	3086	0	113853	113854
113855	3087	0	0	113856
113857	3087	0	113858	113859
113860	3088	0	0	113861
113862	3088	0	113863	113864
113865	3088	0	107482	113866
113867	3088	0	107482	113868
113849	3088	0	107377	113869
113870	3088	0	113871	113872
113873	3089	0	113874	113875
113876	3090	0	0	113877
113878	3090	0	0	113879
113876	3090	0	0	113880
113881	3090	0	113882	113883
113884	3090	0	113885	113886
113887	3091	0	0	113888
113889	3091	0	0	113890
113891	3092	0	0	113892
113893	3092	0	113894	113895
113896	3093	0	0	113897
113898	3093	0	0	113899
113900	3093	0	113901	113902
113903	3093	0	0	113904
113905	3094	0	0	113906
113907	3094	0	0	113908
113909	3095	0	0	113910
113911	3095	0	113912	109010
113913	3095	0	0	113914
113915	3096	0	113916	113917
113918	3097	0	0	113919
113909	3097	0	0	113910
113920	3098	0	0	113921
113909	3098	0	0	113910
113922	3099	0	113923	113924
113925	3100	0	113926	113927
113928	3100	0	0	113929
113930	3101	0	113931	113932
113716	3102	0	0	113933
113934	3102	0	0	113935
113936	3102	0	0	113914
113937	3103	0	0	113938
113939	3104	0	113940	113941
113942	3105	0	0	113943
113809	3105	0	0	113810
113944	3106	0	113945	113946
113947	3110	0	0	113608
113609	3110	0	0	113610
113948	3111	0	0	113808
113949	3111	0	0	107934
113950	3112	0	113951	113952
113953	3113	0	0	113921
113954	3113	0	0	113955
113956	3114	0	0	113957
113956	3115	0	0	113958
113959	3200	0	0	113960
113961	3200	0	113962	113963
113964	3200	0	113965	113966
113967	3200	0	0	113968
113969	3200	0	0	113970
113971	3201	0	0	113972
113973	3201	0	0	113974
113975	3202	0	113976	113977
113978	3203	0	113979	113980
113981	3204	0	113982	113983
113984	3205	0	0	113985
113986	3205	0	0	113987
113988	3205	0	0	113989
113990	3206	0	113991	113992
113993	3207	0	113994	113995
107852	3208	0	113996	107853
108490	3208	0	113996	113997
113998	3208	0	113996	113999
113998	3209	0	0	114000
114001	3209	0	114002	114003
114004	3210	0	0	114005
114006	3210	0	0	114007
114008	3210	0	0	114009
114010	3211	0	0	114011
114012	3211	0	0	114013
114014	3212	0	0	114015
114016	3212	0	0	114017
114018	3212	0	0	114019
114020	3212	0	0	114021
114016	3212	0	0	114022
114023	3213	0	0	114024
113988	3213	0	0	114025
114026	3214	0	114027	114028
114029	3215	0	114030	114031
114032	3216	0	114033	114034
114035	3217	0	114036	114037
114038	3217	0	0	114039
110281	3217	0	0	114040
114041	3218	0	114042	114043
114044	3218	0	0	114045
114046	3221	0	0	114047
114048	3303	0	114049	114050
114051	3304	0	0	114052
114051	3305	0	0	114053
114054	3306	0	0	114055
114056	3307	0	0	114057
114058	3307	0	0	108771
114059	3308	0	0	114060
108782	3308	0	0	108771
114061	3309	0	0	114062
114058	3309	0	0	108771
114063	3310	0	114064	114065
114066	3311	0	0	114067
108849	3311	0	0	114068
114069	3312	0	0	114070
108849	3312	0	0	114068
114071	3313	0	114072	114073
114074	3314	0	0	108999
109000	3314	0	0	109001
114075	3315	0	0	109003
109000	3315	0	0	109001
114076	3317	0	114077	114078
114079	3318	0	114080	114081
113609	3319	0	114082	113610
114083	3319	0	0	114084
114085	3320	0	114086	114087
114088	3321	0	0	114089
114090	3321	0	0	114091
114092	3322	0	114093	114094
114095	3323	0	0	114096
114097	3323	0	0	108609
114098	3324	0	0	114099
109024	3324	0	0	114100
114101	3325	0	0	114102
114103	3325	0	0	114104
114105	3326	0	0	114106
114107	3326	0	0	114108
114109	3327	0	0	108977
114110	3327	0	0	107629
114111	3328	0	0	114112
114113	3328	0	0	114114
114115	3329	0	0	114116
114117	3329	0	0	114118
114119	3329	0	0	114120
114121	3330	0	0	108691
114122	3331	0	114123	114124
114125	3332	0	0	114126
114127	3332	0	0	110292
114128	3333	0	0	114129
114130	3333	0	0	114131
114132	3334	0	0	114133
114134	3334	0	0	108771
114135	3335	0	0	114136
114137	3335	0	0	108777
114138	3336	0	114139	114140
114141	3337	0	114142	114143
114144	3338	0	0	114145
114144	3339	0	0	114146
114147	3502	0	0	114148
114149	3502	0	0	114150
114151	3502	0	0	114152
114153	3502	0	0	114154
114155	3502	0	0	110225
114156	3503	0	0	114157
109307	3504	0	0	109308
109309	3504	0	0	109310
109390	3505	0	114158	114159
114160	3506	0	114161	114162
114163	3507	0	114164	114165
114166	3508	0	0	109536
109490	3508	0	0	109491
114167	3509	0	114168	114169
114170	3510	0	114171	114172
114173	3511	0	0	114174
107718	3511	0	0	107719
114175	3512	0	0	114176
114177	3512	0	0	114178
114179	3513	0	114180	114181
109143	3514	0	0	109144
114182	3514	0	0	109146
114183	3515	0	0	109182
109183	3515	0	0	109184
114184	3516	0	0	109312
109309	3516	0	0	109310
114185	3517	0	0	109314
114186	3517	0	0	109316
114187	3518	0	114188	114189
114190	3519	0	0	114191
114192	3519	0	0	114193
114194	3520	0	114195	114196
114197	3521	0	0	114198
114199	3521	0	0	114200
114201	3522	0	0	114202
114203	3522	0	0	114204
114205	3523	0	0	114206
114207	3523	0	0	114208
114209	3524	0	0	114210
114203	3524	0	0	114204
114211	3525	0	0	114212
114213	3525	0	0	114214
114215	3526	0	0	114216
114217	3526	0	0	114218
114219	3527	0	0	114220
114221	3527	0	0	109524
114222	3528	0	114223	114224
114225	3529	0	0	114226
114227	3529	0	0	114228
114229	3530	0	0	114230
114231	3530	0	0	114232
114233	3531	0	0	114234
109455	3531	0	0	109436
114235	3532	0	0	114236
114237	3532	0	0	109162
114238	3533	0	0	107808
114239	3533	0	0	114240
114241	3534	0	0	114242
114243	3534	0	0	109526
114244	3535	0	114245	114246
114247	3536	0	114248	114249
114250	3537	0	114251	114252
114253	3538	0	0	114254
114255	3538	0	0	114256
114257	3539	0	114258	114259
114260	3540	0	114261	114262
114263	3541	0	0	114264
107834	3541	0	0	109628
114265	3542	0	114266	114267
114268	3543	0	0	114269
114270	3543	0	0	109133
114271	3544	0	114272	114273
114274	3545	0	0	114275
114274	3546	0	0	114276
107883	3701	0	0	114277
114278	3702	0	114279	114280
114281	3702	0	0	114282
107891	3702	0	0	107892
114283	3703	0	0	114284
107891	3703	0	0	107884
114285	3704	0	114286	114287
114288	3705	0	0	114157
114289	3706	0	0	114290
114291	3711	0	0	114292
114293	3711	0	0	114294
114295	3711	0	0	114296
109839	3711	0	0	114297
114298	3712	0	0	114299
114300	3712	0	0	114301
114302	3713	0	0	114303
114300	3713	0	0	114304
114305	3714	0	0	114306
114300	3714	0	0	114304
114307	3715	0	114308	114309
114310	3716	0	0	114311
114300	3716	0	0	114304
114312	3717	0	114313	114314
114315	3718	0	0	114316
114317	3718	0	0	109727
114318	3721	0	0	114319
114320	3721	0	0	114321
114322	3721	0	114323	114324
114325	3721	0	114323	114326
114327	3722	0	114328	114329
114330	3722	0	0	114331
114332	3723	0	114333	114334
114335	3724	0	114336	114337
114338	3725	0	0	114339
114340	3725	0	0	114326
107931	3901	0	114341	108913
114342	3902	0	114343	107436
114344	3903	0	114345	114346
114347	3904	0	114348	114349
114350	3905	0	0	114351
114352	3906	0	0	114353
114354	3907	0	0	114355
114356	3908	0	114357	114358
114359	3909	0	0	114360
114361	3909	0	0	107794
114362	3910	0	0	114363
114361	3910	0	0	107794
114364	3911	0	0	114365
114361	3911	0	0	107794
114366	3912	0	0	114367
114361	3912	0	0	107794
114368	3913	0	0	114369
114370	3913	0	0	114371
114368	3914	0	0	114369
114372	3914	0	0	114373
114374	3915	0	114375	114376
114377	3916	0	114378	114379
109272	3917	0	0	114380
114381	3918	0	114382	114383
114384	3919	0	114385	114386
114387	3920	0	114388	114389
109272	3920	0	114390	114380
114391	3921	0	114392	114393
114394	3922	0	0	114395
114396	3922	0	0	107930
114397	3923	0	0	114398
114396	3923	0	0	107930
114399	3924	0	0	114400
114401	3924	0	0	114402
114403	3925	0	0	114404
114401	3925	0	0	114402
114405	3926	0	0	114406
114407	3926	0	0	114408
114409	3927	0	0	114410
114407	3927	0	0	114408
114411	3928	0	0	114412
114413	3928	0	0	107794
114414	3929	0	0	114415
114413	3929	0	0	107794
107680	3930	0	0	114416
114044	3930	0	114417	114418
114419	3930	0	114420	114421
110283	3930	0	114417	110284
114044	3931	0	0	114422
114423	3931	0	114424	114425
110146	3931	0	114426	110147
110283	3931	0	114427	110284
114428	3932	0	0	114429
114430	3932	0	114431	114432
114433	3933	0	114434	107932
114435	3933	0	114434	114436
114437	3933	0	114434	114438
114439	3933	0	114434	114440
114441	3933	0	114434	114442
114443	3933	0	114444	114040
114445	3934	0	114446	114447
114448	3934	0	114446	114449
114450	3934	0	114446	114451
114452	3934	0	114446	114453
114454	3934	0	114446	114455
114456	3934	0	114446	114457
114458	3934	0	114446	114459
114460	3934	0	114446	114461
114441	3934	0	114446	114462
114443	3934	0	114463	114040
114464	3935	0	114465	114466
114467	3935	0	114465	114468
114469	3935	0	114465	114470
114471	3935	0	114465	114472
114473	3935	0	114465	114442
110281	3935	0	114465	114040
114474	3936	0	0	114475
114476	3936	0	114477	114478
114479	3937	0	0	114480
114481	3937	0	114482	114483
114484	3938	0	0	108000
114485	3938	0	107482	110217
114486	3938	0	108271	114487
114488	3938	0	108963	114489
114490	3938	0	114491	114492
114493	3938	0	114494	114495
114496	3938	0	114497	114498
114499	3938	0	0	0
114500	3938	0	0	114501
114502	3938	0	0	114503
114484	3938	0	114504	114040
114505	3939	0	0	114506
114507	3939	0	0	114508
114509	3939	0	114510	114511
114473	3939	0	0	114512
110281	3939	0	114513	114040
114514	3940	0	114515	114516
114517	3940	0	0	114518
110281	3940	0	0	113780
114519	3940	0	0	114520
110281	3940	0	0	114521
114522	3940	0	0	114523
110281	3940	0	0	114040
110378	3941	0	0	110379
110380	3942	0	0	110381
110319	3943	0	114524	110321
110382	3944	0	0	110383
110384	3945	0	0	110385
114525	3946	0	114526	110323
114527	3947	0	0	110387
110388	3948	0	0	110389
110319	3949	0	114528	110325
114529	3950	0	0	110391
110392	3951	0	0	110393
110319	3952	0	114530	110327
114531	3953	0	0	110395
114532	3954	0	0	110397
110319	3955	0	114533	110329
114534	3956	0	0	110399
110400	3957	0	0	110401
110319	3958	0	114535	110331
107263	3959	0	0	114536
110283	3960	0	0	114537
114538	3961	0	114539	114540
114541	3961	0	0	114542
114538	3962	0	114543	114540
114544	3962	0	0	114545
114538	3963	0	114546	114540
114547	3963	0	0	114548
114538	3964	0	114549	114540
114550	3964	0	0	114551
114552	3965	0	114553	114554
114555	3965	0	114553	114556
114557	3966	0	0	114131
114558	3966	0	0	114559
114560	3966	0	0	114561
114562	3966	0	0	114563
114564	3967	0	0	114565
114566	3967	0	114567	114563
114568	3968	0	0	113888
114569	3968	0	114570	114571
114572	3968	0	114573	114574
114575	3968	0	114576	114556
114577	3969	0	114578	114554
114575	3969	0	114578	114556
109264	3970	0	114579	109265
114580	3970	0	114581	114582
114107	3970	0	114583	114584
109712	3970	0	114585	109717
114586	3971	0	114587	108395
114588	3972	0	0	114589
114586	3972	0	0	108395
114590	3973	0	0	114591
114592	3973	0	114593	114594
114562	3973	0	114595	114596
114588	3973	0	114597	114598
114586	3974	0	0	108395
114599	3975	0	0	114600
114601	3976	0	114602	114603
114604	3977	0	0	114605
114606	3977	0	0	114607
114608	3978	0	0	114609
114610	3978	0	0	114611
114612	3979	0	0	114613
114614	3979	0	0	114013
114615	4001	0	0	114616
114617	4001	0	0	114618
114619	4001	0	0	114620
114621	4001	0	0	111750
114622	4002	0	114623	114624
114625	4003	0	0	114626
114627	4003	0	0	114616
114628	4004	0	114629	114630
114631	4004	0	0	114632
114633	4005	0	0	114634
114635	4005	0	0	114636
114637	4006	0	114638	114639
114640	4007	0	0	114641
114631	4007	0	0	114642
114643	4008	0	0	114644
114627	4008	0	0	114616
114645	4009	0	0	114646
114647	4010	0	0	114648
114649	4011	0	114650	114651
114652	4011	0	114650	114653
114654	4011	0	0	114655
114656	4012	0	114657	114658
114659	4012	0	0	114660
114661	4013	0	0	114662
114663	4013	0	0	114664
114665	4014	0	0	114666
114631	4014	0	0	114642
114667	4015	0	0	114668
114669	4015	0	0	114670
114671	4016	0	114672	114673
114674	4017	0	0	114675
114669	4017	0	0	114676
114677	4018	0	0	114678
114679	4018	0	0	114651
114680	4019	0	114681	114682
114683	4020	0	114684	114685
114686	4020	0	114687	114688
114689	4031	0	0	114690
114691	4031	0	0	114692
114693	4032	0	0	114694
114695	4032	0	0	114696
114697	4033	0	0	114698
114699	4033	0	114700	114701
114702	4033	0	0	114703
114704	4034	0	114705	114706
114707	4035	0	114708	114709
114710	4036	0	0	114711
114712	4036	0	0	114713
114714	4037	0	114715	114716
114717	4038	0	0	114718
114719	4038	0	114720	114721
114722	4038	0	0	114723
111077	4038	0	0	111076
114724	4039	0	0	114725
114726	4039	0	0	114727
114728	4040	0	0	114729
114726	4040	0	0	114727
114730	4041	0	114731	114732
114733	4042	0	114734	111113
114735	4042	0	114734	114736
114733	4042	0	114734	114737
114738	4043	0	0	114739
114733	4043	0	0	111113
114740	4044	0	114741	114742
114743	4045	0	114744	114745
114746	4046	0	114747	114748
114749	4047	0	0	114750
114751	4047	0	0	114752
114753	4048	0	0	114754
114755	4048	0	0	114756
114757	4049	0	0	114758
114755	4049	0	0	114756
114759	4050	0	114760	114761
114762	4051	0	0	114763
114764	4051	0	0	114765
114766	4051	0	0	114767
114768	4052	0	0	114769
114770	4052	0	0	114771
114772	4052	0	114773	111100
114774	4052	0	114773	114775
114776	4053	0	104288	114777
114778	4053	0	104288	114779
114780	4053	0	0	114781
114782	4054	0	114783	114784
114785	4055	0	0	114786
114787	4055	0	0	114788
114789	4056	0	114790	114791
114792	4057	0	114793	114794
114795	4058	0	0	114796
114797	4058	0	0	114798
114799	4059	0	114800	114801
114802	4060	0	0	114803
114804	4060	0	0	114805
114806	4060	0	0	114807
114808	4060	0	0	114809
114810	4061	0	114811	114812
114813	4062	0	114814	114815
114816	4063	0	114817	114818
114819	4072	0	0	114820
114821	4073	0	0	114822
114823	4075	0	114824	114825
114826	4076	0	114827	114828
114829	4077	0	0	114830
114831	4077	0	0	114832
114833	4078	0	114834	114835
114836	4078	0	114837	114838
114839	4078	0	114837	114840
114841	4078	0	114837	114842
114843	4078	0	0	114844
114845	4079	0	0	114846
114847	4079	0	0	114803
114848	4080	0	114849	114850
114851	4081	0	114852	114853
114854	4082	0	114855	114856
114857	4083	0	0	114858
114859	4083	0	0	114860
114861	4084	0	114862	114863
114864	4085	0	114865	114866
114867	4086	0	114868	114869
114870	4087	0	0	114871
114872	4088	0	114873	114874
114875	4089	0	114876	114877
114878	4090	0	114879	114880
114881	4091	0	114882	114883
114884	4092	0	114885	114886
114887	4093	0	0	114888
114889	4093	0	0	114890
114891	4094	0	114892	114893
114894	4095	0	114895	114896
114897	4096	0	0	114898
114899	4096	0	0	114900
114901	4097	0	114902	114903
114904	4098	0	114905	114906
114907	4099	0	114908	114909
114910	4100	0	114911	114912
114913	4101	0	0	114914
114915	4101	0	0	114916
114917	4101	0	0	114918
114919	4101	0	0	114920
114921	4102	0	0	114922
114726	4102	0	0	114727
114923	4103	0	0	114924
114925	4103	0	0	114727
114926	4104	0	0	114927
114928	4105	0	114929	114930
114931	4106	0	0	114932
114933	4106	0	0	114803
114934	4107	0	0	114932
114935	4107	0	0	114803
114936	4108	0	0	114690
114937	4108	0	0	114692
114938	4111	0	0	114634
114939	4111	0	0	114636
114940	4112	0	0	114888
114941	4112	0	0	114942
114943	4113	0	0	114944
114943	4114	0	0	114945
114946	4200	0	0	114947
113961	4200	0	113962	113963
114948	4200	0	114949	114950
114951	4200	0	0	113968
114952	4200	0	0	114953
114954	4201	0	0	113972
114955	4201	0	0	113329
114956	4202	0	114957	114958
114959	4203	0	114960	114961
114962	4204	0	114963	113983
114964	4205	0	0	114965
113986	4205	0	0	113987
114966	4205	0	0	114967
114968	4205	0	0	114969
114970	4206	0	114971	114972
114973	4207	0	114974	114975
114976	4208	0	114977	113325
110833	4208	0	114977	111581
114978	4208	0	114977	114979
114978	4209	0	0	114980
114981	4209	0	114982	114003
114983	4210	0	0	114005
114984	4210	0	0	114007
114008	4210	0	0	114009
114985	4211	0	0	114011
114986	4211	0	0	114987
113508	4212	0	0	114988
114989	4212	0	0	113388
114990	4212	0	0	114019
114991	4212	0	0	114021
114989	4212	0	0	114992
114993	4213	0	0	114994
114966	4213	0	0	114995
114996	4214	0	114997	114998
114999	4215	0	115000	115001
115002	4216	0	115003	115004
115005	4217	0	115006	115007
115008	4217	0	0	115009
115010	4217	0	0	115011
114041	4218	0	115012	114043
114978	4218	0	115012	114979
115013	4221	0	0	115014
115015	4300	0	115016	115017
115018	4301	0	115019	115020
115021	4302	0	0	115022
115023	4302	0	0	115024
115025	4303	0	115026	115027
115028	4304	0	0	115029
115030	4305	0	0	115031
115032	4306	0	0	115033
115034	4307	0	0	115035
110750	4307	0	0	112222
115036	4308	0	115037	115038
115039	4309	0	115040	115041
115042	4310	0	0	115043
110788	4310	0	0	115044
115045	4311	0	115046	115047
115048	4312	0	0	115049
111828	4312	0	0	111829
115050	4313	0	0	115051
111828	4313	0	0	111829
115052	4314	0	0	111681
111682	4314	0	0	111683
115053	4315	0	115054	115055
115056	4316	0	115057	115058
111796	4317	0	0	111797
111798	4317	0	0	111799
115059	4318	0	0	111801
111798	4318	0	0	111799
111745	4319	0	115060	115061
115062	4320	0	0	111816
111817	4320	0	0	111818
115063	4321	0	0	115064
115065	4321	0	0	111776
115066	4322	0	115067	115068
115069	4323	0	0	115070
115071	4323	0	0	115072
115073	4324	0	0	115074
111918	4324	0	0	111919
115075	4325	0	0	115076
111838	4325	0	0	111839
115077	4326	0	0	108977
115078	4326	0	0	115079
115080	4327	0	115081	115082
115083	4328	0	115084	115085
115086	4329	0	115087	115088
115089	4330	0	115090	110785
115091	4331	0	115092	115093
115094	4332	0	115095	115096
115097	4333	0	115098	115099
115100	4334	0	115101	115102
115103	4335	0	0	115104
115105	4335	0	0	115106
115107	4336	0	0	115108
115107	4337	0	0	115109
115110	4500	0	115111	115112
111905	4501	0	0	111906
115113	4501	0	0	115114
115115	4501	0	115116	115117
115118	4502	0	0	114148
114149	4502	0	0	114150
115119	4502	0	0	114152
115120	4502	0	115121	115122
115123	4503	0	0	115124
115125	4504	0	115126	115127
115128	4505	0	115129	115130
115131	4506	0	0	112624
112312	4506	0	0	112625
115132	4507	0	115133	115134
115135	4508	0	115136	115137
115138	4509	0	115139	115140
115141	4510	0	0	112763
115142	4510	0	0	112664
115143	4511	0	115144	115145
115146	4512	0	0	112333
110849	4512	0	0	110850
115147	4513	0	115148	115149
115150	4514	0	115151	115152
115153	4515	0	115154	115155
115156	4516	0	0	112441
112342	4516	0	0	112434
115157	4517	0	0	115158
115159	4517	0	0	112664
115160	4518	0	115161	115162
115163	4519	0	115164	115165
115166	4520	0	0	115167
110927	4520	0	0	112660
115168	4521	0	115169	115170
115171	4522	0	115172	115173
114225	4523	0	0	114226
115174	4523	0	0	115175
114233	4524	0	0	115176
115177	4524	0	0	112599
114235	4525	0	0	114236
115178	4525	0	0	115179
114229	4526	0	0	114230
115180	4526	0	0	115181
114241	4527	0	0	114242
110825	4527	0	0	112290
114238	4528	0	0	107808
115182	4528	0	0	112328
115183	4529	0	0	115184
115185	4529	0	0	115186
115187	4530	0	115188	115189
115190	4531	0	0	115191
115185	4531	0	0	115186
115192	4532	0	0	115193
115194	4532	0	0	112542
115195	4533	0	0	115196
115194	4533	0	0	112542
115197	4534	0	0	115198
115199	4534	0	0	112350
115200	4535	0	115201	115202
115203	4536	0	0	115204
115199	4536	0	0	112350
115205	4537	0	0	115206
115199	4537	0	0	112350
115207	4538	0	115208	112381
115209	4539	0	0	115210
115211	4539	0	0	115212
115213	4540	0	0	115214
115213	4541	0	0	115215
115216	4701	0	0	115217
115218	4702	0	115219	115220
115221	4702	0	0	114282
112864	4702	0	0	115222
115223	4703	0	0	114284
112864	4703	0	0	112865
115224	4704	0	115225	115226
115227	4705	0	0	115124
115228	4706	0	0	114290
115229	4711	0	0	115230
115231	4711	0	0	114294
115232	4711	0	0	114296
112956	4711	0	0	115233
115234	4712	0	0	115235
115236	4712	0	0	115237
114302	4713	0	0	114303
115236	4713	0	0	115238
114305	4714	0	0	114306
115236	4714	0	0	115238
115239	4715	0	115240	115241
114310	4716	0	0	114311
115236	4716	0	0	115238
115242	4717	0	115243	115244
115245	4718	0	0	114316
115246	4718	0	0	112862
115247	4721	0	0	115248
114320	4721	0	0	114321
114322	4721	0	115249	114324
115250	4721	0	115249	115251
115252	4722	0	115253	115254
115255	4722	0	0	115256
115257	4723	0	115258	115259
115260	4724	0	115261	115262
115263	4725	0	0	114339
115250	4725	0	0	115251
115264	4901	0	115265	115266
115267	4902	0	115268	115269
115270	4903	0	115271	115272
115273	4904	0	115274	112637
115275	4905	0	115276	115277
114802	4905	0	115278	115279
115280	4905	0	115281	115282
115283	4905	0	115284	115285
115286	4906	0	115287	115288
115289	4906	0	115290	110965
115291	4906	0	115292	115293
115294	4906	0	115295	115285
115296	4907	0	0	115297
115298	4907	0	115299	115300
115301	4909	0	0	115302
115303	4910	0	0	115304
115305	4911	0	0	115306
115307	4912	0	115308	115309
115310	4913	0	0	110997
113265	4914	0	0	115311
115312	4914	0	0	115313
115314	4915	0	115315	115316
115317	4916	0	115318	115319
115320	4917	0	0	115321
115322	4918	0	115323	115324
115325	4919	0	115326	115327
115328	4920	0	115329	114389
115320	4920	0	115330	115321
115331	4921	0	115332	114393
115333	4922	0	0	114395
115334	4922	0	0	115335
115336	4923	0	0	114398
115334	4923	0	0	115335
115337	4924	0	0	115338
115339	4924	0	0	111126
114403	4925	0	0	114404
115339	4925	0	0	111126
114405	4926	0	0	114406
115340	4926	0	0	115341
115342	4927	0	0	114410
115340	4927	0	0	115341
114411	4928	0	0	114412
115343	4928	0	0	115344
115345	4929	0	0	114415
115343	4929	0	0	115344
115346	4930	0	0	114360
115347	4930	0	0	115344
115348	4931	0	0	114363
115347	4931	0	0	115344
115349	4932	0	0	114365
115350	4932	0	0	115344
115351	4933	0	0	114367
115350	4933	0	0	115344
115352	4934	0	115353	115354
114968	4934	0	115353	115355
115356	4934	0	115357	115358
115359	4934	0	115353	115360
114968	4935	0	0	115361
115362	4935	0	115363	115364
110146	4935	0	115365	110147
115366	4935	0	115367	115360
115368	4936	0	0	115369
115370	4936	0	115371	115372
115373	4937	0	115374	115375
115376	4937	0	115374	115377
115378	4937	0	115374	115379
115380	4937	0	115374	112400
115381	4937	0	115374	115382
110786	4937	0	115383	110787
115384	4938	0	115385	115386
115387	4938	0	115385	115388
115389	4938	0	115385	115390
115391	4938	0	115385	115392
115393	4938	0	115385	115394
115395	4938	0	115385	115396
115397	4938	0	115385	115398
115399	4938	0	115385	115400
115401	4938	0	115385	115402
110786	4938	0	115403	110787
113523	4939	0	115404	115405
115406	4939	0	115404	115407
115408	4939	0	115404	115409
115410	4939	0	115404	115411
115412	4939	0	115404	115382
115413	4939	0	115404	110787
115414	4940	0	0	115415
115416	4940	0	115417	115418
115419	4941	0	0	115420
115421	4941	0	115422	115423
115424	4942	0	0	113465
115425	4942	0	107482	115426
115427	4942	0	108271	113354
115428	4942	0	108963	115429
115430	4942	0	114491	115431
115432	4942	0	114494	115433
115434	4942	0	114497	115435
115436	4942	0	0	0
115437	4942	0	0	115438
115439	4942	0	0	115440
113463	4942	0	115441	110787
115442	4943	0	115443	115444
115445	4943	0	115443	115446
115447	4943	0	115448	115449
115412	4943	0	0	115450
113463	4943	0	115451	110787
115452	4944	0	115453	115454
115455	4944	0	0	115456
113463	4944	0	0	115457
114519	4944	0	0	114296
115458	4944	0	0	115459
115460	4944	0	0	115461
113463	4944	0	0	110787
113536	4945	0	0	113537
113538	4946	0	0	113539
113419	4947	0	115462	113421
113540	4948	0	0	113541
113542	4949	0	0	113543
113419	4950	0	115463	113423
113544	4951	0	0	113545
113546	4952	0	0	113547
113419	4953	0	115464	113425
113548	4954	0	0	113549
113550	4955	0	0	113551
113419	4956	0	115465	113427
115466	4957	0	0	113553
115467	4958	0	0	113555
113419	4959	0	115468	113429
113556	4960	0	0	113557
115469	4961	0	0	113559
115470	4962	0	115471	113431
107263	4963	0	0	115472
115366	4964	0	0	115473
115474	4965	0	115475	115476
115477	4966	0	115478	115479
115480	4966	0	0	115481
115477	4967	0	115482	115479
115483	4967	0	0	115484
115477	4968	0	115485	115479
115486	4968	0	0	115487
115477	4969	0	115488	115479
115489	4969	0	0	115490
115491	4970	0	114553	115492
115493	4970	0	114553	115494
115495	4971	0	0	115496
115497	4971	0	0	115498
115499	4971	0	0	115500
115493	4971	0	0	115494
115501	4972	0	0	115502
115493	4972	0	0	115494
115503	4973	0	0	115504
115115	4973	0	0	115505
115506	4973	0	0	115507
115491	4973	0	0	115508
115493	4974	0	0	115509
115491	4974	0	0	115508
115510	4975	0	0	115511
115512	4976	0	0	114696
111121	4976	0	0	115513
115514	4976	0	0	115500
115515	4976	0	0	115516
114604	4977	0	0	114605
115517	4977	0	0	115518
115519	4978	0	0	114609
115520	4978	0	0	114987
115521	4979	0	0	114613
115522	4979	0	0	115523
115524	9510	0	0	110222
115525	9510	0	0	115526
112560	9521	0	0	0
112560	9522	0	0	0
112560	9523	0	0	0
112560	9524	0	0	0
112560	9525	0	0	0
112560	9526	0	0	0
112560	9527	0	0	0
112560	9528	0	0	0
112560	9529	0	0	0
112560	9530	0	0	0
112560	9540	0	0	0
112560	9541	0	0	0
112560	9542	0	0	0
112560	9543	0	0	0
112560	9544	0	0	0
112560	9545	0	0	0
115527	9548	0	115528	115529
115530	9549	0	115531	115532
115533	9550	0	0	115534
115535	9550	0	0	115536
115537	9550	0	0	115538
115539	9550	0	0	115540
115541	9551	0	115542	115543
115544	9552	0	115545	115546
112227	9553	0	0	115547
115548	9553	0	0	115549
115550	9553	0	0	115551
115552	9553	0	0	115553
115554	9554	0	0	0
115555	9555	0	0	0
115556	9556	0	0	0
115557	9557	0	0	0
115558	9558	0	0	108626
115559	9558	0	0	115560
115561	9558	0	0	115562
115563	9558	0	0	115564
115565	9559	0	0	115566
115567	9559	0	0	115568
115569	9559	0	0	115570
115563	9559	0	0	115571
109051	9600	0	0	0
109051	9601	0	0	0
109051	9602	0	0	0
109051	9603	0	0	0
109051	9604	0	0	0
109051	9605	0	0	0
109051	9606	0	0	0
109051	9607	0	0	0
109050	9608	0	115572	115573
109050	9609	0	115574	115575
109050	9610	0	115576	115577
109050	9611	0	115578	115579
115580	9612	0	0	0
115581	9613	0	0	0
115582	9613	0	0	0
115583	9614	0	115584	115585
109051	9616	0	0	0
109051	9617	0	0	0
109051	9618	0	0	0
109051	9619	0	0	0
109051	9620	0	0	0
109051	9620	0	0	0
109051	9620	0	0	0
115586	9620	0	0	0
109051	9620	0	115587	115588
115589	9621	0	0	0
115589	9621	0	0	0
115589	9621	0	0	0
115590	9621	0	0	0
109051	9621	0	0	0
115589	9622	0	0	0
115589	9622	0	0	0
115589	9622	0	0	0
115591	9622	0	0	0
115592	9622	0	0	0
115593	9622	0	0	0
115594	9622	0	0	0
115595	9622	0	0	0
109051	9622	0	0	0
109051	9623	0	115596	0
109051	9623	0	115596	0
115597	9623	0	115596	0
109051	9623	0	115596	0
110281	10000	0	0	108000
115598	10000	0	0	115599
115600	10001	0	0	115601
115602	10001	0	0	115603
115604	10001	0	0	115605
115606	10001	0	0	115607
115608	10001	0	0	115609
115610	10001	0	0	115611
115612	10001	0	0	115613
115614	10001	0	0	115615
115616	10001	0	0	115617
115616	10020	0	0	115618
115619	10020	0	0	115620
115621	10020	0	0	115622
115623	10020	0	0	115624
115619	10020	0	0	115625
115626	10020	0	0	115627
115628	10020	0	0	115629
115630	10020	0	0	115631
115632	10020	0	0	115633
115634	10020	0	0	115635
115636	10020	0	0	115637
115638	10020	0	0	115617
115626	10021	0	0	115639
115640	10021	0	0	115641
115642	10021	0	0	115643
115644	10021	0	0	115645
115642	10021	0	0	115646
115647	10021	0	0	115648
115649	10021	0	0	115650
115651	10021	0	115652	115653
115654	10021	0	0	115655
115656	10021	0	107480	115657
115658	10021	0	107482	115659
107533	10021	0	107482	115660
107742	10021	0	107482	115661
115642	10021	0	107482	115662
115663	10022	0	0	115664
115665	10022	0	0	115666
115667	10022	0	0	115668
115665	10022	0	0	115669
115670	10022	0	115671	115672
114428	10022	0	0	115673
115674	10022	0	0	115675
115676	10022	0	0	115677
115676	10022	0	0	115678
115679	10022	0	0	115680
115681	10022	0	0	115682
115683	10022	0	0	115684
115638	10022	0	0	115617
115619	10023	0	0	115685
115686	10023	0	0	115687
115688	10023	0	0	115689
115690	10023	0	0	115691
115692	10023	0	0	115693
115694	10023	0	0	115695
115686	10023	0	0	115696
115602	10023	0	0	115697
113936	10023	0	0	115698
115686	10023	0	0	115699
115700	10023	0	0	115701
115702	10023	0	0	115703
115704	10023	0	115705	115706
115707	10023	0	115708	115709
115710	10023	0	115711	115712
115713	10023	0	115714	115715
115716	10023	0	115717	115718
114325	10023	0	0	114326
115719	10024	0	0	115720
115721	10024	0	0	115722
115723	10024	0	0	115724
115721	10024	0	0	115725
115719	10024	0	0	115726
115727	10024	0	115728	115729
114592	10024	0	0	115730
115719	10024	0	0	115731
115732	10024	0	115733	115734
115735	10024	0	115733	115736
115737	10024	0	0	115738
115739	10024	0	107480	115740
115741	10024	0	107482	115742
115626	10025	0	0	115639
115663	10025	0	0	115743
115744	10025	0	0	115745
115746	10025	0	0	115747
115748	10025	0	115749	115750
115751	10025	0	0	115752
115753	10025	0	115754	115755
115751	10025	0	0	115756
107914	10025	0	0	115757
115758	10025	0	0	115759
115760	10025	0	0	115761
115762	10025	0	0	115763
115764	10025	0	115765	115766
115638	10025	0	0	115617
115767	10026	0	0	115768
115769	10026	0	0	115770
115769	10026	0	0	115771
115772	11000	0	0	115773
115774	11000	0	0	115775
115744	11000	0	0	115776
115777	11000	0	0	115778
115779	11001	0	115780	115781
115782	11001	0	115783	115784
115785	11001	0	115786	115787
115788	11001	0	0	115789
115790	11002	0	0	115791
115792	11002	0	0	115793
115794	11003	0	115795	115796
115797	11004	0	115798	115799
115800	11005	0	0	115801
115802	11005	0	0	115803
115804	11005	0	0	115805
115806	11006	0	115807	115808
115809	11006	0	115810	115811
115812	11006	0	115813	115814
115809	11006	0	115815	115816
115774	11008	0	0	115817
115818	11008	0	115819	115820
115821	11009	0	115822	115823
115824	11009	0	115825	115826
115827	11009	0	115828	115829
115788	11009	0	0	115789
115830	11010	0	0	115831
115832	11010	0	0	115833
115834	11010	0	0	115835
115830	11010	0	115836	115837
115838	11011	0	115839	115840
115841	11012	0	115842	115843
115844	11012	0	115845	115846
115847	11012	0	115848	115849
115830	11012	0	0	115850
115851	11015	0	0	115852
115851	11016	0	0	115853
115854	11022	0	115855	115856
115857	11023	0	0	115858
115859	11023	0	0	115860
115861	11024	0	115862	115863
115864	11025	0	115865	115866
115867	11026	0	115868	115869
115870	11026	0	115868	114373
115871	11027	0	0	115872
115802	11027	0	0	115860
115873	11028	0	115874	115875
115876	11029	0	0	115877
115878	11029	0	0	115879
115880	11030	0	0	115881
115878	11030	0	0	115879
115882	11031	0	115883	115884
115885	11031	0	0	115886
115887	11031	0	115888	115889
115890	11031	0	0	115891
115892	11032	0	115893	115894
115885	11032	0	0	115886
115887	11032	0	115895	115896
115890	11032	0	0	115891
115897	11033	0	115898	115899
115885	11033	0	0	115886
115887	11033	0	115900	115901
115890	11033	0	0	115891
115902	11034	0	0	115903
115904	11034	0	0	115905
115906	11035	0	0	115907
115628	11035	0	0	115908
115628	11036	0	0	115908
115909	11036	0	0	115910
115911	11037	0	115912	115913
115914	11038	0	0	115915
115916	11038	0	0	115917
115918	11039	0	115919	115920
115921	11040	0	0	115922
115923	11040	0	0	115924
115925	11040	0	0	115926
115927	11042	0	115928	115929
115930	11043	0	115931	115932
115933	11044	0	115934	115935
115936	11045	0	0	115937
115938	11045	0	0	115939
115640	11046	0	0	115940
115941	11047	0	115942	115943
115944	11049	0	115945	115946
115947	11051	0	115948	115949
115950	11052	0	115951	115952
115953	11053	0	115954	115955
115956	11054	0	115957	115958
115959	11055	0	115960	115961
115962	11056	0	0	115963
115964	11056	0	0	115965
115966	11056	0	0	115967
115968	11056	0	0	115969
115962	11057	0	0	115963
115964	11057	0	0	115965
115966	11057	0	0	115967
115970	11057	0	0	115971
115972	11058	0	0	115963
115973	11058	0	0	115965
115974	11058	0	0	115967
115975	11058	0	0	115976
115977	11059	0	0	115978
115979	11060	0	0	115980
115981	11060	0	0	115982
115977	11060	0	0	115983
115984	11061	0	0	115985
115986	11061	0	0	115987
115988	11061	0	0	115989
115990	11062	0	0	115991
115992	11062	0	0	115982
115990	11062	0	0	115993
115990	11063	0	115994	115991
115995	11063	0	115994	115996
115990	11063	0	115994	115997
115998	11063	0	115994	115617
115999	11064	0	116000	116001
116002	11065	0	116003	116004
116005	11066	0	116006	116007
116008	11067	0	116009	116010
116011	11068	0	0	116012
116013	11068	0	116014	116015
115916	11069	0	0	115917
115909	11069	0	0	115910
116016	11070	0	116017	116018
116019	11070	0	116020	116021
116022	11070	0	116023	116024
115788	11070	0	0	115789
116025	11071	0	0	116026
116027	11071	0	0	116018
116028	11072	0	0	116029
115878	11072	0	116030	116031
116032	11072	0	0	116033
116034	11073	0	0	116035
116036	11073	0	0	116037
116038	11074	0	0	116039
116040	11075	0	0	116041
116042	11076	0	0	116043
116044	11076	0	0	116045
116046	11076	0	0	116047
116048	11076	0	0	116049
116013	11076	0	0	116050
116051	11077	0	116052	116053
116054	11077	0	116052	116055
116056	11077	0	116052	116057
116058	11100	0	0	116059
116060	11100	0	0	116061
116062	11101	0	116063	116064
116065	11102	0	0	116066
115688	11102	0	0	116067
116068	11103	0	116069	116070
116071	11103	0	116069	116072
116060	11103	0	116069	116073
116074	11104	0	116075	116076
116077	11105	0	116078	116079
116080	11105	0	116081	116082
116083	11105	0	0	116084
116085	11106	0	116086	116087
115721	11106	0	116088	116089
116090	11106	0	116091	116092
116093	11107	0	116094	116095
116096	11107	0	116097	116098
116099	11107	0	116100	116101
116068	11107	0	0	116102
116103	11108	0	116104	116105
115721	11109	0	0	115722
116106	11109	0	0	116107
116108	11110	0	0	116109
116106	11110	0	0	116110
116111	11111	0	116112	116113
116114	11112	0	116115	116116
116117	11113	0	116118	116119
116120	11114	0	116121	116122
116123	11115	0	116124	116125
116126	11116	0	0	116127
116128	11116	0	116129	116130
116131	11116	0	116132	116133
116134	11116	0	116135	116136
116068	11117	0	0	116070
116137	11117	0	0	116138
116139	11117	0	116140	116141
116142	11118	0	0	116143
116144	11118	0	116145	116146
116147	11118	0	116148	116149
116134	11118	0	0	116150
116139	11118	0	0	116151
116152	11119	0	0	116153
116154	11119	0	0	116155
116156	11120	0	0	116157
116158	11120	0	0	116159
116160	11121	0	116161	116162
116163	11122	0	0	116164
116165	11122	0	0	116166
116167	11123	0	0	116159
116168	11123	0	0	116169
116170	11124	0	0	116171
116172	11124	0	0	116173
116174	11125	0	116175	116176
116177	11126	0	0	116178
116179	11126	0	0	116180
116181	11127	0	116182	116183
116184	11128	0	116185	116186
116187	11130	0	116188	116189
116190	11138	0	0	116191
115688	11138	0	0	116067
116192	11139	0	116193	116194
115721	11139	0	116193	116195
116196	11140	0	0	116197
116198	11140	0	0	116199
116200	11141	0	0	116201
116139	11141	0	0	116202
116203	11142	0	116204	116205
116139	11143	0	0	116202
116137	11143	0	0	116138
116206	11143	0	0	116207
116083	11143	0	0	116084
116208	11144	0	0	116209
116210	11144	0	0	116211
116212	11145	0	0	116213
116210	11145	0	0	116211
116214	11146	0	116215	116216
116217	11147	0	0	116218
116219	11147	0	0	116220
116221	11147	0	107503	116222
116223	11147	0	107503	116224
116225	11147	0	107503	107706
116217	11147	0	0	116226
116227	11148	0	116228	116229
116230	11149	0	0	116231
116232	11149	0	0	116233
116234	11200	0	0	116235
116236	11200	0	0	116237
116238	11201	0	0	116239
116240	11201	0	0	116237
116241	11202	0	0	116242
116243	11202	0	0	116244
116245	11203	0	116246	116247
116248	11204	0	116249	116250
116251	11205	0	116252	116253
116254	11206	0	116255	116256
116257	11210	0	0	116258
116259	11210	0	0	116260
116261	11211	0	116262	116263
115979	11212	0	0	116260
115751	11212	0	0	116264
116265	11213	0	0	116266
116267	11213	0	0	116268
116269	11214	0	0	116270
115977	11214	0	0	116271
116272	11215	0	0	116273
115977	11215	0	0	116271
116274	11216	0	0	116275
116276	11216	0	116277	116278
116274	11216	0	116279	116280
116281	11217	0	0	116282
116274	11217	0	0	116283
116284	11218	0	116285	116286
116287	11219	0	116288	116289
116290	11220	0	116291	116292
116293	11221	0	116294	116295
116296	11222	0	0	116297
116298	11222	0	0	116299
116300	11223	0	116301	116302
116303	11224	0	0	116304
116267	11224	0	0	116268
116305	11225	0	0	116306
116307	11225	0	0	116308
116309	11226	0	116310	116311
116312	11227	0	0	116313
116314	11227	0	0	116315
116316	11227	0	0	116317
116318	11227	0	0	116319
116198	11227	0	0	116320
115721	11228	0	0	115722
116298	11228	0	0	116321
116322	11228	0	0	116323
116324	11228	0	0	116325
116326	11229	0	116327	116328
116329	11230	0	0	116330
116331	11231	0	0	116332
116329	11232	0	0	116333
116334	11233	0	105755	116110
116335	11233	0	116336	116337
116338	11233	0	116339	116084
116340	11250	0	0	116341
116342	11250	0	0	116343
116344	11251	0	0	116345
116340	11252	0	0	116341
116342	11252	0	0	116343
116346	11253	0	0	116347
116340	11254	0	0	116341
116342	11254	0	0	116343
116348	11255	0	0	116349
116340	11256	0	0	116341
116342	11256	0	0	116343
116350	11257	0	0	116351
116340	11258	0	0	116341
116342	11258	0	0	116343
116352	11259	0	0	116353
116340	11260	0	0	116341
116342	11260	0	0	116343
116354	11261	0	0	116355
116340	11262	0	0	116341
116342	11262	0	0	116343
116356	11263	0	0	116357
116358	11264	0	0	116341
116342	11264	0	0	116343
116359	11265	0	0	116360
116358	11266	0	0	116341
116342	11266	0	0	116343
116361	11267	0	0	116362
116363	11268	0	0	116364
116363	11269	0	0	116365
116363	11270	0	0	116366
116363	11271	0	0	116366
116363	11272	0	0	116365
116363	11273	0	0	116367
116363	11274	0	0	116364
116368	11275	0	116369	116370
116371	11276	0	0	116372
116373	11277	0	0	116374
116373	11278	0	0	116375
116376	11287	0	0	116377
116378	11287	0	0	116379
116380	11288	0	0	116381
116382	11289	0	0	116383
116384	11290	0	0	116385
116386	11290	0	0	116387
116388	11291	0	0	116389
116390	11292	0	0	115982
116391	11292	0	0	116392
116393	11293	0	0	116394
116395	11293	0	0	116392
116396	11294	0	116397	116260
116398	11294	0	0	116399
115744	11451	0	0	116400
116401	11452	0	116402	116403
116404	11453	0	0	116405
116406	11454	0	116407	116408
116409	11455	0	116410	116411
116412	11455	0	116413	116414
116415	11456	0	0	116416
115640	11456	0	0	115641
116417	11457	0	116418	116419
116420	11458	0	116421	116422
116423	11458	0	0	116424
116425	11459	0	0	116426
115938	11459	0	0	115939
116427	11460	0	0	116428
116429	11460	0	116430	116141
116431	11461	0	116432	116433
116434	11464	0	116435	116436
116437	11465	0	0	113014
116438	11466	0	0	113014
116439	11467	0	108956	116440
116441	11467	0	107482	116440
116442	11467	0	108271	116440
116443	11467	0	108963	116440
116444	11467	0	116445	116446
116447	11468	0	0	116448
116449	11468	0	0	116446
116450	18200	0	0	116451
116452	18201	0	0	116453
116454	18201	0	0	116455
116456	18202	0	0	116457
116454	18202	0	0	116455
116458	18203	0	0	116459
116454	18203	0	0	116455
116460	18204	0	0	116461
116454	18204	0	0	116455
116462	18205	0	0	116463
116464	18205	0	0	116465
116466	18206	0	0	116467
116454	18206	0	0	116455
116468	18207	0	0	116469
116470	18208	0	0	116471
116472	18208	0	0	116473
116474	18208	0	0	116475
116476	18209	0	0	116471
116472	18209	0	0	116473
116474	18209	0	0	116475
116477	18210	0	0	116478
116479	18210	0	0	116480
116481	18212	0	0	116482
116483	18212	0	116484	116485
116468	18213	0	0	116486
116487	18213	0	0	116488
116489	18213	0	116490	116491
116487	18213	0	116492	116493
116494	18214	0	0	116495
116483	18214	0	0	116485
116496	18215	0	0	116497
116498	18300	0	0	116499
116500	18300	0	0	116501
116502	18301	0	0	116503
116504	18301	0	0	116505
116500	18301	0	116506	116501
116507	18302	0	116508	116509
116510	18302	0	116508	116511
116500	18302	0	116508	116501
116512	18303	0	116513	116514
116515	18303	0	116513	116516
116517	18303	0	116513	116518
116498	18303	0	116513	116499
116519	18304	0	116520	116521
116522	18305	0	0	0
116523	18306	0	116524	116525
116526	18307	0	116527	116528
116529	18308	0	116530	116531
116532	18309	0	0	116533
116534	18309	0	0	116535
116536	18310	0	0	116537
116538	18310	0	0	116499
116538	18311	0	0	116539
116540	18311	0	0	116541
116542	18312	0	116543	116544
116545	18313	0	0	116546
116547	18313	0	0	116499
116548	18400	0	0	116549
116550	18401	0	0	116551
116552	18401	0	0	116553
116554	18402	0	0	116555
116556	18402	0	0	116557
116558	18403	0	116559	116560
116561	18404	0	116562	116563
116564	18405	0	105944	116553
116565	18405	0	116566	116567
116568	18406	0	0	116567
116569	18407	0	0	116570
116571	18407	0	116572	116573
116574	18407	0	116572	116575
116576	18408	0	116577	116578
116579	18409	0	116580	116581
116582	18409	0	116580	116583
116584	18409	0	116585	116586
116587	18409	0	116588	116589
116590	18410	0	0	116591
116592	18410	0	116593	116594
116595	18410	0	116593	116596
116597	18411	0	116598	116599
116600	18500	0	0	116601
116602	18500	0	116603	116604
116605	18500	0	116606	116607
116608	18500	0	116606	116609
116610	18500	0	116606	116611
116612	18501	0	116613	116614
116615	18503	0	116616	116617
116618	18504	0	0	116619
116600	18504	0	0	116620
116621	18505	0	116622	116623
116624	18506	0	0	116625
116626	18507	0	0	116627
116600	18507	0	0	116620
116628	18508	0	0	116629
116630	18508	0	0	116631
116632	18509	0	116633	116634
116635	18510	0	0	116636
116637	18510	0	116638	116639
116640	18510	0	0	116641
116642	18511	0	116643	116644
116645	18511	0	116646	116647
116648	18600	0	116649	114418
116650	18600	0	0	116651
116652	18600	0	116653	108764
116654	18601	0	116655	116656
116657	18602	0	0	116658
116659	18602	0	0	116660
116661	18602	0	0	116662
116663	18602	0	0	116664
116665	18602	0	0	116666
116667	18604	0	0	116668
116669	18605	0	0	116670
116671	18605	0	0	116672
116673	18606	0	0	116674
116675	18606	0	0	116676
116677	18607	0	116678	116679
116680	18608	0	0	116681
116682	18609	0	0	116683
116684	18610	0	0	116685
116686	18611	0	0	116687
116688	18612	0	0	116689
116690	18613	0	0	116691
116692	18614	0	0	116693
116694	18615	0	0	116695
116696	18616	0	0	116697
116698	18617	0	0	116699
116700	18617	0	0	116701
116702	18618	0	0	116703
116702	18619	0	0	116704
116702	18620	0	0	116705
116702	18621	0	0	116706
116702	18622	0	0	116707
116702	18623	0	0	116708
116702	18624	0	0	116709
116702	18625	0	0	116710
116702	18626	0	0	116711
116702	18627	0	0	116712
116680	18628	0	0	116713
116682	18629	0	0	116714
116684	18630	0	0	116715
116686	18631	0	0	116716
116688	18632	0	0	116717
116690	18633	0	0	116718
116692	18634	0	0	116719
116720	18635	0	0	116721
116696	18636	0	0	116722
116723	19000	0	0	116724
116725	19000	0	116726	116727
116728	19001	0	116729	116730
116731	19002	0	0	116732
116733	19002	0	116734	116735
116728	19003	0	116736	116730
114368	19004	0	0	114369
110281	19004	0	0	113780
116737	19004	0	0	116738
116739	19008	0	0	116740
116741	19008	0	116742	116743
116744	19008	0	107482	116745
116746	19009	0	116747	116748
116749	19014	0	0	116750
116751	19014	0	116752	116753
116754	19014	0	107482	116755
116746	19015	0	116756	116757
116758	19020	0	0	116759
116760	19020	0	116761	116762
116763	19020	0	107482	116764
116746	19021	0	116765	116766
116767	19026	0	0	116768
116769	19026	0	116770	116771
116772	19026	0	107482	116773
116746	19027	0	116774	116775
116776	19032	0	0	116777
116778	19032	0	116779	116780
116781	19032	0	107482	116782
116746	19033	0	116783	116784
116785	19038	0	0	116786
116787	19038	0	116788	116789
116790	19038	0	0	113669
116791	19038	0	116792	116793
116794	19038	0	0	116133
116795	19038	0	116796	116797
116798	19038	0	0	116799
116800	19038	0	116801	116802
116803	19038	0	107482	116804
116805	19038	0	107482	116806
116807	19038	0	107482	116808
116809	19038	0	107482	116810
116811	19038	0	107482	116812
116746	19039	0	116813	116814
116815	19040	0	0	116816
116817	19041	0	0	116818
116819	19042	0	0	116820
116821	19043	0	116822	116823
116824	19044	0	0	116825
116826	19045	0	0	116827
116828	19047	0	0	116829
116830	19048	0	116831	116832
116833	19048	0	0	116834
116835	20000	0	0	116836
116837	20000	0	0	116838
116839	20001	0	0	116840
116841	20001	0	0	116842
116843	20001	0	0	114967
116844	20001	0	0	116845
116846	20001	0	0	116847
116848	20001	0	0	116849
116850	20001	0	0	116851
116852	20020	0	0	116853
116854	20020	0	0	116855
116856	20020	0	116857	116858
116859	20020	0	116860	116861
116862	20020	0	0	116863
116864	20020	0	116865	116866
116867	20020	0	116865	116868
116869	20020	0	0	116870
116871	20020	0	0	116872
116873	20020	0	0	115251
116854	20021	0	0	116874
116875	20021	0	0	116876
116877	20021	0	0	116878
116879	20021	0	0	116880
116881	20021	0	0	116882
116883	20021	0	0	116884
116885	20021	0	0	115650
116886	20021	0	0	116887
116449	20021	0	0	116888
116889	20021	0	0	116890
116859	20021	0	0	116891
116892	20021	0	0	115251
116854	20022	0	0	116874
116893	20022	0	0	116894
116895	20022	0	116896	116897
116898	20022	0	0	116899
116893	20022	0	0	116900
116901	20022	0	116902	116903
116904	20022	0	116902	116905
116893	20022	0	0	116906
116907	20022	0	116908	116909
116893	20022	0	0	116910
116854	20022	0	0	115251
116854	20023	0	0	116874
116911	20023	0	0	116912
116913	20023	0	116914	116915
116916	20023	0	0	116917
116918	20023	0	0	115269
116919	20023	0	116920	116921
116922	20023	0	116923	116924
116925	20023	0	116926	116927
116928	20023	0	116929	116930
116931	20023	0	116932	116933
116934	20023	0	0	116935
116936	20023	0	0	116937
116892	20023	0	0	115251
116854	20024	0	0	116874
116938	20024	0	0	116939
116940	20024	0	0	116941
116942	20024	0	0	116943
116944	20024	0	0	116945
116946	20024	0	116947	116948
116949	20024	0	116950	116951
116952	20024	0	116953	116954
116955	20024	0	116953	116956
116957	20024	0	0	116958
116959	20024	0	116960	116961
116957	20024	0	0	116962
116892	20024	0	0	115251
116852	20025	0	0	116853
116854	20025	0	0	116855
116963	20025	0	0	116964
116965	20025	0	0	116966
116869	20025	0	0	116967
116968	20025	0	0	116969
113265	20025	0	0	116970
116971	20025	0	116972	116973
116974	20025	0	116975	116976
116854	20025	0	0	116977
116978	20025	0	0	116979
116980	20025	0	0	116981
116982	20025	0	0	115759
116983	20025	0	116984	116985
116986	20025	0	0	116851
116987	20026	0	0	116988
116989	20026	0	0	116990
116991	20026	0	0	116992
116993	21000	0	116994	116995
116996	21001	0	116997	116998
116999	21002	0	0	117000
117001	21002	0	0	117002
117003	21004	0	0	117004
117005	21004	0	0	117006
117007	21004	0	0	117008
117009	21005	0	0	117000
117001	21005	0	0	117002
117010	21009	0	0	117011
117012	21009	0	0	117013
117014	21015	0	117015	117016
117017	21016	0	0	117018
117019	21016	0	0	117020
117021	21017	0	0	117022
117019	21017	0	0	117020
117023	21018	0	0	117024
117025	21019	0	0	117026
117027	21020	0	0	117028
117029	21020	0	0	117030
117031	21021	0	0	117032
117029	21021	0	0	117030
117033	21022	0	117034	117035
117036	21025	0	117037	117038
117039	21026	0	0	117040
117041	21026	0	0	117042
117043	21027	0	0	117044
117045	21027	0	117046	117047
117048	21027	0	0	117049
117050	21028	0	117051	117052
117053	21029	0	0	117054
117041	21029	0	0	117042
117055	21030	0	0	117056
117057	21031	0	117058	117059
117060	21032	0	117061	117062
117063	21033	0	117064	117065
117066	21033	0	117067	117024
117068	21034	0	0	117069
117023	21034	0	0	117070
117071	21035	0	117072	117073
117074	21036	0	117075	117076
117077	21036	0	117075	117078
116859	21036	0	0	117079
117080	21037	0	0	117081
117082	21038	0	0	117083
117084	21039	0	117085	117086
117087	21041	0	117088	117089
117090	21042	0	117091	117092
117093	21043	0	117094	117095
117096	21049	0	117097	117098
117099	21051	0	117100	117101
117102	21052	0	117103	117104
117105	21053	0	117106	117107
117108	21054	0	117109	117110
117111	21055	0	117112	117113
117114	21056	0	0	117115
117116	21056	0	0	117117
117118	21056	0	0	117119
117120	21056	0	0	117121
117114	21057	0	0	117115
117116	21057	0	0	117117
117118	21057	0	0	117119
117122	21057	0	0	117123
117114	21058	0	0	117115
117116	21058	0	0	117117
117118	21058	0	0	117119
117124	21058	0	0	117125
117126	21059	0	0	117127
117128	21060	0	0	117129
117130	21060	0	0	115982
117128	21060	0	0	117131
117132	21061	0	0	117133
117134	21061	0	0	117135
117136	21061	0	0	117137
117138	21062	0	0	117139
117130	21062	0	0	115982
117138	21062	0	0	117140
117138	21063	0	117141	117139
117142	21063	0	117141	117143
117144	21063	0	117141	117145
116986	21063	0	117141	116851
117146	21064	0	0	117147
117148	21065	0	0	117149
117150	21065	0	0	117151
117152	21066	0	0	117153
117154	21066	0	0	117155
117156	21067	0	117157	117158
117159	21068	0	0	117160
117161	21068	0	0	117162
117163	21068	0	0	117164
117165	21069	0	117166	117167
117168	21070	0	117169	117170
117171	21070	0	117169	117164
117172	21071	0	0	117173
117174	21071	0	0	117175
117176	21072	0	117177	117178
117179	21073	0	0	117180
117181	21073	0	0	117175
117182	21074	0	0	117183
117184	21074	0	0	117185
117186	21075	0	0	117187
117188	21075	0	117189	117190
117191	21075	0	117192	117193
117194	21075	0	0	117195
117196	21076	0	0	117022
117019	21076	0	0	117020
117197	21077	0	0	117198
117023	21077	0	0	117070
117199	21078	0	117200	117201
117202	21079	0	0	117203
117012	21079	0	0	117013
117204	21080	0	117205	117206
117207	21080	0	117205	117208
117209	21080	0	117205	117210
117211	21080	0	117205	117212
117213	21080	0	0	117214
117215	21080	0	0	117216
117217	21081	0	117218	117219
117220	21081	0	117218	117221
117222	21081	0	117218	117223
117224	21100	0	117225	117226
117227	21101	0	117228	117229
117230	21102	0	0	117231
117232	21102	0	0	117233
117234	21103	0	0	117235
117236	21104	0	117237	117238
117239	21105	0	117240	117241
117234	21105	0	117240	117242
117243	21106	0	0	117244
117245	21106	0	0	117246
117247	21106	0	0	117248
117249	21106	0	0	117250
117251	21107	0	117252	117253
117254	21108	0	0	117255
117234	21108	0	0	117256
117257	21109	0	0	117258
117234	21109	0	0	117256
117259	21110	0	0	117260
117261	21110	0	0	117262
117263	21111	0	0	117264
117265	21111	0	0	117266
117267	21112	0	117268	117269
117270	21113	0	0	117271
117272	21113	0	0	117273
117274	21114	0	117275	117276
117277	21114	0	0	116894
117278	21114	0	117279	117280
116893	21114	0	0	117281
117282	21114	0	0	117283
117284	21114	0	0	117285
117286	21115	0	0	117287
117288	21115	0	0	117289
117290	21116	0	117291	117292
117293	21117	0	0	117294
117295	21117	0	0	116912
117296	21118	0	0	117297
117298	21118	0	0	116912
117299	21120	0	0	117300
117301	21120	0	0	117302
117303	21121	0	0	117304
117305	21122	0	0	117306
117307	21122	0	0	117308
117309	21123	0	117310	117311
117312	21124	0	0	117313
117314	21124	0	0	117308
117315	21125	0	0	117304
117316	21126	0	117317	117318
117319	21135	0	0	117320
117249	21135	0	0	117250
117321	21136	0	117322	117323
117324	21136	0	117322	117325
117326	21136	0	117322	117327
117328	21137	0	0	117320
117329	21137	0	0	117079
117330	21138	0	117331	117332
117333	21138	0	117331	117246
117334	21138	0	117331	117335
117336	21138	0	117331	117337
117338	21139	0	0	117339
117340	21139	0	0	117341
117342	21200	0	117343	117344
117345	21201	0	117346	117347
117348	21202	0	0	117349
117350	21202	0	117351	117352
117353	21202	0	0	0
117354	21202	0	0	117355
117356	21202	0	117357	117349
117358	21202	0	0	117359
117360	21203	0	0	117361
116957	21203	0	0	117362
117363	21204	0	117364	117365
117366	21205	0	117367	117368
117369	21206	0	0	117370
117371	21206	0	0	117372
117373	21207	0	117374	117375
117376	21208	0	0	117377
117371	21208	0	0	117372
117378	21212	0	117379	117380
117381	21213	0	0	117382
117383	21213	0	0	117384
117385	21214	0	117386	117387
117388	21215	0	0	117389
117383	21215	0	0	117384
117390	21216	0	0	117391
117383	21216	0	0	117384
117392	21217	0	117393	117394
117395	21217	0	117393	117078
117396	21217	0	117393	116967
117397	21220	0	117398	117399
116859	21221	0	0	117394
117400	21221	0	0	117401
117402	21222	0	0	117403
117404	21222	0	0	117405
117406	21224	0	117407	117408
117409	21225	0	117410	117411
117412	21226	0	117413	117414
117415	21227	0	0	117416
117126	21227	0	0	117417
117418	21228	0	0	117419
117126	21228	0	0	117417
117420	21229	0	117421	117422
117423	21230	0	117424	117425
117426	21231	0	0	117427
117428	21231	0	0	117429
117430	21232	0	0	117431
117428	21232	0	0	117429
117432	21233	0	117433	117434
117435	21234	0	117436	117437
117438	21235	0	117439	117440
117441	21236	0	117442	117443
117444	21237	0	0	117445
117446	21237	0	0	117447
117448	21238	0	0	117449
117450	21238	0	0	117451
117452	21239	0	117453	117454
117455	21240	0	0	117456
117446	21240	0	0	117447
117457	21241	0	0	117458
117459	21241	0	0	117460
117461	21242	0	0	117462
117463	21243	0	106353	117464
117465	21243	0	0	117466
117467	21244	0	0	117464
117468	21244	0	0	117469
117470	21244	0	117471	117472
117473	21245	0	117474	117475
117476	21246	0	0	117477
117478	21246	0	0	117479
117480	21247	0	117481	117482
117483	21248	0	117484	117485
117486	21249	0	0	117487
117488	21249	0	0	117489
117490	21249	0	0	117491
117492	21250	0	0	117493
117494	21250	0	0	117495
117496	21251	0	0	117497
117492	21252	0	0	117493
117494	21252	0	0	117495
117498	21253	0	0	117499
117492	21254	0	0	117493
117494	21254	0	0	117495
117500	21255	0	0	117501
117492	21256	0	0	117493
117494	21256	0	0	117495
117502	21257	0	0	117503
117492	21258	0	0	117493
117494	21258	0	0	117495
117504	21259	0	0	117505
117492	21260	0	0	117493
117494	21260	0	0	117495
117506	21261	0	0	117507
117492	21262	0	0	117493
117494	21262	0	0	117495
117508	21263	0	0	117509
117492	21264	0	0	117493
117494	21264	0	0	117495
117510	21265	0	0	117511
117492	21266	0	0	117493
117494	21266	0	0	117495
117512	21267	0	0	117513
117514	21268	0	0	117515
117514	21269	0	0	117516
117514	21270	0	0	117517
117514	21271	0	0	117517
117514	21272	0	0	117516
117518	21273	0	0	117519
117461	21274	0	0	117520
117514	21275	0	0	117521
117514	21276	0	0	117515
117522	21277	0	117523	117524
117525	21278	0	0	117526
117527	21279	0	0	117528
117082	21280	0	0	117529
117530	21289	0	0	117531
117532	21289	0	0	117533
117532	21290	0	0	117534
117535	21291	0	0	117536
116384	21292	0	0	116385
116386	21292	0	0	116387
117537	21293	0	0	117538
117539	21294	0	0	115982
117540	21294	0	0	117541
116393	21295	0	0	117542
117537	21295	0	0	117541
117543	21296	0	117544	117464
117545	21296	0	0	117546
117547	21451	0	0	117548
117549	21452	0	117550	117551
117552	21453	0	0	117553
117554	21454	0	117555	117556
117557	21455	0	117558	117559
117560	21455	0	117561	117562
116415	21456	0	0	116416
117563	21456	0	0	116876
117564	21457	0	117565	117566
117567	21458	0	117568	117569
117570	21458	0	117568	117571
116425	21459	0	0	116426
117572	21459	0	0	117573
117574	21460	0	117575	116428
117576	21460	0	117575	117235
117577	21461	0	117578	117579
116434	21464	0	117580	117581
116437	21465	0	0	113014
116439	21467	0	108956	116440
116441	21467	0	107482	116440
116442	21467	0	108271	116440
116443	21467	0	108963	116440
116444	21467	0	116445	116446
116447	21468	0	0	117582
116449	21468	0	0	116446
117583	28200	0	0	117584
116452	28201	0	0	116453
117585	28201	0	0	117586
116456	28202	0	0	116457
117585	28202	0	0	117586
117587	28203	0	0	117588
117585	28203	0	0	117586
116460	28204	0	0	116461
117585	28204	0	0	117586
116462	28205	0	0	116463
117589	28205	0	0	117590
116466	28206	0	0	116467
117585	28206	0	0	117586
117591	28207	0	0	117592
116470	28208	0	0	116471
117593	28208	0	0	116473
117594	28208	0	0	117595
116476	28209	0	0	116471
117593	28209	0	0	116473
117594	28209	0	0	117595
117596	28210	0	0	117597
117598	28210	0	0	117599
117600	28212	0	117601	116482
117602	28212	0	117601	117603
117604	28213	0	117605	117606
117607	28213	0	117605	117608
117609	28213	0	117610	117611
117612	28213	0	0	117613
117614	28214	0	0	116495
117615	28214	0	0	117603
117616	28215	0	0	117617
116498	28300	0	0	116499
116500	28300	0	0	117618
116502	28301	0	117619	117620
117621	28301	0	117619	117622
116500	28301	0	117619	117618
116507	28302	0	117623	117624
117625	28302	0	117623	117626
116500	28302	0	117623	117618
116512	28303	0	117627	116514
116515	28303	0	117627	116516
117628	28303	0	117627	116518
116498	28303	0	117627	116499
117629	28304	0	117630	116521
109050	28305	0	0	0
109051	28305	0	0	0
109051	28305	0	0	0
109051	28305	0	0	0
117631	28306	0	117632	117633
117634	28307	0	117635	117636
116529	28308	0	117637	117638
116532	28309	0	0	117639
116534	28309	0	0	116535
117640	28310	0	0	117641
116538	28310	0	0	116499
116538	28311	0	0	116539
117642	28311	0	0	117643
117644	28312	0	117645	117646
117647	28313	0	0	116546
117648	28313	0	0	116499
117649	28400	0	0	117650
116550	28401	0	0	116551
117651	28401	0	0	117652
117653	28402	0	0	116555
116556	28402	0	0	116557
117654	28403	0	117655	117656
117657	28404	0	117658	117659
117660	28405	0	106507	117652
117661	28405	0	117662	117663
117664	28406	0	0	117663
117665	28407	0	0	116570
117666	28407	0	117667	117668
117669	28407	0	117667	117670
117671	28408	0	117672	117673
117674	28409	0	117675	117676
117677	28409	0	117675	117678
117679	28409	0	117675	116586
117680	28409	0	117675	117681
117682	28410	0	0	116591
116592	28410	0	0	116594
117683	28410	0	117684	117685
117686	28411	0	117687	117688
110616	28500	0	117689	110617
117690	28500	0	117689	117691
117692	28500	0	117689	117693
117694	28500	0	117689	117695
117696	28500	0	117689	116611
116612	28501	0	117697	117698
117699	28503	0	117700	117701
117702	28504	0	0	116619
110616	28504	0	0	110621
117703	28505	0	117704	117705
116624	28506	0	0	116625
116626	28507	0	0	116627
110616	28507	0	0	110621
116628	28508	0	0	116629
116630	28508	0	0	116631
117706	28509	0	117707	117708
116635	28510	0	0	116636
117709	28510	0	117710	116639
110625	28510	0	0	117711
117712	28511	0	117713	117714
117715	28511	0	117716	117717
117718	28600	0	0	117719
117720	28600	0	0	117721
117722	28600	0	117723	117724
117725	28600	0	117726	110986
117727	28601	0	117728	117729
117730	28602	0	0	117731
116659	28602	0	0	116660
116661	28602	0	0	116662
116663	28602	0	0	116664
117732	28602	0	0	117733
116667	28604	0	0	116668
117734	28605	0	0	116670
117735	28605	0	0	117736
117737	28606	0	0	116674
117738	28606	0	0	117739
117740	28607	0	117741	117742
117743	28608	0	0	117744
117745	28609	0	0	117746
117747	28610	0	0	117748
117749	28611	0	0	117750
117751	28612	0	0	117752
117753	28613	0	0	117754
117755	28614	0	0	117756
117757	28615	0	0	117758
117759	28616	0	0	117760
117761	28617	0	0	116699
117762	28617	0	0	117763
116702	28618	0	0	116703
116702	28619	0	0	116704
116702	28620	0	0	116705
116702	28621	0	0	116706
116702	28622	0	0	116707
116702	28623	0	0	116708
116702	28624	0	0	116709
116702	28625	0	0	116710
116702	28626	0	0	116711
116702	28627	0	0	116712
117743	28628	0	0	117764
117745	28629	0	0	117765
117747	28630	0	0	117766
117749	28631	0	0	117767
117751	28632	0	0	117768
117753	28633	0	0	117769
117755	28634	0	0	117770
117757	28635	0	0	117771
117759	28636	0	0	117772
117773	29000	0	0	117774
117775	29000	0	116726	117776
117777	29001	0	117778	117779
117780	29002	0	0	117781
117782	29002	0	116734	117783
117777	29003	0	117784	117779
113453	29004	0	0	117785
113463	29004	0	0	115457
117786	29004	0	0	117787
117788	29008	0	0	117789
117790	29008	0	117791	117792
117793	29008	0	107482	117794
117795	29009	0	117796	117797
117798	29014	0	0	117799
117800	29014	0	117801	117802
117803	29014	0	107482	117804
117805	29015	0	117806	117807
117808	29020	0	0	117809
117810	29020	0	117811	117812
117813	29020	0	107482	117814
117805	29021	0	117815	117816
117817	29026	0	0	117818
117819	29026	0	117820	117821
116772	29026	0	107482	117822
117805	29027	0	117823	117824
117825	29032	0	0	117826
117827	29032	0	117828	117829
117830	29032	0	107482	117831
117805	29033	0	117832	117833
117834	29038	0	0	117835
117836	29038	0	117837	117838
117839	29038	0	0	117840
117841	29038	0	117842	117843
117844	29038	0	0	117845
117846	29038	0	117847	117848
117849	29038	0	0	117850
117851	29038	0	117852	117853
117854	29038	0	107482	117855
117856	29038	0	107482	117857
117858	29038	0	107482	117859
117860	29038	0	107482	117861
117862	29038	0	107482	117863
117805	29039	0	117864	117865
117866	29040	0	0	117867
117868	29041	0	0	117869
117870	29042	0	0	117871
117872	29043	0	117873	117874
117875	29044	0	0	117876
117877	29045	0	0	117878
117879	29047	0	0	111602
117880	29048	0	117881	117882
117883	29048	0	0	117884
117885	30001	0	0	117886
117887	30002	0	117888	117889
117890	30003	0	117891	117892
117893	30003	0	0	117894
117895	30005	0	0	117896
117885	30005	0	0	117897
116210	30007	0	0	116211
117885	30007	0	0	117886
117898	30008	0	117899	117900
117901	30009	0	117902	117903
117904	30010	0	117905	117906
117907	30011	0	0	117908
117909	30011	0	0	117910
117911	30011	0	0	117912
116210	30012	0	0	117913
117914	30013	0	117915	117916
117914	30014	0	117917	117918
117919	30015	0	0	117920
117921	30016	0	0	117922
117919	30017	0	0	117920
117923	30018	0	0	117924
117919	30019	0	0	117920
117925	30020	0	0	117926
117919	30021	0	0	117920
117927	30022	0	0	117928
117919	30023	0	0	117920
117929	30024	0	0	117930
117919	30025	0	0	117920
117931	30026	0	0	117932
117919	30027	0	0	117920
117933	30028	0	0	117934
117919	30029	0	0	117920
117935	30030	0	0	117936
117919	30031	0	0	117920
117937	30032	0	0	117938
117939	30033	0	0	117940
117911	30033	0	0	117912
117941	30051	0	0	117942
117943	30051	0	0	117944
117945	30052	0	117946	117947
117948	30053	0	0	117949
117911	30053	0	0	117912
117950	30054	0	0	110237
117951	30054	0	0	117952
117950	30055	0	0	110237
117951	30055	0	117953	117952
117954	30056	0	117955	117956
117950	30056	0	117957	107710
117958	30057	0	0	117959
117943	30057	0	0	117960
117961	30101	0	0	117962
117963	30102	0	117964	117965
117966	30103	0	117967	117968
117969	30103	0	0	117970
117895	30105	0	0	117896
117961	30105	0	0	117971
117972	30107	0	0	117973
117961	30107	0	0	117962
117974	30108	0	117975	117976
117977	30109	0	117978	117979
117980	30110	0	117981	117982
117983	30111	0	0	117908
117984	30111	0	0	117910
117985	30111	0	0	117986
117987	30112	0	0	117988
117989	30113	0	0	117990
117987	30113	0	0	117991
117992	30114	0	0	117993
117987	30114	0	0	117991
117994	30115	0	0	117995
117996	30116	0	0	117997
117994	30117	0	0	117995
117996	30118	0	0	117998
117994	30119	0	0	117995
117996	30120	0	0	117999
117994	30121	0	0	117995
117996	30122	0	0	118000
117994	30123	0	0	117995
117996	30124	0	0	118001
117994	30125	0	0	117995
117996	30126	0	0	118002
117994	30127	0	0	117995
117996	30128	0	0	118003
117994	30129	0	0	117995
117996	30130	0	0	118004
117994	30131	0	0	117995
117996	30132	0	0	118005
117939	30133	0	0	117940
118006	30133	0	0	117986
118007	30151	0	0	117942
118008	30151	0	0	118009
118010	30152	0	118011	118012
117948	30153	0	0	117949
118006	30153	0	0	117986
112396	30154	0	0	112044
118013	30154	0	0	118014
112396	30155	0	0	112044
118015	30155	0	118016	118017
118018	30155	0	107374	118014
118019	30155	0	107377	118020
118021	30156	0	118022	118023
110677	30156	0	0	118024
118021	30157	0	118025	118023
118026	30157	0	0	118014
118027	30158	0	0	117959
118008	30158	0	0	118028
118029	30201	0	118030	118031
115804	30202	0	118032	118033
116027	30202	0	118032	118034
115616	30202	0	0	116399
118035	30203	0	0	118036
118037	30203	0	0	118038
115616	30203	0	0	115617
118039	30204	0	0	118040
118041	30205	0	118042	118043
118044	30206	0	118045	118046
118047	30207	0	118048	118049
118050	30208	0	118051	118052
118053	30208	0	0	118054
118055	30209	0	118056	118057
118058	30210	0	118059	118060
118053	30210	0	118061	118054
118062	30211	0	118063	118064
118053	30211	0	0	118054
118065	30212	0	118066	118067
118068	30213	0	118069	118070
115616	30213	0	118071	115617
118072	30214	0	0	118073
118074	30215	0	0	118075
118076	30216	0	0	116372
118053	30217	0	0	118077
118078	30217	0	0	118079
118080	30217	0	0	118081
118076	30217	0	0	118082
118083	30218	0	0	118084
118085	30218	0	0	118086
118087	30219	0	0	118088
118085	30219	0	0	118086
118089	30220	0	0	118090
118091	30220	0	0	118092
118093	30221	0	0	118094
118091	30221	0	0	118092
118095	30222	0	0	118096
115721	30222	0	0	115722
118097	30223	0	118098	118099
118100	30224	0	0	118101
118102	30224	0	0	118103
118104	30225	0	118105	118106
118107	30226	0	118108	118109
118110	30227	0	0	118111
118112	30227	0	0	118113
118114	30227	0	0	118115
118116	30227	0	0	118117
118118	30228	0	118119	118120
118121	30229	0	118122	118123
118124	30230	0	118125	118126
118127	30231	0	118128	118129
118130	30232	0	0	118131
115774	30232	0	0	115817
118132	30233	0	118133	118134
118135	30234	0	0	118136
115721	30234	0	0	115722
118137	30235	0	0	118138
118139	30235	0	0	118140
118141	30236	0	0	118142
118143	30236	0	0	118144
118145	30237	0	0	118146
118143	30237	0	0	118147
118148	30238	0	0	118149
118143	30238	0	0	118150
118151	30239	0	0	118152
118143	30239	0	0	118153
118154	30240	0	0	118155
118143	30240	0	0	118156
118157	30241	0	0	118158
118143	30241	0	0	118159
118160	30242	0	0	118161
118143	30242	0	0	118162
118163	30243	0	0	118164
118143	30243	0	0	118165
118166	30244	0	0	118167
115616	30244	0	0	118168
118169	30245	0	0	118170
115638	30245	0	0	118168
115616	30246	0	0	116399
118171	30251	0	0	118172
118173	30252	0	0	118174
118175	30253	0	0	118176
118177	30253	0	0	118178
118179	30254	0	0	118180
118177	30254	0	0	118178
118181	30255	0	0	118182
118183	30255	0	0	107706
109839	30255	0	0	109727
118184	30256	0	118185	118186
118187	30256	0	118185	118188
118189	30257	0	118190	118186
118191	30257	0	118190	118188
118192	30258	0	118193	118186
118191	30258	0	118193	118188
118194	30259	0	118195	118196
118197	30259	0	118195	118188
118198	30260	0	118199	118196
118197	30260	0	118199	118188
110159	30261	0	0	118200
107900	30261	0	0	107897
118201	30261	0	0	118174
118202	30262	0	0	118203
118177	30262	0	0	118178
118204	30263	0	0	118205
118206	30263	0	118207	118208
118209	30264	0	0	114346
118210	30265	0	0	113693
118211	30265	0	0	118212
118213	30265	0	0	118214
118215	30266	0	0	118216
118177	30266	0	0	118178
118217	30267	0	0	118218
118177	30267	0	0	118178
118219	30301	0	118220	118221
117547	30302	0	118222	117559
118223	30302	0	118222	118224
116850	30302	0	0	117546
118035	30303	0	0	118036
118037	30303	0	0	118038
116850	30303	0	0	116851
117148	30304	0	0	118225
118226	30305	0	118227	118228
118229	30306	0	118230	118231
118232	30307	0	118233	118234
118050	30308	0	118235	118052
117148	30308	0	118235	118236
118237	30309	0	118238	118239
118240	30310	0	118241	118242
117148	30310	0	118243	118236
118062	30311	0	118244	118245
117148	30311	0	0	118236
118246	30312	0	118247	118248
118068	30313	0	118249	118250
116850	30313	0	118251	116851
118252	30314	0	0	118253
118252	30315	0	0	118254
117525	30316	0	0	117526
117148	30317	0	0	118255
118078	30317	0	0	118079
118256	30317	0	0	118257
117525	30317	0	0	118258
118083	30318	0	0	118084
118085	30318	0	0	118086
118087	30319	0	0	118088
118085	30319	0	0	118086
118089	30320	0	0	118090
118091	30320	0	0	118092
118093	30321	0	0	118094
118091	30321	0	0	118092
118259	30322	0	0	118096
118260	30322	0	0	118261
118262	30323	0	118263	118264
118100	30324	0	0	118101
118265	30324	0	0	118266
118104	30325	0	118267	118268
118269	30326	0	118270	118271
118110	30327	0	0	118111
118112	30327	0	0	118113
118114	30327	0	0	118115
118272	30327	0	0	118273
118274	30328	0	118275	118276
118277	30329	0	118278	118279
118280	30330	0	118281	118282
118283	30331	0	118284	118285
118286	30332	0	0	118131
118287	30332	0	0	118288
118289	30333	0	118290	118291
118135	30334	0	0	118136
118260	30334	0	0	118261
118292	30335	0	0	118293
118294	30335	0	0	118295
118296	30336	0	0	118297
118298	30336	0	0	118299
118300	30337	0	0	118301
118298	30337	0	0	118302
118303	30338	0	0	118304
118298	30338	0	0	118305
118306	30339	0	0	118307
118298	30339	0	0	118308
118309	30340	0	0	118310
118298	30340	0	0	118311
118312	30341	0	0	118313
118298	30341	0	0	118314
118315	30342	0	0	118316
118298	30342	0	0	118317
118318	30343	0	0	118319
118298	30343	0	0	118320
118166	30344	0	0	118167
116850	30344	0	0	118321
118169	30345	0	0	118170
118322	30345	0	0	118321
118323	30346	0	0	117546
118324	30351	0	0	118325
118326	30352	0	0	118327
118175	30353	0	0	118176
118328	30353	0	0	118329
118179	30354	0	0	118180
118328	30354	0	0	118329
118181	30355	0	0	118182
118183	30355	0	0	107706
112956	30355	0	0	112862
118184	30356	0	118330	118186
118331	30356	0	118330	118332
118189	30357	0	118333	118186
118331	30357	0	118333	118332
118192	30358	0	118334	118186
118335	30358	0	118334	118332
118194	30359	0	118336	118196
118337	30359	0	118336	118332
118198	30360	0	118338	118196
118337	30360	0	118338	118332
118339	30361	0	0	118340
107900	30361	0	0	107897
118341	30361	0	0	118327
118202	30362	0	0	118203
118328	30362	0	0	118329
118204	30363	0	0	118205
118342	30363	0	118343	118344
113353	30364	0	0	112836
118345	30364	0	0	115272
113355	30365	0	0	118346
118347	30365	0	0	118348
112908	30365	0	0	118349
118347	30365	0	0	113358
118215	30366	0	0	118216
118328	30366	0	0	118329
118217	30367	0	0	118218
118328	30367	0	0	118329
118350	35007	0	118351	118352
118353	35008	0	118354	118355
118356	35009	0	0	118357
118358	35009	0	0	118359
118360	35010	0	0	109328
118358	35010	0	0	118361
107782	35011	0	0	118362
118358	35011	0	0	118361
118363	35014	0	118364	118365
118366	35015	0	118367	118368
118369	35016	0	0	118370
118371	35016	0	0	118372
118373	35017	0	0	113687
118371	35017	0	0	118374
118375	35018	0	0	113648
118371	35018	0	0	118374
118376	35021	0	118377	118378
118379	35022	0	118380	118381
118382	35023	0	0	118383
118384	35023	0	0	118385
116412	35024	0	0	118386
118384	35024	0	0	118387
118388	35025	0	0	118389
118390	35025	0	0	118387
115665	35026	0	0	115666
118384	35026	0	0	118387
118391	35027	0	0	118392
118384	35027	0	0	118387
115977	35028	0	0	116271
118384	35028	0	0	118387
115984	35029	0	0	118393
118390	35029	0	0	118387
115990	35030	0	0	118394
118390	35030	0	0	118387
118395	35031	0	0	118396
118397	35032	0	0	118398
118399	35033	0	0	118400
118401	35034	0	0	118402
118403	35035	0	0	118404
118405	35035	0	0	118359
118406	35036	0	0	118407
118358	35036	0	0	118359
118408	35037	0	0	118409
118358	35037	0	0	118359
118410	35038	0	0	118411
118358	35038	0	0	118359
118412	35039	0	0	118413
118414	35040	0	0	118415
118416	35041	0	0	118417
118418	35042	0	0	118419
118420	35043	0	0	118421
118422	35043	0	0	118372
118423	35044	0	0	118424
118422	35044	0	0	118372
118425	35045	0	0	118426
118427	35046	0	0	118428
118429	35047	0	0	118430
118431	35048	0	0	118432
118433	35049	0	0	118434
118435	35049	0	0	118385
118436	35050	0	0	118437
118384	35050	0	0	118385
118438	35051	0	0	118439
118384	35051	0	0	118385
118440	35502	0	0	118441
118442	35502	0	0	118443
118444	35503	0	0	118445
118446	35503	0	0	118447
118448	35504	0	0	118449
118446	35504	0	0	118447
118450	35505	0	0	118451
118446	35505	0	0	118447
118452	35506	0	0	118453
118454	35506	0	0	118443
118455	35507	0	0	118456
118454	35507	0	0	118443
118457	35508	0	0	118458
118442	35508	0	0	118443
118457	35509	0	0	118458
118446	35509	0	0	118447
118459	36015	0	118460	118461
118462	36016	0	118463	118464
118465	36017	0	118466	118467
118468	36500	0	0	118469
118470	36500	0	0	118471
118472	36502	0	0	118473
118470	36502	0	0	118474
118475	36503	0	118476	118477
118478	36504	0	118479	118480
118470	36504	0	0	118471
118481	36505	0	118482	118483
118470	36505	0	0	118471
118484	36506	0	0	118485
118470	36506	0	0	118474
118486	36508	0	0	118487
118470	36508	0	0	118474
118488	36509	0	118489	118490
118491	36510	0	118492	118493
118494	36510	0	0	118471
118495	36511	0	118496	118497
118470	36511	0	0	118471
118498	36512	0	0	118499
118470	36512	0	0	118474
118500	36514	0	0	118501
118470	36514	0	0	118474
118502	36515	0	118503	118504
118505	36516	0	118506	118507
118470	36516	0	0	118471
118508	36517	0	118509	118510
118470	36517	0	0	118471
118511	36518	0	0	118512
118470	36518	0	0	118474
118513	36519	0	118514	118515
118516	36520	0	118517	118518
118519	36521	0	0	118520
118470	36521	0	0	118474
118521	36522	0	118522	118523
118524	36523	0	0	118525
118470	36523	0	0	118474
118526	36524	0	118527	118528
118529	36525	0	118530	118531
118532	36526	0	0	118533
118470	36526	0	0	118474
118534	36527	0	118535	118536
118537	36528	0	118538	118539
118540	37000	0	118541	118542
118543	37001	0	118544	118545
118546	37002	0	0	118547
118548	37002	0	0	118549
118550	37003	0	0	118551
118552	37003	0	0	118553
118554	37004	0	0	118555
118556	37004	0	0	118553
118557	37005	0	118558	118559
118560	37006	0	0	118561
118552	37006	0	0	118553
118562	37007	0	0	118563
118552	37007	0	0	118553
118564	37008	0	118565	118566
118567	37100	0	0	118568
118569	37101	0	0	118570
118571	37101	0	0	118572
118573	37102	0	0	118547
118571	37102	0	0	118572
118574	37103	0	0	118551
118575	37103	0	0	118576
118577	37104	0	0	118555
118575	37104	0	0	118576
118578	37105	0	0	118579
118575	37105	0	0	118576
118567	37107	0	0	118580
118569	37108	0	0	118570
118571	37108	0	0	118572
118573	37109	0	0	118547
118571	37109	0	0	118572
118574	37110	0	0	118551
118575	37110	0	0	118576
118581	37111	0	0	118555
118575	37111	0	0	118576
118578	37112	0	0	118579
118575	37112	0	0	118576
118582	37113	0	0	118561
118575	37113	0	0	118576
118583	37114	0	118584	118585
118586	37115	0	0	118587
118575	37115	0	0	118576
118588	37116	0	0	118589
118575	37116	0	0	118576
118590	37117	0	0	118591
118592	37117	0	0	118593
118594	37118	0	0	118595
118592	37118	0	0	118593
118596	37119	0	0	118597
118592	37119	0	0	118593
118598	37120	0	0	114011
118599	37120	0	0	118600
118601	38000	0	0	118602
118603	38001	0	0	118604
118605	38002	0	0	118606
118601	38003	0	0	118607
118603	38004	0	0	118608
118605	38005	0	0	118609
118610	38006	0	0	118611
118612	38007	0	0	118613
118614	38500	0	0	118615
118616	38501	0	0	118617
118618	38502	0	0	118619
118620	38503	0	0	118621
118622	38504	0	0	118623
118624	38505	0	0	118625
118626	38506	0	0	118627
118628	38507	0	0	118629
118630	45007	0	118631	118632
118633	45008	0	118634	118635
118636	45009	0	0	118637
118638	45009	0	0	118639
110847	45010	0	0	118640
118641	45010	0	0	118642
118643	45011	0	0	118644
118641	45011	0	0	118642
118645	45014	0	118646	118647
118648	45015	0	118649	118650
118651	45016	0	0	118652
118653	45016	0	0	118654
118655	45017	0	0	118656
118657	45017	0	0	118658
118659	45018	0	0	114676
118657	45018	0	0	118658
118660	45021	0	118661	118662
118663	45022	0	118664	118665
118666	45023	0	0	118667
118668	45023	0	0	118669
118670	45024	0	0	118671
118672	45024	0	0	118673
117249	45025	0	0	118674
118672	45025	0	0	118673
118675	45026	0	0	118676
118672	45026	0	0	118673
118677	45027	0	0	117417
118678	45027	0	0	118673
118679	45028	0	0	118680
118672	45028	0	0	118673
117138	45029	0	0	118681
118672	45029	0	0	118673
117132	45030	0	0	118682
118672	45030	0	0	118673
118683	45031	0	0	118684
118685	45032	0	0	118686
118687	45033	0	0	118688
118689	45034	0	0	118690
118691	45035	0	0	118692
118638	45035	0	0	118639
118693	45036	0	0	118694
118638	45036	0	0	118639
118695	45037	0	0	118696
118638	45037	0	0	118639
118697	45038	0	0	118698
118638	45038	0	0	118639
118699	45039	0	0	118700
118701	45040	0	0	118702
118703	45041	0	0	118704
118705	45042	0	0	118706
118707	45043	0	0	118708
118709	45043	0	0	118654
118710	45044	0	0	118711
118712	45044	0	0	118654
118713	45045	0	0	118714
118715	45046	0	0	118716
118717	45047	0	0	118718
118719	45048	0	0	118720
118721	45049	0	0	118722
118668	45049	0	0	118669
118723	45050	0	0	118724
118668	45050	0	0	118669
118725	45051	0	0	118726
118668	45051	0	0	118669
118727	45502	0	0	118441
118728	45502	0	0	118729
118730	45503	0	0	118445
118731	45503	0	0	118732
118733	45504	0	0	118734
118731	45504	0	0	118732
118735	45505	0	0	118449
118731	45505	0	0	118732
118736	45506	0	0	118737
118738	45506	0	0	118729
118739	45507	0	0	118740
118738	45507	0	0	118729
118741	45508	0	0	118458
118728	45508	0	0	118729
118741	45509	0	0	118458
118731	45509	0	0	118732
118742	46015	0	118743	118744
118745	46016	0	118746	118747
118748	46017	0	118749	118750
118751	46500	0	0	118752
118753	46500	0	0	118754
118755	46502	0	0	118756
118753	46502	0	0	118754
118757	46503	0	118758	118759
118760	46504	0	118761	118762
118753	46504	0	0	118763
118764	46505	0	118765	118766
118753	46505	0	0	118763
118767	46506	0	0	118768
118753	46506	0	0	118754
118769	46508	0	0	118770
118753	46508	0	0	118754
118771	46509	0	118772	118773
118774	46510	0	118775	118776
118753	46510	0	0	118763
118777	46511	0	118778	118779
118753	46511	0	0	118763
118780	46512	0	0	118781
118753	46512	0	0	118754
118782	46514	0	0	118783
118753	46514	0	0	118754
118784	46515	0	118785	118786
118787	46516	0	118788	118789
118753	46516	0	0	118763
118790	46517	0	118791	118792
118753	46517	0	0	118763
118793	46518	0	0	118794
118795	46518	0	0	118754
118796	46519	0	118797	118798
118799	46520	0	0	118800
118753	46520	0	0	118754
118801	46521	0	118802	118803
118804	46522	0	0	118805
118753	46522	0	0	118754
118806	46523	0	0	118807
118753	46523	0	0	118754
118808	46524	0	118809	118810
118811	46525	0	118812	118813
118814	46526	0	118815	118816
118817	46527	0	0	118818
118819	46527	0	0	118754
118820	46528	0	118821	118822
118823	47000	0	0	118824
118825	47001	0	0	118826
118827	47001	0	0	118828
118829	47002	0	118830	118831
118832	47003	0	0	118833
118834	47003	0	0	118835
118836	47004	0	0	118837
118834	47004	0	0	118835
118838	47005	0	118839	118840
118841	47006	0	0	118842
118834	47006	0	0	118835
118843	47007	0	0	118844
118834	47007	0	0	118835
118845	47008	0	0	110783
118834	47008	0	0	118835
118846	47100	0	0	118847
118848	47101	0	0	118826
118849	47101	0	0	118850
118851	47102	0	0	118852
118849	47102	0	0	118850
118853	47103	0	0	118833
118854	47103	0	0	118855
118856	47104	0	0	118837
118854	47104	0	0	118855
118857	47105	0	0	118858
118854	47105	0	0	118855
118846	47107	0	0	118859
118848	47108	0	0	118826
118849	47108	0	0	118850
118851	47109	0	0	118852
118849	47109	0	0	118850
118853	47110	0	0	118860
118854	47110	0	0	118855
118856	47111	0	0	118837
118854	47111	0	0	118855
118861	47112	0	118862	118863
118864	47113	0	0	118842
118854	47113	0	0	118855
118865	47114	0	0	118844
118854	47114	0	0	118855
118866	47115	0	0	110783
118854	47115	0	0	118855
118867	47116	0	0	118868
118869	47116	0	0	118870
118871	47117	0	0	118872
118869	47117	0	0	118870
118873	47118	0	0	118874
118869	47118	0	0	118870
118875	47119	0	0	118876
118869	47119	0	0	118870
118877	47120	0	0	114011
118878	47120	0	0	118879
118880	48000	0	0	118881
118882	48001	0	0	118883
118884	48002	0	0	118885
118880	48003	0	0	118886
118882	48004	0	0	118887
118884	48005	0	0	118888
118889	48006	0	0	118890
118891	48007	0	0	118892
118893	48500	0	0	118894
118895	48501	0	0	118896
118897	48502	0	0	118898
118899	48503	0	0	118900
118901	48504	0	0	118902
118903	48505	0	0	118904
118905	48506	0	0	118906
118907	48507	0	0	118908

 