6	5343	
id	staticid	npcid	position	bound	type
int	int	int	string	string	string
110010000	1131	748006	202157	202158	202159
110010000	1694	748016	202160	202158	202159
110010000	1128	748007	202161	202158	202159
110010000	1430	730091	202162	202158	202159
110010000	982	730093	202163	202158	202159
110010000	984	730095	202164	202158	202159
110010000	1048	730126	202165	202158	202159
110010000	988	730099	202166	202158	202159
110010000	986	730097	202167	202158	202159
110010000	1601	730218	202168	76915	202159
110010000	1126	730264	202169	86106	202159
110010000	1047	730125	202170	202158	202159
110010000	990	730100	202171	202158	202159
110010000	1130	748011	202172	202158	202159
110010000	985	730096	202173	202158	202159
110010000	1132	748012	202174	202158	202159
110010000	983	730094	202175	202158	202159
110010000	968	730092	202176	202158	202159
110010000	991	730101	202177	202158	202159
110010000	318	730015	202178	86106	202159
110010000	987	730098	202179	202158	202159
110010000	248	700000	202180	85407	202159
110010000	134	700018	202181	81625	202159
110010000	1049	730127	202182	202158	202159
110010000	1136	730265	202183	0	202159
110010000	1134	748010	202184	202158	202159
110010000	135	730016	202185	86106	202159
110010000	742	0	202186	202187	137930
110010000	743	0	202188	202189	137930
110010000	108	0	202190	202191	66194
110010000	1120	0	202192	202187	137930
110010000	936	0	202193	202187	137930
110010000	745	0	202194	202189	137930
110010000	943	0	202195	202187	137930
110010000	746	0	202196	202187	137930
110010000	747	0	202197	202187	137930
110010000	748	0	202198	202187	137930
110010000	116	0	202199	202200	66195
110010000	750	0	202201	202187	137930
110010000	751	0	202202	202187	137930
110010000	752	0	202203	202187	137930
110010000	959	0	202204	202187	137930
110010000	961	0	202205	202187	137930
110010000	753	0	202206	202187	137930
110010000	16	0	202207	202208	66196
110010000	754	0	202209	202187	137930
110010000	755	0	202210	202187	137930
110010000	102	0	202211	202212	202213
110010000	756	0	202214	202187	137930
110010000	757	0	202215	202187	137930
110010000	970	0	202216	202187	137930
110010000	758	0	202217	202187	137930
110010000	759	0	202218	202187	137930
110010000	21	0	202219	202220	202221
110010000	98	0	202222	202212	202213
110010000	17	0	202223	202212	202213
110010000	944	0	202224	202187	137930
110010000	934	0	202225	202187	137930
110010000	118	0	202226	202227	66191
110010000	966	0	202228	202187	137930
110010000	19	0	202229	202220	202221
110010000	105	0	202230	202208	66196
110010000	760	0	202231	202187	137930
110010000	957	0	202232	202187	137930
110010000	763	0	202233	202187	137930
110010000	764	0	202234	202187	137930
110010000	765	0	202235	202187	137930
110010000	766	0	202236	202187	137930
110010000	18	0	202237	202220	202221
110010000	107	0	202238	202208	66196
110010000	103	0	202239	202227	66191
110010000	767	0	202240	202187	137930
110010000	111	0	202241	202191	66194
110010000	769	0	202242	202187	137930
110010000	770	0	202243	202187	137930
110010000	937	0	202244	202187	137930
110010000	771	0	202245	202187	137930
110010000	773	0	202246	202187	137930
110010000	774	0	202247	202187	137930
110010000	775	0	202248	202187	137930
110010000	776	0	202249	202187	137930
110010000	97	0	202250	202220	202221
110010000	777	0	202251	202187	137930
110010000	778	0	202252	202187	137930
110010000	960	0	202253	202187	137930
110010000	779	0	202254	202187	137930
110010000	780	0	202255	202187	137930
110010000	782	0	202256	202187	137930
110010000	117	0	202257	202200	66195
110010000	110	0	202258	202191	66194
110010000	783	0	202259	202187	137930
110010000	784	0	202260	202187	137930
110010000	958	0	202261	202187	137930
110010000	785	0	202262	202187	137930
110010000	938	0	202263	202187	137930
110010000	964	0	202264	202187	137930
110010000	26	0	202265	202191	66194
110010000	786	0	202266	202187	137930
110010000	787	0	202267	202187	137930
110010000	788	0	202268	202187	137930
110010000	789	0	202269	202187	137930
110010000	100	0	202270	202212	202213
110010000	790	0	202271	202187	137930
110010000	791	0	202272	202189	137930
110010000	978	0	202273	202187	137930
110010000	793	0	202274	202187	137930
110010000	794	0	202275	202187	137930
110010000	795	0	202276	202187	137930
110010000	933	0	202277	202187	137930
110010000	796	0	202278	202187	137930
110010000	941	0	202279	202187	137930
110010000	969	0	202280	202187	137930
110010000	939	0	202281	202187	137930
110010000	798	0	202282	202187	137930
110010000	1065	0	202283	202187	137930
110010000	1064	0	202284	202187	137930
110010000	972	0	202285	202187	137930
110010000	109	0	202286	202191	66194
110010000	799	0	202287	202187	137930
110010000	800	0	202288	202187	137930
110010000	1118	0	202289	202187	137930
110010000	801	0	202290	202187	137930
110010000	1056	0	202291	202187	137930
110010000	802	0	202292	202187	137930
110010000	803	0	202293	202187	137930
110010000	804	0	202294	202187	137930
110010000	805	0	202295	202187	137930
110010000	807	0	202296	202187	137930
110010000	808	0	202297	202187	137930
110010000	809	0	202298	202187	137930
110010000	810	0	202299	202187	137930
110010000	953	0	202300	202187	137930
110010000	811	0	202301	202187	137930
110010000	812	0	202302	202187	137930
110010000	813	0	202303	202187	137930
110010000	814	0	202304	202187	137930
110010000	975	0	202305	202187	137930
110010000	815	0	202306	202187	137930
110010000	1051	0	202307	202187	137930
110010000	816	0	202308	202187	137930
110010000	817	0	202309	202187	137930
110010000	1057	0	202310	202187	137930
110010000	96	0	202311	202220	202221
110010000	947	0	202312	202187	137930
110010000	818	0	202313	202187	137930
110010000	819	0	202314	202187	137930
110010000	820	0	202315	202187	137930
110010000	928	0	202316	202187	137930
110010000	821	0	202317	202187	137930
110010000	945	0	202318	202187	137930
110010000	822	0	202319	202187	137930
110010000	823	0	202320	202187	137930
110010000	825	0	202321	202187	137930
110010000	826	0	202322	202187	137930
110010000	979	0	202323	202187	137930
110010000	827	0	202324	202187	137930
110010000	828	0	202325	202187	137930
110010000	1037	0	202326	202187	137930
110010000	829	0	202327	202187	137930
110010000	830	0	202328	202187	137930
110010000	831	0	202329	202187	137930
110010000	930	0	202330	202187	137930
110010000	832	0	202331	202187	137930
110010000	833	0	202332	202187	137930
110010000	834	0	202333	202189	137930
110010000	106	0	202334	202208	66196
110010000	1055	0	202335	202187	137930
110010000	962	0	202336	202187	137930
110010000	835	0	202337	202187	137930
110010000	99	0	202338	202212	202213
110010000	932	0	202339	202187	137930
110010000	927	0	202340	202187	137930
110010000	836	0	202341	202187	137930
110010000	926	0	202342	202187	137930
110010000	837	0	202343	202187	137930
110010000	946	0	202344	202187	137930
110010000	838	0	202345	202187	137930
110010000	839	0	202346	202187	137930
110010000	923	0	202347	202187	137930
110010000	101	0	202348	202212	202213
110010000	840	0	202349	202350	137930
110010000	841	0	202351	202187	137930
110010000	842	0	202352	202187	137930
110010000	843	0	202353	202187	137930
110010000	844	0	202354	202187	137930
110010000	845	0	202355	202189	137930
110010000	846	0	202356	202187	137930
110010000	847	0	202357	202187	137930
110010000	848	0	202358	202187	137930
110010000	849	0	202359	202187	137930
110010000	850	0	202360	202187	137930
110010000	924	0	202361	202187	137930
110010000	851	0	202362	202187	137930
110010000	963	0	202363	202187	137930
110010000	852	0	202364	202187	137930
110010000	853	0	202365	202189	137930
110010000	854	0	202366	202187	137930
110010000	855	0	202367	202187	137930
110010000	856	0	202368	202187	137930
110010000	857	0	202369	202187	137930
110010000	858	0	202370	202187	137930
110010000	859	0	202371	202187	137930
110010000	860	0	202372	202187	137930
110010000	861	0	202373	202187	137930
110010000	862	0	202374	202187	137930
110010000	935	0	202375	202187	137930
110010000	863	0	202376	202187	137930
110010000	864	0	202377	202187	137930
110010000	865	0	202378	202187	137930
110010000	951	0	202379	202187	137930
110010000	866	0	202380	202187	137930
110010000	867	0	202381	202187	137930
110010000	1039	0	202382	202187	137930
110010000	949	0	202383	202187	137930
110010000	940	0	202384	202187	137930
110010000	868	0	202385	202187	137930
110010000	869	0	202386	202187	137930
110010000	870	0	202387	202187	137930
110010000	871	0	202388	202187	137930
110010000	872	0	202389	202187	137930
110010000	971	0	202390	202187	137930
110010000	873	0	202391	202187	137930
110010000	874	0	202392	202187	137930
110010000	925	0	202393	202187	137930
110010000	38	0	202394	202227	66191
110010000	973	0	202395	202187	137930
110010000	967	0	202396	202187	137930
110010000	875	0	202397	202187	137930
110010000	1060	0	202398	202187	137930
110010000	1041	0	202399	202187	137930
110010000	1058	0	202400	202187	137930
110010000	876	0	202401	202187	137930
110010000	877	0	202402	202189	137930
110010000	954	0	202403	202187	137930
110010000	878	0	202404	202187	137930
110010000	879	0	202405	202187	137930
110010000	1059	0	202406	202187	137930
110010000	1063	0	202407	202187	137930
110010000	880	0	202408	202350	137930
110010000	881	0	202409	202187	137930
110010000	882	0	202410	202187	137930
110010000	113	0	202411	202200	66195
110010000	104	0	202412	202227	66191
110010000	883	0	202413	202187	137930
110010000	980	0	202414	202187	137930
110010000	884	0	202415	202187	137930
110010000	885	0	202416	202187	137930
110010000	886	0	202417	202187	137930
110010000	887	0	202418	202187	137930
110010000	889	0	202419	202187	137930
110010000	1038	0	202420	202187	137930
110010000	952	0	202421	202187	137930
110010000	1115	0	202422	202187	137930
110010000	890	0	202423	202350	137930
110010000	1121	0	202424	202187	137930
110010000	891	0	202425	202187	137930
110010000	892	0	202426	202187	137930
110010000	976	0	202427	202187	137930
110010000	893	0	202428	202187	137930
110010000	894	0	202429	202350	137930
110010000	895	0	202430	202187	137930
110010000	896	0	202431	202187	137930
110010000	956	0	202432	202187	137930
110010000	897	0	202433	202187	137930
110010000	950	0	202434	202187	137930
110010000	931	0	202435	202187	137930
110010000	72	0	202436	202200	66195
110010000	898	0	202437	202187	137930
110010000	899	0	202438	202187	137930
110010000	955	0	202439	202187	137930
110010000	83	0	202440	202191	66194
110010000	900	0	202441	202187	137930
110010000	917	0	202442	202187	137930
110010000	901	0	202443	202187	137930
110010000	942	0	202444	202187	137930
110010000	977	0	202445	202187	137930
110010000	902	0	202446	202187	137930
110010000	129	0	202447	202220	202221
110010000	974	0	202448	202187	137930
110010000	1061	0	202449	202187	137930
110010000	903	0	202450	202187	137930
110010000	904	0	202451	202187	137930
110010000	1040	0	202452	202187	137930
110010000	905	0	202453	202187	137930
110010000	132	0	202454	202200	66195
110010000	906	0	202455	202187	137930
110010000	908	0	202456	202187	137930
110010000	948	0	202457	202187	137930
110010000	909	0	202458	202350	137930
110010000	911	0	202459	202187	137930
110010000	1062	0	202460	202187	137930
110010000	912	0	202461	202187	137930
110010000	913	0	202462	202189	137930
110010000	914	0	202463	202187	137930
110010000	915	0	202464	202187	137930
110010000	221	0	202465	202200	66195
110010000	916	0	202466	202187	137930
110010000	918	0	202467	202187	137930
110010000	919	0	202468	202187	137930
110010000	920	0	202469	202187	137930
110010000	965	0	202470	202187	137930
110010000	921	0	202471	202187	137930
110010000	981	0	202472	202187	137930
110010000	929	0	202473	202187	137930
110010000	922	0	202474	202350	137930
110020000	17	730266	202475	0	202159
110020000	917	0	202476	202187	137930
120010000	1436	730088	202477	202158	202159
120010000	1422	730081	202478	202158	202159
120010000	1421	730080	202479	202158	202159
120010000	1195	700068	202480	81627	202159
120010000	281	730122	202481	202158	202159
120010000	1522	748017	202482	202158	202159
120010000	332	748003	202483	202158	202159
120010000	331	748002	202484	202158	202159
120010000	1433	730085	202485	202158	202159
120010000	611	730017	202486	86106	202159
120010000	55	730181	202487	202158	202159
120010000	38	700368	202488	202489	202159
120010000	330	748001	202490	202158	202159
120010000	1437	730089	202491	202158	202159
120010000	1431	730083	202492	202158	202159
120010000	1432	730084	202493	202158	202159
120010000	279	730121	202494	202158	202159
120010000	286	730123	202495	202158	202159
120010000	287	730124	202496	202158	202159
120010000	610	730018	202497	86106	202159
120010000	622	700079	202498	85407	202159
120010000	1420	730079	202499	202158	202159
120010000	1434	730086	202500	202158	202159
120010000	333	748008	202501	202158	202159
120010000	328	730268	202502	0	202159
120010000	327	730267	202503	86106	202159
120010000	1435	730087	202504	202158	202159
120010000	1430	730082	202505	202158	202159
120010000	334	730219	202506	76915	202159
120010000	1256	700212	202507	202158	202159
120010000	137	0	202508	202200	66195
120010000	1	0	202509	202510	202221
120010000	107	0	202511	202510	202221
120010000	1062	0	202512	202187	137930
120010000	109	0	202513	202514	202213
120010000	1182	0	202515	202187	137930
120010000	1107	0	202516	202187	137930
120010000	1104	0	202517	202187	137930
120010000	1156	0	202518	202187	137930
120010000	1206	0	202519	202187	137930
120010000	1213	0	202520	202187	137930
120010000	1163	0	202521	202187	137930
120010000	282	0	202522	202187	137930
120010000	1033	0	202523	202187	137930
120010000	1086	0	202524	202187	137930
120010000	1083	0	202525	202187	137930
120010000	1333	0	202526	202187	137930
120010000	796	0	202527	202187	137930
120010000	1165	0	202528	202187	137930
120010000	1058	0	202529	202187	137930
120010000	1108	0	202530	202187	137930
120010000	1106	0	202531	202187	137930
120010000	85	0	202532	202187	137930
120010000	1070	0	202533	202187	137930
120010000	1071	0	202534	202187	137930
120010000	1222	0	202535	202187	137930
120010000	1177	0	202536	202187	137930
120010000	1101	0	202537	202187	137930
120010000	1092	0	202538	202187	137930
120010000	2	0	202539	202540	66196
120010000	1120	0	202541	202187	137930
120010000	1244	0	202542	202187	137930
120010000	1032	0	202543	202187	137930
120010000	1149	0	202544	202187	137930
120010000	1096	0	202545	202187	137930
120010000	1184	0	202546	202187	137930
120010000	1168	0	202547	202187	137930
120010000	1093	0	202548	202187	137930
120010000	1099	0	202549	202187	137930
120010000	1079	0	202550	202187	137930
120010000	1246	0	202551	202187	137930
120010000	1141	0	202552	202187	137930
120010000	1247	0	202553	202187	137930
120010000	1050	0	202554	202187	137930
120010000	126	0	202555	202556	66194
120010000	309	0	202557	202187	137930
120010000	108	0	202558	202514	202213
120010000	1250	0	202559	202187	137930
120010000	80	0	202560	202187	137930
120010000	1220	0	202561	202187	137930
120010000	1057	0	202562	202187	137930
120010000	1115	0	202563	202187	137930
120010000	1155	0	202564	202187	137930
120010000	1026	0	202565	202187	137930
120010000	1151	0	202566	202187	137930
120010000	1098	0	202567	202187	137930
120010000	1139	0	202568	202187	137930
120010000	1061	0	202569	202187	137930
120010000	1100	0	202570	202187	137930
120010000	1030	0	202571	202187	137930
120010000	1117	0	202572	202187	137930
120010000	112	0	202573	202227	66191
120010000	1110	0	202574	202187	137930
120010000	1082	0	202575	202187	137930
120010000	1049	0	202576	202187	137930
120010000	1066	0	202577	202187	137930
120010000	116	0	202578	202227	66191
120010000	120	0	202579	202200	66195
120010000	1181	0	202580	202187	137930
120010000	1080	0	202581	202187	137930
120010000	1242	0	202582	202187	137930
120010000	1067	0	202583	202187	137930
120010000	1034	0	202584	202187	137930
120010000	1035	0	202585	202187	137930
120010000	1236	0	202586	202187	137930
120010000	1047	0	202587	202187	137930
120010000	1187	0	202588	202187	137930
120010000	1045	0	202589	202187	137930
120010000	1039	0	202590	202187	137930
120010000	1154	0	202591	202187	137930
120010000	1251	0	202592	202187	137930
120010000	1040	0	202593	202187	137930
120010000	1073	0	202594	202187	137930
120010000	1272	0	202595	202187	137930
120010000	1041	0	202596	202187	137930
120010000	90	0	202597	202187	137930
120010000	1074	0	202598	202187	137930
120010000	1055	0	202599	202187	137930
120010000	1172	0	202600	202187	137930
120010000	1229	0	202601	202187	137930
120010000	1218	0	202602	202187	137930
120010000	1078	0	202603	202187	137930
120010000	1122	0	202604	202187	137930
120010000	1126	0	202605	202187	137930
120010000	72	0	202606	202187	137930
120010000	1060	0	202607	202187	137930
120010000	73	0	202608	202187	137930
120010000	1211	0	202609	202187	137930
120010000	1239	0	202610	202187	137930
120010000	1224	0	202611	202187	137930
120010000	1241	0	202612	202187	137930
120010000	1069	0	202613	202187	137930
120010000	1042	0	202614	202187	137930
120010000	1064	0	202615	202187	137930
120010000	1043	0	202616	202187	137930
120010000	1046	0	202617	202187	137930
120010000	88	0	202618	202187	137930
120010000	1087	0	202619	202187	137930
120010000	1219	0	202620	202187	137930
120010000	1148	0	202621	202187	137930
120010000	1164	0	202622	202187	137930
120010000	113	0	202623	202200	66195
120010000	1048	0	202624	202187	137930
120010000	1123	0	202625	202187	137930
120010000	1215	0	202626	202187	137930
120010000	1162	0	202627	202187	137930
120010000	1189	0	202628	202187	137930
120010000	1084	0	202629	202187	137930
120010000	1051	0	202630	202187	137930
120010000	71	0	202631	202187	137930
120010000	1088	0	202632	202187	137930
120010000	1052	0	202633	202187	137930
120010000	1072	0	202634	202187	137930
120010000	310	0	202635	202187	137930
120010000	1053	0	202636	202187	137930
120010000	1173	0	202637	202187	137930
120010000	121	0	202638	202540	66196
120010000	1146	0	202639	202187	137930
120010000	1054	0	202640	202187	137930
120010000	118	0	202641	202200	66195
120010000	1142	0	202642	202187	137930
120010000	1214	0	202643	202187	137930
120010000	77	0	202644	202187	137930
120010000	1056	0	202645	202187	137930
120010000	1192	0	202646	202187	137930
120010000	1059	0	202647	202187	137930
120010000	1217	0	202648	202187	137930
120010000	1121	0	202649	202187	137930
120010000	1063	0	202650	202187	137930
120010000	1065	0	202651	202187	137930
120010000	1068	0	202652	202187	137930
120010000	1075	0	202653	202187	137930
120010000	1153	0	202654	202187	137930
120010000	1226	0	202655	202187	137930
120010000	1238	0	202656	202187	137930
120010000	1157	0	202657	202187	137930
120010000	1081	0	202658	202187	137930
120010000	1175	0	202659	202187	137930
120010000	125	0	202660	202540	66196
120010000	284	0	202661	202187	137930
120010000	1245	0	202662	202187	137930
120010000	1180	0	202663	202187	137930
120010000	1085	0	202664	202187	137930
120010000	122	0	202665	202540	66196
120010000	1185	0	202666	202187	137930
120010000	84	0	202667	202187	137930
120010000	1235	0	202668	202187	137930
120010000	1113	0	202669	202187	137930
120010000	64	0	202670	202187	137930
120010000	1089	0	202671	202187	137930
120010000	1090	0	202672	202187	137930
120010000	1186	0	202673	202187	137930
120010000	1183	0	202674	202187	137930
120010000	83	0	202675	202187	137930
120010000	1161	0	202676	202187	137930
120010000	1166	0	202677	202187	137930
120010000	1179	0	202678	202187	137930
120010000	1159	0	202679	202187	137930
120010000	1145	0	202680	202187	137930
120010000	1111	0	202681	202187	137930
120010000	1147	0	202682	202187	137930
120010000	127	0	202683	202556	66194
120010000	119	0	202684	202200	66195
120010000	1094	0	202685	202187	137930
120010000	1102	0	202686	202187	137930
120010000	115	0	202687	202227	66191
120010000	1231	0	202688	202187	137930
120010000	1095	0	202689	202187	137930
120010000	1249	0	202690	202187	137930
120010000	1212	0	202691	202187	137930
120010000	1097	0	202692	202187	137930
120010000	1103	0	202693	202187	137930
120010000	1112	0	202694	202187	137930
120010000	1223	0	202695	202187	137930
120010000	1127	0	202696	202187	137930
120010000	31	0	202697	202187	137930
120010000	75	0	202698	202187	137930
120010000	1169	0	202699	202187	137930
120010000	1227	0	202700	202187	137930
120010000	1221	0	202701	202187	137930
120010000	78	0	202702	202187	137930
120010000	141	0	202703	202514	202213
120010000	1116	0	202704	202187	137930
120010000	1332	0	202705	202187	137930
120010000	1228	0	202706	202187	137930
120010000	1118	0	202707	202187	137930
120010000	1150	0	202708	202187	137930
120010000	1178	0	202709	202187	137930
120010000	1240	0	202710	202187	137930
120010000	86	0	202711	202187	137930
120010000	1191	0	202712	202187	137930
120010000	1176	0	202713	202187	137930
120010000	1171	0	202714	202187	137930
120010000	1210	0	202715	202187	137930
120010000	106	0	202716	202510	202221
120010000	1140	0	202717	202187	137930
120010000	5	0	202718	202556	66194
120010000	1124	0	202719	202187	137930
120010000	1225	0	202720	202187	137930
120010000	128	0	202721	202556	66194
120010000	1128	0	202722	202187	137930
120010000	1143	0	202723	202187	137930
120010000	1237	0	202724	202187	137930
120010000	1233	0	202725	202187	137930
120010000	1167	0	202726	202187	137930
120010000	1158	0	202727	202187	137930
120010000	1188	0	202728	202187	137930
120010000	89	0	202729	202187	137930
120010000	105	0	202730	202510	202221
120010000	1152	0	202731	202187	137930
120010000	1160	0	202732	202187	137930
120010000	1174	0	202733	202187	137930
120010000	1190	0	202734	202187	137930
120010000	1208	0	202735	202187	137930
120010000	1207	0	202736	202187	137930
120010000	1209	0	202737	202187	137930
120010000	81	0	202738	202187	137930
120010000	1216	0	202739	202187	137930
120010000	111	0	202740	202227	66191
120010000	3	0	202741	202227	66191
120010000	1230	0	202742	202187	137930
120010000	124	0	202743	202540	66196
120010000	1232	0	202744	202187	137930
120010000	114	0	202745	202200	66195
120010000	1234	0	202746	202187	137930
120010000	1243	0	202747	202187	137930
120010000	1248	0	202748	202187	137930
120010000	74	0	202749	202187	137930
120010000	110	0	202750	202514	202213
120010000	1360	0	202751	202187	137930
120010000	1361	0	202752	202187	137930
120010000	1362	0	202753	202187	137930
120010000	79	0	202754	202187	137930
120010000	1363	0	202755	202187	137930
120010000	1364	0	202756	202187	137930
120010000	1365	0	202757	202187	137930
120010000	1366	0	202758	202187	137930
120010000	123	0	202759	202540	66196
120010000	1367	0	202760	202187	137930
120010000	1368	0	202761	202187	137930
120010000	1369	0	202762	202187	137930
120010000	82	0	202763	202187	137930
120010000	1370	0	202764	202187	137930
120010000	1371	0	202765	202187	137930
120010000	1372	0	202766	202187	137930
120010000	1373	0	202767	202187	137930
120010000	87	0	202768	202187	137930
120010000	1374	0	202769	202187	137930
120010000	1375	0	202770	202187	137930
120010000	1376	0	202771	202187	137930
120010000	1377	0	202772	202187	137930
120010000	117	0	202773	202227	66191
120010000	1378	0	202774	202187	137930
120010000	1379	0	202775	202187	137930
120020000	12	730269	202776	0	202159
120020000	5	0	202777	202187	137930
120020000	6	0	202778	202187	137930
120020000	1	0	202779	202187	137930
120020000	8	0	202780	202187	137930
120020000	72	0	202781	202187	137930
120020000	3	0	202782	202187	137930
120020000	4	0	202783	202187	137930
120020000	7	0	202784	202187	137930
120020000	2	0	202785	202187	137930
110070000	17	730481	202786	202787	202159
110070000	15	730461	202788	202789	202159
110070000	31	730483	202790	202787	202159
110070000	1601	730425	202791	76915	202159
110070000	328	730424	202792	0	202159
110070000	1	730430	202793	202794	202159
110070000	43	0	202795	202187	137930
110070000	65	0	202796	202187	137930
110070000	104	0	202797	202187	137930
110070000	103	0	202798	202187	137930
110070000	102	0	202799	202187	137930
110070000	70	0	202800	202187	137930
110070000	112	0	202801	202187	137930
110070000	63	0	202802	202187	137930
110070000	94	0	202803	202187	137930
110070000	75	0	202804	202187	137930
110070000	113	0	202805	202187	137930
110070000	101	0	202806	202187	137930
110070000	88	0	202807	202187	137930
110070000	109	0	202808	202187	137930
110070000	120	0	202809	202187	137930
110070000	64	0	202810	202187	137930
110070000	82	0	202811	202187	137930
110070000	100	0	202812	202187	137930
110070000	106	0	202813	202187	137930
110070000	90	0	202814	202187	137930
110070000	74	0	202815	202187	137930
110070000	105	0	202816	202187	137930
110070000	117	0	202817	202187	137930
110070000	121	0	202818	202187	137930
120080000	1	730431	202819	202820	202159
120080000	1601	730428	202821	76915	202159
120080000	3	730462	202822	202820	202159
120080000	328	730427	202823	0	202159
120080000	255	730484	202824	202825	202159
120080000	254	730482	202826	202820	202159
120080000	39	0	202827	202187	137930
120080000	38	0	202828	202187	137930
120080000	40	0	202829	202187	137930
120080000	41	0	202830	202187	137930
120080000	45	0	202831	202187	137930
120080000	44	0	202832	202187	137930
120080000	43	0	202833	202187	137930
120080000	56	0	202834	202187	137930
120080000	49	0	202835	202187	137930
120080000	42	0	202836	202187	137930
120080000	48	0	202837	202187	137930
120080000	47	0	202838	202187	137930
210010000	422	700030	202839	85453	202159
210010000	525	700106	202840	81498	202159
210010000	428	700035	202841	85468	202159
210010000	534	700107	202842	85580	202159
210010000	535	700107	202843	85580	202159
210010000	533	700107	202844	85580	202159
210010000	544	700107	202845	85580	202159
210010000	427	700001	202846	85410	202159
210010000	542	700107	202847	85580	202159
210010000	3	700082	202848	85621	202159
210010000	543	700107	202849	85580	202159
210010000	536	700107	202850	85580	202159
210010000	538	700107	202851	85580	202159
210010000	530	700106	202852	81498	202159
210010000	545	700107	202853	85580	202159
210010000	527	700106	202854	81498	202159
210010000	540	700107	202855	85580	202159
210010000	521	700106	202856	81498	202159
210010000	579	700080	202857	85537	202159
210010000	894	700081	202858	85621	202159
210010000	51	700106	202859	81498	202159
210010000	537	700107	202860	85580	202159
210010000	532	700106	202861	81498	202159
210010000	425	700013	202862	81625	202159
210010000	522	700106	202863	81498	202159
210010000	524	700106	202864	81498	202159
210010000	1	700083	202865	85621	202159
210010000	531	700106	202866	81498	202159
210010000	528	700107	202867	85580	202159
210010000	523	700106	202868	81498	202159
210010000	526	700106	202869	81498	202159
210010000	583	700014	202870	81625	202159
210010000	423	700000	202871	85407	202159
210010000	529	700106	202872	81498	202159
210010000	539	700107	202873	85580	202159
210010000	541	700107	202874	85580	202159
210010000	805	0	202875	202187	137930
210010000	806	0	202876	202187	137930
210010000	807	0	202877	202187	137930
210010000	813	0	202878	202187	137930
210010000	809	0	202879	202187	137930
210010000	811	0	202880	202187	137930
210010000	812	0	202881	202187	137930
210010000	814	0	202882	202189	137930
210010000	816	0	202883	202187	137930
210010000	817	0	202884	202187	137930
210010000	547	0	202885	202187	137930
210010000	820	0	202886	202187	137930
210010000	821	0	202887	202187	137930
210010000	822	0	202888	202187	137930
210010000	823	0	202889	202187	137930
210010000	824	0	202890	202187	137930
210010000	826	0	202891	202187	137930
210010000	908	0	202892	202189	137930
210010000	829	0	202893	202187	137930
210010000	830	0	202894	202187	137930
210010000	832	0	202895	202187	137930
210010000	916	0	202896	202187	137930
210010000	834	0	202897	202187	137930
210010000	835	0	202898	202187	137930
210010000	842	0	202899	202187	137930
210010000	847	0	202900	202189	137930
210010000	850	0	202901	202189	137930
210010000	456	0	202902	202187	137930
210010000	852	0	202903	202187	137930
210010000	853	0	202904	202187	137930
210010000	450	0	202905	202187	137930
210010000	855	0	202906	202187	137930
210010000	856	0	202907	202187	137930
210010000	857	0	202908	202187	137930
210010000	858	0	202909	202187	137930
210010000	909	0	202910	202187	137930
210010000	548	0	202911	202187	137930
210010000	867	0	202912	202187	137930
210010000	869	0	202913	202187	137930
210010000	482	0	202914	202187	137930
210010000	875	0	202915	202187	137930
210010000	884	0	202916	202187	137930
210010000	546	0	202917	202187	137930
210010000	911	0	202918	202187	137930
210010000	886	0	202919	202187	137930
210010000	892	0	202920	202187	137930
210010000	896	0	202921	202187	137930
210010000	449	0	202922	202187	137930
210010000	898	0	202923	202187	137930
210010000	901	0	202924	202187	137930
210010000	902	0	202925	202187	137930
210010000	903	0	202926	202187	137930
210010000	906	0	202927	202187	137930
210020000	1698	700968	202928	202929	202159
210020000	1180	700314	202930	85887	202159
210020000	1165	700313	202931	85884	202159
210020000	1178	700314	202932	85887	202159
210020000	1697	700968	202933	202929	202159
210020000	265	700158	202934	85652	202159
210020000	1	700256	202935	81625	202159
210020000	1171	700315	202936	85890	202159
210020000	1146	700312	202937	81498	202159
210020000	224	700968	202938	202929	202159
210020000	1705	700969	202939	202929	202159
210020000	1120	700312	202940	81498	202159
210020000	1160	700312	202941	81498	202159
210020000	1709	700973	202942	202943	202159
210020000	1706	700969	202944	202929	202159
210020000	191	700262	202945	85797	202159
210020000	1105	700268	202946	85812	202159
210020000	1108	730069	202947	202948	202159
210020000	623	700169	202949	85665	202159
210020000	1151	700312	202950	81498	202159
210020000	443	700968	202951	202929	202159
210020000	537	700169	202952	85665	202159
210020000	1164	700313	202953	85884	202159
210020000	1122	700312	202954	81498	202159
210020000	1703	700969	202955	202929	202159
210020000	1182	700314	202956	85887	202159
210020000	512	700149	202957	85634	202159
210020000	1174	700315	202958	85890	202159
210020000	536	700169	202959	85665	202159
210020000	1713	700969	202960	202929	202159
210020000	1155	700312	202961	81498	202159
210020000	1140	700312	202962	81498	202159
210020000	741	730118	202963	85806	202159
210020000	1710	700973	202964	202943	202159
210020000	778	700266	202965	85806	202159
210020000	1711	700968	202966	202929	202159
210020000	795	700266	202967	85806	202159
210020000	590	700000	202968	85407	202159
210020000	1115	730120	202969	202158	202159
210020000	1177	700314	202970	85887	202159
210020000	1118	700312	202971	81498	202159
210020000	1130	700312	202972	81498	202159
210020000	229	700968	202973	202929	202159
210020000	625	700181	202974	85658	202159
210020000	264	700159	202975	85652	202159
210020000	642	700152	202976	85733	202159
210020000	268	700160	202977	85652	202159
210020000	400	700176	202978	85674	202159
210020000	1704	700969	202979	202929	202159
210020000	1102	700268	202980	85812	202159
210020000	1185	700316	202981	80527	202159
210020000	1159	700312	202982	81498	202159
210020000	1124	700312	202983	81498	202159
210020000	1144	700312	202984	81498	202159
210020000	1170	700315	202985	85890	202159
210020000	644	700150	202986	85733	202159
210020000	399	700176	202987	85674	202159
210020000	1157	700312	202988	81498	202159
210020000	640	700153	202989	85733	202159
210020000	178	700177	202990	85537	202159
210020000	1143	700312	202991	81498	202159
210020000	1188	700316	202992	80527	202159
210020000	1104	700268	202993	85812	202159
210020000	1699	700969	202994	202929	202159
210020000	462	700169	202995	85665	202159
210020000	1125	700312	202996	81498	202159
210020000	1708	700973	202997	202943	202159
210020000	1179	700314	202998	85887	202159
210020000	406	700176	202999	85674	202159
210020000	444	700968	203000	202929	202159
210020000	293	700021	203001	81625	202159
210020000	1129	700312	203002	81498	202159
210020000	193	700262	203003	85797	202159
210020000	291	700175	203004	85468	202159
210020000	1702	700969	203005	202929	202159
210020000	539	700175	203006	85468	202159
210020000	1123	700312	203007	81498	202159
210020000	1176	700314	203008	85887	202159
210020000	1183	700314	203009	85887	202159
210020000	1707	700969	203010	202929	202159
210020000	1166	700313	203011	85884	202159
210020000	1101	700268	203012	85812	202159
210020000	1173	700315	203013	85890	202159
210020000	298	700262	203014	85797	202159
210020000	1187	700316	203015	80527	202159
210020000	1103	700268	203016	85812	202159
210020000	211	748000	203017	202158	202159
210020000	1184	700314	203018	85887	202159
210020000	817	730039	203019	85499	202159
210020000	1106	700268	203020	85812	202159
210020000	1121	700312	203021	81498	202159
210020000	769	700267	203022	85809	202159
210020000	407	700176	203023	85674	202159
210020000	348	700023	203024	81625	202159
210020000	643	700154	203025	85733	202159
210020000	1175	700314	203026	85887	202159
210020000	777	700266	203027	85806	202159
210020000	620	700262	203028	85797	202159
210020000	1186	700316	203029	80527	202159
210020000	624	700162	203030	85658	202159
210020000	514	700172	203031	85669	202159
210020000	269	700173	203032	83517	202159
210020000	132	700262	203033	85797	202159
210020000	1107	730060	203034	203035	202159
210020000	1712	700968	203036	202929	202159
210020000	1148	700312	203037	81498	202159
210020000	752	700000	203038	85407	202159
210020000	349	700022	203039	81625	202159
210020000	1131	700312	203040	81498	202159
210020000	1700	700969	203041	202929	202159
210020000	983	700968	203042	202929	202159
210020000	798	700266	203043	85806	202159
210020000	1701	700969	203044	202929	202159
210020000	1114	730119	203045	202158	202159
210020000	401	700176	203046	85674	202159
210020000	1168	700315	203047	85890	202159
210020000	1167	700315	203048	85890	202159
210020000	1142	700312	203049	81498	202159
210020000	276	700968	203050	202929	202159
210020000	1169	700315	203051	85890	202159
210020000	641	700151	203052	85733	202159
210020000	1172	700315	203053	85890	202159
210020000	1181	700314	203054	85887	202159
210020000	712	0	203055	202187	137930
210020000	698	0	203056	202187	137930
210020000	689	0	203057	202187	137930
210020000	508	0	203058	202187	137930
210020000	799	0	203059	202187	137930
210020000	684	0	203060	202187	137930
210020000	748	0	203061	202187	137930
210020000	745	0	203062	202187	137930
210020000	711	0	203063	202189	137930
210020000	805	0	203064	202187	137930
210020000	662	0	203065	202189	137930
210020000	800	0	203066	202187	137930
210020000	822	0	203067	202187	137930
210020000	706	0	203068	202187	137930
210020000	661	0	203069	202189	137930
210020000	440	0	203070	202187	137930
210020000	815	0	203071	202187	137930
210020000	824	0	203072	202187	137930
210020000	675	0	203073	202187	137930
210020000	112	0	203074	202187	137930
210020000	707	0	203075	202187	137930
210020000	703	0	203076	202187	137930
210020000	686	0	203077	202187	137930
210020000	781	0	203078	202187	137930
210020000	783	0	203079	202187	137930
210020000	809	0	203080	202187	137930
210020000	765	0	203081	202187	137930
210020000	808	0	203082	202187	137930
210020000	764	0	203083	202187	137930
210020000	659	0	203084	202187	137930
210020000	825	0	203085	202187	137930
210020000	699	0	203086	202187	137930
210020000	747	0	203087	202187	137930
210020000	779	0	203088	202187	137930
210020000	794	0	203089	202187	137930
210020000	676	0	203090	202187	137930
210020000	816	0	203091	202187	137930
210020000	813	0	203092	202187	137930
210020000	697	0	203093	202187	137930
210020000	766	0	203094	202187	137930
210020000	773	0	203095	202187	137930
210020000	681	0	203096	202187	137930
210020000	790	0	203097	202187	137930
210020000	507	0	203098	202187	137930
210020000	771	0	203099	202187	137930
210020000	780	0	203100	202187	137930
210020000	814	0	203101	202187	137930
210020000	810	0	203102	202187	137930
210020000	506	0	203103	202187	137930
210020000	691	0	203104	202187	137930
210020000	553	0	203105	202187	137930
210020000	683	0	203106	202187	137930
210020000	113	0	203107	202187	137930
210020000	114	0	203108	202187	137930
210020000	660	0	203109	202187	137930
210020000	724	0	203110	202187	137930
210020000	680	0	203111	202187	137930
210020000	225	0	203112	202187	137930
210020000	791	0	203113	202187	137930
210020000	782	0	203114	202187	137930
210020000	1112	0	203115	202187	137930
210020000	705	0	203116	202187	137930
210020000	710	0	203117	202189	137930
210020000	774	0	203118	202187	137930
210020000	685	0	203119	202189	137930
210020000	713	0	203120	202187	137930
210020000	53	0	203121	202187	137930
210020000	729	0	203122	202187	137930
210020000	682	0	203123	202187	137930
210020000	690	0	203124	202187	137930
210020000	1100	0	203125	202187	137930
210020000	511	0	203126	202187	137930
210020000	786	0	203127	202187	137930
210020000	812	0	203128	202187	137930
210020000	811	0	203129	202187	137930
210020000	702	0	203130	202187	137930
210020000	719	0	203131	202189	137930
210020000	772	0	203132	202187	137930
210020000	801	0	203133	202187	137930
210020000	704	0	203134	202187	137930
210020000	463	0	203135	202187	137930
210020000	692	0	203136	202187	137930
210020000	696	0	203137	202187	137930
210020000	803	0	203138	202187	137930
210020000	693	0	203139	202187	137930
210020000	677	0	203140	202187	137930
210020000	18	0	203141	202187	137930
210020000	792	0	203142	202187	137930
210020000	785	0	203143	202187	137930
210020000	746	0	203144	202187	137930
210020000	694	0	203145	202187	137930
210020000	687	0	203146	202187	137930
210020000	730	0	203147	202187	137930
210020000	784	0	203148	202187	137930
210020000	807	0	203149	202187	137930
210020000	789	0	203150	202187	137930
210020000	674	0	203151	202187	137930
210020000	744	0	203152	202187	137930
210020000	806	0	203153	202187	137930
210020000	1600	0	203154	202187	137930
210020000	442	0	203155	202187	137930
210020000	688	0	203156	202187	137930
210020000	678	0	203157	202187	137930
210020000	802	0	203158	202187	137930
210020000	823	0	203159	202187	137930
210020000	1113	0	203160	202187	137930
210020000	804	0	203161	202187	137930
210020000	673	0	203162	202187	137930
210020000	663	0	203163	202189	137930
210020000	695	0	203164	202187	137930
210020000	749	0	203165	202187	137930
210020000	793	0	203166	202187	137930
210020000	775	0	203167	202187	137930
210020000	679	0	203168	202187	137930
210030000	749	700115	203169	85580	202159
210030000	737	700115	203170	85580	202159
210030000	746	700115	203171	85580	202159
210030000	628	730318	203172	85537	202159
210030000	797	700108	203173	85583	202159
210030000	493	700032	203174	85459	202159
210030000	494	700032	203175	85459	202159
210030000	507	700033	203176	85462	202159
210030000	188	700037	203177	85474	202159
210030000	474	700006	203178	85413	202159
210030000	475	700006	203179	85413	202159
210030000	1188	700283	203180	85770	202159
210030000	503	700032	203181	85459	202159
210030000	504	700031	203182	85456	202159
210030000	757	700115	203183	85580	202159
210030000	1182	700283	203184	85770	202159
210030000	802	700088	203185	85537	202159
210030000	736	700115	203186	85580	202159
210030000	630	730304	203187	81528	202159
210030000	505	700032	203188	85459	202159
210030000	506	700031	203189	85456	202159
210030000	1185	700283	203190	85770	202159
210030000	735	700115	203191	85580	202159
210030000	476	700006	203192	85413	202159
210030000	733	700114	203193	85494	202159
210030000	760	700115	203194	85580	202159
210030000	788	700108	203195	85583	202159
210030000	513	700037	203196	85474	202159
210030000	483	700006	203197	85413	202159
210030000	469	700005	203198	80527	202159
210030000	754	700115	203199	85580	202159
210030000	1461	700967	203200	1080	202159
210030000	759	700115	203201	85580	202159
210030000	732	700114	203202	85494	202159
210030000	1460	700967	203203	1080	202159
210030000	1402	700020	203204	81625	202159
210030000	1456	700967	203205	1080	202159
210030000	477	700006	203206	85413	202159
210030000	766	700115	203207	85580	202159
210030000	790	700108	203208	85583	202159
210030000	765	700115	203209	85580	202159
210030000	186	700037	203210	85474	202159
210030000	730	700114	203211	85494	202159
210030000	1190	730059	203212	203035	202159
210030000	510	700037	203213	85474	202159
210030000	511	700037	203214	85474	202159
210030000	1444	700967	203215	1080	202159
210030000	798	700108	203216	85583	202159
210030000	786	700108	203217	85583	202159
210030000	744	700115	203218	85580	202159
210030000	752	700115	203219	85580	202159
210030000	472	700006	203220	85413	202159
210030000	756	700115	203221	85580	202159
210030000	738	700115	203222	85580	202159
210030000	762	700115	203223	85580	202159
210030000	459	700016	203224	81625	202159
210030000	789	700108	203225	85583	202159
210030000	787	700108	203226	85583	202159
210030000	800	700108	203227	85583	202159
210030000	795	700108	203228	85583	202159
210030000	763	700115	203229	85580	202159
210030000	1186	700283	203230	85770	202159
210030000	1435	700967	203231	1080	202159
210030000	1189	700283	203232	85770	202159
210030000	521	700038	203233	85477	202159
210030000	755	700115	203234	85580	202159
210030000	481	700006	203235	85413	202159
210030000	761	700115	203236	85580	202159
210030000	515	700037	203237	85474	202159
210030000	1183	700283	203238	85770	202159
210030000	1430	700967	203239	1080	202159
210030000	487	700031	203240	85456	202159
210030000	495	700032	203241	85456	202159
210030000	805	700017	203242	81625	202159
210030000	791	700108	203243	85583	202159
210030000	509	700036	203244	85471	202159
210030000	486	700009	203245	85424	202159
210030000	799	700108	203246	85583	202159
210030000	471	700006	203247	85413	202159
210030000	764	700115	203248	85580	202159
210030000	729	700114	203249	85494	202159
210030000	747	700115	203250	85580	202159
210030000	785	700108	203251	85583	202159
210030000	461	700000	203252	85407	202159
210030000	1184	700283	203253	85770	202159
210030000	458	700015	203254	81625	202159
210030000	490	700031	203255	85456	202159
210030000	496	700032	203256	85459	202159
210030000	753	700115	203257	85580	202159
210030000	499	700032	203258	85459	202159
210030000	500	700031	203259	85456	202159
210030000	740	700115	203260	85580	202159
210030000	514	700037	203261	85474	202159
210030000	501	700031	203262	85456	202159
210030000	502	700032	203263	85459	202159
210030000	491	700031	203264	85456	202159
210030000	492	700031	203265	85456	202159
210030000	631	730305	203266	81528	202159
210030000	482	700006	203267	85413	202159
210030000	1445	700967	203268	1080	202159
210030000	727	700114	203269	85494	202159
210030000	743	700115	203270	85580	202159
210030000	728	700114	203271	85494	202159
210030000	473	700006	203272	85413	202159
210030000	796	700108	203273	85583	202159
210030000	739	700115	203274	85580	202159
210030000	793	700108	203275	85583	202159
210030000	497	700031	203276	85456	202159
210030000	488	700032	203277	85459	202159
210030000	1181	700283	203278	85770	202159
210030000	460	700000	203279	85407	202159
210030000	1457	700967	203280	1080	202159
210030000	1434	700967	203281	1080	202159
210030000	742	700115	203282	85580	202159
210030000	748	700115	203283	85580	202159
210030000	314	700037	203284	85474	202159
210030000	741	700115	203285	85580	202159
210030000	731	700114	203286	85494	202159
210030000	794	700108	203287	85583	202159
210030000	750	700115	203288	85580	202159
210030000	767	700115	203289	85580	202159
210030000	468	700003	203290	85416	202159
210030000	478	700006	203291	85413	202159
210030000	189	700037	203292	85474	202159
210030000	484	700006	203293	85413	202159
210030000	489	700032	203294	85459	202159
210030000	498	700031	203295	85456	202159
210030000	480	700006	203296	85413	202159
210030000	512	700037	203297	85474	202159
210030000	1400	700019	203298	81625	202159
210030000	479	700006	203299	85413	202159
210030000	1442	700967	203300	1080	202159
210030000	758	700115	203301	85580	202159
210030000	792	700108	203302	85583	202159
210030000	751	700115	203303	85580	202159
210030000	1187	700283	203304	85770	202159
210030000	508	730000	203305	86682	202159
210030000	185	700037	203306	85474	202159
210030000	734	700114	203307	85494	202159
210030000	522	700038	203308	85477	202159
210030000	470	700006	203309	85413	202159
210030000	1508	0	203310	202187	137930
210030000	1034	0	203311	202187	137930
210030000	1367	0	203312	202187	137930
210030000	1397	0	203313	202187	137930
210030000	1358	0	203314	202189	137930
210030000	1179	0	203315	202187	137930
210030000	1036	0	203316	202187	137930
210030000	1344	0	203317	202187	137930
210030000	1037	0	203318	202187	137930
210030000	1038	0	203319	202189	137930
210030000	1486	0	203320	202187	137930
210030000	1357	0	203321	202189	137930
210030000	1517	0	203322	202187	137930
210030000	1180	0	203323	202187	137930
210030000	1345	0	203324	202187	137930
210030000	1360	0	203325	202187	137930
210030000	1191	0	203326	202187	137930
210030000	1200	0	203327	202187	137930
210030000	1415	0	203328	202187	137930
210030000	1355	0	203329	202187	137930
210030000	1349	0	203330	202187	137930
210030000	1487	0	203331	202187	137930
210030000	1497	0	203332	202187	137930
210030000	1483	0	203333	202187	137930
210030000	1356	0	203334	202187	137930
210030000	1513	0	203335	202187	137930
210030000	1446	0	203336	202187	137930
210030000	1352	0	203337	202187	137930
210030000	1039	0	203338	202187	137930
210030000	1417	0	203339	202187	137930
210030000	1395	0	203340	202187	137930
210030000	1425	0	203341	202187	137930
210030000	1040	0	203342	202187	137930
210030000	1455	0	203343	202187	137930
210030000	1488	0	203344	202187	137930
210030000	1498	0	203345	202187	137930
210030000	1429	0	203346	202189	137930
210030000	1504	0	203347	202187	137930
210030000	1418	0	203348	202187	137930
210030000	1348	0	203349	202187	137930
210030000	1371	0	203350	202187	137930
210030000	1385	0	203351	202187	137930
210030000	1419	0	203352	202187	137930
210030000	1475	0	203353	202187	137930
210030000	1393	0	203354	202187	137930
210030000	1481	0	203355	202187	137930
210030000	1347	0	203356	202187	137930
210030000	1041	0	203357	202187	137930
210030000	1346	0	203358	202187	137930
210030000	1509	0	203359	202187	137930
210030000	1354	0	203360	202187	137930
210030000	1396	0	203361	202187	137930
210030000	1491	0	203362	202189	137930
210030000	1426	0	203363	202187	137930
210030000	1353	0	203364	202187	137930
210030000	1493	0	203365	202189	137930
210030000	1496	0	203366	202187	137930
210030000	1454	0	203367	202187	137930
210030000	1369	0	203368	202187	137930
210030000	1490	0	203369	202189	137930
210030000	1500	0	203370	202187	137930
210030000	1521	0	203371	202189	137930
210030000	1043	0	203372	202187	137930
210030000	1515	0	203373	202187	137930
210030000	1503	0	203374	202187	137930
210030000	1464	0	203375	202187	137930
210030000	1044	0	203376	202189	137930
210030000	1368	0	203377	202187	137930
210030000	1523	0	203378	202189	137930
210030000	1520	0	203379	202189	137930
210030000	1501	0	203380	202187	137930
210030000	1506	0	203381	202187	137930
210030000	1359	0	203382	202189	137930
210030000	1502	0	203383	202187	137930
210030000	1505	0	203384	202187	137930
210030000	1499	0	203385	202187	137930
210030000	1518	0	203386	202187	137930
210030000	1422	0	203387	202187	137930
210030000	1045	0	203388	202187	137930
210030000	1374	0	203389	202189	137930
210030000	1046	0	203390	202187	137930
210030000	1511	0	203391	202187	137930
210030000	1047	0	203392	202187	137930
210030000	1361	0	203393	202187	137930
210030000	1351	0	203394	202187	137930
210030000	1476	0	203395	202187	137930
210030000	1364	0	203396	202187	137930
210030000	1441	0	203397	202187	137930
210030000	1484	0	203398	202187	137930
210030000	1372	0	203399	202187	137930
210030000	1363	0	203400	202187	137930
210030000	1362	0	203401	202187	137930
210030000	1482	0	203402	202187	137930
210030000	1048	0	203403	202187	137930
210030000	1507	0	203404	202187	137930
210030000	1049	0	203405	202187	137930
210030000	1339	0	203406	202187	137930
210030000	1365	0	203407	202187	137930
210030000	1519	0	203408	202187	137930
210030000	1370	0	203409	202187	137930
210030000	1494	0	203410	202187	137930
210030000	1510	0	203411	202187	137930
210030000	1485	0	203412	202187	137930
210030000	1514	0	203413	202187	137930
210030000	1424	0	203414	202189	137930
210030000	1050	0	203415	202187	137930
210030000	1394	0	203416	202187	137930
210030000	1051	0	203417	202187	137930
210030000	1366	0	203418	202187	137930
210030000	1443	0	203419	202187	137930
210030000	1398	0	203420	202187	137930
210030000	1350	0	203421	202187	137930
210030000	1522	0	203422	202189	137930
210040000	589	700209	203423	85665	202159
210040000	566	700207	203424	85506	202159
210040000	665	700195	203425	85698	202159
210040000	1409	700513	203426	80527	202159
210040000	596	700209	203427	85665	202159
210040000	754	700196	203428	85701	202159
210040000	1320	700197	203429	85730	202159
210040000	795	700209	203430	85719	202159
210040000	312	700356	203431	85865	202159
210040000	770	700202	203432	85706	202159
210040000	746	700220	203433	85717	202159
210040000	581	700209	203434	85665	202159
210040000	756	700207	203435	85506	202159
210040000	786	700201	203436	85706	202159
210040000	776	700205	203437	85713	202159
210040000	745	700220	203438	85717	202159
210040000	789	700202	203439	85706	202159
210040000	758	700207	203440	85506	202159
210040000	1585	700818	203441	81625	202159
210040000	881	700205	203442	85713	202159
210040000	778	700201	203443	85706	202159
210040000	1025	700201	203444	85706	202159
210040000	591	700209	203445	85719	202159
210040000	1404	730191	203446	203447	202159
210040000	633	700360	203448	85537	202159
210040000	732	700220	203449	85717	202159
210040000	567	700209	203450	85665	202159
210040000	772	700205	203451	85713	202159
210040000	733	700220	203452	85717	202159
210040000	724	700220	203453	85717	202159
210040000	1622	700820	203454	81625	202159
210040000	302	700220	203455	85717	202159
210040000	996	700025	203456	81625	202159
210040000	1325	700197	203457	85730	202159
210040000	664	700195	203458	85698	202159
210040000	792	700209	203459	85719	202159
210040000	819	700201	203460	85706	202159
210040000	278	700195	203461	85698	202159
210040000	586	700209	203462	85665	202159
210040000	780	700202	203463	85706	202159
210040000	61	700197	203464	85730	202159
210040000	729	700220	203465	85717	202159
210040000	580	700209	203466	85665	202159
210040000	768	700224	203467	85710	202159
210040000	775	700207	203468	85506	202159
210040000	750	700220	203469	85717	202159
210040000	590	700209	203470	85665	202159
210040000	575	700207	203471	85506	202159
210040000	576	700272	203472	85819	202159
210040000	726	700220	203473	85717	202159
210040000	769	700207	203474	85506	202159
210040000	676	700195	203475	85698	202159
210040000	736	700220	203476	85717	202159
210040000	1328	700197	203477	85730	202159
210040000	299	700357	203478	85865	202159
210040000	740	700220	203479	85717	202159
210040000	1013	700205	203480	85713	202159
210040000	593	700209	203481	85665	202159
210040000	666	700195	203482	85698	202159
210040000	749	700220	203483	85717	202159
210040000	1329	700197	203484	85730	202159
210040000	672	700195	203485	85698	202159
210040000	728	700220	203486	85717	202159
210040000	723	700220	203487	85717	202159
210040000	747	700220	203488	85717	202159
210040000	798	700000	203489	85407	202159
210040000	801	700192	203490	80872	202159
210040000	779	700201	203491	85706	202159
210040000	540	700270	203492	85815	202159
210040000	737	700220	203493	85717	202159
210040000	1023	700205	203494	85713	202159
210040000	739	700220	203495	85717	202159
210040000	722	700220	203496	85717	202159
210040000	741	700220	203497	85717	202159
210040000	742	700220	203498	85717	202159
210040000	777	700202	203499	85706	202159
210040000	181	730133	203500	202158	202159
210040000	766	700225	203501	85710	202159
210040000	574	700207	203502	85506	202159
210040000	671	700195	203503	85698	202159
210040000	678	700195	203504	85698	202159
210040000	287	700209	203505	85665	202159
210040000	1020	700218	203506	85669	202159
210040000	570	700207	203507	85506	202159
210040000	774	700205	203508	85713	202159
210040000	761	700223	203509	85710	202159
210040000	751	700024	203510	81625	202159
210040000	794	700195	203511	85698	202159
210040000	1617	700564	203512	86162	202159
210040000	1322	700197	203513	85730	202159
210040000	573	700207	203514	85506	202159
210040000	765	700205	203515	85713	202159
210040000	1019	700000	203516	85407	202159
210040000	582	700209	203517	85665	202159
210040000	1620	700819	203518	81625	202159
210040000	788	700201	203519	85706	202159
210040000	1317	700197	203520	85730	202159
210040000	598	700220	203521	85717	202159
210040000	674	700195	203522	85698	202159
210040000	1014	700205	203523	85713	202159
210040000	744	700220	203524	85717	202159
210040000	670	700195	203525	85698	202159
210040000	578	700209	203526	85665	202159
210040000	735	700220	203527	85717	202159
210040000	679	700195	203528	85698	202159
210040000	488	700193	203529	85499	202159
210040000	584	700209	203530	85665	202159
210040000	206	730061	203531	203532	202159
210040000	731	700220	203533	85717	202159
210040000	493	730186	203534	81987	202159
210040000	592	700209	203535	85665	202159
210040000	273	700195	203536	85698	202159
210040000	793	700209	203537	85719	202159
210040000	579	700209	203538	85665	202159
210040000	673	700195	203539	85698	202159
210040000	820	700205	203540	85713	202159
210040000	743	700220	203541	85717	202159
210040000	571	700207	203542	85506	202159
210040000	1327	700197	203543	85730	202159
210040000	1316	700197	203544	85730	202159
210040000	785	700202	203545	85706	202159
210040000	148	700197	203546	85730	202159
210040000	668	700195	203547	85698	202159
210040000	1240	730189	203548	203447	202159
210040000	300	700358	203549	85865	202159
210040000	585	700209	203550	85665	202159
210040000	764	700205	203551	85713	202159
210040000	594	700209	203552	85719	202159
210040000	767	700205	203553	85713	202159
210040000	763	700205	203554	85713	202159
210040000	577	700027	203555	81625	202159
210040000	997	700205	203556	85713	202159
210040000	314	700364	203557	203558	202159
210040000	787	700202	203559	85706	202159
210040000	1241	730190	203560	203447	202159
210040000	663	700195	203561	85698	202159
210040000	588	700209	203562	85665	202159
210040000	587	700209	203563	85665	202159
210040000	771	700205	203564	85713	202159
210040000	542	700026	203565	81625	202159
210040000	773	700222	203566	85710	202159
210040000	292	700209	203567	85665	202159
210040000	757	730033	203568	86106	202159
210040000	753	700000	203569	85407	202159
210040000	720	700220	203570	85717	202159
210040000	919	730034	203571	85746	202159
210040000	583	700209	203572	85665	202159
210040000	738	700220	203573	85717	202159
210040000	995	700207	203574	85506	202159
210040000	1144	700239	203575	85767	202159
210040000	565	700207	203576	85506	202159
210040000	1024	700205	203577	85713	202159
210040000	783	700209	203578	85665	202159
210040000	760	700207	203579	85506	202159
210040000	667	700195	203580	85698	202159
210040000	1319	700197	203581	85730	202159
210040000	1321	700197	203582	85730	202159
210040000	725	700220	203583	85717	202159
210040000	187	730141	203584	85499	202159
210040000	597	700209	203585	85719	202159
210040000	677	700207	203586	85506	202159
210040000	755	700227	203587	85710	202159
210040000	796	700209	203588	85719	202159
210040000	572	700207	203589	85506	202159
210040000	1141	700282	203590	81627	202159
210040000	1142	700217	203591	85865	202159
210040000	1326	700197	203592	85730	202159
210040000	781	700201	203593	85706	202159
210040000	759	700221	203594	85710	202159
210040000	784	700201	203595	85706	202159
210040000	281	730040	203596	0	202159
210040000	1022	730134	203597	202158	202159
210040000	762	700226	203598	85710	202159
210040000	797	700209	203599	85719	202159
210040000	313	730132	203600	85806	202159
210040000	730	700220	203601	85717	202159
210040000	1318	700197	203602	85730	202159
210040000	790	700202	203603	85706	202159
210040000	870	0	203604	202187	137930
210040000	986	0	203605	202189	137930
210040000	203	0	203606	202187	137930
210040000	877	0	203607	202187	137930
210040000	843	0	203608	202187	137930
210040000	447	0	203609	202189	137930
210040000	964	0	203610	202187	137930
210040000	842	0	203611	202187	137930
210040000	854	0	203612	202187	137930
210040000	938	0	203613	202187	137930
210040000	837	0	203614	202187	137930
210040000	980	0	203615	202189	137930
210040000	826	0	203616	202187	137930
210040000	1006	0	203617	202187	137930
210040000	529	0	203618	202187	137930
210040000	911	0	203619	202187	137930
210040000	913	0	203620	202187	137930
210040000	907	0	203621	202187	137930
210040000	858	0	203622	202187	137930
210040000	822	0	203623	202187	137930
210040000	848	0	203624	202187	137930
210040000	864	0	203625	202187	137930
210040000	609	0	203626	202189	137930
210040000	791	0	203627	202187	137930
210040000	207	0	203628	202187	137930
210040000	918	0	203629	202187	137930
210040000	908	0	203630	202187	137930
210040000	958	0	203631	202187	137930
210040000	828	0	203632	202187	137930
210040000	916	0	203633	202187	137930
210040000	961	0	203634	202187	137930
210040000	893	0	203635	202187	137930
210040000	855	0	203636	202187	137930
210040000	960	0	203637	202187	137930
210040000	839	0	203638	202187	137930
210040000	899	0	203639	202187	137930
210040000	1528	0	203640	202187	137930
210040000	230	0	203641	202187	137930
210040000	1180	0	203642	202187	137930
210040000	946	0	203643	202187	137930
210040000	937	0	203644	202187	137930
210040000	833	0	203645	202187	137930
210040000	897	0	203646	202187	137930
210040000	968	0	203647	202189	137930
210040000	885	0	203648	202187	137930
210040000	976	0	203649	202189	137930
210040000	967	0	203650	202189	137930
210040000	971	0	203651	202187	137930
210040000	625	0	203652	202189	137930
210040000	850	0	203653	202187	137930
210040000	874	0	203654	202187	137930
210040000	871	0	203655	202187	137930
210040000	869	0	203656	202187	137930
210040000	184	0	203657	202187	137930
210040000	519	0	203658	202189	137930
210040000	827	0	203659	202187	137930
210040000	974	0	203660	202189	137930
210040000	900	0	203661	202187	137930
210040000	917	0	203662	202187	137930
210040000	185	0	203663	202187	137930
210040000	890	0	203664	202187	137930
210040000	982	0	203665	202189	137930
210040000	119	0	203666	202187	137930
210040000	963	0	203667	202187	137930
210040000	912	0	203668	202187	137930
210040000	1012	0	203669	202187	137930
210040000	895	0	203670	202187	137930
210040000	215	0	203671	202187	137930
210040000	860	0	203672	202187	137930
210040000	999	0	203673	202187	137930
210040000	538	0	203674	202187	137930
210040000	978	0	203675	202189	137930
210040000	878	0	203676	202187	137930
210040000	186	0	203677	202187	137930
210040000	1000	0	203678	202187	137930
210040000	190	0	203679	202187	137930
210040000	873	0	203680	202187	137930
210040000	660	0	203681	202189	137930
210040000	969	0	203682	202189	137930
210040000	942	0	203683	202187	137930
210040000	175	0	203684	202187	137930
210040000	831	0	203685	202187	137930
210040000	1010	0	203686	202187	137930
210040000	170	0	203687	202187	137930
210040000	947	0	203688	202187	137930
210040000	782	0	203689	202187	137930
210040000	522	0	203690	202189	137930
210040000	630	0	203691	202189	137930
210040000	966	0	203692	202187	137930
210040000	823	0	203693	202187	137930
210040000	915	0	203694	202187	137930
210040000	944	0	203695	202187	137930
210040000	601	0	203696	202189	137930
210040000	192	0	203697	202187	137930
210040000	844	0	203698	202189	137930
210040000	509	0	203699	202189	137930
210040000	1007	0	203700	202187	137930
210040000	712	0	203701	202189	137930
210040000	1009	0	203702	202187	137930
210040000	866	0	203703	202187	137930
210040000	838	0	203704	202187	137930
210040000	656	0	203705	202189	137930
210040000	975	0	203706	202189	137930
210040000	533	0	203707	202189	137930
210040000	959	0	203708	202187	137930
210040000	876	0	203709	202187	137930
210040000	903	0	203710	202187	137930
210040000	857	0	203711	202187	137930
210040000	972	0	203712	202189	137930
210040000	655	0	203713	202189	137930
210040000	455	0	203714	202187	137930
210040000	962	0	203715	202187	137930
210040000	499	0	203716	202189	137930
210040000	537	0	203717	202187	137930
210040000	979	0	203718	202189	137930
210040000	237	0	203719	202187	137930
210040000	1005	0	203720	202187	137930
210040000	262	0	203721	202187	137930
210040000	939	0	203722	202187	137930
210040000	356	0	203723	202187	137930
210040000	888	0	203724	202187	137930
210040000	172	0	203725	202187	137930
210040000	905	0	203726	202187	137930
210040000	936	0	203727	202187	137930
210040000	180	0	203728	202187	137930
210040000	898	0	203729	202187	137930
210040000	943	0	203730	202187	137930
210040000	896	0	203731	202187	137930
210040000	872	0	203732	202187	137930
210040000	1520	0	203733	202189	137930
210040000	868	0	203734	202187	137930
210040000	955	0	203735	202189	137930
210040000	949	0	203736	202187	137930
210040000	901	0	203737	202187	137930
210040000	398	0	203738	202189	137930
210040000	355	0	203739	202187	137930
210040000	956	0	203740	202187	137930
210040000	108	0	203741	202187	137930
210040000	948	0	203742	202187	137930
210040000	1512	0	203743	202187	137930
210040000	1749	0	203744	202187	137930
210040000	883	0	203745	202187	137930
210040000	189	0	203746	202187	137930
210040000	887	0	203747	202187	137930
210040000	945	0	203748	202187	137930
210040000	992	0	203749	202187	137930
210040000	1003	0	203750	202187	137930
210040000	902	0	203751	202187	137930
210040000	914	0	203752	202187	137930
210040000	836	0	203753	202187	137930
210040000	183	0	203754	202187	137930
210040000	521	0	203755	202189	137930
210040000	884	0	203756	202187	137930
210040000	523	0	203757	202187	137930
210040000	852	0	203758	202187	137930
210040000	846	0	203759	202187	137930
210040000	835	0	203760	202189	137930
210040000	853	0	203761	202187	137930
210040000	983	0	203762	202189	137930
210040000	891	0	203763	202187	137930
210040000	1511	0	203764	202187	137930
210040000	856	0	203765	202187	137930
210040000	824	0	203766	202187	137930
210040000	894	0	203767	202187	137930
210040000	658	0	203768	202189	137930
210040000	977	0	203769	202189	137930
210040000	1002	0	203770	202187	137930
210040000	859	0	203771	202187	137930
210040000	886	0	203772	202187	137930
210040000	261	0	203773	202187	137930
210040000	985	0	203774	202189	137930
210040000	973	0	203775	202189	137930
210040000	512	0	203776	202189	137930
210040000	15	0	203777	202187	137930
210040000	950	0	203778	202187	137930
210040000	834	0	203779	202189	137930
210040000	145	0	203780	202187	137930
210040000	840	0	203781	202187	137930
210040000	984	0	203782	202189	137930
210040000	889	0	203783	202187	137930
210040000	1011	0	203784	202187	137930
210040000	1004	0	203785	202187	137930
210040000	653	0	203786	202189	137930
210040000	880	0	203787	202187	137930
210040000	909	0	203788	202187	137930
210040000	845	0	203789	202189	137930
210040000	862	0	203790	202187	137930
210040000	863	0	203791	202187	137930
210040000	957	0	203792	202187	137930
210040000	861	0	203793	202187	137930
210040000	867	0	203794	202187	137930
210040000	875	0	203795	202187	137930
210040000	188	0	203796	202187	137930
210040000	940	0	203797	202187	137930
210040000	1008	0	203798	202187	137930
210040000	849	0	203799	202187	137930
210040000	829	0	203800	202187	137930
210040000	906	0	203801	202187	137930
210040000	1770	0	203802	202187	137930
210040000	748	0	203803	202187	137930
210040000	904	0	203804	202187	137930
210040000	821	0	203805	202187	137930
210040000	981	0	203806	202189	137930
210040000	970	0	203807	202187	137930
210040000	865	0	203808	202187	137930
210040000	965	0	203809	202187	137930
210040000	210	0	203810	202187	137930
210040000	841	0	203811	202187	137930
210040000	935	0	203812	202187	137930
210040000	851	0	203813	202187	137930
210040000	892	0	203814	202187	137930
210040000	1001	0	203815	202187	137930
210040000	941	0	203816	202187	137930
210040000	910	0	203817	202187	137930
210050000	246	700605	203818	85419	202159
210050000	162	700609	203819	85894	202159
210050000	2357	700908	203820	85996	202159
210050000	142	700625	203821	86234	202159
210050000	165	700629	203822	86240	202159
210050000	383	257495	203823	81646	202159
210050000	383	257496	203823	81646	202159
210050000	383	257497	203823	81646	202159
210050000	2376	700910	203824	85719	202159
210050000	614	700623	203825	203826	202159
210050000	204	730295	203827	203828	202159
210050000	611	730228	203829	86302	202159
210050000	526	700609	203830	85894	202159
210050000	68	700601	203831	86135	202159
210050000	62	700601	203832	86135	202159
210050000	213	700615	203833	85894	202159
210050000	1500	730296	203834	203835	202159
210050000	372	258230	203836	203837	203838
210050000	372	258231	203836	203837	203838
210050000	372	258232	203836	203837	203838
210050000	2373	700910	203839	85719	202159
210050000	616	700620	203840	86225	202159
210050000	2380	700910	203841	85719	202159
210050000	2348	700908	203842	85996	202159
210050000	2354	700908	203843	85996	202159
210050000	125	700615	203844	85894	202159
210050000	379	258230	203845	203837	203838
210050000	379	258231	203845	203837	203838
210050000	379	258232	203845	203837	203838
210050000	615	700622	203846	202158	202159
210050000	74	700601	203847	86135	202159
210050000	268	730241	203848	86938	202159
210050000	1315	730485	203849	86993	202159
210050000	3576	700609	203850	85894	202159
210050000	76	700615	203851	85894	202159
210050000	139	700616	203852	202158	202159
210050000	156	700630	203853	86240	202159
210050000	64	700601	203854	86135	202159
210050000	478	257195	203855	81646	202159
210050000	478	257196	203855	81646	202159
210050000	478	257197	203855	81646	202159
210050000	2362	700908	203856	85996	202159
210050000	100	700601	203857	86135	202159
210050000	437	258230	203858	203837	203838
210050000	437	258231	203858	203837	203838
210050000	437	258232	203858	203837	203838
210050000	363	257501	203859	81635	203860
210050000	373	257502	203859	81635	203860
210050000	479	257503	203861	81635	203860
210050000	206	700747	203862	86323	202159
210050000	756	700545	203863	203864	202159
210050000	79	700615	203865	85894	202159
210050000	2382	700910	203866	85719	202159
210050000	72	700601	203867	86135	202159
210050000	2375	700910	203868	85719	202159
210050000	2391	700912	203869	203870	202159
210050000	2385	700915	203871	85494	202159
210050000	514	700609	203872	85894	202159
210050000	90	700601	203873	86135	202159
210050000	2364	700908	203874	85996	202159
210050000	126	700615	203875	85894	202159
210050000	619	700609	203876	85894	202159
210050000	649	700614	203877	85688	202159
210050000	2333	217095	203878	80872	202159
210050000	2333	217096	203878	80872	202159
210050000	88	700601	203879	86135	202159
210050000	369	257204	203880	81635	203860
210050000	477	257205	203880	81635	203860
210050000	385	257206	203880	81635	203860
210050000	81	700615	203881	85894	202159
210050000	516	700609	203882	85894	202159
210050000	2292	700545	203883	203864	202159
210050000	476	257504	203884	81635	203860
210050000	364	257505	203884	81635	203860
210050000	482	257506	203884	81635	203860
210050000	109	700601	203885	86135	202159
210050000	52	700615	203886	85894	202159
210050000	2358	700908	203887	85996	202159
210050000	2361	700908	203888	85996	202159
210050000	511	700609	203889	85894	202159
210050000	2312	700545	203890	203864	202159
210050000	1200	730256	203891	203892	202159
210050000	136	700615	203893	85894	202159
210050000	51	700615	203894	85894	202159
210050000	99	700601	203895	86135	202159
210050000	89	700601	203896	86135	202159
210050000	2371	700910	203897	85719	202159
210050000	101	700601	203898	86135	202159
210050000	158	700609	203899	85894	202159
210050000	94	700601	203900	86135	202159
210050000	127	730277	203901	203902	202159
210050000	621	798901	203903	203904	202159
210050000	509	700743	203905	86143	202159
210050000	525	700612	203906	85688	202159
210050000	1039	700545	203907	203864	202159
210050000	1215	748009	203908	202158	202159
210050000	1238	700615	203909	85894	202159
210050000	1174	700545	203910	203864	202159
210050000	174	700601	203911	86135	202159
210050000	75	700615	203912	85894	202159
210050000	61	700601	203913	86135	202159
210050000	137	700615	203914	85894	202159
210050000	205	700746	203915	86323	202159
210050000	160	700609	203916	85894	202159
210050000	83	700615	203917	85894	202159
210050000	128	700615	203918	85894	202159
210050000	1425	730297	203919	203835	202159
210050000	1464	282123	203920	203921	202159
210050000	2372	700910	203922	85719	202159
210050000	2369	700910	203923	85719	202159
210050000	443	730279	203924	203925	202159
210050000	141	700626	203926	86234	202159
210050000	390	257239	203927	203837	203838
210050000	390	257240	203927	203837	203838
210050000	390	257241	203927	203837	203838
210050000	1213	700601	203928	86135	202159
210050000	2363	700908	203929	85996	202159
210050000	168	730223	203930	86920	202159
210050000	120	700615	203931	85894	202159
210050000	2390	700911	203932	203870	202159
210050000	2383	700910	203933	85719	202159
210050000	2350	700908	203934	85996	202159
210050000	2360	700908	203935	85996	202159
210050000	167	700609	203936	85894	202159
210050000	155	700609	203937	85894	202159
210050000	377	257236	203938	203837	203838
210050000	377	257237	203938	203837	203838
210050000	377	257238	203938	203837	203838
210050000	564	700000	203939	85407	202159
210050000	65	700601	203940	86135	202159
210050000	2353	700908	203941	85996	202159
210050000	153	700609	203942	85894	202159
210050000	132	700615	203943	85894	202159
210050000	157	700609	203944	85894	202159
210050000	166	700609	203945	85894	202159
210050000	345	700617	203946	86221	202159
210050000	510	700609	203947	85894	202159
210050000	2343	730323	203948	85580	202159
210050000	480	257507	203949	81635	203860
210050000	371	257508	203949	81635	203860
210050000	386	257509	203949	81635	203860
210050000	2384	700910	203950	85719	202159
210050000	163	730225	203951	86920	202159
210050000	520	700609	203952	85894	202159
210050000	16	730299	203953	203835	202159
210050000	523	700609	203954	85894	202159
210050000	59	700601	203955	86135	202159
210050000	2387	700917	203956	85494	202159
210050000	82	700615	203957	85894	202159
210050000	2378	700910	203958	85719	202159
210050000	134	700615	203959	85894	202159
210050000	528	700611	203960	85688	202159
210050000	381	257536	203961	203837	203838
210050000	381	257537	203961	203837	203838
210050000	381	257538	203961	203837	203838
210050000	60	700601	203962	86135	202159
210050000	71	700601	203963	86135	202159
210050000	618	700609	203964	85894	202159
210050000	2351	700908	203965	85996	202159
210050000	2368	700910	203966	85719	202159
210050000	2349	700908	203967	85996	202159
210050000	1463	282123	203968	203921	202159
210050000	138	700615	203969	85894	202159
210050000	508	700601	203970	86135	202159
210050000	86	700615	203971	85894	202159
210050000	131	700615	203972	85894	202159
210050000	1308	730282	203973	81625	202159
210050000	2346	700908	203974	85996	202159
210050000	159	700628	203975	86240	202159
210050000	552	730236	203976	81625	202159
210050000	2355	700908	203977	85996	202159
210050000	256	700601	203978	86135	202159
210050000	102	700601	203979	86135	202159
210050000	2392	700913	203980	203870	202159
210050000	2379	700910	203981	85719	202159
210050000	129	700615	203982	85894	202159
210050000	44	700631	203983	80527	202159
210050000	1216	748004	203984	202158	202159
210050000	2367	700910	203985	85719	202159
210050000	2386	700916	203986	85494	202159
210050000	2377	700910	203987	85719	202159
210050000	169	700609	203988	85894	202159
210050000	2366	700910	203989	85719	202159
210050000	612	730226	203990	86302	202159
210050000	152	700609	203991	85894	202159
210050000	522	700609	203992	85894	202159
210050000	2310	700545	203993	203864	202159
210050000	2356	700908	203994	85996	202159
210050000	69	700601	203995	86135	202159
210050000	521	700609	203996	85894	202159
210050000	140	700624	203997	86234	202159
210050000	388	257201	203998	81635	203860
210050000	378	257202	203998	81635	203860
210050000	375	257203	203998	81635	203860
210050000	80	700615	203999	85894	202159
210050000	1782	217106	204000	204001	202159
210050000	517	700609	204002	85894	202159
210050000	513	700609	204003	85894	202159
210050000	613	730227	204004	86302	202159
210050000	2359	700909	204005	204006	202159
210050000	143	700627	204007	86234	202159
210050000	2352	700908	204008	85996	202159
210050000	2365	700910	204009	85719	202159
210050000	507	700601	204010	86135	202159
210050000	2347	700908	204011	85996	202159
210050000	124	700615	204012	85894	202159
210050000	518	700609	204013	85894	202159
210050000	203	730298	204014	203835	202159
210050000	133	700615	204015	85894	202159
210050000	527	700613	204016	85688	202159
210050000	84	700615	204017	85894	202159
210050000	2393	700914	204018	203870	202159
210050000	2311	700545	204019	203864	202159
210050000	617	700621	204020	85427	202159
210050000	46	730281	204021	81625	202159
210050000	1314	730220	204022	76915	202159
210050000	1202	798962	204023	203904	202159
210050000	380	257192	204024	203837	203838
210050000	380	257193	204024	203837	203838
210050000	380	257194	204024	203837	203838
210050000	389	257539	204025	203837	203838
210050000	389	257540	204025	203837	203838
210050000	389	257541	204025	203837	203838
210050000	374	257492	204026	203837	203838
210050000	374	257493	204026	203837	203838
210050000	374	257494	204026	203837	203838
210050000	85	700615	204027	85894	202159
210050000	2374	700910	204028	85719	202159
210050000	2370	700910	204029	85719	202159
210050000	530	700609	204030	85894	202159
210050000	161	700609	204031	85894	202159
210050000	2344	700908	204032	85996	202159
210050000	755	700545	204033	203864	202159
210050000	2381	700910	204034	85719	202159
210050000	98	700601	204035	86135	202159
210050000	515	700609	204036	85894	202159
210050000	754	700545	204037	203864	202159
210050000	77	700615	204038	85894	202159
210050000	108	700601	204039	86135	202159
210050000	852	700615	204040	85894	202159
210050000	1199	700745	204041	86323	202159
210050000	484	257207	204042	81635	203860
210050000	382	257208	204042	81635	203860
210050000	475	257209	204043	81635	203860
210050000	2345	700908	204044	85996	202159
210050000	164	730224	204045	86920	202159
210050000	130	700615	204046	85894	202159
210050000	1757	282123	204047	203921	202159
210050000	524	700609	204048	85894	202159
210050000	73	700601	204049	86135	202159
210050000	620	700609	204050	85894	202159
210050000	458	730235	204051	81625	202159
210050000	202	799057	204052	203904	202159
210050000	1198	700748	204053	86323	202159
210050000	87	700601	204054	86135	202159
210050000	67	700601	204055	86135	202159
210050000	529	700610	204056	202158	202159
210050000	546	0	204057	202187	137930
210050000	1034	0	204058	202187	137930
210050000	1344	0	204059	202187	137930
210050000	553	0	204060	202187	137930
210050000	544	0	204061	202187	137930
210050000	1180	0	204062	202187	137930
210050000	555	0	204063	202187	137930
210050000	407	0	204064	202187	137930
210050000	1345	0	204065	202187	137930
210050000	309	0	204066	202187	137930
210050000	416	0	204067	202187	137930
210050000	336	0	204068	202187	137930
210050000	1355	0	204069	202187	137930
210050000	1349	0	204070	202187	137930
210050000	1356	0	204071	202187	137930
210050000	1352	0	204072	202187	137930
210050000	549	0	204073	202187	137930
210050000	339	0	204074	202187	137930
210050000	288	0	204075	202187	137930
210050000	542	0	204076	202187	137930
210050000	422	0	204077	202187	137930
210050000	1040	0	204078	202187	137930
210050000	1348	0	204079	202187	137930
210050000	1481	0	204080	202187	137930
210050000	1347	0	204081	202187	137930
210050000	1041	0	204082	202187	137930
210050000	1346	0	204083	202187	137930
210050000	1354	0	204084	202187	137930
210050000	261	0	204085	202187	137930
210050000	562	0	204086	202187	137930
210050000	563	0	204087	202187	137930
210050000	1353	0	204088	202187	137930
210050000	271	0	204089	202187	137930
210050000	565	0	204090	202187	137930
210050000	264	0	204091	202187	137930
210050000	548	0	204092	202187	137930
210050000	566	0	204093	202187	137930
210050000	568	0	204094	202187	137930
210050000	1043	0	204095	202187	137930
210050000	533	0	204096	204097	204098
210050000	569	0	204099	202187	137930
210050000	571	0	204100	202187	137930
210050000	572	0	204101	202187	137930
210050000	573	0	204102	202187	137930
210050000	1307	0	204103	204104	204098
210050000	263	0	204105	202187	137930
210050000	1046	0	204106	202187	137930
210050000	262	0	204107	202187	137930
210050000	1047	0	204108	202187	137930
210050000	411	0	204109	202187	137930
210050000	1361	0	204110	202187	137930
210050000	1351	0	204111	202187	137930
210050000	575	0	204112	202187	137930
210050000	1364	0	204113	202187	137930
210050000	1363	0	204114	202187	137930
210050000	260	0	204115	202187	137930
210050000	1362	0	204116	202187	137930
210050000	1482	0	204117	202187	137930
210050000	1765	0	204118	202187	137930
210050000	543	0	204119	202187	137930
210050000	1048	0	204120	202187	137930
210050000	410	0	204121	202187	137930
210050000	535	0	204122	204097	204098
210050000	406	0	204123	202187	137930
210050000	285	0	204124	202187	137930
210050000	579	0	204125	202187	137930
210050000	713	0	204126	202187	137930
210050000	1339	0	204127	202187	137930
210050000	580	0	204128	202187	137930
210050000	1365	0	204129	202187	137930
210050000	1069	0	204130	202187	137930
210050000	1071	0	204131	202187	137930
210050000	550	0	204132	202187	137930
210050000	417	0	204133	202187	137930
210050000	1076	0	204134	202187	137930
210050000	545	0	204135	202187	137930
210050000	286	0	204136	202187	137930
210050000	1306	0	204137	204104	204098
210050000	279	0	204138	202187	137930
210050000	582	0	204139	202187	137930
210050000	583	0	204140	202187	137930
210050000	1366	0	204141	202187	137930
210050000	1350	0	204142	202187	137930
210060000	972	700450	204143	85924	202159
210060000	313	700398	204144	81987	202159
210060000	290	700374	204145	204146	202159
210060000	457	700338	204147	85462	202159
210060000	459	700338	204148	85496	202159
210060000	965	700450	204149	85924	202159
210060000	505	700377	204150	85494	202159
210060000	458	700338	204151	85410	202159
210060000	510	700377	204152	85494	202159
210060000	518	700377	204153	85494	202159
210060000	61	700375	204154	85583	202159
210060000	93	700450	204155	85924	202159
210060000	452	700338	204156	85706	202159
210060000	476	700338	204157	85496	202159
210060000	517	700377	204158	85494	202159
210060000	86	700418	204159	80527	202159
210060000	964	700450	204160	85924	202159
210060000	251	700374	204161	204162	202159
210060000	471	730105	204163	204164	202159
210060000	292	700374	204165	204146	202159
210060000	288	700374	204166	204162	202159
210060000	464	700338	204167	85706	202159
210060000	513	700377	204168	85494	202159
210060000	973	700450	204169	85924	202159
210060000	949	700450	204170	85924	202159
210060000	522	700377	204171	85494	202159
210060000	951	700450	204172	85924	202159
210060000	60	700375	204173	85583	202159
210060000	750	700377	204174	85494	202159
210060000	963	700450	204175	85924	202159
210060000	502	700377	204176	85494	202159
210060000	740	700377	204177	85494	202159
210060000	273	700390	204178	86006	202159
210060000	293	700374	204179	204146	202159
210060000	70	700375	204180	85583	202159
210060000	962	700450	204181	85924	202159
210060000	143	700390	204182	86006	202159
210060000	504	700377	204183	85494	202159
210060000	206	700374	204184	204162	202159
210060000	521	700377	204185	85494	202159
210060000	956	700450	204186	85924	202159
210060000	975	700450	204187	85924	202159
210060000	477	700338	204188	85496	202159
210060000	976	748005	204189	202158	202159
210060000	512	700392	204190	85865	202159
210060000	304	700374	204191	204146	202159
210060000	743	700393	204192	85865	202159
210060000	980	700817	204193	81625	202159
210060000	301	700374	204194	204146	202159
210060000	63	700375	204195	85583	202159
210060000	745	700377	204196	85494	202159
210060000	511	700377	204197	85494	202159
210060000	281	700390	204198	86006	202159
210060000	294	700374	204199	204146	202159
210060000	297	700374	204200	204146	202159
210060000	62	700375	204201	85583	202159
210060000	265	700390	204202	86006	202159
210060000	955	700450	204203	85924	202159
210060000	276	700390	204204	86006	202159
210060000	969	700450	204205	85924	202159
210060000	462	700338	204206	85706	202159
210060000	71	700375	204207	85583	202159
210060000	472	700338	204208	85706	202159
210060000	967	700450	204209	85924	202159
210060000	948	700450	204210	85924	202159
210060000	500	700377	204211	85494	202159
210060000	943	700420	204212	204213	202159
210060000	6	700388	204214	86002	202159
210060000	971	700450	204215	85924	202159
210060000	194	700378	204216	85938	202159
210060000	3	700000	204217	85407	202159
210060000	155	700390	204218	86006	202159
210060000	309	700374	204219	204146	202159
210060000	280	700390	204220	86006	202159
210060000	207	730172	204221	86855	202159
210060000	344	700399	204222	81625	202159
210060000	519	700377	204223	85494	202159
210060000	73	700375	204224	85583	202159
210060000	475	700338	204225	85410	202159
210060000	181	730145	204226	204164	202159
210060000	736	700377	204227	85494	202159
210060000	277	700390	204228	86006	202159
210060000	744	700377	204229	85494	202159
210060000	113	700388	204230	86002	202159
210060000	453	700338	204231	85496	202159
210060000	474	700338	204232	85410	202159
210060000	942	700416	204233	86039	202159
210060000	503	730146	204234	204164	202159
210060000	470	700339	204235	85938	202159
210060000	57	700375	204236	85583	202159
210060000	463	700338	204237	85462	202159
210060000	508	700377	204238	85494	202159
210060000	116	700389	204239	86002	202159
210060000	747	700377	204240	85494	202159
210060000	115	700389	204241	86002	202159
210060000	524	700377	204242	85494	202159
210060000	514	700377	204243	85494	202159
210060000	960	700450	204244	85924	202159
210060000	454	700343	204245	81625	202159
210060000	7	700389	204246	86002	202159
210060000	68	700375	204247	85583	202159
210060000	742	730147	204248	204164	202159
210060000	22	700374	204249	204162	202159
210060000	749	700391	204250	85865	202159
210060000	944	700450	204251	85924	202159
210060000	957	700450	204252	85924	202159
210060000	311	700374	204253	204146	202159
210060000	516	700377	204254	85494	202159
210060000	468	700338	204255	85462	202159
210060000	65	700375	204256	85583	202159
210060000	291	700374	204257	204146	202159
210060000	501	700377	204258	85494	202159
210060000	289	730169	204259	86855	202159
210060000	308	700374	204260	204146	202159
210060000	310	700374	204261	204146	202159
210060000	205	730173	204262	86855	202159
210060000	300	700374	204263	204146	202159
210060000	298	700374	204264	204146	202159
210060000	509	700377	204265	85494	202159
210060000	66	700375	204266	85583	202159
210060000	974	700450	204267	85924	202159
210060000	968	700450	204268	85924	202159
210060000	469	700338	204269	85462	202159
210060000	473	700338	204270	85462	202159
210060000	953	700450	204271	85924	202159
210060000	523	700377	204272	85494	202159
210060000	208	700374	204273	204162	202159
210060000	312	700374	204274	204146	202159
210060000	746	700377	204275	85494	202159
210060000	515	700377	204276	85494	202159
210060000	88	730179	204277	85806	202159
210060000	947	700450	204278	85924	202159
210060000	87	700419	204279	85770	202159
210060000	92	730180	204280	202158	202159
210060000	958	700450	204281	85924	202159
210060000	4	700376	204282	204283	202159
210060000	979	700816	204284	81625	202159
210060000	738	700377	204285	85494	202159
210060000	221	730171	204286	86855	202159
210060000	456	700338	204287	85496	202159
210060000	176	700000	204288	85407	202159
210060000	737	700377	204289	85494	202159
210060000	58	700375	204290	85583	202159
210060000	950	700450	204291	85924	202159
210060000	741	700377	204292	85494	202159
210060000	271	700390	204293	86006	202159
210060000	296	700374	204294	204146	202159
210060000	520	700377	204295	85494	202159
210060000	8	700388	204296	86002	202159
210060000	954	700450	204297	85924	202159
210060000	166	730144	204298	204164	202159
210060000	739	700377	204299	85494	202159
210060000	961	700450	204300	85924	202159
210060000	295	700374	204301	204146	202159
210060000	64	700375	204302	85583	202159
210060000	959	700450	204303	85924	202159
210060000	305	700374	204304	204146	202159
210060000	970	700450	204305	85924	202159
210060000	67	700375	204306	85583	202159
210060000	946	700450	204307	85924	202159
210060000	460	700338	204308	85410	202159
210060000	302	700374	204309	204146	202159
210060000	465	700338	204310	85410	202159
210060000	525	730154	204311	86836	202159
210060000	114	700388	204312	86002	202159
210060000	69	700375	204313	85583	202159
210060000	506	700377	204314	85494	202159
210060000	306	700374	204315	204146	202159
210060000	748	700377	204316	85494	202159
210060000	362	700400	204317	81625	202159
210060000	466	730106	204318	204164	202159
210060000	461	700338	204319	85706	202159
210060000	945	700450	204320	85924	202159
210060000	952	700450	204321	85924	202159
210060000	966	700450	204322	85924	202159
210060000	272	700390	204323	86006	202159
210060000	287	730170	204324	86855	202159
210060000	339	0	204325	0	137930
210060000	125	0	204326	202187	137930
210060000	162	0	204327	202187	137930
210060000	336	0	204328	0	137930
210060000	528	0	204329	202187	137930
210060000	169	0	204330	202187	137930
210060000	38	0	204331	0	137930
210060000	1	0	204332	202187	137930
210060000	39	0	204333	0	137930
210060000	552	0	204334	0	137930
210060000	48	0	204335	0	137930
210060000	210	0	204336	202187	137930
210060000	211	0	204337	202187	137930
210060000	236	0	204338	0	137930
210060000	492	0	204339	202187	137930
210060000	533	0	204340	202187	137930
210060000	53	0	204341	0	137930
210060000	527	0	204342	202187	137930
210060000	550	0	204343	0	137930
210060000	541	0	204344	202187	137930
210060000	591	0	204345	0	137930
210060000	345	0	204346	202187	137930
210060000	549	0	204347	0	137930
210060000	333	0	204348	0	137930
210060000	2	0	204349	202187	137930
210060000	584	0	204350	202187	137930
210060000	551	0	204351	0	137930
210060000	650	0	204352	202187	137930
220010000	216	700047	204353	85499	202159
220010000	506	700095	204354	85508	202159
220010000	252	700047	204355	85499	202159
220010000	222	700047	204356	85499	202159
220010000	512	700045	204357	85494	202159
220010000	243	700047	204358	85499	202159
220010000	348	700095	204359	85508	202159
220010000	511	700045	204360	85494	202159
220010000	183	700095	204361	85508	202159
220010000	635	700148	204362	85698	202159
220010000	505	700095	204363	85508	202159
220010000	638	700148	204364	85698	202159
220010000	180	700095	204365	85508	202159
220010000	640	700148	204366	85698	202159
220010000	641	700148	204367	85698	202159
220010000	510	700095	204368	85508	202159
220010000	514	700045	204369	85494	202159
220010000	179	700095	204370	85508	202159
220010000	485	730029	204371	204372	202159
220010000	630	700148	204373	85698	202159
220010000	224	700045	204374	85494	202159
220010000	249	700047	204375	85499	202159
220010000	255	700047	204376	85499	202159
220010000	633	700148	204377	85698	202159
220010000	639	700148	204378	85698	202159
220010000	254	700047	204379	85499	202159
220010000	920	700085	204380	85621	202159
220010000	502	700095	204381	85508	202159
220010000	922	700086	204382	85621	202159
220010000	181	700095	204383	85508	202159
220010000	504	700095	204384	85508	202159
220010000	518	700087	204385	85621	202159
220010000	251	700047	204386	85499	202159
220010000	246	700047	204387	85499	202159
220010000	245	700047	204388	85499	202159
220010000	54	700079	204389	85407	202159
220010000	253	700047	204390	85499	202159
220010000	422	700146	204391	85629	202159
220010000	636	700148	204392	85698	202159
220010000	507	700095	204393	85508	202159
220010000	513	700045	204394	85494	202159
220010000	247	700047	204395	85499	202159
220010000	187	700095	204396	85508	202159
220010000	628	700148	204397	85698	202159
220010000	564	700084	204398	85537	202159
220010000	632	700148	204399	85698	202159
220010000	250	700047	204400	85499	202159
220010000	631	700148	204401	85698	202159
220010000	244	700047	204402	85499	202159
220010000	637	700148	204403	85698	202159
220010000	186	700095	204404	85508	202159
220010000	509	700095	204405	85508	202159
220010000	185	700095	204406	85508	202159
220010000	248	700047	204407	85499	202159
220010000	565	700064	204408	81627	202159
220010000	508	700095	204409	85508	202159
220010000	634	700148	204410	85698	202159
220010000	515	700045	204411	85494	202159
220010000	503	700095	204412	85508	202159
220010000	182	700095	204413	85508	202159
220010000	184	700095	204414	85508	202159
220010000	725	700063	204415	81627	202159
220010000	218	700044	204416	0	202159
220010000	220	0	204417	202187	137930
220010000	666	0	204418	202187	137930
220010000	671	0	204419	202187	137930
220010000	673	0	204420	202187	137930
220010000	684	0	204421	202187	137930
220010000	686	0	204422	202187	137930
220010000	695	0	204423	202187	137930
220010000	313	0	204424	202187	137930
220010000	718	0	204425	202187	137930
220010000	697	0	204426	202187	137930
220010000	700	0	204427	202187	137930
220010000	702	0	204428	202187	137930
220010000	704	0	204429	202187	137930
220010000	705	0	204430	202187	137930
220010000	706	0	204431	202187	137930
220010000	707	0	204432	202187	137930
220010000	714	0	204433	202187	137930
220010000	720	0	204434	202187	137930
220010000	715	0	204435	202189	137930
220020000	1272	700318	204436	85894	202159
220020000	1291	700319	204437	85894	202159
220020000	277	700246	204438	85776	202159
220020000	1295	700319	204439	85894	202159
220020000	1222	700317	204440	85894	202159
220020000	1298	700319	204441	85894	202159
220020000	1434	700254	204442	85790	202159
220020000	1154	700264	204443	85800	202159
220020000	1228	700318	204444	85894	202159
220020000	8	700263	204445	85674	202159
220020000	1219	700317	204446	85894	202159
220020000	1278	700318	204447	85894	202159
220020000	1022	700265	204448	85803	202159
220020000	700	700235	204449	85756	202159
220020000	1302	700319	204450	85894	202159
220020000	1192	700320	204451	85603	202159
220020000	101	700259	204452	81627	202159
220020000	935	700281	204453	85580	202159
220020000	705	700235	204454	85756	202159
220020000	1292	730115	204455	85806	202159
220020000	129	700213	204456	81627	202159
220020000	1435	700254	204457	85790	202159
220020000	1269	700318	204458	85894	202159
220020000	659	700234	204459	85674	202159
220020000	1202	700321	204460	85580	202159
220020000	1281	700318	204461	85894	202159
220020000	1445	700254	204462	85790	202159
220020000	1208	700317	204463	85894	202159
220020000	647	730047	204464	204465	202159
220020000	1265	700318	204466	85894	202159
220020000	1215	700317	204467	85894	202159
220020000	661	730049	204468	86729	202159
220020000	1207	700317	204469	85894	202159
220020000	856	700280	204470	81498	202159
220020000	1930	700971	204471	86520	202159
220020000	1301	700319	204472	85894	202159
220020000	702	700235	204473	85756	202159
220020000	1934	700972	204474	204475	202159
220020000	664	700234	204476	85674	202159
220020000	1227	700318	204477	85894	202159
220020000	1189	700265	204478	85803	202159
220020000	1941	700972	204479	204475	202159
220020000	487	700280	204480	81498	202159
220020000	1938	700972	204481	204475	202159
220020000	1276	700318	204482	85894	202159
220020000	1188	700265	204483	85803	202159
220020000	707	700235	204484	85756	202159
220020000	1157	700264	204485	85800	202159
220020000	1929	700971	204486	86520	202159
220020000	569	700321	204487	85580	202159
220020000	577	700079	204488	85407	202159
220020000	709	700235	204489	85756	202159
220020000	1937	700972	204490	204475	202159
220020000	1289	700319	204491	85894	202159
220020000	1268	700318	204492	85894	202159
220020000	1294	700319	204493	85894	202159
220020000	699	700235	204494	85756	202159
220020000	1442	700254	204495	85790	202159
220020000	1761	700971	204496	86520	202159
220020000	1197	700320	204497	85603	202159
220020000	1152	700320	204498	85603	202159
220020000	1945	700975	204499	202943	202159
220020000	1284	700318	204500	85894	202159
220020000	1928	700971	204501	86520	202159
220020000	1133	700320	204502	85603	202159
220020000	1300	700319	204503	85894	202159
220020000	1936	700972	204504	204475	202159
220020000	1304	700319	204505	85894	202159
220020000	1296	700319	204506	85894	202159
220020000	330	700216	204507	85730	202159
220020000	286	700216	204508	85730	202159
220020000	489	700280	204509	81498	202159
220020000	1213	700317	204510	85894	202159
220020000	1430	700254	204511	85790	202159
220020000	701	700235	204512	85756	202159
220020000	1944	700975	204513	202943	202159
220020000	1290	700319	204514	85894	202159
220020000	1270	700318	204515	85894	202159
220020000	1229	700318	204516	85894	202159
220020000	1193	700320	204517	85603	202159
220020000	1942	700972	204518	204475	202159
220020000	1187	700265	204519	85803	202159
220020000	1225	700318	204520	85894	202159
220020000	711	700235	204521	85756	202159
220020000	1220	700317	204522	85894	202159
220020000	1199	700320	204523	85603	202159
220020000	574	700280	204524	81498	202159
220020000	1428	700254	204525	85790	202159
220020000	1191	700320	204526	85603	202159
220020000	662	700183	204527	85537	202159
220020000	713	700235	204528	85756	202159
220020000	1195	700320	204529	85603	202159
220020000	1209	700317	204530	85894	202159
220020000	665	700234	204531	85674	202159
220020000	1275	700318	204532	85894	202159
220020000	1286	700319	204533	85894	202159
220020000	1285	700319	204534	85894	202159
220020000	1432	700254	204535	85790	202159
220020000	148	700261	204536	81627	202159
220020000	1224	700318	204537	85894	202159
220020000	1205	700321	204538	85580	202159
220020000	1437	700254	204539	85790	202159
220020000	1159	700264	204540	85800	202159
220020000	755	700280	204541	81498	202159
220020000	1273	700318	204542	85894	202159
220020000	708	700235	204543	85756	202159
220020000	697	700235	204544	85756	202159
220020000	1200	700320	204545	85603	202159
220020000	478	700079	204546	85407	202159
220020000	1266	700318	204547	85894	202159
220020000	967	700320	204548	85603	202159
220020000	18	700263	204549	85674	202159
220020000	1211	700317	204550	85894	202159
220020000	1288	700319	204551	85894	202159
220020000	1271	700318	204552	85894	202159
220020000	658	700234	204553	85674	202159
220020000	1283	700318	204554	85894	202159
220020000	1433	700254	204555	85790	202159
220020000	715	700235	204556	85756	202159
220020000	1926	700971	204557	86520	202159
220020000	962	700238	204558	85764	202159
220020000	961	700238	204559	85764	202159
220020000	963	700238	204560	85764	202159
220020000	107	700258	204561	81627	202159
220020000	1214	700317	204562	85894	202159
220020000	706	700235	204563	85756	202159
220020000	850	700242	204564	85772	202159
220020000	1279	700318	204565	85894	202159
220020000	1216	700317	204566	85894	202159
220020000	1932	700971	204567	86520	202159
220020000	1933	700971	204568	86520	202159
220020000	1204	700321	204569	85580	202159
220020000	648	730041	204570	204571	202159
220020000	50	700231	204572	81627	202159
220020000	1217	700317	204573	85894	202159
220020000	1223	700317	204574	85894	202159
220020000	1305	730117	204575	202158	202159
220020000	646	730043	204576	204571	202159
220020000	1939	700972	204577	204475	202159
220020000	35	700247	204578	85779	202159
220020000	1258	700318	204579	85894	202159
220020000	1201	700321	204580	85580	202159
220020000	1212	700317	204581	85894	202159
220020000	1581	700971	204582	86520	202159
220020000	1206	700321	204583	85580	202159
220020000	1927	700971	204584	86520	202159
220020000	951	730053	204585	86729	202159
220020000	1155	700264	204586	85800	202159
220020000	1282	700318	204587	85894	202159
220020000	1274	700318	204588	85894	202159
220020000	1226	700318	204589	85894	202159
220020000	1203	700321	204590	85580	202159
220020000	1293	730116	204591	202158	202159
220020000	1198	700320	204592	85603	202159
220020000	712	700235	204593	85756	202159
220020000	1277	700318	204594	85894	202159
220020000	1267	700318	204595	85894	202159
220020000	316	700216	204596	85730	202159
220020000	1280	700318	204597	85894	202159
220020000	714	700235	204598	85756	202159
220020000	1287	700319	204599	85894	202159
220020000	956	700243	204600	85713	202159
220020000	953	700238	204601	85764	202159
220020000	957	700238	204602	85764	202159
220020000	954	700238	204603	85764	202159
220020000	952	700238	204604	85764	202159
220020000	960	700238	204605	85764	202159
220020000	959	700238	204606	85764	202159
220020000	1158	700264	204607	85800	202159
220020000	1156	700264	204608	85800	202159
220020000	1299	700319	204609	85894	202159
220020000	329	700233	204610	85753	202159
220020000	1073	700320	204611	85603	202159
220020000	7	700263	204612	85674	202159
220020000	1264	700318	204613	85894	202159
220020000	1194	700320	204614	85603	202159
220020000	1940	700972	204615	204475	202159
220020000	1190	700320	204616	85603	202159
220020000	1935	700972	204617	204475	202159
220020000	1297	700319	204618	85894	202159
220020000	1218	700317	204619	85894	202159
220020000	153	700232	204620	81627	202159
220020000	1303	700319	204621	85894	202159
220020000	1943	700972	204622	204475	202159
220020000	710	700235	204623	85756	202159
220020000	805	700260	204624	81627	202159
220020000	660	700234	204625	85674	202159
220020000	1196	700320	204626	85603	202159
220020000	325	730063	204627	204628	202159
220020000	1086	700265	204629	85803	202159
220020000	1438	700254	204630	85790	202159
220020000	1946	700975	204631	202943	202159
220020000	704	700235	204632	85756	202159
220020000	1221	700317	204633	85894	202159
220020000	1210	700317	204634	85894	202159
220020000	1931	700971	204635	86520	202159
220020000	955	730052	204636	86729	202159
220020000	649	730045	204637	204571	202159
220020000	1444	700254	204638	85790	202159
220020000	997	0	204639	202187	137930
220020000	161	0	204640	202187	137930
220020000	1008	0	204641	202189	137930
220020000	212	0	204642	202187	137930
220020000	899	0	204643	202187	137930
220020000	552	0	204644	202187	137930
220020000	214	0	204645	202187	137930
220020000	274	0	204646	202189	137930
220020000	739	0	204647	202189	137930
220020000	884	0	204648	202187	137930
220020000	995	0	204649	202189	137930
220020000	262	0	204650	202189	137930
220020000	200	0	204651	202187	137930
220020000	296	0	204652	202189	137930
220020000	229	0	204653	202187	137930
220020000	531	0	204654	202189	137930
220020000	532	0	204655	202189	137930
220020000	612	0	204656	202189	137930
220020000	992	0	204657	202187	137930
220020000	622	0	204658	202189	137930
220020000	895	0	204659	202187	137930
220020000	989	0	204660	202187	137930
220020000	1000	0	204661	202187	137930
220020000	232	0	204662	202187	137930
220020000	163	0	204663	202187	137930
220020000	987	0	204664	202187	137930
220020000	889	0	204665	202187	137930
220020000	1001	0	204666	202187	137930
220020000	336	0	204667	202187	137930
220020000	146	0	204668	202187	137930
220020000	237	0	204669	202187	137930
220020000	238	0	204670	202189	137930
220020000	1005	0	204671	202187	137930
220020000	239	0	204672	202187	137930
220020000	242	0	204673	202187	137930
220020000	885	0	204674	202187	137930
220020000	768	0	204675	202189	137930
220020000	117	0	204676	202189	137930
220020000	1007	0	204677	202187	137930
220020000	1010	0	204678	202189	137930
220020000	988	0	204679	202187	137930
220020000	980	0	204680	202187	137930
220020000	887	0	204681	202187	137930
220020000	186	0	204682	202187	137930
220020000	256	0	204683	202189	137930
220020000	539	0	204684	202189	137930
220020000	511	0	204685	202189	137930
220020000	724	0	204686	202189	137930
220020000	996	0	204687	202187	137930
220020000	520	0	204688	202189	137930
220020000	583	0	204689	202189	137930
220020000	1004	0	204690	202187	137930
220020000	898	0	204691	202187	137930
220020000	892	0	204692	202187	137930
220020000	894	0	204693	202187	137930
220020000	875	0	204694	202187	137930
220020000	753	0	204695	202189	137930
220020000	734	0	204696	202189	137930
220020000	529	0	204697	202189	137930
220020000	723	0	204698	202189	137930
220020000	549	0	204699	202189	137930
220020000	460	0	204700	202189	137930
220020000	160	0	204701	202187	137930
220020000	168	0	204702	202187	137930
220020000	878	0	204703	202187	137930
220020000	282	0	204704	202187	137930
220020000	534	0	204705	202189	137930
220020000	283	0	204706	202187	137930
220020000	984	0	204707	202187	137930
220020000	901	0	204708	202187	137930
220020000	1009	0	204709	202189	137930
220020000	880	0	204710	202187	137930
220020000	623	0	204711	202189	137930
220020000	883	0	204712	202187	137930
220020000	890	0	204713	202187	137930
220020000	538	0	204714	202189	137930
220020000	290	0	204715	202189	137930
220020000	725	0	204716	202189	137930
220020000	766	0	204717	202189	137930
220020000	259	0	204718	202189	137930
220020000	791	0	204719	202189	137930
220020000	170	0	204720	202187	137930
220020000	2282	0	204721	202187	137930
220020000	245	0	204722	202187	137930
220020000	457	0	204723	202189	137930
220020000	295	0	204724	202187	137930
220020000	530	0	204725	202189	137930
220020000	742	0	204726	202189	137930
220020000	777	0	204727	202189	137930
220020000	986	0	204728	202187	137930
220020000	736	0	204729	202189	137930
220020000	886	0	204730	202187	137930
220020000	1003	0	204731	202187	137930
220020000	643	0	204732	202189	137930
220020000	169	0	204733	202187	137930
220020000	228	0	204734	202187	137930
220020000	191	0	204735	202187	137930
220020000	881	0	204736	202187	137930
220020000	998	0	204737	202187	137930
220020000	536	0	204738	202189	137930
220020000	749	0	204739	202189	137930
220020000	896	0	204740	202187	137930
220020000	762	0	204741	202189	137930
220020000	547	0	204742	202189	137930
220020000	310	0	204743	202187	137930
220020000	792	0	204744	202189	137930
220020000	173	0	204745	202187	137930
220020000	985	0	204746	202187	137930
220020000	250	0	204747	202187	137930
220020000	602	0	204748	202189	137930
220020000	722	0	204749	202189	137930
220020000	761	0	204750	202189	137930
220020000	993	0	204751	202189	137930
220020000	775	0	204752	202189	137930
220020000	760	0	204753	202189	137930
220020000	888	0	204754	202187	137930
220020000	183	0	204755	202187	137930
220020000	213	0	204756	202187	137930
220020000	897	0	204757	202187	137930
220020000	891	0	204758	202187	137930
220020000	752	0	204759	202189	137930
220020000	519	0	204760	202189	137930
220020000	644	0	204761	202189	137930
220020000	320	0	204762	202187	137930
220020000	789	0	204763	202189	137930
220020000	900	0	204764	202187	137930
220020000	727	0	204765	202189	137930
220020000	1002	0	204766	202187	137930
220020000	991	0	204767	202187	137930
220020000	471	0	204768	202189	137930
220020000	882	0	204769	202187	137930
220020000	983	0	204770	202187	137930
220020000	509	0	204771	202189	137930
220020000	2283	0	204772	202187	137930
220020000	323	0	204773	202187	137930
220020000	757	0	204774	202189	137930
220020000	999	0	204775	202187	137930
220020000	326	0	204776	202187	137930
220020000	328	0	204777	202187	137930
220020000	982	0	204778	202187	137930
220020000	990	0	204779	202187	137930
220020000	341	0	204780	202187	137930
220020000	528	0	204781	202189	137930
220020000	783	0	204782	202189	137930
220020000	459	0	204783	202189	137930
220020000	994	0	204784	202189	137930
220020000	1153	0	204785	202187	137930
220020000	343	0	204786	202187	137930
220020000	773	0	204787	202189	137930
220020000	540	0	204788	202189	137930
220020000	106	0	204789	202187	137930
220020000	893	0	204790	202187	137930
220020000	781	0	204791	202189	137930
220020000	632	0	204792	202189	137930
220020000	344	0	204793	202187	137930
220020000	729	0	204794	202189	137930
220020000	1006	0	204795	202187	137930
220030000	484	700136	204796	85424	202159
220030000	250	700145	204797	85508	202159
220030000	1404	700970	204798	86520	202159
220030000	168	730062	204799	204800	202159
220030000	1387	730306	204801	81528	202159
220030000	458	700065	204802	81627	202159
220030000	248	700145	204803	85508	202159
220030000	254	700145	204804	85508	202159
220030000	251	700145	204805	85508	202159
220030000	480	700097	204806	0	202159
220030000	167	700134	204807	85506	202159
220030000	474	700096	204808	85569	202159
220030000	1398	700970	204809	86520	202159
220030000	310	700145	204810	85508	202159
220030000	477	700145	204811	85508	202159
220030000	242	700145	204812	85508	202159
220030000	253	700145	204813	85508	202159
220030000	570	700057	204814	85523	202159
220030000	688	700096	204815	85569	202159
220030000	689	700145	204816	85508	202159
220030000	1152	730319	204817	85537	202159
220030000	1403	700970	204818	86520	202159
220030000	969	700211	204819	85723	202159
220030000	687	700145	204820	85508	202159
220030000	1400	700970	204821	86520	202159
220030000	459	700066	204822	81627	202159
220030000	1382	700822	204823	81627	202159
220030000	1406	700970	204824	86520	202159
220030000	569	700096	204825	85569	202159
220030000	478	700096	204826	85569	202159
220030000	699	700135	204827	85514	202159
220030000	360	700145	204828	85508	202159
220030000	491	700079	204829	85407	202159
220030000	268	700145	204830	85508	202159
220030000	1389	730307	204831	81528	202159
220030000	461	700079	204832	85407	202159
220030000	571	700089	204833	85537	202159
220030000	472	700098	204834	85573	202159
220030000	473	700096	204835	85569	202159
220030000	1399	700970	204836	86520	202159
220030000	258	700145	204837	85508	202159
220030000	1407	700970	204838	86520	202159
220030000	261	700145	204839	85508	202159
220030000	303	700145	204840	85508	202159
220030000	1405	700970	204841	86520	202159
220030000	1402	700970	204842	86520	202159
220030000	255	700145	204843	85508	202159
220030000	476	700210	204844	204845	202159
220030000	265	700145	204846	85508	202159
220030000	475	700096	204847	85569	202159
220030000	479	700096	204848	85569	202159
220030000	259	700145	204849	85508	202159
220030000	252	700145	204850	85508	202159
220030000	256	700145	204851	85508	202159
220030000	238	700067	204852	81627	202159
220030000	1384	700821	204853	81627	202159
220030000	1401	700970	204854	86520	202159
220030000	977	0	204855	202187	137930
220030000	997	0	204856	202187	137930
220030000	1450	0	204857	202187	137930
220030000	1008	0	204858	202189	137930
220030000	972	0	204859	202187	137930
220030000	899	0	204860	202187	137930
220030000	995	0	204861	202189	137930
220030000	333	0	204862	202187	137930
220030000	612	0	204863	202189	137930
220030000	992	0	204864	202187	137930
220030000	622	0	204865	202189	137930
220030000	895	0	204866	202187	137930
220030000	989	0	204867	202187	137930
220030000	885	0	204868	202187	137930
220030000	1000	0	204869	202187	137930
220030000	172	0	204870	202187	137930
220030000	987	0	204871	202187	137930
220030000	964	0	204872	202187	137930
220030000	1001	0	204873	202187	137930
220030000	981	0	204874	202187	137930
220030000	176	0	204875	202187	137930
220030000	1005	0	204876	202187	137930
220030000	768	0	204877	202189	137930
220030000	1007	0	204878	202187	137930
220030000	1010	0	204879	202189	137930
220030000	149	0	204880	202187	137930
220030000	988	0	204881	202187	137930
220030000	980	0	204882	202187	137930
220030000	446	0	204883	202187	137930
220030000	973	0	204884	202187	137930
220030000	996	0	204885	202187	137930
220030000	1004	0	204886	202187	137930
220030000	898	0	204887	202187	137930
220030000	892	0	204888	202187	137930
220030000	894	0	204889	202187	137930
220030000	875	0	204890	202187	137930
220030000	878	0	204891	202187	137930
220030000	978	0	204892	202187	137930
220030000	984	0	204893	202187	137930
220030000	901	0	204894	202187	137930
220030000	884	0	204895	202187	137930
220030000	1009	0	204896	202189	137930
220030000	889	0	204897	202187	137930
220030000	880	0	204898	202187	137930
220030000	979	0	204899	202187	137930
220030000	986	0	204900	202187	137930
220030000	332	0	204901	202187	137930
220030000	1003	0	204902	202187	137930
220030000	886	0	204903	202187	137930
220030000	970	0	204904	202187	137930
220030000	881	0	204905	202187	137930
220030000	998	0	204906	202187	137930
220030000	896	0	204907	202187	137930
220030000	985	0	204908	202187	137930
220030000	993	0	204909	202189	137930
220030000	897	0	204910	202187	137930
220030000	891	0	204911	202187	137930
220030000	900	0	204912	202187	137930
220030000	887	0	204913	202187	137930
220030000	1002	0	204914	202187	137930
220030000	991	0	204915	202187	137930
220030000	890	0	204916	202187	137930
220030000	882	0	204917	202187	137930
220030000	983	0	204918	202187	137930
220030000	2283	0	204919	202187	137930
220030000	999	0	204920	202187	137930
220030000	260	0	204921	202187	137930
220030000	982	0	204922	202187	137930
220030000	990	0	204923	202187	137930
220030000	888	0	204924	202187	137930
220030000	994	0	204925	202189	137930
220030000	976	0	204926	202187	137930
220030000	893	0	204927	202187	137930
220030000	1006	0	204928	202187	137930
220040000	403	700328	204929	85564	202159
220040000	466	700347	204930	85947	202159
220040000	431	700334	204931	85906	202159
220040000	151	700345	204932	203558	202159
220040000	411	700328	204933	85564	202159
220040000	491	700335	204934	85931	202159
220040000	468	700347	204935	85947	202159
220040000	314	700284	204936	85842	202159
220040000	317	700327	204937	85911	202159
220040000	143	730064	204938	204939	202159
220040000	144	700333	204940	85927	202159
220040000	336	700327	204941	85911	202159
220040000	194	700336	204942	85782	202159
220040000	1068	730137	204943	86185	202159
220040000	264	700079	204944	85407	202159
220040000	168	730138	204945	86185	202159
220040000	436	700324	204946	83517	202159
220040000	460	700347	204947	85947	202159
220040000	489	700335	204948	85931	202159
220040000	1063	700335	204949	85931	202159
220040000	315	700284	204950	85842	202159
220040000	558	700331	204951	85921	202159
220040000	443	700324	204952	83517	202159
220040000	111	700300	204953	81627	202159
220040000	478	700347	204954	85947	202159
220040000	148	700333	204955	85927	202159
220040000	424	700334	204956	85906	202159
220040000	549	700331	204957	85921	202159
220040000	552	700331	204958	85921	202159
220040000	538	700332	204959	85924	202159
220040000	1032	700336	204960	85782	202159
220040000	429	700334	204961	85906	202159
220040000	311	700370	204962	87097	202159
220040000	316	700284	204963	85842	202159
220040000	356	730140	204964	0	202159
220040000	186	700335	204965	85931	202159
220040000	548	700331	204966	85921	202159
220040000	530	700332	204967	85924	202159
220040000	382	700284	204968	85842	202159
220040000	541	700331	204969	85921	202159
220040000	556	700331	204970	85921	202159
220040000	513	700332	204971	85924	202159
220040000	486	700335	204972	85931	202159
220040000	329	700327	204973	85911	202159
220040000	515	700332	204974	85924	202159
220040000	381	700284	204975	85842	202159
220040000	522	700332	204976	85924	202159
220040000	447	700324	204977	83517	202159
220040000	286	700290	204978	85717	202159
220040000	557	700331	204979	85921	202159
220040000	527	700332	204980	85924	202159
220040000	543	700331	204981	85921	202159
220040000	463	700330	204982	85918	202159
220040000	428	700334	204983	85906	202159
220040000	504	700336	204984	85782	202159
220040000	409	700328	204985	85564	202159
220040000	559	700331	204986	85921	202159
220040000	193	700336	204987	85782	202159
220040000	485	700335	204988	85931	202159
220040000	492	700335	204989	85931	202159
220040000	471	700347	204990	85947	202159
220040000	510	700332	204991	85924	202159
220040000	420	700334	204992	85906	202159
220040000	379	700336	204993	85782	202159
220040000	551	700331	204994	85921	202159
220040000	394	700327	204995	85911	202159
220040000	1070	700336	204996	85782	202159
220040000	355	730140	204997	0	202159
220040000	531	700332	204998	85924	202159
220040000	444	700324	204999	83517	202159
220040000	484	700333	205000	85927	202159
220040000	408	700328	205001	85564	202159
220040000	279	700297	205002	81627	202159
220040000	506	700336	205003	85782	202159
220040000	438	700324	205004	83517	202159
220040000	405	700328	205005	85564	202159
220040000	813	700565	205006	85537	202159
220040000	434	700334	205007	85906	202159
220040000	44	730136	205008	202158	202159
220040000	532	700332	205009	85924	202159
220040000	387	700079	205010	85407	202159
220040000	413	700328	205011	85564	202159
220040000	508	700329	205012	85915	202159
220040000	512	700332	205013	85924	202159
220040000	467	700347	205014	85947	202159
220040000	448	700324	205015	83517	202159
220040000	818	700825	205016	81627	202159
220040000	386	700285	205017	81635	202159
220040000	474	700347	205018	85947	202159
220040000	517	700332	205019	85924	202159
220040000	432	700334	205020	85906	202159
220040000	415	700328	205021	85564	202159
220040000	509	700293	205022	85854	202159
220040000	524	700332	205023	85924	202159
220040000	480	700330	205024	85918	202159
220040000	437	700324	205025	83517	202159
220040000	435	700324	205026	83517	202159
220040000	462	700347	205027	85947	202159
220040000	554	700331	205028	85921	202159
220040000	145	700333	205029	85927	202159
220040000	183	700335	205030	85931	202159
220040000	464	700347	205031	85947	202159
220040000	439	700324	205032	83517	202159
220040000	423	700334	205033	85906	202159
220040000	430	700334	205034	85906	202159
220040000	402	700328	205035	85564	202159
220040000	147	700333	205036	85927	202159
220040000	493	700335	205037	85931	202159
220040000	440	700324	205038	83517	202159
220040000	476	700330	205039	85918	202159
220040000	461	700330	205040	85918	202159
220040000	514	700332	205041	85924	202159
220040000	487	700335	205042	85931	202159
220040000	400	700328	205043	85564	202159
220040000	544	700331	205044	85921	202159
220040000	333	700327	205045	85911	202159
220040000	465	700347	205046	85947	202159
220040000	353	730140	205047	0	202159
220040000	441	700324	205048	83517	202159
220040000	404	700328	205049	85564	202159
220040000	458	700299	205050	81627	202159
220040000	473	700330	205051	85918	202159
220040000	602	700327	205052	85911	202159
220040000	318	700327	205053	85911	202159
220040000	276	700301	205054	81627	202159
220040000	77	700333	205055	85927	202159
220040000	426	700334	205056	85906	202159
220040000	375	700336	205057	85782	202159
220040000	407	700328	205058	85564	202159
220040000	221	700363	205059	202158	202159
220040000	459	700359	205060	205061	202159
220040000	475	700330	205062	85918	202159
220040000	421	700334	205063	85906	202159
220040000	414	700328	205064	85564	202159
220040000	401	700328	205065	85564	202159
220040000	150	700346	205066	203558	202159
220040000	398	700327	205067	85911	202159
220040000	561	700331	205068	85921	202159
220040000	550	700331	205069	85921	202159
220040000	348	700287	205070	85849	202159
220040000	410	700328	205071	85564	202159
220040000	153	730110	205072	205073	202159
220040000	357	730109	205074	86066	202159
220040000	290	700336	205075	85782	202159
220040000	354	730140	205076	0	202159
220040000	442	700324	205077	83517	202159
220040000	555	700331	205078	85921	202159
220040000	811	730185	205079	81987	202159
220040000	190	700335	205080	85931	202159
220040000	427	700334	205081	85906	202159
220040000	217	700298	205082	81627	202159
220040000	539	700331	205083	85921	202159
220040000	560	700331	205084	85921	202159
220040000	526	700332	205085	85924	202159
220040000	469	700330	205086	85918	202159
220040000	278	700290	205087	85717	202159
220040000	399	700327	205088	85911	202159
220040000	433	700334	205089	85906	202159
220040000	470	700347	205090	85947	202159
220040000	494	700335	205091	85931	202159
220040000	519	700332	205092	85924	202159
220040000	477	700347	205093	85947	202159
220040000	542	700331	205094	85921	202159
220040000	416	730108	205095	86231	202159
220040000	488	700335	205096	85931	202159
220040000	516	700332	205097	85924	202159
220040000	518	700332	205098	85924	202159
220040000	330	700327	205099	85911	202159
220040000	546	700331	205100	85921	202159
220040000	146	700333	205101	85927	202159
220040000	406	700328	205102	85564	202159
220040000	376	700334	205103	85906	202159
220040000	520	700332	205104	85924	202159
220040000	152	730070	205105	87097	202159
220040000	184	700335	205106	85931	202159
220040000	313	730055	205107	205108	202159
220040000	812	700512	205109	85947	202159
220040000	553	700331	205110	85921	202159
220040000	479	700347	205111	85947	202159
220040000	334	700327	205112	85911	202159
220040000	270	700290	205113	85717	202159
220040000	490	700335	205114	85931	202159
220040000	577	700079	205115	85407	202159
220040000	43	730135	205116	85806	202159
220040000	545	700331	205117	85921	202159
220040000	511	700332	205118	85924	202159
220040000	472	700347	205119	85947	202159
220040000	419	700323	205120	205121	202159
220040000	422	700334	205122	85906	202159
220040000	412	700328	205123	85564	202159
220040000	320	700327	205124	85911	202159
220040000	547	700331	205125	85921	202159
220040000	378	700336	205126	85782	202159
220040000	525	700332	205127	85924	202159
220040000	425	700334	205128	85906	202159
220040000	319	700327	205129	85911	202159
220040000	569	0	205130	202187	137930
220040000	285	0	205131	202187	137930
220040000	507	0	205132	202187	137930
220040000	610	0	205133	202187	137930
220040000	456	0	205134	202187	137930
220040000	583	0	205135	202187	137930
220040000	600	0	205136	202187	137930
220040000	534	0	205137	202187	137930
220040000	497	0	205138	202187	137930
220040000	1180	0	205139	202187	137930
220040000	607	0	205140	202187	137930
220040000	273	0	205141	202187	137930
220040000	605	0	205142	202187	137930
220040000	259	0	205143	202187	137930
220040000	603	0	205144	202187	137930
220040000	529	0	205145	202187	137930
220040000	608	0	205146	202187	137930
220040000	324	0	205147	202187	137930
220040000	572	0	205148	202187	137930
220040000	606	0	205149	202187	137930
220040000	289	0	205150	202187	137930
220040000	154	0	205151	202187	137930
220040000	505	0	205152	202187	137930
220040000	294	0	205153	202187	137930
220040000	262	0	205154	202187	137930
220040000	579	0	205155	202187	137930
220040000	528	0	205156	202187	137930
220040000	503	0	205157	202187	137930
220040000	457	0	205158	202187	137930
220040000	293	0	205159	202187	137930
220040000	344	0	205160	202187	137930
220040000	495	0	205161	202187	137930
220040000	567	0	205162	202187	137930
220040000	452	0	205163	202187	137930
220040000	296	0	205164	202187	137930
220040000	609	0	205165	202187	137930
220040000	593	0	205166	202187	137930
220040000	537	0	205167	202187	137930
220040000	292	0	205168	202187	137930
220040000	597	0	205169	202187	137930
220040000	222	0	205170	202189	137930
220040000	566	0	205171	202187	137930
220040000	596	0	205172	202187	137930
220040000	200	0	205173	202187	137930
220040000	585	0	205174	202187	137930
220040000	523	0	205175	202187	137930
220040000	536	0	205176	202187	137930
220040000	501	0	205177	202187	137930
220040000	582	0	205178	202187	137930
220040000	288	0	205179	202187	137930
220040000	591	0	205180	202187	137930
220040000	500	0	205181	202187	137930
220040000	1424	0	205182	202189	137930
220040000	535	0	205183	202187	137930
220040000	159	0	205184	202187	137930
220040000	160	0	205185	202187	137930
220050000	135	700394	205186	86013	202159
220050000	142	700387	205187	85797	202159
220050000	801	700451	205188	85516	202159
220050000	780	700451	205189	85516	202159
220050000	329	700386	205190	85999	202159
220050000	499	700429	205191	86055	202159
220050000	501	700427	205192	86055	202159
220050000	240	700385	205193	85996	202159
220050000	219	700386	205194	85999	202159
220050000	149	700381	205195	85701	202159
220050000	305	700386	205196	85999	202159
220050000	55	700383	205197	85992	202159
220050000	265	700386	205198	85999	202159
220050000	446	700079	205199	85407	202159
220050000	280	700385	205200	85996	202159
220050000	141	700387	205201	85797	202159
220050000	321	700451	205202	85516	202159
220050000	39	700383	205203	85992	202159
220050000	785	700451	205204	85516	202159
220050000	49	700383	205205	85992	202159
220050000	42	700383	205206	85992	202159
220050000	31	700383	205207	85992	202159
220050000	134	730161	205208	86840	202159
220050000	247	700079	205209	85407	202159
220050000	44	700383	205210	85992	202159
220050000	76	700383	205211	85992	202159
220050000	115	730156	205212	86840	202159
220050000	304	700385	205213	85996	202159
220050000	214	700430	205214	85894	202159
220050000	585	700451	205215	85516	202159
220050000	582	700451	205216	85516	202159
220050000	277	700385	205217	85996	202159
220050000	337	700385	205218	85996	202159
220050000	249	700386	205219	85999	202159
220050000	230	700385	205220	85996	202159
220050000	345	700385	205221	85996	202159
220050000	217	700432	205222	85894	202159
220050000	118	700401	205223	81627	202159
220050000	148	700382	205224	85701	202159
220050000	48	700383	205225	85992	202159
220050000	52	700383	205226	85992	202159
220050000	128	730158	205227	86840	202159
220050000	143	730162	205228	86840	202159
220050000	37	700383	205229	85992	202159
220050000	266	700385	205230	85996	202159
220050000	27	700384	205231	80527	202159
220050000	405	700342	205232	85701	202159
220050000	290	700386	205233	85999	202159
220050000	802	700823	205234	81627	202159
220050000	797	700451	205235	85516	202159
220050000	284	700386	205236	85999	202159
220050000	273	700386	205237	85999	202159
220050000	807	700824	205238	81627	202159
220050000	235	700385	205239	85996	202159
220050000	272	700385	205240	85996	202159
220050000	325	700428	205241	86055	202159
220050000	289	700385	205242	85996	202159
220050000	332	700385	205243	85996	202159
220050000	241	700385	205244	85996	202159
220050000	117	730163	205245	86840	202159
220050000	226	700386	205246	85999	202159
220050000	581	700451	205247	85516	202159
220050000	281	700385	205248	85996	202159
220050000	269	700385	205249	85996	202159
220050000	794	700451	205250	85516	202159
220050000	406	700342	205251	85701	202159
220050000	793	700451	205252	85516	202159
220050000	341	700385	205253	85996	202159
220050000	137	730160	205254	86840	202159
220050000	782	700451	205255	85516	202159
220050000	232	700385	205256	85996	202159
220050000	242	700386	205257	85999	202159
220050000	146	700387	205258	85797	202159
220050000	339	700385	205259	85996	202159
220050000	338	700385	205260	85996	202159
220050000	51	700383	205261	85992	202159
220050000	56	700383	205262	85992	202159
220050000	264	700385	205263	85996	202159
220050000	223	700385	205264	85996	202159
220050000	784	700451	205265	85516	202159
220050000	234	700386	205266	85999	202159
220050000	271	700385	205267	85996	202159
220050000	136	700079	205268	85407	202159
220050000	790	700451	205269	85516	202159
220050000	53	700383	205270	85992	202159
220050000	47	700383	205271	85992	202159
220050000	282	700385	205272	85996	202159
220050000	28	730151	205273	205274	202159
220050000	287	700385	205275	85996	202159
220050000	298	700395	205276	85410	202159
220050000	299	700385	205277	85996	202159
220050000	262	700386	205278	85999	202159
220050000	578	700451	205279	85516	202159
220050000	152	700387	205280	85797	202159
220050000	263	700385	205281	85996	202159
220050000	220	700385	205282	85996	202159
220050000	36	700383	205283	85992	202159
220050000	579	700451	205284	85516	202159
220050000	57	700383	205285	85992	202159
220050000	791	700451	205286	85516	202159
220050000	300	700385	205287	85996	202159
220050000	215	700431	205288	85894	202159
220050000	46	700383	205289	85992	202159
220050000	276	700386	205290	85999	202159
220050000	239	700385	205291	85996	202159
220050000	408	730107	205292	205293	202159
220050000	799	700451	205294	85516	202159
220050000	32	700383	205295	85992	202159
220050000	788	700451	205296	85516	202159
220050000	238	700385	205297	85996	202159
220050000	268	700385	205298	85996	202159
220050000	407	700342	205299	85701	202159
220050000	144	700387	205300	85797	202159
220050000	233	700386	205301	85999	202159
220050000	309	730157	205302	86840	202159
220050000	288	700385	205303	85996	202159
220050000	789	700451	205304	85516	202159
220050000	286	700385	205305	85996	202159
220050000	34	700383	205306	85992	202159
220050000	342	700386	205307	85999	202159
220050000	800	700451	205308	85516	202159
220050000	237	700386	205309	85999	202159
220050000	129	730164	205310	86840	202159
220050000	275	700385	205311	85996	202159
220050000	327	700385	205312	85996	202159
220050000	229	700385	205313	85996	202159
220050000	140	700379	205314	85499	202159
220050000	330	700385	205315	85996	202159
220050000	792	700451	205316	85516	202159
220050000	580	700451	205317	85516	202159
220050000	33	700383	205318	85992	202159
220050000	331	700386	205319	85999	202159
220050000	145	700387	205320	85797	202159
220050000	796	700451	205321	85516	202159
220050000	403	700344	205322	81627	202159
220050000	306	700385	205323	85996	202159
220050000	59	700383	205324	85992	202159
220050000	307	700386	205325	85999	202159
220050000	783	700451	205326	85516	202159
220050000	583	700451	205327	85516	202159
220050000	35	700383	205328	85992	202159
220050000	54	700383	205329	85992	202159
220050000	246	700386	205330	85999	202159
220050000	147	700387	205331	85797	202159
220050000	43	700383	205332	85992	202159
220050000	285	700385	205333	85996	202159
220050000	725	700402	205334	81627	202159
220050000	303	700386	205335	85999	202159
220050000	278	700386	205336	85999	202159
220050000	322	700385	205337	85996	202159
220050000	224	700385	205338	85996	202159
220050000	308	730174	205339	205340	202159
220050000	301	700385	205341	85996	202159
220050000	222	700385	205342	85996	202159
220050000	293	730182	205343	202158	202159
220050000	228	730152	205344	86832	202159
220050000	30	700383	205345	85992	202159
220050000	245	700385	205346	85996	202159
220050000	45	700383	205347	85992	202159
220050000	274	700385	205348	85996	202159
220050000	225	700385	205349	85996	202159
220050000	40	700383	205350	85992	202159
220050000	133	730159	205351	86840	202159
220050000	58	700383	205352	85992	202159
220050000	248	700385	205353	85996	202159
220050000	795	700451	205354	85516	202159
220050000	781	700451	205355	85516	202159
220050000	227	700385	205356	85996	202159
220050000	139	700380	205357	85701	202159
220050000	50	700383	205358	85992	202159
220050000	340	700386	205359	85999	202159
220050000	335	700386	205360	85999	202159
220050000	243	700386	205361	85999	202159
220050000	302	700386	205362	85999	202159
220050000	38	700383	205363	85992	202159
220050000	798	700451	205364	85516	202159
220050000	29	700383	205365	85992	202159
220050000	445	730165	205366	205367	202159
220050000	584	700451	205368	85516	202159
220050000	231	700386	205369	85999	202159
220050000	267	700385	205370	85996	202159
220050000	404	730139	205371	85419	202159
220050000	326	700385	205372	85996	202159
220050000	343	700386	205373	85999	202159
220050000	279	700386	205374	85999	202159
220050000	244	700386	205375	85999	202159
220050000	787	700451	205376	85516	202159
220050000	236	700385	205377	85996	202159
220050000	41	700383	205378	85992	202159
220050000	997	0	205379	202187	137930
220050000	1008	0	205380	202189	137930
220050000	480	0	205381	202187	137930
220050000	414	0	205382	202187	137930
220050000	475	0	205383	202187	137930
220050000	415	0	205384	202187	137930
220050000	482	0	205385	202187	137930
220050000	1000	0	205386	202187	137930
220050000	1001	0	205387	202187	137930
220050000	336	0	205388	202187	137930
220050000	1005	0	205389	202187	137930
220050000	444	0	205390	202187	137930
220050000	193	0	205391	202189	137930
220050000	1007	0	205392	202187	137930
220050000	1010	0	205393	202189	137930
220050000	486	0	205394	202187	137930
220050000	996	0	205395	202187	137930
220050000	417	0	205396	202187	137930
220050000	1004	0	205397	202187	137930
220050000	481	0	205398	202187	137930
220050000	478	0	205399	202187	137930
220050000	1009	0	205400	202189	137930
220050000	880	0	205401	202187	137930
220050000	476	0	205402	202187	137930
220050000	484	0	205403	202187	137930
220050000	469	0	205404	202187	137930
220050000	1003	0	205405	202187	137930
220050000	881	0	205406	202187	137930
220050000	998	0	205407	202187	137930
220050000	467	0	205408	202187	137930
220050000	474	0	205409	202187	137930
220050000	105	0	205410	202187	137930
220050000	472	0	205411	202187	137930
220050000	487	0	205412	202187	137930
220050000	463	0	205413	202187	137930
220050000	78	0	205414	202187	137930
220050000	418	0	205415	202187	137930
220050000	1002	0	205416	202187	137930
220050000	419	0	205417	202187	137930
220050000	882	0	205418	202187	137930
220050000	466	0	205419	202187	137930
220050000	999	0	205420	202187	137930
220050000	420	0	205421	202187	137930
220050000	421	0	205422	202187	137930
220050000	473	0	205423	202187	137930
220050000	479	0	205424	202187	137930
220050000	524	0	205425	202187	137930
220050000	464	0	205426	202187	137930
220050000	1006	0	205427	202187	137930
220070000	620	700733	205428	79361	202159
220070000	722	700736	205429	205430	202159
220070000	519	700728	205431	86292	202159
220070000	658	700703	205432	85996	202159
220070000	642	700733	205433	79361	202159
220070000	369	700708	205434	86277	202159
220070000	1233	700726	205435	205436	202159
220070000	644	700733	205437	79361	202159
220070000	629	700733	205438	79361	202159
220070000	391	700721	205439	85482	202159
220070000	539	700703	205440	85996	202159
220070000	428	700721	205441	85482	202159
220070000	543	700728	205442	86292	202159
220070000	737	700724	205443	85790	202159
220070000	316	700708	205444	86277	202159
220070000	529	700725	205445	205446	202159
220070000	522	700727	205447	86289	202159
220070000	2909	700977	205448	205449	202159
220070000	440	700721	205450	85482	202159
220070000	1187	700725	205451	205446	202159
220070000	746	700736	205452	205430	202159
220070000	696	700728	205453	86292	202159
220070000	524	700704	205454	86268	202159
220070000	2790	282123	205455	203921	202159
220070000	628	700733	205456	79361	202159
220070000	1029	700723	205457	85564	202159
220070000	1810	730302	205458	203835	202159
220070000	686	700725	205459	205446	202159
220070000	353	700708	205460	86277	202159
220070000	687	700703	205461	85996	202159
220070000	406	700721	205462	85482	202159
220070000	549	700726	205463	205436	202159
220070000	674	700726	205464	205436	202159
220070000	1208	700809	205465	85365	202159
220070000	1823	700707	205466	85717	202159
220070000	1367	730301	205467	203835	202159
220070000	981	257839	205468	203837	203838
220070000	981	257840	205468	203837	203838
220070000	981	257841	205468	203837	203838
220070000	1589	730278	205469	203902	202159
220070000	562	700704	205470	86268	202159
220070000	962	258233	205471	203837	203838
220070000	962	258234	205471	203837	203838
220070000	962	258235	205471	203837	203838
220070000	546	700725	205472	205446	202159
220070000	698	700726	205473	205436	202159
220070000	2913	700977	205474	205449	202159
220070000	458	700721	205475	85482	202159
220070000	752	700736	205476	205430	202159
220070000	442	700721	205477	85482	202159
220070000	714	700736	205478	205430	202159
220070000	1004	700723	205479	85564	202159
220070000	485	700727	205480	86289	202159
220070000	763	700736	205481	205430	202159
220070000	963	257792	205482	203837	203838
220070000	963	257793	205482	203837	203838
220070000	963	257794	205482	203837	203838
220070000	373	700708	205483	86277	202159
220070000	362	700708	205484	86277	202159
220070000	2911	700977	205485	205449	202159
220070000	767	700731	205486	203447	202159
220070000	1176	700704	205487	86268	202159
220070000	1207	700809	205488	85365	202159
220070000	1727	799260	205489	205490	202159
220070000	381	700722	205491	86281	202159
220070000	1010	700723	205492	85564	202159
220070000	1181	700725	205493	205446	202159
220070000	646	700733	205494	79361	202159
220070000	2906	700977	205495	205449	202159
220070000	396	700721	205496	85482	202159
220070000	843	257801	205497	81635	203860
220070000	853	257802	205497	81635	203860
220070000	980	257803	205497	81635	203860
220070000	770	700751	205498	85649	202159
220070000	379	700722	205499	86281	202159
220070000	678	700728	205500	86292	202159
220070000	657	700703	205501	85996	202159
220070000	1023	700723	205502	85564	202159
220070000	672	700726	205503	205436	202159
220070000	656	700725	205504	205446	202159
220070000	1216	700754	205505	86323	202159
220070000	666	700726	205506	205436	202159
220070000	701	700702	205507	0	202159
220070000	855	258095	205508	81646	202159
220070000	855	258096	205508	81646	202159
220070000	855	258097	205508	81646	202159
220070000	633	700733	205509	79361	202159
220070000	743	700736	205510	205430	202159
220070000	2908	700977	205511	205449	202159
220070000	626	700733	205512	79361	202159
220070000	1439	700726	205513	205436	202159
220070000	640	700733	205514	79361	202159
220070000	1824	700707	205515	85717	202159
220070000	1188	700725	205516	205446	202159
220070000	516	700725	205517	205446	202159
220070000	500	700703	205518	85996	202159
220070000	555	700703	205519	85996	202159
220070000	1220	799370	205520	205490	202159
220070000	684	700703	205521	85996	202159
220070000	368	700708	205522	86277	202159
220070000	521	700702	205523	0	202159
220070000	475	700721	205524	85482	202159
220070000	846	258092	205525	203837	203838
220070000	846	258093	205525	203837	203838
220070000	846	258094	205525	203837	203838
220070000	1018	700723	205526	85564	202159
220070000	665	700744	205527	0	202159
220070000	380	700722	205528	86281	202159
220070000	487	700726	205529	205436	202159
220070000	650	700733	205530	79361	202159
220070000	289	700733	205531	79361	202159
220070000	653	700735	205532	86299	202159
220070000	983	258139	205533	203837	203838
220070000	983	258140	205533	203837	203838
220070000	983	258141	205533	203837	203838
220070000	74	700728	205534	86292	202159
220070000	374	700708	205535	86277	202159
220070000	742	700724	205536	85790	202159
220070000	1030	700723	205537	85564	202159
220070000	507	700725	205538	205446	202159
220070000	408	700721	205539	85482	202159
220070000	395	700721	205540	85482	202159
220070000	1336	730300	205541	203835	202159
220070000	461	700721	205542	85482	202159
220070000	73	700703	205543	85996	202159
220070000	352	700708	205544	86277	202159
220070000	693	700726	205545	205436	202159
220070000	1037	700723	205546	85564	202159
220070000	671	700744	205547	0	202159
220070000	970	258233	205548	203837	203838
220070000	970	258234	205548	203837	203838
220070000	970	258235	205548	203837	203838
220070000	850	258104	205549	81635	203860
220070000	968	258105	205549	81635	203860
220070000	867	258106	205550	81635	203860
220070000	587	799201	205551	205490	202159
220070000	1175	700725	205552	205446	202159
220070000	637	700733	205553	79361	202159
220070000	1027	700723	205554	85564	202159
220070000	967	257804	205555	81635	203860
220070000	845	257805	205555	81635	203860
220070000	982	257806	205556	81635	203860
220070000	481	700733	205557	79361	202159
220070000	611	700734	205558	85911	202159
220070000	384	700722	205559	86281	202159
220070000	577	700079	205560	85407	202159
220070000	766	700736	205561	205430	202159
220070000	1026	700723	205562	85564	202159
220070000	605	700734	205563	85911	202159
220070000	409	700721	205564	85482	202159
220070000	534	700727	205565	86289	202159
220070000	1173	700726	205566	205436	202159
220070000	1219	700757	205567	86323	202159
220070000	393	700721	205568	85482	202159
220070000	436	700721	205569	85482	202159
220070000	293	700734	205570	85911	202159
220070000	254	700721	205571	85482	202159
220070000	476	700721	205572	85482	202159
220070000	1059	700726	205573	205436	202159
220070000	462	700721	205574	85482	202159
220070000	703	700728	205575	86292	202159
220070000	527	700703	205576	85996	202159
220070000	610	700734	205577	85911	202159
220070000	544	700725	205578	205446	202159
220070000	404	700721	205579	85482	202159
220070000	613	700734	205580	85911	202159
220070000	710	700727	205581	86289	202159
220070000	760	700724	205582	85790	202159
220070000	531	700744	205583	0	202159
220070000	685	700744	205584	0	202159
220070000	350	700708	205585	86277	202159
220070000	719	700736	205586	205430	202159
220070000	682	700726	205587	205436	202159
220070000	525	700728	205588	86292	202159
220070000	602	700725	205589	205446	202159
220070000	439	700721	205590	85482	202159
220070000	1194	700725	205591	205446	202159
220070000	662	700704	205592	86268	202159
220070000	1015	700723	205593	85564	202159
220070000	483	700725	205594	205446	202159
220070000	725	700736	205595	205430	202159
220070000	503	700702	205596	0	202159
220070000	550	700703	205597	85996	202159
220070000	318	700708	205598	86277	202159
220070000	540	700727	205599	86289	202159
220070000	1177	700702	205600	0	202159
220070000	365	700708	205601	86277	202159
220070000	131	730283	205602	81627	202159
220070000	194	730239	205603	81627	202159
220070000	370	700708	205604	86277	202159
220070000	749	700731	205605	203447	202159
220070000	358	700708	205606	86277	202159
220070000	715	700724	205607	85790	202159
220070000	477	700721	205608	85482	202159
220070000	405	700721	205609	85482	202159
220070000	690	700726	205610	205436	202159
220070000	560	700726	205611	205436	202159
220070000	661	700703	205612	85996	202159
220070000	1195	700725	205613	205446	202159
220070000	510	700704	205614	86268	202159
220070000	530	700744	205615	0	202159
220070000	641	700733	205616	79361	202159
220070000	1204	700809	205617	85365	202159
220070000	376	700708	205618	86277	202159
220070000	359	700708	205619	86277	202159
220070000	1061	730242	205620	86941	202159
220070000	718	700736	205621	205430	202159
220070000	607	700734	205622	85911	202159
220070000	639	700733	205623	79361	202159
220070000	747	700736	205624	205430	202159
220070000	493	700726	205625	205436	202159
220070000	553	700703	205626	85996	202159
220070000	545	748014	205627	202158	202159
220070000	563	700704	205628	86268	202159
220070000	480	700733	205629	79361	202159
220070000	771	700736	205630	205430	202159
220070000	515	700725	205631	205446	202159
220070000	677	700703	205632	85996	202159
220070000	533	700704	205633	86268	202159
220070000	630	700733	205634	79361	202159
220070000	437	700721	205635	85482	202159
220070000	1025	700723	205636	85564	202159
220070000	632	700733	205637	79361	202159
220070000	1033	700723	205638	85564	202159
220070000	542	700744	205639	0	202159
220070000	2912	700977	205640	205449	202159
220070000	721	700751	205641	85649	202159
220070000	727	700724	205642	85790	202159
220070000	619	700733	205643	79361	202159
220070000	400	700721	205644	85482	202159
220070000	688	700725	205645	205446	202159
220070000	504	700727	205646	86289	202159
220070000	1254	730260	205647	203892	202159
220070000	309	730249	205648	205649	202159
220070000	753	700704	205650	86268	202159
220070000	1191	700728	205651	86292	202159
220070000	1201	700809	205652	85365	202159
220070000	490	700704	205653	86268	202159
220070000	523	700726	205654	205436	202159
220070000	1022	700723	205655	85564	202159
220070000	969	257795	205656	81646	202159
220070000	969	257796	205656	81646	202159
220070000	969	257797	205656	81646	202159
220070000	356	700708	205657	86277	202159
220070000	964	258107	205658	81635	203860
220070000	847	258108	205658	81635	203860
220070000	961	258109	205658	81635	203860
220070000	612	700734	205659	85911	202159
220070000	514	700704	205660	86268	202159
220070000	537	700704	205661	86268	202159
220070000	1036	700723	205662	85564	202159
220070000	683	700703	205663	85996	202159
220070000	614	700734	205664	85911	202159
220070000	726	700736	205665	205430	202159
220070000	654	700732	205666	0	202159
220070000	736	700724	205667	85790	202159
220070000	501	700725	205668	205446	202159
220070000	694	700704	205669	86268	202159
220070000	372	700708	205670	86277	202159
220070000	1192	700704	205671	86268	202159
220070000	496	700726	205672	205436	202159
220070000	431	700721	205673	85482	202159
220070000	716	700736	205674	205430	202159
220070000	679	700726	205675	205436	202159
220070000	675	700725	205676	205446	202159
220070000	670	748015	205677	202158	202159
220070000	1184	700725	205678	205446	202159
220070000	645	700733	205679	79361	202159
220070000	1021	700723	205680	85564	202159
220070000	349	700708	205681	86277	202159
220070000	1217	700755	205682	86323	202159
220070000	758	700731	205683	203447	202159
220070000	528	700728	205684	86292	202159
220070000	744	700725	205685	205446	202159
220070000	604	700734	205686	85911	202159
220070000	494	700727	205687	86289	202159
220070000	1199	700707	205688	85717	202159
220070000	536	700725	205689	205446	202159
220070000	1523	730303	205690	203835	202159
220070000	740	700736	205691	205430	202159
220070000	643	700733	205692	79361	202159
220070000	729	700736	205693	205430	202159
220070000	231	730243	205694	86682	202159
220070000	708	700744	205695	0	202159
220070000	609	700734	205696	85911	202159
220070000	491	700728	205697	86292	202159
220070000	2792	282123	205698	203921	202159
220070000	606	700734	205699	85911	202159
220070000	2776	281069	205700	203864	202159
220070000	499	700725	205701	205446	202159
220070000	558	700726	205702	205436	202159
220070000	638	700733	205703	79361	202159
220070000	535	700725	205704	205446	202159
220070000	667	700704	205705	86268	202159
220070000	385	700722	205706	86281	202159
220070000	361	700708	205707	86277	202159
220070000	364	700708	205708	86277	202159
220070000	1183	700704	205709	86268	202159
220070000	2791	282123	205710	203921	202159
220070000	486	700702	205711	0	202159
220070000	512	700704	205712	86268	202159
220070000	478	700721	205713	85482	202159
220070000	989	700723	205714	85564	202159
220070000	502	700703	205715	85996	202159
220070000	1182	700744	205716	0	202159
220070000	424	700721	205717	85482	202159
220070000	1235	730486	205718	86993	202159
220070000	511	700725	205719	205446	202159
220070000	732	700751	205720	85649	202159
220070000	561	700725	205721	205446	202159
220070000	673	700704	205722	86268	202159
220070000	663	700703	205723	85996	202159
220070000	750	700724	205724	85790	202159
220070000	366	700708	205725	86277	202159
220070000	692	700744	205726	0	202159
220070000	1185	700728	205727	86292	202159
220070000	1198	700707	205728	85717	202159
220070000	738	700751	205729	85649	202159
220070000	403	700721	205730	85482	202159
220070000	508	700727	205731	86289	202159
220070000	505	700704	205732	86268	202159
220070000	623	700733	205733	79361	202159
220070000	488	700703	205734	85996	202159
220070000	2774	730355	205735	205736	202159
220070000	731	700751	205737	85649	202159
220070000	733	700736	205738	205430	202159
220070000	755	700704	205739	86268	202159
220070000	648	700733	205740	79361	202159
220070000	1441	700726	205741	205436	202159
220070000	506	700701	205742	0	202159
220070000	389	700721	205743	85482	202159
220070000	518	700725	205744	205446	202159
220070000	636	700733	205745	79361	202159
220070000	310	700708	205746	86277	202159
220070000	2793	282123	205747	203921	202159
220070000	735	700736	205748	205430	202159
220070000	634	700733	205749	79361	202159
220070000	497	700727	205750	86289	202159
220070000	622	700733	205751	79361	202159
220070000	484	700726	205752	205436	202159
220070000	1227	700726	205753	205436	202159
220070000	357	700708	205754	86277	202159
220070000	635	700733	205755	79361	202159
220070000	680	700727	205756	86289	202159
220070000	551	700704	205757	86268	202159
220070000	659	700703	205758	85996	202159
220070000	287	700723	205759	85564	202159
220070000	768	700736	205760	205430	202159
220070000	394	700721	205761	85482	202159
220070000	1019	700723	205762	85564	202159
220070000	1179	700744	205763	0	202159
220070000	1206	700809	205764	85365	202159
220070000	2907	700977	205765	205449	202159
220070000	482	700703	205766	85996	202159
220070000	552	700728	205767	86292	202159
220070000	647	700733	205768	79361	202159
220070000	509	700728	205769	86292	202159
220070000	498	700725	205770	205446	202159
220070000	513	700725	205771	205446	202159
220070000	1440	700726	205772	205436	202159
220070000	377	700708	205773	86277	202159
220070000	317	700708	205774	86277	202159
220070000	383	700722	205775	86281	202159
220070000	541	700704	205776	86268	202159
220070000	761	700736	205777	205430	202159
220070000	699	700704	205778	86268	202159
220070000	1017	700723	205779	85564	202159
220070000	554	700727	205780	86289	202159
220070000	1229	700728	205781	86292	202159
220070000	438	700721	205782	85482	202159
220070000	1209	700809	205783	85365	202159
220070000	669	700703	205784	85996	202159
220070000	603	700703	205785	85996	202159
220070000	965	257836	205786	203837	203838
220070000	965	257837	205786	203837	203838
220070000	965	257838	205786	203837	203838
220070000	1197	700704	205787	86268	202159
220070000	695	700704	205788	86268	202159
220070000	432	700721	205789	85482	202159
220070000	655	700732	205790	0	202159
220070000	754	700736	205791	205430	202159
220070000	651	700735	205792	86299	202159
220070000	1035	700723	205793	85564	202159
220070000	870	258101	205794	81635	203860
220070000	857	258102	205794	81635	203860
220070000	854	258103	205795	81635	203860
220070000	234	700810	205796	85753	202159
220070000	734	700724	205797	85790	202159
220070000	433	700721	205798	85482	202159
220070000	279	730238	205799	81627	202159
220070000	1031	700723	205800	85564	202159
220070000	559	700727	205801	86289	202159
220070000	988	700723	205802	85564	202159
220070000	1038	700723	205803	85564	202159
220070000	392	700721	205804	85482	202159
220070000	375	700708	205805	86277	202159
220070000	489	700703	205806	85996	202159
220070000	660	700702	205807	0	202159
220070000	625	700733	205808	79361	202159
220070000	1232	700727	205809	86289	202159
220070000	631	700733	205810	79361	202159
220070000	520	700703	205811	85996	202159
220070000	668	700726	205812	205436	202159
220070000	979	258136	205813	203837	203838
220070000	979	258137	205813	203837	203838
220070000	979	258138	205813	203837	203838
220070000	1178	700704	205814	86268	202159
220070000	399	700721	205815	85482	202159
220070000	1011	700723	205816	85564	202159
220070000	759	700724	205817	85790	202159
220070000	757	700731	205818	203447	202159
220070000	762	700731	205819	203447	202159
220070000	1821	281069	205820	203864	202159
220070000	2910	700977	205821	205449	202159
220070000	430	700721	205822	85482	202159
220070000	367	730284	205823	81627	202159
220070000	547	700726	205824	205436	202159
220070000	532	700725	205825	205446	202159
220070000	706	700729	205826	85501	202159
220070000	557	700725	205827	205446	202159
220070000	649	700733	205828	79361	202159
220070000	55	700726	205829	205436	202159
220070000	739	700736	205830	205430	202159
220070000	1016	700723	205831	85564	202159
220070000	402	700721	205832	85482	202159
220070000	1815	281069	205833	203864	202159
220070000	363	700708	205834	86277	202159
220070000	751	700736	205835	205430	202159
220070000	401	700721	205836	85482	202159
220070000	765	700727	205837	86289	202159
220070000	407	700721	205838	85482	202159
220070000	745	700736	205839	205430	202159
220070000	378	700708	205840	86277	202159
220070000	709	700703	205841	85996	202159
220070000	717	700736	205842	205430	202159
220070000	526	700704	205843	86268	202159
220070000	624	700733	205844	79361	202159
220070000	1205	700809	205845	85365	202159
220070000	720	700736	205846	205430	202159
220070000	382	700722	205847	86281	202159
220070000	320	700708	205848	86277	202159
220070000	707	700728	205849	86292	202159
220070000	193	700079	205850	85407	202159
220070000	398	700721	205851	85482	202159
220070000	1057	730221	205852	76915	202159
220070000	681	700704	205853	86268	202159
220070000	397	700721	205854	85482	202159
220070000	741	700726	205855	205436	202159
220070000	627	700733	205856	79361	202159
220070000	756	700736	205857	205430	202159
220070000	1028	700723	205858	85564	202159
220070000	1020	700723	205859	85564	202159
220070000	697	700703	205860	85996	202159
220070000	1193	748013	205861	202158	202159
220070000	1588	730280	205862	203902	202159
220070000	676	700725	205863	205446	202159
220070000	1822	700707	205864	85717	202159
220070000	621	700733	205865	79361	202159
220070000	479	700733	205866	79361	202159
220070000	56	700703	205867	85996	202159
220070000	704	700703	205868	85996	202159
220070000	608	700734	205869	85911	202159
220070000	772	700736	205870	205430	202159
220070000	960	258233	205871	203837	203838
220070000	960	258234	205871	203837	203838
220070000	960	258235	205871	203837	203838
220070000	390	700721	205872	85482	202159
220070000	441	700721	205873	85482	202159
220070000	386	700722	205874	86281	202159
220070000	691	700726	205875	205436	202159
220070000	1196	700704	205876	86268	202159
220070000	748	700731	205877	203447	202159
220070000	711	700703	205878	85996	202159
220070000	1218	700756	205879	86323	202159
220070000	689	700725	205880	205446	202159
220070000	764	700736	205881	205430	202159
220070000	495	700726	205882	205436	202159
220070000	723	700751	205883	85649	202159
220070000	492	700703	205884	85996	202159
220070000	1032	700723	205885	85564	202159
220070000	664	700704	205886	86268	202159
220070000	556	700702	205887	0	202159
220070000	728	700736	205888	205430	202159
220070000	434	700721	205889	85482	202159
220070000	387	700722	205890	86281	202159
220070000	2032	281069	205891	203864	202159
220070000	435	700721	205892	85482	202159
220070000	1024	700723	205893	85564	202159
220070000	517	700703	205894	85996	202159
220070000	429	700721	205895	85482	202159
220070000	730	700726	205896	205436	202159
220070000	1230	700727	205897	86289	202159
220070000	705	700725	205898	205446	202159
220070000	852	257807	205899	81635	203860
220070000	985	257808	205899	81635	203860
220070000	966	257809	205900	81635	203860
220070000	348	700708	205901	86277	202159
220070000	700	700704	205902	86268	202159
220070000	1329	0	205903	202187	137930
220070000	1322	0	205904	202187	137930
220070000	1334	0	205905	202187	137930
220070000	1318	0	205906	202187	137930
220070000	1325	0	205907	202187	137930
220070000	1319	0	205908	202187	137930
220070000	1111	0	205909	202187	137930
220070000	978	0	205910	204097	204098
220070000	860	0	205911	204104	204098
220070000	1335	0	205912	202187	137930
220070000	1324	0	205913	202187	137930
220070000	1328	0	205914	202187	137930
220070000	861	0	205915	204097	204098
220070000	1331	0	205916	202187	137930
220070000	1330	0	205917	202187	137930
220070000	1320	0	205918	202187	137930
220070000	1321	0	205919	202187	137930
220070000	1326	0	205920	202187	137930
220070000	1323	0	205921	202187	137930
220070000	1327	0	205922	202187	137930
220070000	1333	0	205923	202187	137930
220070000	1313	0	205924	204104	204098
220070000	1332	0	205925	202187	137930
300030000	13	700415	205926	85770	202159
300030000	1	700415	205927	85770	202159
300030000	14	700438	205928	85537	202159
300030000	6	700415	205929	85770	202159
300030000	3	700415	205930	85770	202159
300030000	26	700415	205931	85770	202159
300030000	19	700415	205932	85770	202159
300030000	4	700415	205933	85770	202159
300030000	20	700415	205934	85770	202159
300030000	17	700415	205935	85770	202159
300030000	27	700415	205936	85770	202159
300030000	29	700415	205937	85770	202159
300030000	22	700415	205938	85770	202159
300030000	28	700415	205939	85770	202159
300030000	12	700415	205940	85770	202159
300030000	9	700415	205941	85770	202159
300030000	21	700415	205942	85770	202159
300030000	25	700415	205943	85770	202159
300030000	16	700415	205944	85770	202159
300030000	15	700415	205945	85770	202159
300030000	5	700415	205946	85770	202159
300030000	23	256694	205947	203837	203838
300030000	32	700437	205948	81987	202159
300030000	2	700415	205949	85770	202159
300030000	24	700415	205950	85770	202159
300030000	7	700415	205951	85770	202159
300030000	30	700415	205952	85770	202159
300030000	18	700415	205953	85770	202159
300030000	31	700415	205954	85770	202159
300030000	11	700415	205955	85770	202159
300030000	8	700415	205956	85770	202159
300040000	168	700518	205957	85915	202159
300040000	142	700516	205958	85915	202159
300040000	87	700518	205959	85915	202159
300040000	59	700558	205960	83557	202159
300040000	95	730212	205961	86907	202159
300040000	156	281120	205962	205963	202159
300040000	79	281121	205964	205963	202159
300040000	143	281118	205965	205963	202159
300040000	136	730192	205966	85419	202159
300040000	55	700517	205967	83557	202159
300040000	83	700518	205968	85915	202159
300040000	223	730211	205969	205970	202159
300040000	57	700556	205971	83557	202159
300040000	155	281119	205972	205963	202159
300040000	146	730193	205973	85806	202159
300040000	150	700510	205974	205975	202159
300050000	33	700461	205976	205977	202159
300060000	73	700462	205978	205975	202159
300060000	73	700463	205978	205975	202159
300060000	73	700464	205978	205975	202159
300060000	88	700462	205979	205975	202159
300060000	88	700463	205979	205975	202159
300060000	88	700464	205979	205975	202159
300060000	96	700462	205980	205975	202159
300060000	96	700463	205980	205975	202159
300060000	96	700464	205980	205975	202159
300060000	65	700462	205981	205975	202159
300060000	65	700463	205981	205975	202159
300060000	65	700464	205981	205975	202159
300060000	70	700462	205982	205975	202159
300060000	70	700463	205982	205975	202159
300060000	70	700464	205982	205975	202159
300060000	51	700462	205983	205975	202159
300060000	51	700463	205983	205975	202159
300060000	51	700464	205983	205975	202159
300060000	110	700462	205984	205975	202159
300060000	110	700463	205984	205975	202159
300060000	110	700464	205984	205975	202159
300060000	52	700462	205985	205975	202159
300060000	52	700463	205985	205975	202159
300060000	52	700464	205985	205975	202159
300060000	72	700462	205986	205975	202159
300060000	72	700463	205986	205975	202159
300060000	72	700464	205986	205975	202159
300060000	66	700462	205987	205975	202159
300060000	66	700463	205987	205975	202159
300060000	66	700464	205987	205975	202159
300060000	102	700462	205988	205975	202159
300060000	102	700463	205988	205975	202159
300060000	102	700464	205988	205975	202159
300060000	113	700462	205989	205975	202159
300060000	113	700463	205989	205975	202159
300060000	113	700464	205989	205975	202159
300060000	69	700462	205990	205975	202159
300060000	69	700463	205990	205975	202159
300060000	69	700464	205990	205975	202159
300060000	43	700462	205991	205975	202159
300060000	43	700463	205991	205975	202159
300060000	43	700464	205991	205975	202159
300060000	45	700462	205992	205975	202159
300060000	45	700463	205992	205975	202159
300060000	45	700464	205992	205975	202159
300060000	84	700462	205993	205975	202159
300060000	84	700463	205993	205975	202159
300060000	84	700464	205993	205975	202159
300060000	82	700462	205994	205975	202159
300060000	82	700463	205994	205975	202159
300060000	82	700464	205994	205975	202159
300060000	47	700462	205995	205975	202159
300060000	47	700463	205995	205975	202159
300060000	47	700464	205995	205975	202159
300060000	105	700462	205996	205975	202159
300060000	105	700463	205996	205975	202159
300060000	105	700464	205996	205975	202159
300060000	76	700462	205997	205975	202159
300060000	76	700463	205997	205975	202159
300060000	76	700464	205997	205975	202159
300060000	38	700462	205998	205975	202159
300060000	38	700463	205998	205975	202159
300060000	38	700464	205998	205975	202159
300060000	67	700462	205999	205975	202159
300060000	67	700463	205999	205975	202159
300060000	67	700464	205999	205975	202159
300060000	39	700462	206000	205975	202159
300060000	39	700463	206000	205975	202159
300060000	39	700464	206000	205975	202159
300060000	63	700462	206001	205975	202159
300060000	63	700463	206001	205975	202159
300060000	63	700464	206001	205975	202159
300060000	58	700462	206002	205975	202159
300060000	58	700463	206002	205975	202159
300060000	58	700464	206002	205975	202159
300060000	111	700462	206003	205975	202159
300060000	111	700463	206003	205975	202159
300060000	111	700464	206003	205975	202159
300060000	55	700462	206004	205975	202159
300060000	55	700463	206004	205975	202159
300060000	55	700464	206004	205975	202159
300060000	101	700462	206005	205975	202159
300060000	101	700463	206005	205975	202159
300060000	101	700464	206005	205975	202159
300060000	78	700462	206006	205975	202159
300060000	78	700463	206006	205975	202159
300060000	78	700464	206006	205975	202159
300060000	50	700462	206007	205975	202159
300060000	50	700463	206007	205975	202159
300060000	50	700464	206007	205975	202159
300060000	112	700462	206008	205975	202159
300060000	112	700463	206008	205975	202159
300060000	112	700464	206008	205975	202159
300060000	81	700462	206009	205975	202159
300060000	81	700463	206009	205975	202159
300060000	81	700464	206009	205975	202159
300060000	83	700462	206010	205975	202159
300060000	83	700463	206010	205975	202159
300060000	83	700464	206010	205975	202159
300060000	57	700462	206011	205975	202159
300060000	57	700463	206011	205975	202159
300060000	57	700464	206011	205975	202159
300060000	94	700462	206012	205975	202159
300060000	94	700463	206012	205975	202159
300060000	94	700464	206012	205975	202159
300060000	59	700462	206013	205975	202159
300060000	59	700463	206013	205975	202159
300060000	59	700464	206013	205975	202159
300060000	61	700462	206014	205975	202159
300060000	61	700463	206014	205975	202159
300060000	61	700464	206014	205975	202159
300060000	64	700462	206015	205975	202159
300060000	64	700463	206015	205975	202159
300060000	64	700464	206015	205975	202159
300060000	60	700462	206016	205975	202159
300060000	60	700463	206016	205975	202159
300060000	60	700464	206016	205975	202159
300060000	92	700462	206017	205975	202159
300060000	92	700463	206017	205975	202159
300060000	92	700464	206017	205975	202159
300060000	87	700462	206018	205975	202159
300060000	87	700463	206018	205975	202159
300060000	87	700464	206018	205975	202159
300060000	75	700462	206019	205975	202159
300060000	75	700463	206019	205975	202159
300060000	75	700464	206019	205975	202159
300060000	48	700462	206020	205975	202159
300060000	48	700463	206020	205975	202159
300060000	48	700464	206020	205975	202159
300060000	3	700453	206021	205367	202159
300060000	77	700462	206022	205975	202159
300060000	77	700463	206022	205975	202159
300060000	77	700464	206022	205975	202159
300060000	108	700462	206023	205975	202159
300060000	108	700463	206023	205975	202159
300060000	108	700464	206023	205975	202159
300060000	49	700462	206024	205975	202159
300060000	49	700463	206024	205975	202159
300060000	49	700464	206024	205975	202159
300060000	98	700462	206025	205975	202159
300060000	98	700463	206025	205975	202159
300060000	98	700464	206025	205975	202159
300060000	90	700462	206026	205975	202159
300060000	90	700463	206026	205975	202159
300060000	90	700464	206026	205975	202159
300060000	68	700462	206027	205975	202159
300060000	68	700463	206027	205975	202159
300060000	68	700464	206027	205975	202159
300060000	62	700462	206028	205975	202159
300060000	62	700463	206028	205975	202159
300060000	62	700464	206028	205975	202159
300060000	97	700462	206029	205975	202159
300060000	97	700463	206029	205975	202159
300060000	97	700464	206029	205975	202159
300060000	40	700462	206030	205975	202159
300060000	40	700463	206030	205975	202159
300060000	40	700464	206030	205975	202159
300060000	106	700462	206031	205975	202159
300060000	106	700463	206031	205975	202159
300060000	106	700464	206031	205975	202159
300060000	56	700462	206032	205975	202159
300060000	56	700463	206032	205975	202159
300060000	56	700464	206032	205975	202159
300060000	36	700462	206033	205975	202159
300060000	36	700463	206033	205975	202159
300060000	36	700464	206033	205975	202159
300060000	37	700462	206034	205975	202159
300060000	37	700463	206034	205975	202159
300060000	37	700464	206034	205975	202159
300060000	54	700462	206035	205975	202159
300060000	54	700463	206035	205975	202159
300060000	54	700464	206035	205975	202159
300060000	93	700462	206036	205975	202159
300060000	93	700463	206036	205975	202159
300060000	93	700464	206036	205975	202159
300060000	80	700462	206037	205975	202159
300060000	80	700463	206037	205975	202159
300060000	80	700464	206037	205975	202159
300060000	86	700462	206038	205975	202159
300060000	86	700463	206038	205975	202159
300060000	86	700464	206038	205975	202159
300060000	41	700462	206039	205975	202159
300060000	41	700463	206039	205975	202159
300060000	41	700464	206039	205975	202159
300060000	46	700462	206040	205975	202159
300060000	46	700463	206040	205975	202159
300060000	46	700464	206040	205975	202159
300060000	42	700462	206041	205975	202159
300060000	42	700463	206041	205975	202159
300060000	42	700464	206041	205975	202159
300060000	99	700462	206042	205975	202159
300060000	99	700463	206042	205975	202159
300060000	99	700464	206042	205975	202159
300060000	44	700462	206043	205975	202159
300060000	44	700463	206043	205975	202159
300060000	44	700464	206043	205975	202159
300060000	79	700462	206044	205975	202159
300060000	79	700463	206044	205975	202159
300060000	79	700464	206044	205975	202159
300060000	89	700462	206045	205975	202159
300060000	89	700463	206045	205975	202159
300060000	89	700464	206045	205975	202159
300060000	53	700462	206046	205975	202159
300060000	53	700463	206046	205975	202159
300060000	53	700464	206046	205975	202159
300060000	109	700462	206047	205975	202159
300060000	109	700463	206047	205975	202159
300060000	109	700464	206047	205975	202159
300060000	95	700462	206048	205975	202159
300060000	95	700463	206048	205975	202159
300060000	95	700464	206048	205975	202159
300060000	91	700462	206049	205975	202159
300060000	91	700463	206049	205975	202159
300060000	91	700464	206049	205975	202159
300060000	74	700462	206050	205975	202159
300060000	74	700463	206050	205975	202159
300060000	74	700464	206050	205975	202159
300060000	85	700462	206051	205975	202159
300060000	85	700463	206051	205975	202159
300060000	85	700464	206051	205975	202159
300060000	71	700462	206052	205975	202159
300060000	71	700463	206052	205975	202159
300060000	71	700464	206052	205975	202159
300060000	104	700462	206053	205975	202159
300060000	104	700463	206053	205975	202159
300060000	104	700464	206053	205975	202159
300070000	33	700480	206054	86106	202159
300080000	1	700455	206055	206056	202159
300090000	14	700457	206057	86089	202159
300100000	15	700550	206058	86143	202159
300100000	68	730198	206059	86902	202159
300100000	118	700523	206060	81498	202159
300100000	92	730205	206061	206062	202159
300100000	61	730206	206063	206064	202159
300100000	42	700549	206065	206066	202159
300100000	89	730204	206067	206062	202159
300100000	88	730203	206068	206062	202159
300100000	79	700509	206069	206070	202159
300100000	87	730206	206071	206064	202159
300100000	28	730206	206072	206064	202159
300100000	14	700550	206073	86143	202159
300100000	82	730201	206074	206075	202159
300100000	10	730202	206076	86886	202159
300100000	1	730208	206077	86143	202159
300100000	113	700523	206078	81498	202159
300100000	18	700550	206079	86143	202159
300100000	41	700523	206080	81498	202159
300100000	90	700548	206081	86157	202159
300100000	11	700550	206082	86143	202159
300100000	65	700524	206083	85806	202159
300100000	67	730207	206084	86898	202159
300100000	114	700523	206085	81498	202159
300100000	66	700549	206086	206066	202159
300100000	17	700550	206087	86143	202159
300100000	12	730209	206088	86902	202159
300100000	9	700525	206089	86141	202159
300100000	5	700557	206090	86020	202159
300100000	16	700522	206091	86225	202159
300100000	121	700555	206092	206070	202159
300100000	30	730200	206093	206075	202159
300100000	63	730199	206094	86892	202159
300100000	109	700523	206095	81498	202159
300100000	233	0	206096	202187	137930
300100000	235	0	206097	202187	137930
300100000	236	0	206098	202187	137930
300100000	234	0	206099	202187	137930
300110000	32	700493	206100	83596	202159
300110000	10	730187	206101	205963	202159
300110000	65	730214	206102	205963	202159
300110000	25	700490	206103	83596	202159
300110000	29	700495	206104	83596	202159
300110000	12	700501	206105	86115	202159
300110000	64	730213	206106	205963	202159
300110000	98	700599	206107	86115	202159
300110000	30	700486	206108	83596	202159
300110000	27	700497	206109	83596	202159
300110000	5	700503	206110	86117	202159
300110000	1	700504	206111	86117	202159
300110000	7	700507	206112	86121	202159
300110000	23	700492	206113	83596	202159
300110000	20	700488	206114	83596	202159
300110000	26	700498	206115	83596	202159
300110000	91	730197	206116	205963	202159
300110000	133	700506	206117	86119	202159
300110000	9	730188	206118	205963	202159
300110000	95	700598	206119	86115	202159
300110000	31	700491	206120	83596	202159
300110000	24	700496	206121	83596	202159
300110000	22	700494	206122	83596	202159
300110000	19	700487	206123	83596	202159
300110000	21	700485	206124	83596	202159
300110000	131	700505	206125	86119	202159
300110000	28	700489	206126	83596	202159
300110000	16	700502	206127	86115	202159
300110000	6	700508	206128	86121	202159
300120000	6	700546	206129	206130	202159
300120000	29	700546	206131	206132	202159
300120000	31	700546	206133	206132	202159
300120000	4	700482	206134	86091	202159
300120000	8	700546	206135	206132	202159
300120000	13	700546	206136	206137	202159
300120000	30	700546	206138	206137	202159
300120000	9	700546	206139	206132	202159
300120000	12	700546	206140	206137	202159
300120000	5	700546	206141	206132	202159
300120000	32	700546	206142	206130	202159
300120000	7	700546	206143	206137	202159
300120000	122	215414	206144	79746	202159
300120000	10	700546	206145	206132	202159
300120000	16	700546	206146	206137	202159
300130000	7	700547	206147	206132	202159
300130000	13	700547	206148	206137	202159
300130000	12	700547	206149	206137	202159
300130000	16	700547	206150	206137	202159
300130000	4	700484	206151	86091	202159
300130000	176	215415	206144	79746	202159
300130000	78	700547	206152	206132	202159
300130000	77	700547	206153	206137	202159
300130000	75	700547	206154	206130	202159
300130000	8	700547	206155	206132	202159
300130000	73	700547	206156	206137	202159
300130000	82	700547	206157	206130	202159
300130000	81	700547	206158	206132	202159
300130000	15	700547	206159	206132	202159
300130000	11	700547	206160	206132	202159
300140000	12	700545	206161	206137	202159
300140000	30	700545	206162	206137	202159
300140000	8	700545	206163	206132	202159
300140000	13	700545	206164	206137	202159
300140000	122	215413	206144	79746	202159
300140000	29	700545	206165	206132	202159
300140000	4	700459	206166	86091	202159
300140000	10	700545	206167	206132	202159
300140000	7	700545	206168	206137	202159
300140000	31	700545	206169	206132	202159
300140000	16	700545	206170	206137	202159
300140000	9	700545	206171	206132	202159
300140000	5	700545	206172	206132	202159
300140000	32	700545	206173	206130	202159
300140000	6	700545	206174	206130	202159
300150000	147	700567	206175	86181	202159
300150000	145	700567	206176	86181	202159
300150000	117	730217	206177	85419	202159
300150000	126	700567	206178	86181	202159
300150000	173	700567	206179	86181	202159
300150000	163	700567	206180	86181	202159
300150000	116	700567	206181	86181	202159
300150000	155	700567	206182	86181	202159
300150000	144	700567	206183	86181	202159
300150000	153	700567	206184	86181	202159
300150000	148	700567	206185	86181	202159
300150000	113	700567	206186	86181	202159
300150000	157	700567	206187	86181	202159
300150000	111	700567	206188	86181	202159
300150000	425	700750	206189	86329	202159
300150000	128	700567	206190	86181	202159
300150000	134	700567	206191	86181	202159
300150000	213	700706	206192	206193	202159
300150000	174	700567	206194	86181	202159
300150000	165	700567	206195	86181	202159
300150000	172	700567	206196	86181	202159
300150000	122	700567	206197	86181	202159
300150000	156	700567	206198	86181	202159
300150000	150	700567	206199	86181	202159
300150000	162	700567	206200	86181	202159
300150000	152	700567	206201	86181	202159
300150000	151	700567	206202	86181	202159
300150000	170	700567	206203	86181	202159
300150000	168	700567	206204	86181	202159
300150000	112	700567	206205	86181	202159
300150000	142	700567	206206	86181	202159
300150000	166	700567	206207	86181	202159
300150000	120	700567	206208	86181	202159
300150000	125	700567	206209	86181	202159
300150000	158	730272	206210	206193	202159
300150000	171	700567	206211	86181	202159
300160000	310	730273	206212	206193	202159
300160000	45	700603	206213	86199	202159
300160000	138	700566	206214	86178	202159
300170000	476	730285	206215	203892	202159
300170000	517	730290	206216	86990	202159
300170000	451	216739	206217	80595	202159
300170000	451	216740	206217	80595	202159
300170000	574	216739	206218	80595	202159
300170000	574	216740	206218	80595	202159
300170000	575	700608	206219	206220	202159
300170000	468	730286	206221	205963	202159
300170000	539	216739	206222	80595	202159
300170000	539	216740	206222	80595	202159
300170000	578	216739	206223	80595	202159
300170000	578	216740	206223	80595	202159
300170000	577	216739	206224	80595	202159
300170000	577	216740	206224	80595	202159
300170000	541	216739	206225	80595	202159
300170000	541	216740	206225	80595	202159
300170000	583	216739	206226	80595	202159
300170000	583	216740	206226	80595	202159
300170000	472	730288	206227	206228	202159
300170000	160	730274	206229	86973	202159
300170000	426	730275	206230	86976	202159
300170000	394	700607	206231	85658	202159
300170000	538	216739	206232	80595	202159
300170000	538	216740	206232	80595	202159
300170000	495	730289	206233	206228	202159
300170000	537	216739	206234	80595	202159
300170000	537	216740	206234	80595	202159
300170000	368	216739	206235	80595	202159
300170000	368	216740	206235	80595	202159
300170000	576	216739	206236	80595	202159
300170000	576	216740	206236	80595	202159
300170000	540	216739	206237	80595	202159
300170000	540	216740	206237	80595	202159
300170000	582	216739	206238	80595	202159
300170000	582	216740	206238	80595	202159
300170000	579	216739	206239	80595	202159
300170000	579	216740	206239	80595	202159
300170000	450	216739	206240	80595	202159
300170000	450	216740	206240	80595	202159
300170000	342	700596	206241	206242	202159
300170000	558	700637	206243	85658	202159
300190000	90	700738	206244	86306	202159
300190000	92	700741	206245	86314	202159
300190000	57	700636	206246	202158	202159
300190000	94	700635	206247	206248	202159
300190000	93	700740	206245	86312	202159
300190000	163	700942	206249	86484	202159
300190000	9	281817	206250	203864	202159
300190000	171	700943	206251	86487	202159
300190000	18	700634	206252	85662	202159
300190000	162	700942	206253	86484	202159
300190000	175	700943	206254	86487	202159
300190000	175	700958	206254	86487	202159
300190000	175	700959	206254	86487	202159
300190000	175	700960	206254	86487	202159
300190000	170	700634	206255	85662	202159
300190000	33	700634	206256	85662	202159
300190000	174	700943	206257	86487	202159
300190000	174	700958	206257	86487	202159
300190000	174	700959	206257	86487	202159
300190000	174	700960	206257	86487	202159
300190000	36	700634	206258	85662	202159
300190000	172	700958	206259	86487	202159
300190000	55	730233	206260	86931	202159
300190000	173	700960	206261	86487	202159
300190000	32	700634	206262	85662	202159
300190000	11	700739	206244	86309	202159
300190000	169	700634	206263	85662	202159
300190000	51	700633	206264	86246	202159
300190000	54	730232	206265	86931	202159
300190000	91	700742	206266	83954	202159
300200000	100	700954	206267	85764	202159
300200000	119	700855	206268	0	202159
300200000	101	700954	206269	85764	202159
300200000	171	700951	206270	206271	202159
300200000	79	730321	206272	206273	202159
300200000	52	700855	206274	0	202159
300200000	137	700951	206275	206271	202159
300200000	177	700951	206276	206271	202159
300200000	31	700950	206277	0	202159
300200000	94	700833	206278	206279	202159
300200000	54	700834	206280	206281	202159
300200000	114	700855	206282	0	202159
300200000	118	700833	206283	206279	202159
300200000	102	700954	206284	85764	202159
300200000	116	700950	206285	0	202159
300200000	99	700954	206286	85764	202159
300200000	111	700950	206287	0	202159
300200000	131	700833	206288	206279	202159
300200000	117	730320	206289	85537	202159
300200000	246	700951	206290	206271	202159
300200000	115	700834	206291	206281	202159
300200000	285	700953	206292	86501	202159
300200000	50	700834	206293	206281	202159
300200000	103	700954	206294	85764	202159
300200000	55	700855	206295	0	202159
300200000	17	700834	206296	206281	202159
300200000	48	700833	206297	206279	202159
300200000	282	700953	206298	86501	202159
300200000	245	700951	206299	81528	202159
300200000	283	700953	206300	86501	202159
300200000	123	700833	206301	206279	202159
300200000	53	700834	206302	206281	202159
300200000	169	730359	206303	85453	202159
300210000	149	700836	206304	86388	202159
300210000	133	730346	206127	86115	202159
300210000	139	700837	206305	206306	202159
300210000	186	730358	206307	206308	202159
300210000	108	700837	206309	206310	202159
300210000	31	700844	206120	206311	202159
300210000	158	700948	206312	206313	202159
300210000	142	700837	206314	206310	202159
300210000	34	730311	206315	206308	202159
300210000	140	700837	206316	206306	202159
300210000	137	700836	206317	86388	202159
300210000	42	730314	206318	206308	202159
300210000	145	700836	206319	86388	202159
300210000	30	700839	206108	206311	202159
300210000	159	700948	206320	206313	202159
300210000	136	700836	206321	86388	202159
300210000	65	700948	206322	206323	202159
300210000	40	730349	206125	206324	202159
300210000	32	700846	206100	206311	202159
300210000	162	700948	206325	206326	202159
300210000	131	700836	206327	86388	202159
300210000	6	700837	206328	206306	202159
300210000	163	700948	206329	206326	202159
300210000	15	700837	206330	206306	202159
300210000	135	700836	206331	86388	202159
300210000	25	700843	206103	206311	202159
300210000	22	700847	206122	206311	202159
300210000	141	700837	206332	206310	202159
300210000	26	700851	206115	206311	202159
300210000	114	700837	206333	206310	202159
300210000	12	730345	206105	86115	202159
300210000	138	700837	206334	206306	202159
300210000	143	700837	206335	206310	202159
300210000	109	700837	206336	206310	202159
300210000	134	700836	206337	86388	202159
300210000	24	700849	206121	206311	202159
300210000	10	730312	206338	206308	202159
300210000	19	700840	206123	206311	202159
300210000	156	700948	206339	206313	202159
300210000	33	730357	206340	206308	202159
300210000	41	730350	206117	206324	202159
300210000	160	700948	206341	206323	202159
300210000	20	700841	206114	206311	202159
300210000	98	730354	206107	86115	202159
300210000	7	730352	206342	206343	202159
300210000	144	700836	206344	86388	202159
300210000	49	700948	206345	206326	202159
300210000	64	700948	206346	206326	202159
300210000	93	700837	206347	206306	202159
300210000	146	700836	206348	86388	202159
300210000	155	700948	206349	206313	202159
300210000	9	730315	206350	206308	202159
300210000	16	730351	206351	206343	202159
300210000	95	730353	206119	86115	202159
300210000	29	700848	206104	206311	202159
300210000	161	700948	206352	206323	202159
300210000	148	700836	206353	86388	202159
300210000	21	700838	206124	206311	202159
300210000	91	700948	206354	206323	202159
300210000	28	700842	206126	206311	202159
300210000	147	700836	206355	86388	202159
300210000	118	700836	206356	86388	202159
300210000	27	700850	206109	206311	202159
300210000	23	700845	206113	206311	202159
300220000	59	700858	206357	81987	202159
300220000	3	700864	206358	86412	202159
300220000	58	700857	206357	81987	202159
300220000	123	730317	206359	83890	202159
300220000	123	730317	206359	83890	202159
300220000	79	700957	206357	81987	202159
300220000	67	700861	206360	80527	202159
300220000	21	700862	206361	86406	202159
300220000	54	282039	206362	205963	202159
300220000	1	700865	206363	202158	202159
300220000	52	282038	206364	205963	202159
300220000	78	700945	206357	81987	202159
300220000	60	700856	206357	81987	202159
300220000	53	281905	206365	205963	202159
300220000	84	730317	206366	83890	202159
300230000	268	730335	206367	206368	202159
300230000	6	730308	206369	87045	202159
300230000	13	730327	206370	206371	202159
300230000	70	730337	206372	206373	202159
300230000	84	282095	206374	84015	202159
300230000	193	730333	206375	206376	202159
300230000	14	730336	206377	206378	202159
300230000	319	730340	206379	206380	202159
300230000	69	730338	206381	81535	202159
300230000	15	730339	206382	206383	202159
300230000	80	700926	206384	206385	202159
300230000	66	700927	206386	206385	202159
300230000	3	700835	206387	85915	202159
300230000	195	730330	206388	206389	202159
300230000	320	700922	206390	206391	202159
300230000	260	730332	206392	206393	202159
300230000	202	730331	206394	206371	202159
300230000	87	282093	206395	84015	202159
300230000	79	730325	206396	1139	202159
300230000	208	730334	206397	206398	202159
300230000	206	730326	206399	206376	202159
300230000	200	730329	206400	206401	202159
300230000	5	700924	206402	206403	202159
300230000	56	700961	206404	85753	202159
300230000	197	730328	206405	206368	202159
300230000	105	700928	206406	206385	202159
300230000	553	730341	206407	87045	202159
300230000	215	0	206408	202187	137930
300230000	97	0	206409	202187	137930
300230000	491	0	206410	202187	137930
300230000	550	0	206411	202187	137930
300230000	1062	0	206412	202187	137930
300230000	278	0	206413	202187	137930
300230000	383	0	206414	202187	137930
300230000	450	0	206415	202187	137930
300230000	182	0	206416	202187	137930
300230000	459	0	206417	202187	137930
300230000	1104	0	206418	202187	137930
300230000	453	0	206419	202187	137930
300230000	386	0	206420	202187	137930
300230000	370	0	206421	202187	137930
300230000	481	0	206422	202187	137930
300230000	44	0	206423	202187	137930
300230000	469	0	206424	202187	137930
300230000	1058	0	206425	202187	137930
300230000	465	0	206426	202187	137930
300230000	385	0	206427	202187	137930
300230000	1070	0	206428	202187	137930
300230000	1071	0	206429	202187	137930
300230000	376	0	206430	202187	137930
300230000	479	0	206431	202187	137930
300230000	503	0	206432	202187	137930
300230000	32	0	206433	202187	137930
300230000	454	0	206434	202187	137930
300230000	548	0	206435	202187	137930
300230000	399	0	206436	202187	137930
300230000	1050	0	206437	202187	137930
300230000	394	0	206438	202187	137930
300230000	501	0	206439	202187	137930
300230000	381	0	206440	202187	137930
300230000	186	0	206441	202187	137930
300230000	189	0	206442	202187	137930
300230000	1057	0	206443	202187	137930
300230000	457	0	206444	202187	137930
300230000	546	0	206445	202187	137930
300230000	384	0	206446	202187	137930
300230000	467	0	206447	202187	137930
300230000	1049	0	206448	202187	137930
300230000	199	0	206449	202187	137930
300230000	1067	0	206450	202187	137930
300230000	101	0	206451	202187	137930
300230000	452	0	206452	202187	137930
300230000	478	0	206453	202187	137930
300230000	83	0	206454	202187	137930
300230000	400	0	206455	202187	137930
300230000	258	0	206456	202187	137930
300230000	1047	0	206457	202187	137930
300230000	76	0	206458	202187	137930
300230000	1045	0	206459	202187	137930
300230000	373	0	206460	202187	137930
300230000	94	0	206461	202187	137930
300230000	380	0	206462	202187	137930
300230000	476	0	206463	202187	137930
300230000	502	0	206464	202187	137930
300230000	1041	0	206465	202187	137930
300230000	1055	0	206466	202187	137930
300230000	203	0	206467	202187	137930
300230000	498	0	206468	202187	137930
300230000	253	0	206469	202187	137930
300230000	92	0	206470	202187	137930
300230000	468	0	206471	202187	137930
300230000	1060	0	206472	202187	137930
300230000	499	0	206473	202187	137930
300230000	497	0	206474	202187	137930
300230000	275	0	206475	202187	137930
300230000	1069	0	206476	202187	137930
300230000	1064	0	206477	202187	137930
300230000	1043	0	206478	202187	137930
300230000	480	0	206479	202187	137930
300230000	256	0	206480	202187	137930
300230000	279	0	206481	202187	137930
300230000	418	0	206482	202187	137930
300230000	504	0	206483	202187	137930
300230000	12	0	206484	202187	137930
300230000	190	0	206485	202187	137930
300230000	391	0	206486	202187	137930
300230000	494	0	206487	202187	137930
300230000	1072	0	206488	202187	137930
300230000	183	0	206489	202187	137930
300230000	449	0	206490	202187	137930
300230000	492	0	206491	202187	137930
300230000	378	0	206492	202187	137930
300230000	37	0	206493	202187	137930
300230000	466	0	206494	202187	137930
300230000	1056	0	206495	202187	137930
300230000	520	0	206496	202187	137930
300230000	401	0	206497	202187	137930
300230000	95	0	206498	202187	137930
300230000	1059	0	206499	202187	137930
300230000	448	0	206500	202187	137930
300230000	1063	0	206501	202187	137930
300230000	1068	0	206502	202187	137930
300230000	393	0	206503	202187	137930
300230000	295	0	206504	202187	137930
300230000	1081	0	206505	202187	137930
300230000	477	0	206506	202187	137930
300230000	493	0	206507	202187	137930
300230000	252	0	206508	202187	137930
300230000	455	0	206509	202187	137930
300230000	456	0	206510	202187	137930
300230000	396	0	206511	202187	137930
300230000	35	0	206512	202187	137930
300230000	379	0	206513	202187	137930
300230000	191	0	206514	202187	137930
300230000	472	0	206515	202187	137930
300230000	31	0	206516	202187	137930
300230000	475	0	206517	202187	137930
300230000	451	0	206518	202187	137930
300230000	388	0	206519	202187	137930
300230000	402	0	206520	202187	137930
300230000	375	0	206521	202187	137930
300230000	395	0	206522	202187	137930
300230000	276	0	206523	202187	137930
300230000	414	0	206524	202187	137930
300230000	1094	0	206525	202187	137930
300230000	377	0	206526	202187	137930
300230000	38	0	206527	202187	137930
300230000	173	0	206528	202187	137930
300230000	277	0	206529	202187	137930
300230000	416	0	206530	202187	137930
300230000	471	0	206531	202187	137930
300230000	1112	0	206532	202187	137930
300230000	251	0	206533	202187	137930
300230000	374	0	206534	202187	137930
300230000	36	0	206535	202187	137930
300230000	1116	0	206536	202187	137930
300230000	545	0	206537	202187	137930
300230000	392	0	206538	202187	137930
300230000	464	0	206539	202187	137930
300230000	187	0	206540	202187	137930
300230000	1118	0	206541	202187	137930
300230000	62	0	206542	202187	137930
300230000	389	0	206543	202187	137930
300230000	294	0	206544	202187	137930
300230000	474	0	206545	202187	137930
300230000	547	0	206546	202187	137930
300230000	390	0	206547	202187	137930
300230000	1124	0	206548	202187	137930
300230000	257	0	206549	202187	137930
300230000	556	0	206550	202187	137930
300230000	397	0	206551	202187	137930
300230000	460	0	206552	202187	137930
300230000	461	0	206553	202187	137930
300230000	470	0	206554	202187	137930
300230000	274	0	206555	202187	137930
300230000	462	0	206556	202187	137930
300230000	254	0	206557	202187	137930
300230000	387	0	206558	202187	137930
300230000	419	0	206559	202187	137930
300230000	1152	0	206560	202187	137930
300230000	49	0	206561	202187	137930
300230000	463	0	206562	202187	137930
300230000	1190	0	206563	202187	137930
300230000	273	0	206564	202187	137930
300230000	1230	0	206565	202187	137930
300230000	458	0	206566	202187	137930
300230000	65	0	206567	202187	137930
300230000	500	0	206568	202187	137930
300230000	175	0	206569	202187	137930
300230000	185	0	206570	202187	137930
300230000	188	0	206571	202187	137930
300230000	549	0	206572	202187	137930
300230000	1370	0	206573	202187	137930
300230000	99	0	206574	202187	137930
300230000	382	0	206575	202187	137930
300230000	293	0	206576	202187	137930
300230000	473	0	206577	202187	137930
300230000	33	0	206578	202187	137930
300230000	398	0	206579	202187	137930
300230000	52	0	206580	202187	137930
300230000	417	0	206581	202187	137930
300230000	34	0	206582	202187	137930
300250000	725	701025	206583	86581	202159
300250000	175	701051	206584	76381	202159
300250000	91	701022	206585	206586	202159
300250000	149	701015	206587	206588	202159
300250000	601	258262	206589	76381	202159
300250000	128	701050	206590	76381	202159
300250000	470	258262	206591	76381	202159
300250000	599	258262	206592	76381	202159
300250000	93	701022	206593	206586	202159
300250000	40	282293	206594	206595	202159
300250000	595	282171	206596	76381	202159
300250000	55	701015	206597	206588	202159
300250000	42	730380	206598	206599	202159
300250000	61	701015	206600	206588	202159
300250000	161	701015	206601	206588	202159
300250000	89	701022	206602	206586	202159
300250000	157	701015	206603	206588	202159
300250000	73	701049	206604	76381	202159
300250000	85	701022	206605	206586	202159
300250000	144	701016	206606	86581	202159
300250000	718	282426	206607	76381	202159
300250000	41	701024	206608	86581	202159
300250000	153	701015	206609	206588	202159
300250000	179	701051	206610	76381	202159
300250000	95	701027	206611	86581	202159
300250000	112	701023	206612	206586	202159
300250000	597	282174	206613	76381	202159
300250000	151	701015	206614	206588	202159
300250000	136	701016	206615	86581	202159
300250000	158	701015	206616	206588	202159
300250000	76	282295	206617	206618	202159
300250000	177	701050	206619	76381	202159
300250000	150	701015	206620	206588	202159
300250000	719	282428	206621	76381	202159
300250000	340	701048	206622	76381	202159
300250000	38	282291	206623	84188	202159
300250000	160	701015	206624	206588	202159
300250000	77	701024	206625	86581	202159
300250000	206	701022	206626	206586	202159
300250000	152	701015	206627	206588	202159
300250000	467	258262	206628	76381	202159
300250000	598	282173	206629	76381	202159
300250000	86	701022	206630	206586	202159
300250000	116	701051	206631	76381	202159
300250000	727	701027	206632	86581	202159
300250000	154	701015	206633	206588	202159
300250000	338	701045	206634	86598	202159
300250000	600	258262	206635	76381	202159
300250000	156	701015	206636	206588	202159
300250000	176	701051	206637	76381	202159
300250000	92	701016	206638	86581	202159
300250000	596	282172	206639	76381	202159
300250000	54	730381	206640	206599	202159
300250000	721	282425	206641	76381	202159
300250000	722	282427	206642	76381	202159
300250000	140	701016	206643	86581	202159
300250000	155	701015	206644	206588	202159
300250000	135	701016	206645	86581	202159
300250000	726	701027	206646	86581	202159
300250000	90	701016	206647	86581	202159
300250000	159	701015	206648	206588	202159
300250000	187	282297	206649	0	202159
300250000	178	701046	206650	86599	202159
310030000	8	700143	206651	86162	202159
310030000	8	700143	206651	86162	202159
310030000	75	700142	206652	85621	202159
310030000	17	700186	206653	85537	202159
310030000	17	700186	206653	85537	202159
310040000	17	700187	206653	85537	202159
310050000	186	700352	206654	85972	202159
310050000	182	700219	206655	85730	202159
310050000	61	700511	206656	85806	202159
310050000	183	730035	206657	85746	202159
310050000	188	700352	206658	85972	202159
310050000	179	700219	206659	85730	202159
310050000	180	700219	206660	85730	202159
310050000	191	700230	206661	202158	202159
310050000	206	730131	206662	85806	202159
310050000	181	700219	206663	85730	202159
310050000	189	700352	206664	85972	202159
310050000	64	700279	206665	0	202159
310050000	185	700352	206666	85972	202159
310050000	41	0	206667	202187	137930
310050000	42	0	206668	202187	137930
310050000	57	0	206669	202187	137930
310050000	55	0	206670	202187	137930
310050000	50	0	206671	202189	137930
310050000	46	0	206672	202189	137930
310050000	43	0	206673	202189	137930
310050000	39	0	206674	202187	137930
310050000	18	0	206675	202189	137930
310050000	45	0	206676	202189	137930
310050000	56	0	206677	202187	137930
310050000	29	0	206678	202189	137930
310050000	35	0	206679	202187	137930
310050000	33	0	206680	202187	137930
310050000	19	0	206681	202189	137930
310050000	40	0	206682	202187	137930
310050000	44	0	206683	202189	137930
310050000	28	0	206684	202189	137930
310050000	30	0	206685	202187	137930
310050000	31	0	206686	202187	137930
310050000	17	0	206687	202189	137930
310050000	34	0	206688	202187	137930
310050000	25	0	206689	202189	137930
310050000	20	0	206690	202189	137930
310050000	23	0	206691	202189	137930
310050000	53	0	206692	202187	137930
310050000	26	0	206693	202189	137930
310050000	51	0	206694	202189	137930
310050000	54	0	206695	202187	137930
310050000	24	0	206696	202189	137930
310050000	49	0	206697	202189	137930
310050000	36	0	206698	202187	137930
310050000	47	0	206699	202189	137930
310050000	58	0	206700	202187	137930
310050000	48	0	206701	202189	137930
310050000	37	0	206702	202187	137930
310050000	27	0	206703	202189	137930
310050000	38	0	206704	202187	137930
310050000	22	0	206705	202189	137930
310070000	7	700240	206706	85770	202159
310080000	26	730065	206707	206708	202159
310090000	53	700372	206709	203837	202159
310090000	54	700515	206710	85621	202159
310090000	28	700361	206711	85537	202159
310090000	52	700372	206712	203837	202159
310100000	314	700367	206713	203558	202159
310100000	126	700373	206714	203837	202159
310100000	125	700373	206715	203837	202159
310110000	266	700426	206716	86049	202159
310110000	92	730153	206717	202158	202159
310110000	268	700422	206718	85806	202159
310110000	74	730168	206719	86836	202159
310110000	37	730177	206720	206721	202159
310110000	264	700425	206722	86049	202159
310110000	265	700424	206723	86049	202159
310110000	267	700423	206724	86049	202159
310110000	244	730178	206725	206726	202159
310120000	82	700552	206727	81635	202159
320030000	75	700140	206652	85621	202159
320030000	8	700141	206651	86162	202159
320030000	8	700141	206651	86162	202159
320030000	75	700140	206652	85621	202159
320030000	17	700184	206653	85537	202159
320030000	17	700184	206653	85537	202159
320040000	17	700185	206653	85537	202159
320050000	17	730046	206728	85733	202159
320050000	15	730042	206729	85733	202159
320050000	16	730044	206730	85733	202159
320080000	8	700295	206731	85717	202159
320080000	145	700354	206732	206733	202159
320080000	10	700295	206734	85717	202159
320080000	135	700350	206735	85955	202159
320080000	134	700350	206736	85955	202159
320080000	11	700295	206737	85717	202159
320080000	9	700295	206738	85717	202159
320080000	128	700350	206739	85955	202159
320080000	52	700371	206740	87097	202159
320080000	3	700354	206741	206733	202159
320080000	2	700354	206742	206733	202159
320080000	5	700295	206743	85717	202159
320080000	13	700295	206744	85717	202159
320080000	133	700350	206745	85955	202159
320080000	131	700350	206746	85955	202159
320080000	6	700295	206747	85717	202159
320080000	130	700350	206748	85955	202159
320080000	1	700354	206749	206733	202159
320080000	80	700353	206750	85961	202159
320080000	262	700514	206751	85621	202159
320080000	7	700295	206752	85717	202159
320080000	132	700350	206753	85955	202159
320080000	126	700350	206754	85955	202159
320080000	51	700296	206755	85858	202159
320090000	26	730067	206756	206757	202159
320100000	17	700252	206758	85770	202159
320100000	13	700252	206759	85770	202159
320100000	36	700252	206760	85770	202159
320100000	24	700252	206761	85770	202159
320100000	28	700252	206762	85770	202159
320100000	18	700252	206763	85770	202159
320100000	4	700237	206764	85759	202159
320100000	34	700252	206765	85770	202159
320100000	23	700252	206766	85770	202159
320100000	30	700252	206767	85770	202159
320100000	98	700237	206768	85759	202159
320100000	14	700252	206769	85770	202159
320100000	39	700252	206770	85770	202159
320100000	20	700252	206771	85770	202159
320100000	32	700252	206772	85770	202159
320100000	27	700252	206773	85770	202159
320100000	99	700237	206774	85759	202159
320100000	15	700252	206775	85770	202159
320100000	7	700237	206776	85759	202159
320100000	21	700252	206777	85770	202159
320100000	10	700252	206778	85770	202159
320100000	16	700252	206779	85770	202159
320100000	33	700252	206780	85770	202159
320100000	31	700252	206781	85770	202159
320100000	9	730051	206782	86733	202159
320100000	12	700252	206783	85770	202159
320100000	35	700252	206784	85770	202159
320100000	3	700236	206785	85759	202159
320100000	25	700252	206786	85770	202159
320100000	38	700252	206787	85770	202159
320100000	11	700252	206788	85770	202159
320100000	19	700252	206789	85770	202159
320100000	647	730048	206790	204465	202159
320100000	29	700252	206791	85770	202159
320100000	26	700252	206792	85770	202159
320100000	22	700252	206793	85770	202159
320100000	37	700252	206794	85770	202159
320110000	1	730111	206795	205073	202159
320110000	149	700289	206796	85730	202159
320110000	47	700289	206797	85730	202159
320110000	135	700289	206798	85730	202159
320110000	133	700289	206799	85730	202159
320110000	455	700363	206800	202158	202159
320110000	146	700289	206801	85730	202159
320110000	182	700289	206802	85730	202159
320110000	451	730114	206803	202158	202159
320110000	450	730113	206804	202158	202159
320110000	3	700349	206805	85952	202159
320110000	142	700289	206806	85730	202159
320110000	9	700362	206807	85972	202159
320110000	137	700289	206808	85730	202159
320110000	456	730112	206809	202158	202159
320110000	175	700289	206810	85730	202159
320110000	51	0	206811	202187	137930
320110000	29	0	206812	202187	137930
320110000	39	0	206813	202187	137930
320110000	73	0	206814	202187	137930
320110000	58	0	206815	202187	137930
320110000	31	0	206816	202187	137930
320110000	18	0	206817	202187	137930
320110000	87	0	206818	202187	137930
320110000	19	0	206819	202187	137930
320110000	60	0	206820	202187	137930
320110000	81	0	206821	202187	137930
320110000	83	0	206822	202187	137930
320110000	98	0	206823	202187	137930
320110000	68	0	206824	202187	137930
320110000	37	0	206825	202187	137930
320110000	30	0	206826	202187	137930
320110000	103	0	206827	202187	137930
320110000	122	0	206828	202187	137930
320110000	40	0	206829	202187	137930
320110000	136	0	206830	202187	137930
320110000	95	0	206831	202187	137930
320110000	97	0	206832	202187	137930
320110000	88	0	206833	202187	137930
320110000	102	0	206834	202187	137930
320110000	118	0	206835	202187	137930
320110000	59	0	206836	202187	137930
320110000	20	0	206837	202187	137930
320110000	106	0	206838	202187	137930
320110000	55	0	206839	202187	137930
320110000	21	0	206840	202187	137930
320110000	75	0	206841	202187	137930
320110000	22	0	206842	202187	137930
320110000	41	0	206843	202187	137930
320110000	126	0	206844	202187	137930
320110000	25	0	206845	202187	137930
320110000	76	0	206846	202187	137930
320110000	23	0	206847	202187	137930
320110000	28	0	206848	202187	137930
320110000	99	0	206849	202187	137930
320110000	116	0	206850	202187	137930
320110000	74	0	206851	202187	137930
320110000	64	0	206852	202187	137930
320110000	27	0	206853	202187	137930
320110000	91	0	206854	202187	137930
320110000	156	0	206855	202187	137930
320110000	96	0	206856	202187	137930
320110000	69	0	206857	202187	137930
320110000	108	0	206858	202187	137930
320110000	117	0	206859	202187	137930
320110000	94	0	206860	202187	137930
320110000	100	0	206861	202187	137930
320110000	113	0	206862	202187	137930
320110000	63	0	206863	202187	137930
320110000	78	0	206864	202187	137930
320110000	61	0	206865	202187	137930
320110000	24	0	206866	202187	137930
320110000	90	0	206867	202187	137930
320110000	48	0	206868	202187	137930
320110000	114	0	206869	202187	137930
320110000	26	0	206870	202187	137930
320110000	66	0	206871	202187	137930
320110000	107	0	206872	202187	137930
320110000	32	0	206873	202187	137930
320110000	86	0	206874	202187	137930
320110000	33	0	206875	202187	137930
320110000	34	0	206876	202187	137930
320110000	77	0	206877	202187	137930
320110000	82	0	206878	202187	137930
320110000	35	0	206879	202187	137930
320110000	89	0	206880	202187	137930
320110000	85	0	206881	202187	137930
320110000	125	0	206882	202187	137930
320110000	49	0	206883	202187	137930
320110000	36	0	206884	202187	137930
320110000	93	0	206885	202187	137930
320110000	140	0	206886	202187	137930
320110000	38	0	206887	202187	137930
320110000	109	0	206888	202187	137930
320110000	72	0	206889	202187	137930
320110000	155	0	206890	202187	137930
320110000	45	0	206891	202187	137930
320110000	111	0	206892	202187	137930
320110000	46	0	206893	202187	137930
320110000	80	0	206894	202187	137930
320110000	119	0	206895	202187	137930
320110000	101	0	206896	202187	137930
320110000	123	0	206897	202187	137930
320110000	57	0	206898	202187	137930
320110000	124	0	206899	202187	137930
320110000	84	0	206900	202187	137930
320110000	104	0	206901	202187	137930
320110000	105	0	206902	202187	137930
320110000	110	0	206903	202187	137930
320110000	112	0	206904	202187	137930
320110000	157	0	206905	202187	137930
320110000	161	0	206906	202187	137930
320110000	164	0	206907	202187	137930
320110000	177	0	206908	202187	137930
320110000	180	0	206909	202187	137930
320110000	186	0	206910	202187	137930
320110000	187	0	206911	202187	137930
320120000	3	700369	206912	206913	202159
320130000	211	730167	206914	205274	202159
320130000	160	700396	206915	86017	202159
320130000	97	700434	206916	80527	202159
320130000	12	730175	206917	206918	202159
320130000	195	730166	206919	205367	202159
320130000	96	700433	206920	85508	202159
320130000	120	700436	206921	86066	202159
320130000	161	700397	206922	86020	202159
320130000	66	730176	206923	206924	202159
320130000	98	700435	206925	85759	202159
320130000	93	700433	206926	85508	202159
400010000	1345	730316	206927	83890	202159
400010000	1345	730356	206927	83890	202159
400010000	225	275206	206928	81646	202159
400010000	225	275207	206928	81646	202159
400010000	225	275208	206928	81646	202159
400010000	136	276744	206929	81635	203860
400010000	138	276745	206929	81635	203860
400010000	137	276746	206929	81635	203860
400010000	34	700452	206930	86089	202159
400010000	34	700529	206930	86089	202159
400010000	1285	277039	206931	81987	203860
400010000	1284	277040	206931	81987	203860
400010000	1283	277041	206931	81987	203860
400010000	1222	730184	206932	202158	202159
400010000	1004	700305	206933	85770	202159
400010000	213	276309	206934	81646	202159
400010000	213	276310	206934	81646	202159
400010000	213	276311	206934	81646	202159
400010000	1005	700308	206935	85876	202159
400010000	1003	700304	206936	85868	202159
400010000	162	250131	206937	81635	203860
400010000	161	250132	206938	81635	203860
400010000	160	250133	206937	81635	203860
400010000	1269	277048	206939	81987	203860
400010000	1270	277049	206939	81987	203860
400010000	1268	277050	206939	81987	203860
400010000	229	250131	206940	81635	203860
400010000	158	250132	206941	81635	203860
400010000	157	250133	206941	81635	203860
400010000	2365	276209	206942	203837	203838
400010000	2365	276210	206942	203837	203838
400010000	2365	276211	206942	203837	203838
400010000	1037	700307	206943	85873	202159
400010000	116	276503	206944	203837	203838
400010000	116	276504	206944	203837	203838
400010000	116	276505	206944	203837	203838
400010000	1033	700307	206945	85873	202159
400010000	1237	730215	206946	81987	202159
400010000	227	276726	206947	81635	203860
400010000	228	276727	206948	81635	203860
400010000	226	276728	206947	81635	203860
400010000	148	250131	206949	81635	203860
400010000	150	250132	206949	81635	203860
400010000	149	250133	206949	81635	203860
400010000	1029	700304	206950	85868	202159
400010000	147	275033	206951	203837	203838
400010000	147	275034	206951	203837	203838
400010000	147	275035	206951	203837	203838
400010000	1034	700307	206952	85873	202159
400010000	1045	700307	206953	85873	202159
400010000	1007	700305	206954	85770	202159
400010000	206	276012	206955	81646	202159
400010000	206	276013	206955	81646	202159
400010000	206	276014	206955	81646	202159
400010000	9	276729	206956	81635	203860
400010000	7	276730	206956	81635	203860
400010000	66	276731	206956	81635	203860
400010000	174	276741	206957	81635	203860
400010000	173	276742	206957	81635	203860
400010000	172	276743	206957	81635	203860
400010000	207	276012	206958	81646	202159
400010000	207	276013	206958	81646	202159
400010000	207	276014	206958	81646	202159
400010000	1266	277045	206959	81987	203860
400010000	1267	277046	206959	81987	203860
400010000	1265	277047	206959	81987	203860
400010000	1217	700483	206960	86089	202159
400010000	1217	700536	206960	86089	202159
400010000	133	276756	206961	81635	203860
400010000	131	276757	206961	81635	203860
400010000	130	276758	206961	81635	203860
400010000	993	730078	206962	206963	202159
400010000	1024	700305	206964	85770	202159
400010000	209	276506	206965	81646	202159
400010000	209	276507	206965	81646	202159
400010000	209	276508	206965	81646	202159
400010000	113	276759	206966	81635	203860
400010000	115	276760	206966	81635	203860
400010000	217	276761	206966	81635	203860
400010000	215	276409	206967	81646	202159
400010000	215	276410	206967	81646	202159
400010000	215	276411	206967	81646	202159
400010000	38	700413	206968	86032	202159
400010000	997	700307	206969	85873	202159
400010000	1282	277063	206970	81987	203860
400010000	1281	277064	206970	81987	203860
400010000	1280	277065	206970	81987	203860
400010000	177	250131	206971	81635	203860
400010000	176	250132	206971	81635	203860
400010000	175	250133	206971	81635	203860
400010000	1035	700307	206972	85873	202159
400010000	1023	700305	206973	85770	202159
400010000	1218	700458	206974	86089	202159
400010000	1218	700534	206974	86089	202159
400010000	33	700551	206975	205970	202159
400010000	1015	700311	206976	206977	202159
400010000	998	730074	206978	206979	202159
400010000	127	276741	206980	81635	203860
400010000	128	276742	206980	81635	203860
400010000	127	276743	206980	81635	203860
400010000	285	700079	206981	85407	202159
400010000	1000	700305	206982	85770	202159
400010000	208	276506	206983	81646	202159
400010000	208	276507	206983	81646	202159
400010000	208	276508	206983	81646	202159
400010000	53	275103	206984	203837	203838
400010000	53	275104	206984	203837	203838
400010000	53	275105	206984	203837	203838
400010000	143	276732	206985	81635	203860
400010000	129	276733	206985	81635	203860
400010000	107	276734	206985	81635	203860
400010000	269	730071	206986	81625	202159
400010000	296	730072	206987	81627	202159
400010000	1002	700304	206988	85868	202159
400010000	200	275106	206989	81646	202159
400010000	200	275107	206989	81646	202159
400010000	200	275108	206989	81646	202159
400010000	1019	700309	206990	206977	202159
400010000	171	276744	206991	81635	203860
400010000	170	276745	206992	81635	203860
400010000	169	276746	206991	81635	203860
400010000	283	730075	206993	206979	202159
400010000	391	730128	206994	202158	202159
400010000	211	276212	206995	81646	202159
400010000	211	276213	206995	81646	202159
400010000	211	276214	206995	81646	202159
400010000	1027	700309	206996	206977	202159
400010000	996	730076	206997	206963	202159
400010000	224	276726	206998	81635	203860
400010000	10	276727	206998	81635	203860
400010000	12	276728	206998	81635	203860
400010000	1012	700305	206999	85770	202159
400010000	55	276726	207000	81635	203860
400010000	13	276727	207000	81635	203860
400010000	14	276728	207000	81635	203860
400010000	251	276753	207001	81635	203860
400010000	273	276754	207001	81635	203860
400010000	252	276755	207001	81635	203860
400010000	32	700481	207002	86089	202159
400010000	32	700535	207002	86089	202159
400010000	1044	700307	207003	85873	202159
400010000	1043	700307	207004	85873	202159
400010000	1026	700305	207005	85770	202159
400010000	146	275033	207006	203837	203838
400010000	146	275034	207006	203837	203838
400010000	146	275035	207006	203837	203838
400010000	210	276212	207007	81646	202159
400010000	210	276213	207007	81646	202159
400010000	210	276214	207007	81646	202159
400010000	1011	700303	207008	85865	202159
400010000	68	700414	207009	86035	202159
400010000	94	276735	207010	81635	203860
400010000	92	276736	207011	81635	203860
400010000	93	276737	207010	81635	203860
400010000	1017	700303	207012	85865	202159
400010000	1042	700307	207013	85873	202159
400010000	292	730142	207014	86938	202159
400010000	1009	700304	207015	85868	202159
400010000	1031	700305	207016	85770	202159
400010000	1213	700456	207017	86089	202159
400010000	1213	700531	207017	86089	202159
400010000	1263	277042	207018	81987	203860
400010000	1264	277043	207018	81987	203860
400010000	1262	277044	207018	81987	203860
400010000	24	276306	207019	203837	203838
400010000	24	276307	207019	203837	203838
400010000	24	276308	207019	203837	203838
400010000	119	276209	207020	203837	203838
400010000	119	276210	207020	203837	203838
400010000	119	276211	207020	203837	203838
400010000	1010	700311	207021	206977	202159
400010000	1001	700305	207022	85770	202159
400010000	126	275027	207023	203837	203838
400010000	126	275028	207023	203837	203838
400010000	126	275029	207023	203837	203838
400010000	1272	277054	207024	81987	203860
400010000	1273	277055	207024	81987	203860
400010000	1271	277056	207024	81987	203860
400010000	1036	700307	207025	85873	202159
400010000	156	276762	207026	81635	203860
400010000	8	276763	207027	81635	203860
400010000	11	276764	207026	81635	203860
400010000	1046	700307	207028	85873	202159
400010000	1008	700310	207029	206977	202159
400010000	204	275403	207030	81646	202159
400010000	204	275404	207030	81646	202159
400010000	204	275405	207030	81646	202159
400010000	992	730073	207031	206979	202159
400010000	1041	700307	207032	85873	202159
400010000	205	275403	207033	81646	202159
400010000	205	275404	207033	81646	202159
400010000	205	275405	207033	81646	202159
400010000	1022	700305	207034	85770	202159
400010000	1020	700305	207035	85770	202159
400010000	125	275027	207036	203837	203838
400010000	125	275028	207036	203837	203838
400010000	125	275029	207036	203837	203838
400010000	221	276753	207037	81635	203860
400010000	222	276754	207037	81635	203860
400010000	219	276755	207037	81635	203860
400010000	118	276209	207038	203837	203838
400010000	118	276210	207038	203837	203838
400010000	118	276211	207038	203837	203838
400010000	168	276726	207039	81635	203860
400010000	167	276727	207040	81635	203860
400010000	166	276728	207039	81635	203860
400010000	284	700000	207041	85407	202159
400010000	1216	700454	207042	206056	202159
400010000	1216	700530	207042	206056	202159
400010000	6	275203	207043	203837	203838
400010000	6	275204	207043	203837	203838
400010000	6	275205	207043	203837	203838
400010000	1288	730143	207044	86941	202159
400010000	257	276750	207045	81635	203860
400010000	256	276751	207045	81635	203860
400010000	231	276752	207045	81635	203860
400010000	202	275206	207046	81646	202159
400010000	202	275207	207046	81646	202159
400010000	202	275208	207046	81646	202159
400010000	271	730077	207047	206963	202159
400010000	19	276406	207048	203837	203838
400010000	19	276407	207048	203837	203838
400010000	19	276408	207048	203837	203838
400010000	201	276744	207049	81635	203860
400010000	145	276745	207049	81635	203860
400010000	144	276746	207049	81635	203860
400010000	1068	277051	207050	81987	203860
400010000	1067	277052	207050	81987	203860
400010000	1066	277053	207050	81987	203860
400010000	50	275400	207051	203837	203838
400010000	50	275401	207051	203837	203838
400010000	50	275402	207051	203837	203838
400010000	214	276409	207052	81646	202159
400010000	214	276410	207052	81646	202159
400010000	214	276411	207052	81646	202159
400010000	110	276406	207053	203837	203838
400010000	110	276407	207053	203837	203838
400010000	110	276408	207053	203837	203838
400010000	1038	700307	207054	85873	202159
400010000	1014	700305	207055	85770	202159
400010000	71	700460	207056	86094	202159
400010000	71	700533	207056	86094	202159
400010000	1013	700305	207057	85770	202159
400010000	121	276306	207058	203837	203838
400010000	121	276307	207058	203837	203838
400010000	121	276308	207058	203837	203838
400010000	105	276744	207059	81635	203860
400010000	106	276745	207059	81635	203860
400010000	104	276746	207059	81635	203860
400010000	2366	276209	207060	203837	203838
400010000	2366	276210	207060	203837	203838
400010000	2366	276211	207060	203837	203838
400010000	1040	700307	207061	85873	202159
400010000	139	250131	207062	81635	203860
400010000	142	250132	207062	81635	203860
400010000	140	250133	207062	81635	203860
400010000	17	276747	207063	81635	203860
400010000	16	276748	207063	81635	203860
400010000	15	276749	207063	81635	203860
400010000	212	276309	207064	81646	202159
400010000	212	276310	207064	81646	202159
400010000	212	276311	207064	81646	202159
400010000	23	275203	207065	203837	203838
400010000	23	275204	207065	203837	203838
400010000	23	275205	207065	203837	203838
400010000	999	700304	207066	85868	202159
400010000	54	276009	207067	203837	203838
400010000	54	276010	207067	203837	203838
400010000	54	276011	207067	203837	203838
400010000	270	730130	207068	202158	202159
400010000	96	276729	207069	81635	203860
400010000	190	276730	207070	81635	203860
400010000	95	276731	207069	81635	203860
400010000	165	276726	207071	81635	203860
400010000	164	276727	207072	81635	203860
400010000	163	276728	207071	81635	203860
400010000	1276	277057	207073	81987	203860
400010000	1275	277058	207073	81987	203860
400010000	1274	277059	207073	81987	203860
400010000	1006	700304	207074	85868	202159
400010000	51	276009	207075	203837	203838
400010000	51	276010	207075	203837	203838
400010000	51	276011	207075	203837	203838
400010000	1025	700304	207076	85868	202159
400010000	1016	700304	207077	85868	202159
400010000	111	276503	207078	203837	203838
400010000	111	276504	207078	203837	203838
400010000	111	276505	207078	203837	203838
400010000	1021	700305	207079	85770	202159
400010000	49	275400	207080	203837	203838
400010000	49	275401	207080	203837	203838
400010000	49	275402	207080	203837	203838
400010000	132	250131	207081	81635	203860
400010000	135	250132	207081	81635	203860
400010000	155	250133	207081	81635	203860
400010000	99	276732	207082	81635	203860
400010000	100	276733	207082	81635	203860
400010000	98	276734	207082	81635	203860
400010000	1221	730183	207083	202158	202159
400010000	25	275103	207084	203837	203838
400010000	25	275104	207084	203837	203838
400010000	25	275105	207084	203837	203838
400010000	277	730129	207085	85806	202159
400010000	290	700355	207086	81635	202159
400010000	1210	700479	207087	86106	202159
400010000	1210	700532	207087	86106	202159
400010000	102	276738	207088	81635	203860
400010000	103	276739	207089	81635	203860
400010000	101	276740	207088	81635	203860
400010000	1030	700303	207090	85865	202159
400010000	1279	277060	207091	81987	203860
400010000	1278	277061	207091	81987	203860
400010000	1277	277062	207091	81987	203860
400010000	199	275106	207092	81646	202159
400010000	199	275107	207092	81646	202159
400010000	199	275108	207092	81646	202159
400010000	151	276744	207093	81635	203860
400010000	153	276745	207093	81635	203860
400010000	152	276746	207093	81635	203860
400010000	1028	700304	207094	85868	202159
400010000	1018	700305	207095	85770	202159
400010000	1197	0	207096	202187	137930
400010000	48	0	207097	207098	204098
400010000	52	0	207099	207100	204098
400010000	122	0	207101	207102	204098
400010000	179	0	207103	207104	204098
400010000	44	0	207105	207106	204098
400010000	45	0	207107	207108	204098
400010000	1201	0	207109	202187	137930
400010000	195	0	207110	207104	204098
400010000	197	0	207111	207104	204098
400010000	188	0	207112	207104	204098
400010000	196	0	207113	207104	204098
400010000	839	0	207114	202189	137930
400010000	46	0	207115	207108	204098
400010000	198	0	207116	207104	204098
400010000	1287	0	207117	207118	204098
400010000	1204	0	207119	202187	137930
400010000	47	0	207120	207108	204098
400010000	1202	0	207121	202187	137930
400010000	187	0	207122	207104	204098
400010000	194	0	207123	207104	204098
400010000	43	0	207124	207104	204098
400010000	56	0	207125	207126	204098
400010000	180	0	207127	207104	204098
400010000	141	0	207128	207129	204098
400010000	60	0	207130	207108	204098
400010000	61	0	207131	207132	204098
400010000	37	0	207133	207104	204098
400010000	124	0	207134	207135	204098
400010000	62	0	207136	207108	204098
400010000	64	0	207137	207138	204098
400010000	289	0	207139	207104	204098
400010000	108	0	207131	207140	204098
400010000	112	0	207137	207141	204098
400010000	294	0	207142	207104	204098
600010000	62	700568	207143	85482	202159
600010000	90	700568	207144	85482	202159
600010000	104	700568	207145	85482	202159
600010000	73	700568	207146	85482	202159
600010000	71	700568	207147	85482	202159
600010000	86	700568	207148	85482	202159
600010000	77	700568	207149	85482	202159
600010000	122	730258	207150	207151	202159
600010000	89	700568	207152	85482	202159
600010000	47	730271	207153	207154	202159
600010000	118	730263	207155	207151	202159
600010000	110	700568	207156	85482	202159
600010000	65	700568	207157	85482	202159
600010000	80	700568	207158	85482	202159
600010000	101	700568	207159	85482	202159
600010000	67	700568	207160	85482	202159
600010000	149	700570	207161	86185	202159
600010000	99	700568	207162	85482	202159
600010000	94	700568	207163	85482	202159
600010000	50	700568	207164	85482	202159
600010000	33	730231	207165	203892	202159
600010000	105	700568	207166	85482	202159
600010000	83	700568	207167	85482	202159
600010000	115	700568	207168	85482	202159
600010000	124	730261	207169	207151	202159
600010000	114	700568	207170	85482	202159
600010000	51	700568	207171	85482	202159
600010000	59	700568	207172	85482	202159
600010000	69	700568	207173	85482	202159
600010000	97	700568	207174	85482	202159
600010000	91	700568	207175	85482	202159
600010000	70	700568	207176	85482	202159
600010000	64	700568	207177	85482	202159
600010000	92	700568	207178	85482	202159
600010000	108	700568	207179	85482	202159
600010000	74	700568	207180	85482	202159
600010000	100	700568	207181	85482	202159
600010000	55	700568	207182	85482	202159
600010000	58	700568	207183	85482	202159
600010000	81	700568	207184	85482	202159
600010000	95	700568	207185	85482	202159
600010000	79	700568	207186	85482	202159
600010000	72	700568	207187	85482	202159
600010000	75	700568	207188	85482	202159
600010000	57	700568	207189	85482	202159
600010000	112	700568	207190	85482	202159
600010000	66	700568	207191	85482	202159
600010000	127	730259	207192	207151	202159
600010000	56	700568	207193	85482	202159
600010000	113	700568	207194	85482	202159
600010000	63	700568	207195	85482	202159
600010000	84	700568	207196	85482	202159
600010000	123	730262	207197	207151	202159
600010000	54	700568	207198	85482	202159
600010000	48	730270	207199	207154	202159
600010000	103	700568	207200	85482	202159
600010000	61	700568	207201	85482	202159
600010000	85	700568	207202	85482	202159
600010000	88	700568	207203	85482	202159
600010000	60	700568	207204	85482	202159
600010000	76	700568	207205	85482	202159
600010000	107	700568	207206	85482	202159
600010000	78	700568	207207	85482	202159
600010000	102	700568	207208	85482	202159
600010000	68	700568	207209	85482	202159
600010000	109	700568	207210	85482	202159
600010000	111	700568	207211	85482	202159
600010000	116	700568	207212	85482	202159
600010000	96	700568	207213	85482	202159
600010000	82	700568	207214	85482	202159
600010000	93	700568	207215	85482	202159
600010000	121	730257	207216	207151	202159
600010000	87	700568	207217	85482	202159
600010000	98	700568	207218	85482	202159
600010000	148	700569	207219	86185	202159
600010000	106	700568	207220	85482	202159
600010000	53	700568	207221	85482	202159
600010000	49	700568	207222	85482	202159

 